Year,District,Block_Panchayat,Ward_No,Ward_Name,Winning_Candidate,Party,Category,Reservation_Status,Source
2015,Thiruvananthapuram,Varkala,1,KAPPIL,A.BALIQU,CPI(M),General,General,OpenDataKerala GitHub
2015,Thiruvananthapuram,Varkala,2,ELAKAMON,V.S.VANITHA,CPI(M),Woman,Woman,OpenDataKerala GitHub
2015,Thiruvananthapuram,Varkala,3,PALAYAMKUNNU,BENNY.K.G,CPI(M),Woman,Woman,OpenDataKerala GitHub
2015,Thiruvananthapuram,Varkala,4,CHEMMARUTHY,MINIKUMARI. S,CPI(M),Woman,Woman,OpenDataKerala GitHub
2015,Thiruvananthapuram,Varkala,5,MUTTAPPALAM,SASEENDRA,INC,Woman,Woman,OpenDataKerala GitHub
2015,Thiruvananthapuram,Varkala,6,VADASSERIKKONAM,ADV.C.S.RAJEEV,CPI(M),General,General,OpenDataKerala GitHub
2015,Thiruvananthapuram,Varkala,7,OTTOOR,ADV. SMITHA SUNDARESAN,CPI(M),Woman,Woman,OpenDataKerala GitHub
2015,Thiruvananthapuram,Varkala,8,MANAMBOOR,P.J.NAHAS,INC,General,General,OpenDataKerala GitHub
2015,Thiruvananthapuram,Varkala,9,KAVALAYOOR,M.S.SUSHAMMA,CPI(M),Woman,Woman,OpenDataKerala GitHub
2015,Thiruvananthapuram,Varkala,10,CHERUNNIYOOR,SALIM ISMAIL,CPI(M),General,General,OpenDataKerala GitHub
2015,Thiruvananthapuram,Varkala,11,VENNICODE,SABEENA SASANKAN,CPI,SC Woman,SC Woman,OpenDataKerala GitHub
2015,Thiruvananthapuram,Varkala,12,VETTOOR,M.K.YOOSAF,CPI(M),General,General,OpenDataKerala GitHub
2015,Thiruvananthapuram,Varkala,13,EDAVA,MERLY.G.S,CPI,SC,SC,OpenDataKerala GitHub
2015,Thiruvananthapuram,Kilimanoor,1,PALLICKAL,BABY SUDHA,CPI(M),Woman,Woman,OpenDataKerala GitHub
2015,Thiruvananthapuram,Kilimanoor,2,MADAVOOR,SURAJA,CPI,SC,SC,OpenDataKerala GitHub
2015,Thiruvananthapuram,Kilimanoor,3,THUMBODE,SREEJA SHAIJUDEV,CPI(M),Woman,Woman,OpenDataKerala GitHub
2015,Thiruvananthapuram,Kilimanoor,4,PONGANADU,MALATHY AMMA. J,CPI(M),Woman,Woman,OpenDataKerala GitHub
2015,Thiruvananthapuram,Kilimanoor,5,KILIMANOOR,SANU S,CPI,SC,SC,OpenDataKerala GitHub
2015,Thiruvananthapuram,Kilimanoor,6,PAZHAYAKUNNUMMEL,G BABUKUTTAN,CPI,General,General,OpenDataKerala GitHub
2015,Thiruvananthapuram,Kilimanoor,7,MANJAPPARA,YAHIYA S,CPI(M),General,General,OpenDataKerala GitHub
2015,Thiruvananthapuram,Kilimanoor,8,PULIMATH,K VALSALA KUMAR,CPI(M),General,General,OpenDataKerala GitHub
2015,Thiruvananthapuram,Kilimanoor,9,KODUVAZHANOOR,G HARIKRISHNAN,INC,General,General,OpenDataKerala GitHub
2015,Thiruvananthapuram,Kilimanoor,10,NAGAROOR,SALINI L,CPI(M),Woman,Woman,OpenDataKerala GitHub
2015,Thiruvananthapuram,Kilimanoor,11,VELLALLOR,RAJENDRAN N,CPI(M),General,General,OpenDataKerala GitHub
2015,Thiruvananthapuram,Kilimanoor,12,VANCHIYOOR,K SUBHASH,CPI(M),General,General,OpenDataKerala GitHub
2015,Thiruvananthapuram,Kilimanoor,13,KARAVARAM,ADV. P R RAJEEV,CPI,General,General,OpenDataKerala GitHub
2015,Thiruvananthapuram,Kilimanoor,14,NAVAIKULAM,K SANTHAMMA,INC,General,General,OpenDataKerala GitHub
2015,Thiruvananthapuram,Kilimanoor,15,THRIKKOVILVATTAM,NISSA A,INC,Woman,Woman,OpenDataKerala GitHub
2015,Thiruvananthapuram,Chirayinkeezhu,1,KAYIKKARA,SANDHYA D,INC,Woman,Woman,OpenDataKerala GitHub
2015,Thiruvananthapuram,Chirayinkeezhu,2,VAKKOM,GEETHA SURESH,CPI(M),SC Woman,SC Woman,OpenDataKerala GitHub
2015,Thiruvananthapuram,Chirayinkeezhu,3,NILAKKAMUKKU,ADV. S. FIROZ LAL,JD(S),General,General,OpenDataKerala GitHub
2015,Thiruvananthapuram,Chirayinkeezhu,4,KEEZHATTINGAL,DEVE N,CPI(M),SC,SC,OpenDataKerala GitHub
2015,Thiruvananthapuram,Chirayinkeezhu,5,MUDAKKAL,SINDHUKUMARY M,INC,Woman,Woman,OpenDataKerala GitHub
2015,Thiruvananthapuram,Chirayinkeezhu,6,VALAKKAD,ELAMPA UNNIKRISHNAN,INC,General,General,OpenDataKerala GitHub
2015,Thiruvananthapuram,Chirayinkeezhu,7,EDACKODE,B RAMABAI AMMA,CPI(M),Woman,Woman,OpenDataKerala GitHub
2015,Thiruvananthapuram,Chirayinkeezhu,8,PURAVOOR,MANJU PRADEEP,INC,Woman,Woman,OpenDataKerala GitHub
2015,Thiruvananthapuram,Chirayinkeezhu,9,KIZHUVILAM,CHANDRAN S,CPI(M),General,General,OpenDataKerala GitHub
2015,Thiruvananthapuram,Chirayinkeezhu,10,CHIRAYINKEEZHU,SINDHU S,CPI(M),Woman,Woman,OpenDataKerala GitHub
2015,Thiruvananthapuram,Chirayinkeezhu,11,SARKARA,SULEKHA C P,CPI(M),Woman,Woman,OpenDataKerala GitHub
2015,Thiruvananthapuram,Chirayinkeezhu,12,KADAKKAVOOR,R SUBHASH,CPI(M),General,General,OpenDataKerala GitHub
2015,Thiruvananthapuram,Chirayinkeezhu,13,ANCHUTHENGU,ANCHUTHENGU SURENDRAN,CPI(M),General,General,OpenDataKerala GitHub
2015,Thiruvananthapuram,Vamanapuram,1,KALAMACHAL,B SANDHYA,CPI(M),Woman,Woman,OpenDataKerala GitHub
2015,Thiruvananthapuram,Vamanapuram,2,KALLARA,GIRIJAVIJAYAN,INC,Woman,Woman,OpenDataKerala GitHub
2015,Thiruvananthapuram,Vamanapuram,3,MITHURMMALA,SURESHBABU S,INC,ST,ST,OpenDataKerala GitHub
2015,Thiruvananthapuram,Vamanapuram,4,PANGODU,M M SHAFI,INC,General,General,OpenDataKerala GitHub
2015,Thiruvananthapuram,Vamanapuram,5,BHARATHANNOOR,K ANILKUMAR,CPI(M),General,General,OpenDataKerala GitHub
2015,Thiruvananthapuram,Vamanapuram,6,ILAVUPALAM,SHEEBA GIREESH,CPI(M),Woman,Woman,OpenDataKerala GitHub
2015,Thiruvananthapuram,Vamanapuram,7,PERINGAMMALA,SUBHASH G,INC,SC,SC,OpenDataKerala GitHub
2015,Thiruvananthapuram,Vamanapuram,8,PALODE,T K VENUGOPAL,INC,General,General,OpenDataKerala GitHub
2015,Thiruvananthapuram,Vamanapuram,9,NANNIYODU,K P CHANDRAN,CPI(M),General,General,OpenDataKerala GitHub
2015,Thiruvananthapuram,Vamanapuram,10,PULLAMPARA,RADHAVIJAYAN,CPI(M),Woman,Woman,OpenDataKerala GitHub
2015,Thiruvananthapuram,Vamanapuram,11,THALAYAL,JALAJA,CPI(M),Woman,Woman,OpenDataKerala GitHub
2015,Thiruvananthapuram,Vamanapuram,12,PIRAPPANCODU,N CHANDRIKA,CPI(M),SC Woman,SC Woman,OpenDataKerala GitHub
2015,Thiruvananthapuram,Vamanapuram,13,KOLIYAKODU,G KALAKUMARI,INC,Woman,Woman,OpenDataKerala GitHub
2015,Thiruvananthapuram,Vamanapuram,14,NELLANAD,K SHEELAKUMARI,CPI(M),Woman,Woman,OpenDataKerala GitHub
2015,Thiruvananthapuram,Vamanapuram,15,MANIKKAMANGALAM,M S SHAJI,INC,General,General,OpenDataKerala GitHub
2015,Thiruvananthapuram,Vellanad,1,VITHURA,VELAPPAN PILLAI.J,CPI(M),General,General,OpenDataKerala GitHub
2015,Thiruvananthapuram,Vellanad,2,ANAPPARA,VIPIN .L.V,INC,ST,ST,OpenDataKerala GitHub
2015,Thiruvananthapuram,Vellanad,3,PARANDOD,VIJAYAKUMARY.S,CPI(M),Woman,Woman,OpenDataKerala GitHub
2015,Thiruvananthapuram,Vellanad,4,ARYANADU,PRASANNAKUMARY.R,INC,Woman,Woman,OpenDataKerala GitHub
2015,Thiruvananthapuram,Vellanad,5,KUTTICHAL,MINI.A,CPI(M),Woman,Woman,OpenDataKerala GitHub
2015,Thiruvananthapuram,Vellanad,6,PEZHUMMOODU,NOORA VAHIDA NAZARUDHEEN.V.H,INC,Woman,Woman,OpenDataKerala GitHub
2015,Thiruvananthapuram,Vellanad,7,VEERANAKAVU,MARYKUNJU.K.A,INC,Woman,Woman,OpenDataKerala GitHub
2015,Thiruvananthapuram,Vellanad,8,AMACHAL,ANILKUMAR.K,CPI(M),General,General,OpenDataKerala GitHub
2015,Thiruvananthapuram,Vellanad,9,KATTAKKADA,STEEPHEN.G,CPI(M),General,General,OpenDataKerala GitHub
2015,Thiruvananthapuram,Vellanad,10,KILLI,BAIJU.M.R,INC,General,General,OpenDataKerala GitHub
2015,Thiruvananthapuram,Vellanad,11,POOVACHAL,AJITHAKUMARI.S.S,CPI,SC,SC,OpenDataKerala GitHub
2015,Thiruvananthapuram,Vellanad,12,URIYAKODE,REENA.L,INC,Woman,Woman,OpenDataKerala GitHub
2015,Thiruvananthapuram,Vellanad,13,VELLANAD,JYOTHISH KUMAR.C,INC,General,General,OpenDataKerala GitHub
2015,Thiruvananthapuram,Vellanad,14,KULAPPADA,SAJEENA KASIM,CPI(M),Woman,Woman,OpenDataKerala GitHub
2015,Thiruvananthapuram,Vellanad,15,CHAKARAPANIPURAM,SAMEEMA RANI.S,CPI,Woman,Woman,OpenDataKerala GitHub
2015,Thiruvananthapuram,Vellanad,16,THOLICODU,ANSAR.A,INC,General,General,OpenDataKerala GitHub
2015,Thiruvananthapuram,Nedumangad,1,PANAVOOR,SHAJAHAN,CPI(M),General,General,OpenDataKerala GitHub
2015,Thiruvananthapuram,Nedumangad,2,ATTUKAL,R J MANJU,INC,Woman,Woman,OpenDataKerala GitHub
2015,Thiruvananthapuram,Nedumangad,3,CHULLIMANOOR,SUNITHAKUMARI M,INC,Woman,Woman,OpenDataKerala GitHub
2015,Thiruvananthapuram,Nedumangad,4,ARUVIKKARA,PREETHA O S,CPI(M),Woman,Woman,OpenDataKerala GitHub
2015,Thiruvananthapuram,Nedumangad,5,CHERIYAKONNI,SUVARNNA,CPI,Woman,Woman,OpenDataKerala GitHub
2015,Thiruvananthapuram,Nedumangad,6,KACHANI,GEETHANJALI,CPI(M),Woman,Woman,OpenDataKerala GitHub
2015,Thiruvananthapuram,Nedumangad,7,KARAKULAM,SURESHKUMAR,CPI(M),General,General,OpenDataKerala GitHub
2015,Thiruvananthapuram,Nedumangad,8,MARUTHOOR,B BIJU,CPI(M),General,General,OpenDataKerala GitHub
2015,Thiruvananthapuram,Nedumangad,9,VATTAPPARA,B PRABHAKUMARI,CPI,Woman,Woman,OpenDataKerala GitHub
2015,Thiruvananthapuram,Nedumangad,10,NANNATTUKAVU,SAJUKUMAR S,CPI,SC,SC,OpenDataKerala GitHub
2015,Thiruvananthapuram,Nedumangad,11,VETTINADU,RAJESH KANNAN,CPI(M),General,General,OpenDataKerala GitHub
2015,Thiruvananthapuram,Nedumangad,12,VENKAVILA,IRIYANAD K R SREEJA,CPI(M),Woman,Woman,OpenDataKerala GitHub
2015,Thiruvananthapuram,Nedumangad,13,THEKKADA,ANASUL REHMAN,INC,General,General,OpenDataKerala GitHub
2015,Thiruvananthapuram,Nemom,1,PULIYARAKONAM,A.GEORGEKUTTY,INC,General,General,OpenDataKerala GitHub
2015,Thiruvananthapuram,Nemom,2,VILAPPILSALA,B.RADHAKRISHNAN NAIR,CPI,General,General,OpenDataKerala GitHub
2015,Thiruvananthapuram,Nemom,3,MALAYINKEEZHU,ANITHA.L.,INC,General,General,OpenDataKerala GitHub
2015,Thiruvananthapuram,Nemom,4,MARANALLOOR,D.R.BIJUDAS,CPI(M),General,General,OpenDataKerala GitHub
2015,Thiruvananthapuram,Nemom,5,OOROOTAMBALAM,PRIYADARSHINI.S.,INC,General,General,OpenDataKerala GitHub
2015,Thiruvananthapuram,Nemom,6,VALIYARATHALA,SINDHUKUMARI ASOKAN,INC,Woman,Woman,OpenDataKerala GitHub
2015,Thiruvananthapuram,Nemom,7,BALARAMAPURAM,ADV.D.SURESHKUMAR,CPI(M),General,General,OpenDataKerala GitHub
2015,Thiruvananthapuram,Nemom,8,ATHIYANOOR,S.JAYACHANDRAN,CPI(M),General,General,OpenDataKerala GitHub
2015,Thiruvananthapuram,Nemom,9,POONCODE,VEERENDRAKUMAR.S.,INC,General,General,OpenDataKerala GitHub
2015,Thiruvananthapuram,Nemom,10,POONKULAM,GIRIJA.J.,CPI(M),General,General,OpenDataKerala GitHub
2015,Thiruvananthapuram,Nemom,11,VELLAYANI,G.SATHEESAN,BJP,General,General,OpenDataKerala GitHub
2015,Thiruvananthapuram,Nemom,12,PRAVACHAMBALAM,VINUKUMAR.M.,BJP,SC,SC,OpenDataKerala GitHub
2015,Thiruvananthapuram,Nemom,13,PALLICHAL,V.IDA,INC,Woman,Woman,OpenDataKerala GitHub
2015,Thiruvananthapuram,Nemom,14,MACHEL,KUMARI AMBIKA (MAYA RAJENDRAN),INC,General,General,OpenDataKerala GitHub
2015,Thiruvananthapuram,Nemom,15,PERUKAVU,SAKUNTHALA KUMARI.L.,CPI(M),Woman,Woman,OpenDataKerala GitHub
2015,Thiruvananthapuram,Nemom,16,PEYAD,REMA.T.,CPI(M),SC,SC,OpenDataKerala GitHub
2015,Thiruvananthapuram,Perumkadavila,1,KALLIKKADU,L K KUMARI,INC,Woman,Woman,OpenDataKerala GitHub
2015,Thiruvananthapuram,Perumkadavila,2,AMBOORI,SHAJAHAN S,INDEPENDENT,General,General,OpenDataKerala GitHub
2015,Thiruvananthapuram,Perumkadavila,3,VELLARADA,STANLY,INC,General,General,OpenDataKerala GitHub
2015,Thiruvananthapuram,Perumkadavila,4,KILIYOOR,P SUJATHAKUMARI,CPI,Woman,Woman,OpenDataKerala GitHub
2015,Thiruvananthapuram,Perumkadavila,5,PANACHAMOODU,S P SUDHA,CPI(M),Woman,Woman,OpenDataKerala GitHub
2015,Thiruvananthapuram,Perumkadavila,6,KUNNATHUKAL,K S SHEEBA RANI,CPI(M),Woman,Woman,OpenDataKerala GitHub
2015,Thiruvananthapuram,Perumkadavila,7,KOLLAYIL,SURAJA DEVI I,CPI(M),Woman,Woman,OpenDataKerala GitHub
2015,Thiruvananthapuram,Perumkadavila,8,MANCHAVILAKAM,C BABY,CPI(M),SC Woman,SC Woman,OpenDataKerala GitHub
2015,Thiruvananthapuram,Perumkadavila,9,PERUMKADAVILA,G AJAYAKUMAR,INC,General,General,OpenDataKerala GitHub
2015,Thiruvananthapuram,Perumkadavila,10,PALIYODU,V SREEKANTAN NAIR,CPI(M),General,General,OpenDataKerala GitHub
2015,Thiruvananthapuram,Perumkadavila,11,ARYANCODE,K K SAJAYAKUMAR,CPI(M),General,General,OpenDataKerala GitHub
2015,Thiruvananthapuram,Perumkadavila,12,CHEMBOORU,ARUN C P,INC,General,General,OpenDataKerala GitHub
2015,Thiruvananthapuram,Perumkadavila,13,OTTASEKHARAMANGALAM,JOIS K,INC,Woman,Woman,OpenDataKerala GitHub
2015,Thiruvananthapuram,Perumkadavila,14,VAZHICHAL,SHIJU S,INC,SC,SC,OpenDataKerala GitHub
2015,Thiruvananthapuram,Athiyannoor,1,MUTTACAUD,LEELA BAI P S,INC,Woman,Woman,OpenDataKerala GitHub
2015,Thiruvananthapuram,Athiyannoor,2,PERINGAMMALA,N J PRABHULLACHANDRAN,INC,General,General,OpenDataKerala GitHub
2015,Thiruvananthapuram,Athiyannoor,3,PAYATTUVILA,VIJAYAKUMARI,CPI(M),Woman,Woman,OpenDataKerala GitHub
2015,Thiruvananthapuram,Athiyannoor,4,AVANAKUZHI,MARIAMMA KESARI,CPI(M),Woman,Woman,OpenDataKerala GitHub
2015,Thiruvananthapuram,Athiyannoor,5,KAMUKINCODE,K P REJITHA,CPI(M),Woman,Woman,OpenDataKerala GitHub
2015,Thiruvananthapuram,Athiyannoor,6,VENPAKAL,K PRABHAKARAN,CPI(M),General,General,OpenDataKerala GitHub
2015,Thiruvananthapuram,Athiyannoor,7,NELLIMOODU,JOHNY J,INC,General,General,OpenDataKerala GitHub
2015,Thiruvananthapuram,Athiyannoor,8,KANJIRAMKULAM,BINDHU S,INC,SC Woman,SC Woman,OpenDataKerala GitHub
2015,Thiruvananthapuram,Athiyannoor,9,LOURDIPURAM,SYLAJA D,INC,General,General,OpenDataKerala GitHub
2015,Thiruvananthapuram,Athiyannoor,10,KARUMKULAM,FRANKLIN A,INC,General,General,OpenDataKerala GitHub
2015,Thiruvananthapuram,Athiyannoor,11,PULLUVILA,RAJI SILVAPICHA,INC,Woman,Woman,OpenDataKerala GitHub
2015,Thiruvananthapuram,Athiyannoor,12,KOTTUKAL,K S RAJAN,INC,General,General,OpenDataKerala GitHub
2015,Thiruvananthapuram,Athiyannoor,13,VENGANOOR,SHEELA BHADRAN,CPI(M),General,General,OpenDataKerala GitHub
2015,Thiruvananthapuram,Parassala,1,PUTHANKADA,RAJESH CHANDRADAS R S,INC,General,General,OpenDataKerala GitHub
2015,Thiruvananthapuram,Parassala,2,THIRUPURAM,MOHANDAS A,CPI,General,General,OpenDataKerala GitHub
2015,Thiruvananthapuram,Parassala,3,MARYAPURAM,SALOOJA V R,CPI(M),Woman,Woman,OpenDataKerala GitHub
2015,Thiruvananthapuram,Parassala,4,UDHAYANKULANGARA,NIRMALA KUMARI J,INC,Woman,Woman,OpenDataKerala GitHub
2015,Thiruvananthapuram,Parassala,5,NEDIYAMCODE,NIRMALA KUMARI K,INC,Woman,Woman,OpenDataKerala GitHub
2015,Thiruvananthapuram,Parassala,6,PARASUVAYKKAL,MANJU SMITHA L,CPI(M),Woman,Woman,OpenDataKerala GitHub
2015,Thiruvananthapuram,Parassala,7,PARASSALA TOWN,Y SATHEESH,CPI(M),SC,SC,OpenDataKerala GitHub
2015,Thiruvananthapuram,Parassala,8,CHENKAVILA,SHIJU P P,CPI,General,General,OpenDataKerala GitHub
2015,Thiruvananthapuram,Parassala,9,KARODE,GLADY GRACE,INC,Woman,Woman,OpenDataKerala GitHub
2015,Thiruvananthapuram,Parassala,10,KULATHOOR,SHEEJA S,CPI(M),Woman,Woman,OpenDataKerala GitHub
2015,Thiruvananthapuram,Parassala,11,POZHIYOOR,JOHN BOSKO A,INC,General,General,OpenDataKerala GitHub
2015,Thiruvananthapuram,Parassala,12,POOZHIKUNNU,SANTHOSH KUMAR K,INC,General,General,OpenDataKerala GitHub
2015,Thiruvananthapuram,Parassala,13,ARUMANOOR,BUELA ANGEL,CPI(M),Woman,Woman,OpenDataKerala GitHub
2015,Thiruvananthapuram,Parassala,14,POOVAR,ARYADEVAN S,INDEPENDENT,General,General,OpenDataKerala GitHub
2015,Kollam,Oachira,1,PRAYAR,A.MAJEED,CPI(M),General,General,OpenDataKerala GitHub
2015,Kollam,Oachira,2,CLAPPANA,R.SREEDEVI MOHANAN,CPI,Woman,Woman,OpenDataKerala GitHub
2015,Kollam,Oachira,3,OACHIRA,ANSAR . A,INC,General,General,OpenDataKerala GitHub
2015,Kollam,Oachira,4,CHANGANKULANGARA,N . KRISHNAKUMAR,INC,General,General,OpenDataKerala GitHub
2015,Kollam,Oachira,5,THAZHAVA,BIJU PANCHAJANYAM,INC,General,General,OpenDataKerala GitHub
2015,Kollam,Oachira,6,PAVUMBA,P.JAYASREE,CPI(M),Woman,Woman,OpenDataKerala GitHub
2015,Kollam,Oachira,7,THODIYOOR,BANCY RAGHUNATH,CPI(M),Woman,Woman,OpenDataKerala GitHub
2015,Kollam,Oachira,8,KALLELIBHAGAM,RICHU RAGHAVAN,CPI(M),SC,SC,OpenDataKerala GitHub
2015,Kollam,Oachira,9,EDAKKULANGARA,SEENA NAVAS,CPI,Woman,Woman,OpenDataKerala GitHub
2015,Kollam,Oachira,10,PUTHANTHERUVU,T K SREEDEVI,INC,Woman,Woman,OpenDataKerala GitHub
2015,Kollam,Oachira,11,ADINADU,R.K.DEEPA,CPI(M),Woman,Woman,OpenDataKerala GitHub
2015,Kollam,Oachira,12,SAKTHIKULANGARA,B.SUDHARMA,CPI(M),Woman,Woman,OpenDataKerala GitHub
2015,Kollam,Oachira,13,ALAPPADU,SHERLY SREEKUMAR,CPI,General,General,OpenDataKerala GitHub
2015,Kollam,Oachira,14,AZHEEKKAL,V.SAGAR,INC,General,General,OpenDataKerala GitHub
2015,Kollam,Sasthamcotta,1,ANAYADY,SUMA A,CPI,Woman,Woman,OpenDataKerala GitHub
2015,Kollam,Sasthamcotta,2,MALANADA,S SIVANPILLAI,CPI(M),General,General,OpenDataKerala GitHub
2015,Kollam,Sasthamcotta,3,PORUVAZHY,AKKARAYIL HUSSAIN,CPI(M),General,General,OpenDataKerala GitHub
2015,Kollam,Sasthamcotta,4,IVERKALA,B ARUNAMONY,CPI(M),General,General,OpenDataKerala GitHub
2015,Kollam,Sasthamcotta,5,KUNNATHOOR,KARAKKATTU ANIL,INC,General,General,OpenDataKerala GitHub
2015,Kollam,Sasthamcotta,6,BHARANICAVU,M V THARA BAI,INC,Woman,Woman,OpenDataKerala GitHub
2015,Kollam,Sasthamcotta,7,SASTHAMCOTTA,ANILA T,INC,SC Woman,SC Woman,OpenDataKerala GitHub
2015,Kollam,Sasthamcotta,8,KADAPUZHA,KALADEVI.K,CPI(M),Woman,Woman,OpenDataKerala GitHub
2015,Kollam,Sasthamcotta,9,VENGA,KRISHNAKUMARY,CPI,Woman,Woman,OpenDataKerala GitHub
2015,Kollam,Sasthamcotta,10,KADAPPA,ADV.THOMAS VAIDYAN,INC,General,General,OpenDataKerala GitHub
2015,Kollam,Sasthamcotta,11,MYNAGAPPALLY,MUBEENA TEACHER,CPI(M),Woman,Woman,OpenDataKerala GitHub
2015,Kollam,Sasthamcotta,12,PATHARAM,R.RAJEEV,RSP,SC,SC,OpenDataKerala GitHub
2015,Kollam,Sasthamcotta,13,SOORANADU SOUTH,M ABDUL LATHEEF,CPI(M),General,General,OpenDataKerala GitHub
2015,Kollam,Sasthamcotta,14,SOORANADU NORTH,AMBIKA DEVIPILLAI,INC,Woman,Woman,OpenDataKerala GitHub
2015,Kollam,Vettikavala,1,PUTHOOR,ANILKUMAR C,CPI(M),General,General,OpenDataKerala GitHub
2015,Kollam,Vettikavala,2,VENDAR,VASANTHAKUMARI K,CPI(M),Woman,Woman,OpenDataKerala GitHub
2015,Kollam,Vettikavala,3,KULAKKADA,DEEPA R,CPI(M),Woman,Woman,OpenDataKerala GitHub
2015,Kollam,Vettikavala,4,KALAYAPURAM,CHANDRAKUMARY,CPI,Woman,Woman,OpenDataKerala GitHub
2015,Kollam,Vettikavala,5,KOTTATHALA,AJAYAKUMAR G,CPI,General,General,OpenDataKerala GitHub
2015,Kollam,Vettikavala,6,MYLOM,ADV.MYLOM GANESH,INC,General,General,OpenDataKerala GitHub
2015,Kollam,Vettikavala,7,KIZHAKKETHERUVU,SUSAN THANKACHAN,INC,Woman,Woman,OpenDataKerala GitHub
2015,Kollam,Vettikavala,8,MELILA,RENUKA R,CPI(M),Woman,Woman,OpenDataKerala GitHub
2015,Kollam,Vettikavala,9,CHAKKUVARACKAL,ADV.SHINE PRABHA,CPI(M),General,General,OpenDataKerala GitHub
2015,Kollam,Vettikavala,10,CHIRATTAKONAM,SALIKUTTY,INC,Woman,Woman,OpenDataKerala GitHub
2015,Kollam,Vettikavala,11,VETTIKAVALA,RETNAMANY S,CPI(M),SC Woman,SC Woman,OpenDataKerala GitHub
2015,Kollam,Vettikavala,12,VALAKAM,P.K JHONSON,CPI(M),General,General,OpenDataKerala GitHub
2015,Kollam,Vettikavala,13,UMMANNOOR,SUNIL.T.DANIEL,CPI,General,General,OpenDataKerala GitHub
2015,Kollam,Vettikavala,14,PAVITHRESWARAM,ASOKAN N,CPI,SC,SC,OpenDataKerala GitHub
2015,Kollam,Pathanapuram,1,PATTAZHY VADAKKEKARA,K.B.SAJEEV,CPI(M),General,General,OpenDataKerala GitHub
2015,Kollam,Pathanapuram,2,KUNDAYAM,MINI SHAJAHAN,CPI(M),Woman,Woman,OpenDataKerala GitHub
2015,Kollam,Pathanapuram,3,PATHANAPURAM,H.RIYAZ MUHAMMED,KC(B),General,General,OpenDataKerala GitHub
2015,Kollam,Pathanapuram,4,MANCODE,A.B.ANZAR,CPI(M),General,General,OpenDataKerala GitHub
2015,Kollam,Pathanapuram,5,PUNNALA,S SAJEESH,CPI(M),General,General,OpenDataKerala GitHub
2015,Kollam,Pathanapuram,6,PIRAVANTHOOR,AJITHA.A,KC(M),SC Woman,SC Woman,OpenDataKerala GitHub
2015,Kollam,Pathanapuram,7,KAMUKUMCHERI,SUNITHA RAJESH,CPI,Woman,Woman,OpenDataKerala GitHub
2015,Kollam,Pathanapuram,8,ELAMPAL,VALSALAKUMARI.S,CPI(M),Woman,Woman,OpenDataKerala GitHub
2015,Kollam,Pathanapuram,9,KUNNICODE,M S SUDHA,CPI(M),Woman,Woman,OpenDataKerala GitHub
2015,Kollam,Pathanapuram,10,THALAVOOR,LENI BABU,CPI(M),Woman,Woman,OpenDataKerala GitHub
2015,Kollam,Pathanapuram,11,NADUTHERI,N.BALAKRISHNAN,INC,SC,SC,OpenDataKerala GitHub
2015,Kollam,Pathanapuram,12,PIDAVOOR,SASIKALA MOHANAN,INC,Woman,Woman,OpenDataKerala GitHub
2015,Kollam,Pathanapuram,13,PATTAZHY,RENJITH BABU,CPI,General,General,OpenDataKerala GitHub
2015,Kollam,Anchal,1,EDAMON,THAHIRA SHEREEF,CPI,Woman,Woman,OpenDataKerala GitHub
2015,Kollam,Anchal,2,ARYANKAVU,SUNITHA,CPI(M),Woman,Woman,OpenDataKerala GitHub
2015,Kollam,Anchal,3,THENMALA,DHANYA RAJU,CPI(M),SC Woman,SC Woman,OpenDataKerala GitHub
2015,Kollam,Anchal,4,KULATHUPUZHA,RAVEENDRAN PILLAI. G,CPI(M),General,General,OpenDataKerala GitHub
2015,Kollam,Anchal,5,THINKALKARIKKOM,MINI ROY,INC,Woman,Woman,OpenDataKerala GitHub
2015,Kollam,Anchal,6,ALAYAMON,SAJEENA SHIBU,INC,Woman,Woman,OpenDataKerala GitHub
2015,Kollam,Anchal,7,ANCHAL,GIRIJA MURALI,CPI,Woman,Woman,OpenDataKerala GitHub
2015,Kollam,Anchal,8,EDAMULACKAL,G.S.AJAYA KUMAR,CPI,General,General,OpenDataKerala GitHub
2015,Kollam,Anchal,9,ARACKAL,SHIBU.K,CPI(M),General,General,OpenDataKerala GitHub
2015,Kollam,Anchal,10,KURUVIKKONAM,P.V.PRASANTH,CPI(M),General,General,OpenDataKerala GitHub
2015,Kollam,Anchal,11,MATHRA,SREELEKSHMI.C,CPI,Woman,Woman,OpenDataKerala GitHub
2015,Kollam,Anchal,12,VENCHEMBU,R. SHYLAJA,CPI(M),Woman,Woman,OpenDataKerala GitHub
2015,Kollam,Anchal,13,KARAVALOOR,RENJU SURESH,CPI(M),SC,SC,OpenDataKerala GitHub
2015,Kollam,Anchal,14,YEROOR,G. SREEDHARAN PILLAI,CPI(M),General,General,OpenDataKerala GitHub
2015,Kollam,Anchal,15,AYIRANALLOOR,BALACHANDRAN.P.R.,CPI,General,General,OpenDataKerala GitHub
2015,Kollam,Kottarakara,1,THEVALAPPURAM,S.SASIKUMAR,CPI(M),General,General,OpenDataKerala GitHub
2015,Kollam,Kottarakara,2,NEDUVATHUR,SHEEBA SURESH,CPI,Woman,Woman,OpenDataKerala GitHub
2015,Kollam,Kottarakara,3,MUTTARA,CHITHRAVALSALA,CPI(M),Woman,Woman,OpenDataKerala GitHub
2015,Kollam,Kottarakara,4,ODANAVATTOM,L. BALAGOPAL,CPI(M),General,General,OpenDataKerala GitHub
2015,Kollam,Kottarakara,5,VELIYAM,B.MADHU,CPI,SC,SC,OpenDataKerala GitHub
2015,Kollam,Kottarakara,6,MYLODU,Y.RAJAN,CPI(M),General,General,OpenDataKerala GitHub
2015,Kollam,Kottarakara,7,POOYAPPALLY,R. VENUGOPALAN,CPI,General,General,OpenDataKerala GitHub
2015,Kollam,Kottarakara,8,KOTTARA,SHYLAJA ANILKUMAR,CPI(M),Woman,Woman,OpenDataKerala GitHub
2015,Kollam,Kottarakara,9,NEDUMONKAVU,AMBILY.J.R,CPI(M),Woman,Woman,OpenDataKerala GitHub
2015,Kollam,Kottarakara,10,KAREEPRA,K. SUMA,CPI(M),SC Woman,SC Woman,OpenDataKerala GitHub
2015,Kollam,Kottarakara,11,THRIPPALAZHIKAM,ALEYKUTTY.K,CPI,Woman,Woman,OpenDataKerala GitHub
2015,Kollam,Kottarakara,12,EZHUKONE,RATHEESH KILITHATTIL,INC,General,General,OpenDataKerala GitHub
2015,Kollam,Kottarakara,13,IRUMPANANGADU,RENJINI AJAYAN,CPI(M),Woman,Woman,OpenDataKerala GitHub
2015,Kollam,Chittumala,1,MUNDROTHURUTH,THANKAMANI SASIDHARAN,CPI(M),Woman,Woman,OpenDataKerala GitHub
2015,Kollam,Chittumala,2,KIZHAKKE KALLADA,P. BABU,CPI,General,General,OpenDataKerala GitHub
2015,Kollam,Chittumala,3,CHITTUMALA,K THANKAPPAN UNNITHAN,CPI(M),General,General,OpenDataKerala GitHub
2015,Kollam,Chittumala,4,MULAVANA,PLAVARA JOHN PHILIP,CPI(M),General,General,OpenDataKerala GitHub
2015,Kollam,Chittumala,5,PERAYAM,USHA,KC(M),Woman,Woman,OpenDataKerala GitHub
2015,Kollam,Chittumala,6,KUNDARA,SIMMI,RSPI(M),Woman,Woman,OpenDataKerala GitHub
2015,Kollam,Chittumala,7,NANTHIRIKKAL,C SANTHOSH,CPI(M),General,General,OpenDataKerala GitHub
2015,Kollam,Chittumala,8,KERALAPURAM,SINDHU MOHAN,CPI,Woman,Woman,OpenDataKerala GitHub
2015,Kollam,Chittumala,9,PERINAD,SOBHA V,CPI(M),SC Woman,SC Woman,OpenDataKerala GitHub
2015,Kollam,Chittumala,10,PERUMON,GEETHA BALAKRISHNAN,CPI(M),Woman,Woman,OpenDataKerala GitHub
2015,Kollam,Chittumala,11,PANAYAM,E.V. SAJEEV KUMAR,CPI,General,General,OpenDataKerala GitHub
2015,Kollam,Chittumala,12,KANJAVELI,BEENA,CPI(M),Woman,Woman,OpenDataKerala GitHub
2015,Kollam,Chittumala,13,KANJIRAMKUZHI,K.SATHYAN,CPI,SC,SC,OpenDataKerala GitHub
2015,Kollam,Chavara,1,VADAKKUMTHALA,K.G.VISWAMBARAN,CPI,General,General,OpenDataKerala GitHub
2015,Kollam,Chavara,2,THEVALAKKARA,MUMTHAS A,RSP,Woman,Woman,OpenDataKerala GitHub
2015,Kollam,Chavara,3,ARINALLOOR,KOIVILASIMON,INC,General,General,OpenDataKerala GitHub
2015,Kollam,Chavara,4,MUKUNDAPURAM,MUTHAS M.K,CPI,General,General,OpenDataKerala GitHub
2015,Kollam,Chavara,5,KOYIVILA,THANKAMANYPILLAI K,CPI,Woman,Woman,OpenDataKerala GitHub
2015,Kollam,Chavara,6,THEKKUMBHAGOM,VIJAYAKUMARI,CPI,Woman,Woman,OpenDataKerala GitHub
2015,Kollam,Chavara,7,NEENDAKARA,SHEELA,INC,Woman,Woman,OpenDataKerala GitHub
2015,Kollam,Chavara,8,CHAVARA,N MOHANLAL,RSP,SC,SC,OpenDataKerala GitHub
2015,Kollam,Chavara,9,KOTTAMKULANGARA,ARUNRAJ R,INC,General,General,OpenDataKerala GitHub
2015,Kollam,Chavara,10,SANKARAMANGALAM,BINDHUKRISHNAKUMAR,CPI(M),Woman,Woman,OpenDataKerala GitHub
2015,Kollam,Chavara,11,KOVILTHOTTAM,BINDHUSUNNY,CPI,Woman,Woman,OpenDataKerala GitHub
2015,Kollam,Chavara,12,VADUTHALA,P SUDHAKUMARI,INC,Woman,Woman,OpenDataKerala GitHub
2015,Kollam,Chavara,13,PANMANA,K.A.NIYAS,CPI(M),General,General,OpenDataKerala GitHub
2015,Kollam,Mukhathala,1,PEROOR,SMT.SOBHANA SUNIL,CPI(M),Woman,Woman,OpenDataKerala GitHub
2015,Kollam,Mukhathala,2,KOTTAMKARA,SMT.K.GIRIJAKUMARI,CPI(M),Woman,Woman,OpenDataKerala GitHub
2015,Kollam,Mukhathala,3,KERALAPURAM,SMT.REMANI.G,CPI,Woman,Woman,OpenDataKerala GitHub
2015,Kollam,Mukhathala,4,ELAMPALLOOR,SRI.K.C.VARDHARAJAN PILLAI,INC,General,General,OpenDataKerala GitHub
2015,Kollam,Mukhathala,5,PERUMPUZHA,SMT.JAYAKUMARI.S,CPI(M),Woman,Woman,OpenDataKerala GitHub
2015,Kollam,Mukhathala,6,PAZHANGALAM,SRI.R.BIJU,CPI(M),General,General,OpenDataKerala GitHub
2015,Kollam,Mukhathala,7,PALLIMON,SRI.PALLIMON SANTHOSH,INC,General,General,OpenDataKerala GitHub
2015,Kollam,Mukhathala,8,NEDUMPANA,SMT.SHAHIDA SHANAVAS,INC,Woman,Woman,OpenDataKerala GitHub
2015,Kollam,Mukhathala,9,KUREEPPALLY,SRI.GEORGE MATHEW,CPI(M),General,General,OpenDataKerala GitHub
2015,Kollam,Mukhathala,10,KANNANALLOOR,SMT.GEETHA DEVI .P,CPI,Woman,Woman,OpenDataKerala GitHub
2015,Kollam,Mukhathala,11,KOTTIYAM,SMT.AMBILI BABU,CPI(M),SC Woman,SC Woman,OpenDataKerala GitHub
2015,Kollam,Mukhathala,12,PULLICHIRA,SRI.S.RAJEEV,CPI(M),General,General,OpenDataKerala GitHub
2015,Kollam,Mukhathala,13,MAYYANAD,SRI.V.S.VIPIN,CPI(M),General,General,OpenDataKerala GitHub
2015,Kollam,Mukhathala,14,UMAYANALLOOR,SRI.D.PUSHPARAJAN,CPI,SC,SC,OpenDataKerala GitHub
2015,Kollam,Mukhathala,15,THRIKKOVILVATTOM,SRI.VALSALA,CPI(M),Woman,Woman,OpenDataKerala GitHub
2015,Kollam,Ithikkara,1,ADICHANALLOOR,SHERLY STEPHEN,CPI(M),General,General,OpenDataKerala GitHub
2015,Kollam,Ithikkara,2,EDANADU,SREEJA HARISH,CPI,Woman,Woman,OpenDataKerala GitHub
2015,Kollam,Ithikkara,3,CHATHANNOOR NORTH,JAYALEKSHMI R.S.,CPI(M),Woman,Woman,OpenDataKerala GitHub
2015,Kollam,Ithikkara,4,KALLUVATHUKKAL,JOHN MATHEW,JD(S),General,General,OpenDataKerala GitHub
2015,Kollam,Ithikkara,5,VELAMANOOR,SUNDARASAN A,CPI(M),General,General,OpenDataKerala GitHub
2015,Kollam,Ithikkara,6,MEENAMBALAM,SINDHU ANI,CPI,Woman,Woman,OpenDataKerala GitHub
2015,Kollam,Ithikkara,7,CHIRAKKARA,LAILA S,CPI(M),Woman,Woman,OpenDataKerala GitHub
2015,Kollam,Ithikkara,8,PUTHENKULAM,PROF.V.S. LEE,CPI,General,General,OpenDataKerala GitHub
2015,Kollam,Ithikkara,9,POOTHAKKULAM,ASADEVI A,CPI(M),SC Woman,SC Woman,OpenDataKerala GitHub
2015,Kollam,Ithikkara,10,KALAKKODU,VIJAYASREE SUBHASH,CPI,Woman,Woman,OpenDataKerala GitHub
2015,Kollam,Ithikkara,11,NEDUNGOLAM,MAYA SURESH,CPI,General,General,OpenDataKerala GitHub
2015,Kollam,Ithikkara,12,CHATHANNOOR,GIRIKUMAR D,CPI(M),SC,SC,OpenDataKerala GitHub
2015,Kollam,Ithikkara,13,KOTTIYAM,MYLAKKADU SUNIL,INC,General,General,OpenDataKerala GitHub
2015,Kollam,Chadayamangalam,1,AMPALAMKUNNU,SAM K DANIEL,CPI,General,General,OpenDataKerala GitHub
2015,Kollam,Chadayamangalam,2,ELAMADU,PUSHPA KUMARI C,CPI(M),Woman,Woman,OpenDataKerala GitHub
2015,Kollam,Chadayamangalam,3,ELAVAKKODU,B SHAMLA,CPI,Woman,Woman,OpenDataKerala GitHub
2015,Kollam,Chadayamangalam,4,ITTIVA,FATHIMA MAJEED,CPI,Woman,Woman,OpenDataKerala GitHub
2015,Kollam,Chadayamangalam,5,CHUNDA,ARUNA DEVI,CPI(M),Woman,Woman,OpenDataKerala GitHub
2015,Kollam,Chadayamangalam,6,THUDAYANNOOR,S SANDHYA,CPI(M),SC Woman,SC Woman,OpenDataKerala GitHub
2015,Kollam,Chadayamangalam,7,CHITHARA,J BIJU,CPI(M),General,General,OpenDataKerala GitHub
2015,Kollam,Chadayamangalam,8,CHAKKAMALA,K B SABARINADH,CPI,General,General,OpenDataKerala GitHub
2015,Kollam,Chadayamangalam,9,MATHIRA,NAJEEBATH J,CPI(M),Woman,Woman,OpenDataKerala GitHub
2015,Kollam,Chadayamangalam,10,KUMMIL,A SAFARULLA KHAN,CPI(M),General,General,OpenDataKerala GitHub
2015,Kollam,Chadayamangalam,11,KADAKKAL,LILLY D,CPI,Woman,Woman,OpenDataKerala GitHub
2015,Kollam,Chadayamangalam,12,ALTHARAMOODU,VELLARVATTAM SELVAN,INC,General,General,OpenDataKerala GitHub
2015,Kollam,Chadayamangalam,13,NILAMEL,N S SALEENA,CPI(M),Woman,Woman,OpenDataKerala GitHub
2015,Kollam,Chadayamangalam,14,CHADAYAMANGALAM,RAKESH V,CPI(M),General,General,OpenDataKerala GitHub
2015,Kollam,Chadayamangalam,15,OYOOR,S S SARATH,INC,SC,SC,OpenDataKerala GitHub
2015,Pathanamthitta,Mallappally,1,MUKKOOR,SREELEKHA. S,JD(S),General,General,OpenDataKerala GitHub
2015,Pathanamthitta,Mallappally,2,ANIKAD,KUNJUKOSHI PAUL,KC(M),General,General,OpenDataKerala GitHub
2015,Pathanamthitta,Mallappally,3,PUNNAVELI,MINU SAJAN,INC,Woman,Woman,OpenDataKerala GitHub
2015,Pathanamthitta,Mallappally,4,KOTTANGAL,SATHEESH. K,CPI,General,General,OpenDataKerala GitHub
2015,Pathanamthitta,Mallappally,5,KOTTANADU,T.K. OMANA,INC,SC Woman,SC Woman,OpenDataKerala GitHub
2015,Pathanamthitta,Mallappally,6,CHALAPPALLY,SOSAMMA THOMAS,INC,Woman,Woman,OpenDataKerala GitHub
2015,Pathanamthitta,Mallappally,7,KEEZHVAIPUR,BINU JOSEPH,CPI(M),General,General,OpenDataKerala GitHub
2015,Pathanamthitta,Mallappally,8,MALLAPPALLY,UNNIKRISHNAN NADUVILEMURI,INC,General,General,OpenDataKerala GitHub
2015,Pathanamthitta,Mallappally,9,MADUKOLI,KOSHY.P ZACHARIAH,INC,General,General,OpenDataKerala GitHub
2015,Pathanamthitta,Mallappally,10,KALLOOPPARA,MANUBAI,INDEPENDENT,Woman,Woman,OpenDataKerala GitHub
2015,Pathanamthitta,Mallappally,11,KAVIYOOR,DINESH. K,KC(M),SC,SC,OpenDataKerala GitHub
2015,Pathanamthitta,Mallappally,12,KOTTOOR,C.K. LETHAKUMARY,CPI(M),Woman,Woman,OpenDataKerala GitHub
2015,Pathanamthitta,Mallappally,13,KUNNAMTHANAM,SHINI KALESH KUMAR,CPI(M),General,General,OpenDataKerala GitHub
2015,Pathanamthitta,Pulikeezhu,1,CHATHANKERY,ADV. SATHISH CHATHANKERY,INC,General,General,OpenDataKerala GitHub
2015,Pathanamthitta,Pulikeezhu,2,MEPRAL,ANIL MARY CHERIAN,INC,Woman,Woman,OpenDataKerala GitHub
2015,Pathanamthitta,Pulikeezhu,3,KARACKAL,EAPPEN KURIAN,INC,General,General,OpenDataKerala GitHub
2015,Pathanamthitta,Pulikeezhu,4,PULIKEEZHU,BINILKUMAR,CPI(M),General,General,OpenDataKerala GitHub
2015,Pathanamthitta,Pulikeezhu,5,VENPALA,ANURADHA SURESH,CPI(M),Woman,Woman,OpenDataKerala GitHub
2015,Pathanamthitta,Pulikeezhu,6,KUTTOOR,PRASAD K.G,BJP,SC,SC,OpenDataKerala GitHub
2015,Pathanamthitta,Pulikeezhu,7,OTHARA,SOSAMMA MAJU,INC,Woman,Woman,OpenDataKerala GitHub
2015,Pathanamthitta,Pulikeezhu,8,PARUMALA,AMBIKA MOHAN,KC(M),General,General,OpenDataKerala GitHub
2015,Pathanamthitta,Pulikeezhu,9,KADAPRA,ADV.M.B.NINAN,NCP,General,General,OpenDataKerala GitHub
2015,Pathanamthitta,Pulikeezhu,10,NIRANAM,SUMA CHERIAN,KC(M),Woman,Woman,OpenDataKerala GitHub
2015,Pathanamthitta,Pulikeezhu,11,KOMBANKERY,ANNAMMA VARUGHESE .C,CPI(M),Woman,Woman,OpenDataKerala GitHub
2015,Pathanamthitta,Pulikeezhu,12,KANNASSA,SUSAMMA PAULOSE,INC,Woman,Woman,OpenDataKerala GitHub
2015,Pathanamthitta,Pulikeezhu,13,NEDUMPROM,T.PRESANNA KUMARI,CPI(M),Woman,Woman,OpenDataKerala GitHub
2015,Pathanamthitta,Koipuram,1,ERAVIPEROOR,K. C. SAJIKUMAR,CPI(M),SC,SC,OpenDataKerala GitHub
2015,Pathanamthitta,Koipuram,2,PURAMATTOM,GIJI MATHEW,CPI(M),General,General,OpenDataKerala GitHub
2015,Pathanamthitta,Koipuram,3,THELLIYOOR,SUSAN GEORGE,KC(M),Woman,Woman,OpenDataKerala GitHub
2015,Pathanamthitta,Koipuram,4,EZHUMATTOOR,VALSALA K. K.,CMP,General,General,OpenDataKerala GitHub
2015,Pathanamthitta,Koipuram,5,EDACKADU,JOHNSON MATHEW,CPI(M),General,General,OpenDataKerala GitHub
2015,Pathanamthitta,Koipuram,6,PLANKAMON,ACKAMMA JOHNSON,KC(M),Woman,Woman,OpenDataKerala GitHub
2015,Pathanamthitta,Koipuram,7,AYROOR,MOLLY BABU,INC,General,General,OpenDataKerala GitHub
2015,Pathanamthitta,Koipuram,8,CHARALKKUNNU,RETNAKUMARIAMMA,INC,Woman,Woman,OpenDataKerala GitHub
2015,Pathanamthitta,Koipuram,9,MARAMON,ADV. R. KRISHNAKUMAR,CPI(M),General,General,OpenDataKerala GitHub
2015,Pathanamthitta,Koipuram,10,PULLAD,AJAYAKUMAR,BJP,General,General,OpenDataKerala GitHub
2015,Pathanamthitta,Koipuram,11,POOVATHOOR,NIRAMALA MATHEWS,INC,Woman,Woman,OpenDataKerala GitHub
2015,Pathanamthitta,Koipuram,12,OTHERA,JOSEPH MATHEW,INC,General,General,OpenDataKerala GitHub
2015,Pathanamthitta,Koipuram,13,NANNOOR,SABITHA KUNNATHETTU,CPI(M),Woman,Woman,OpenDataKerala GitHub
2015,Pathanamthitta,Elanthoor,1,KOZHENCHERRY,JERRY MATHEW SAM,INC,General,General,OpenDataKerala GitHub
2015,Pathanamthitta,Elanthoor,2,CHERUKOLE,BIJILI P. EASOW,CPI(M),General,General,OpenDataKerala GitHub
2015,Pathanamthitta,Elanthoor,3,KEEKOZHOOR,JESSY THOMAS,KC(M),Woman,Woman,OpenDataKerala GitHub
2015,Pathanamthitta,Elanthoor,4,KADAMMANITTA,DEEPA A.N.,KC(M),SC Woman,SC Woman,OpenDataKerala GitHub
2015,Pathanamthitta,Elanthoor,5,NARANGANAM,JOHN V.THOAMS,NCP,General,General,OpenDataKerala GitHub
2015,Pathanamthitta,Elanthoor,6,PARIYARAM,SATHYAN M.B.,INC,General,General,OpenDataKerala GitHub
2015,Pathanamthitta,Elanthoor,7,PRAKKANAM,PAPPACHAN K.S.,INC,General,General,OpenDataKerala GitHub
2015,Pathanamthitta,Elanthoor,8,PUTHENPEEDIKA,SIVARAMAN N.,INC,SC,SC,OpenDataKerala GitHub
2015,Pathanamthitta,Elanthoor,9,OMALLOOR,INDIRADEVI,CPI(M),Woman,Woman,OpenDataKerala GitHub
2015,Pathanamthitta,Elanthoor,10,CHENNEERKARA,ALICE RAVI,CMP,Woman,Woman,OpenDataKerala GitHub
2015,Pathanamthitta,Elanthoor,11,ELANTHOOR,REMADEVI P,INC,Woman,Woman,OpenDataKerala GitHub
2015,Pathanamthitta,Elanthoor,12,KUZHIKKALA,SALY THOMAS,CPI,Woman,Woman,OpenDataKerala GitHub
2015,Pathanamthitta,Elanthoor,13,MALLAPUZHASSERY,VALSAMMA MATHEW,CPI,Woman,Woman,OpenDataKerala GitHub
2015,Pathanamthitta,Ranni,1,MAKKAPUZHA,ANSON THOMAS,CPI,General,General,OpenDataKerala GitHub
2015,Pathanamthitta,Ranni,2,PAZHAVANGADI,K.UTHAMAN,CPI(M),SC,SC,OpenDataKerala GitHub
2015,Pathanamthitta,Ranni,3,NARANAMMOOZHY,THOMAS(RAJAN NEERAMPLACKAL),INC,General,General,OpenDataKerala GitHub
2015,Pathanamthitta,Ranni,4,VECHOOCHIRA,BIBIN MATHEW,CPI,Woman,Woman,OpenDataKerala GitHub
2015,Pathanamthitta,Ranni,5,KOLLAMULA,MINU ABRAHAM,INDEPENDENT,Woman,Woman,OpenDataKerala GitHub
2015,Pathanamthitta,Ranni,6,PERUNADU,GIRIJA MADHU,CPI(M),Woman,Woman,OpenDataKerala GitHub
2015,Pathanamthitta,Ranni,7,ANGAMOOZHY,JACOB VALAYAMPALLI,CPI,General,General,OpenDataKerala GitHub
2015,Pathanamthitta,Ranni,8,SEETHATHODU,SHANU SALIM,CPI(M),General,General,OpenDataKerala GitHub
2015,Pathanamthitta,Ranni,9,CHITTAR,OMANA SREEDHARAN,CPI(M),Woman,Woman,OpenDataKerala GitHub
2015,Pathanamthitta,Ranni,10,VADASSERIKKARA,ADV.CHINCHU PRASAD,CPI(M),Woman,Woman,OpenDataKerala GitHub
2015,Pathanamthitta,Ranni,11,VALIYAKULAM,LATHA SURESH,INC,Woman,Woman,OpenDataKerala GitHub
2015,Pathanamthitta,Ranni,12,RANNI,BINOY KURIAKOSE,CPI(M),General,General,OpenDataKerala GitHub
2015,Pathanamthitta,Ranni,13,ANGADI,MERCY PANDIYATHU,INC,Woman,Woman,OpenDataKerala GitHub
2015,Pathanamthitta,Konni,1,MYLAPRA,MATHEW THOMAS,INC,General,General,OpenDataKerala GitHub
2015,Pathanamthitta,Konni,2,MALAYALAPPUZHA,S SHAJI,CPI(M),General,General,OpenDataKerala GitHub
2015,Pathanamthitta,Konni,3,KONNI-THAZHAM,ELIZABETH RAJU,INC,Woman,Woman,OpenDataKerala GitHub
2015,Pathanamthitta,Konni,4,ATHUMBUMKULAM,PRIYA S THAMPY,INC,Woman,Woman,OpenDataKerala GitHub
2015,Pathanamthitta,Konni,5,THANNITHODE,P R RAMACHANDRAN PILLAI,CPI,General,General,OpenDataKerala GitHub
2015,Pathanamthitta,Konni,6,VAKAYAR,MINI VINOD,INC,Woman,Woman,OpenDataKerala GitHub
2015,Pathanamthitta,Konni,7,ARUVAPPULAM,JAYA ANIL,CPI(M),Woman,Woman,OpenDataKerala GitHub
2015,Pathanamthitta,Konni,8,KONNI,ROJI ABRAHAM,INC,General,General,OpenDataKerala GitHub
2015,Pathanamthitta,Konni,9,V-KOTTAYAM,JAYASREE SURESH,CPI(M),Woman,Woman,OpenDataKerala GitHub
2015,Pathanamthitta,Konni,10,KYPPATTOOR,ROSAMMA BABUJI,INC,Woman,Woman,OpenDataKerala GitHub
2015,Pathanamthitta,Konni,11,VALLIKKODE,K VISWAMBHARAN,INC,General,General,OpenDataKerala GitHub
2015,Pathanamthitta,Konni,12,PRAMADOM,KUTTAPPAN P K (KONNIYOOR P K),INC,SC,SC,OpenDataKerala GitHub
2015,Pathanamthitta,Konni,13,ELAKOLLOOR,LEELA RAJAN,INC,Woman,Woman,OpenDataKerala GitHub
2015,Pathanamthitta,Pandalam,1,ARATTUPUZHA,N S KUMAR (MAKKAN),INC,General,General,OpenDataKerala GitHub
2015,Pathanamthitta,Pandalam,2,ARANMULA,P K SUBEESH KUMAR,CPI(M),SC,SC,OpenDataKerala GitHub
2015,Pathanamthitta,Pandalam,3,MOOLOOR,PINKY SREEDHAR,CPI(M),Woman,Woman,OpenDataKerala GitHub
2015,Pathanamthitta,Pandalam,4,THUMPAMON THAZHAM,M K SYAMALAKUMARY,INC,Woman,Woman,OpenDataKerala GitHub
2015,Pathanamthitta,Pandalam,5,THUMPAMON,THOMAS T. VARGHEESE,INC,General,General,OpenDataKerala GitHub
2015,Pathanamthitta,Pandalam,6,THATTAYIL,N VILASINI TEACHER,CPI(M),Woman,Woman,OpenDataKerala GitHub
2015,Pathanamthitta,Pandalam,7,PONGALADY,REKHA ANIL,CPI,Woman,Woman,OpenDataKerala GitHub
2015,Pathanamthitta,Pandalam,8,VIJAYAPURAM,REGHU PERUMPULICKAL,INC,General,General,OpenDataKerala GitHub
2015,Pathanamthitta,Pandalam,9,KULANADA,RADHAMONEY K,INC,SC Woman,SC Woman,OpenDataKerala GitHub
2015,Pathanamthitta,Pandalam,10,ULLANNOOR,JOHNSON ULLANNOOR,INC,General,General,OpenDataKerala GitHub
2015,Pathanamthitta,Pandalam,11,MEZHUVELY,P K THANKAMMA TEACHER,CPI(M),SC Woman,SC Woman,OpenDataKerala GitHub
2015,Pathanamthitta,Pandalam,12,VALLANA,SANTHAKUMARI TEACHER,CPI(M),Woman,Woman,OpenDataKerala GitHub
2015,Pathanamthitta,Pandalam,13,NEERVILAKAM,P B SATHEESHKUMAR,CPI(M),General,General,OpenDataKerala GitHub
2015,Pathanamthitta,Parakkode,1,PALLICKAL,VIMAL KUMAR,INC,General,General,OpenDataKerala GitHub
2015,Pathanamthitta,Parakkode,2,PAZHAKULAM,MAYA UNNIKRISHNAN,CPI,Woman,Woman,OpenDataKerala GitHub
2015,Pathanamthitta,Parakkode,3,PERINGANADU,ASHA SHAJI,CPI,Woman,Woman,OpenDataKerala GitHub
2015,Pathanamthitta,Parakkode,4,VADAKKADATHUKAVU,NIKHILA JIJUTHARAKAN,CPI(M),Woman,Woman,OpenDataKerala GitHub
2015,Pathanamthitta,Parakkode,5,EZHAMKULAM,EZHAMKULAM AJU,INC,General,General,OpenDataKerala GitHub
2015,Pathanamthitta,Parakkode,6,KODUMON,ADV.C.PRAKASH,CPI(M),General,General,OpenDataKerala GitHub
2015,Pathanamthitta,Parakkode,7,ANGADICKAL,BEENA PRABHA,CPI(M),Woman,Woman,OpenDataKerala GitHub
2015,Pathanamthitta,Parakkode,8,NEDUMONKAVU,SOMARAJAN,CPI(M),General,General,OpenDataKerala GitHub
2015,Pathanamthitta,Parakkode,9,KOODAL,SOUDHAMINI,CPI(M),Woman,Woman,OpenDataKerala GitHub
2015,Pathanamthitta,Parakkode,10,KALANJOOR,AJOMON,INC,SC,SC,OpenDataKerala GitHub
2015,Pathanamthitta,Parakkode,11,ELAMANNOOR,RAJAGOPALAN NAIR,CPI(M),General,General,OpenDataKerala GitHub
2015,Pathanamthitta,Parakkode,12,KAITHAPARAMBU,REMA JOGEENDHAR,INC,SC Woman,SC Woman,OpenDataKerala GitHub
2015,Pathanamthitta,Parakkode,13,ENATHU,CHANDRAMATHI,CPI(M),SC Woman,SC Woman,OpenDataKerala GitHub
2015,Pathanamthitta,Parakkode,14,VELUTHAMBI DALAVA,R.SHEELA,CPI(M),Woman,Woman,OpenDataKerala GitHub
2015,Pathanamthitta,Parakkode,15,KADAMPANADU,S.RADHAKRISHNAN,CPI,General,General,OpenDataKerala GitHub
2015,Alappuzha,Thycattussery,1,AROOKUTTY,P K KOCHAPPAN,CPI(M),SC,SC,OpenDataKerala GitHub
2015,Alappuzha,Thycattussery,2,PERUMBALAM,P G MURALEEDHARAN,CPI(M),General,General,OpenDataKerala GitHub
2015,Alappuzha,Thycattussery,3,VAZHATHARAVELI,NIRMALA SELVARAJ,CPI(M),Woman,Woman,OpenDataKerala GitHub
2015,Alappuzha,Thycattussery,4,POOCHACKAL,MEGHA VENU,CPI,Woman,Woman,OpenDataKerala GitHub
2015,Alappuzha,Thycattussery,5,THEVARVATTOM,RETHY NARAYANAN,INC,Woman,Woman,OpenDataKerala GitHub
2015,Alappuzha,Thycattussery,6,MAKKEKADAVU,SINDHU MAHESAN,CPI,Woman,Woman,OpenDataKerala GitHub
2015,Alappuzha,Thycattussery,7,PALLIPPURAM,P D SABEESH,CPI(M),General,General,OpenDataKerala GitHub
2015,Alappuzha,Thycattussery,8,THIRUNALLOOR,SHEELA RAGHUVARAN,INC,General,General,OpenDataKerala GitHub
2015,Alappuzha,Thycattussery,9,PALLUVELI,RAJESH RAMAKRISHNAN,CPI,General,General,OpenDataKerala GitHub
2015,Alappuzha,Thycattussery,10,THYCATTUSSERY,ABRAHAM GEORGE,CPI(M),General,General,OpenDataKerala GitHub
2015,Alappuzha,Thycattussery,11,THALIYAPARAMBU,NEETHU RANJITH,CPI(M),Woman,Woman,OpenDataKerala GitHub
2015,Alappuzha,Thycattussery,12,THRICHATTUKULAM,USHA RAJAGOPAL,CPI(M),Woman,Woman,OpenDataKerala GitHub
2015,Alappuzha,Thycattussery,13,NADUVATH NAGAR,SHAYAMALA,CPI(M),Woman,Woman,OpenDataKerala GitHub
2015,Alappuzha,Pattanakkad,1,AROOR WEST,V.K.GOWREESAN,JSS,General,General,OpenDataKerala GitHub
2015,Alappuzha,Pattanakkad,2,AROOR EAST,P.M.AJITHKUMAR,CPI,General,General,OpenDataKerala GitHub
2015,Alappuzha,Pattanakkad,3,ERAMALLOOR,HEMA DAMODARAN,CPI(M),Woman,Woman,OpenDataKerala GitHub
2015,Alappuzha,Pattanakkad,4,CHAMMANADU,JAYA ASOKAN,CPI(M),Woman,Woman,OpenDataKerala GitHub
2015,Alappuzha,Pattanakkad,5,KUTHIATHODE,VINOD. C. T.,CPI(M),General,General,OpenDataKerala GitHub
2015,Alappuzha,Pattanakkad,6,NALUKULANGARA,N.SAJI,CPI(M),General,General,OpenDataKerala GitHub
2015,Alappuzha,Pattanakkad,7,THURAVOOR,MANI PRABHAKARAN,CPI(M),Woman,Woman,OpenDataKerala GitHub
2015,Alappuzha,Pattanakkad,8,PATTANAKKAD,VALSALA THAMPI,CPI,Woman,Woman,OpenDataKerala GitHub
2015,Alappuzha,Pattanakkad,9,VAYALAR,SINDHU VAVAKKADU,INC,Woman,Woman,OpenDataKerala GitHub
2015,Alappuzha,Pattanakkad,10,KALAVAMKODAM,SREEJA.A.T,CPI(M),SC,SC,OpenDataKerala GitHub
2015,Alappuzha,Pattanakkad,11,VETTACKAL,ADV.T.H.SALAM,INC,General,General,OpenDataKerala GitHub
2015,Alappuzha,Pattanakkad,12,MANAKKODAM,SEBASTIAN (JAISON),INC,General,General,OpenDataKerala GitHub
2015,Alappuzha,Pattanakkad,13,CHANGAROM,ANITHA DILEEP,INC,Woman,Woman,OpenDataKerala GitHub
2015,Alappuzha,Pattanakkad,14,EZHUPUNNA,THANKAMMA (KUNJUMOL),INC,SC Woman,SC Woman,OpenDataKerala GitHub
2015,Alappuzha,Kanjikuzhy,1,THYKKAL BEACH,JAMES CHINKUTHARA,INC,General,General,OpenDataKerala GitHub
2015,Alappuzha,Kanjikuzhy,2,KADAKKARAPALLY,VIJAYAMMA.V.K,CPI,Woman,Woman,OpenDataKerala GitHub
2015,Alappuzha,Kanjikuzhy,3,KURUPPAMKULANGARA,SUDHARMMINI THAMPAN,CPI(M),Woman,Woman,OpenDataKerala GitHub
2015,Alappuzha,Kanjikuzhy,4,THANNEERMUKKOM,DR.BABY KAMALAM,INC,Woman,Woman,OpenDataKerala GitHub
2015,Alappuzha,Kanjikuzhy,5,PUTHANANGADI,S.JAYAMONY,INC,Woman,Woman,OpenDataKerala GitHub
2015,Alappuzha,Kanjikuzhy,6,SREEKANDAMANGALAM,SINIMOL SOMAN,CPI,Woman,Woman,OpenDataKerala GitHub
2015,Alappuzha,Kanjikuzhy,7,ELLATHUKAVU,T.RAJEEV,CPI(M),SC,SC,OpenDataKerala GitHub
2015,Alappuzha,Kanjikuzhy,8,KANJIKKUZHY,R.VIJAYAKUMARI,CPI(M),General,General,OpenDataKerala GitHub
2015,Alappuzha,Kanjikuzhy,9,MAYITHARA,N.K.NATESAN,CPI(M),General,General,OpenDataKerala GitHub
2015,Alappuzha,Kanjikuzhy,10,MARARIKULAM,P. PRAKASAN,INC,General,General,OpenDataKerala GitHub
2015,Alappuzha,Kanjikuzhy,11,KANICHUKULANGARA,PRABHA MADHU,CPI(M),Woman,Woman,OpenDataKerala GitHub
2015,Alappuzha,Kanjikuzhy,12,THIRUVIZHA,T.S RAGHUVARAN,INC,General,General,OpenDataKerala GitHub
2015,Alappuzha,Kanjikuzhy,13,CHENNAVELI,MARY GRACE SEBASTIAN,INC,Woman,Woman,OpenDataKerala GitHub
2015,Alappuzha,Aryad,1,VALAVANADU,SREEDEVI.K,CPI(M),Woman,Woman,OpenDataKerala GitHub
2015,Alappuzha,Aryad,2,BLOCK OFFICE WARD,JAYATHILAKAN G,INC,General,General,OpenDataKerala GitHub
2015,Alappuzha,Aryad,3,MUHAMMA,KOCHUTHRESIA JAMES,CPI(M),Woman,Woman,OpenDataKerala GitHub
2015,Alappuzha,Aryad,4,PUTHANANGADI,V M SUGANDHI,INC,General,General,OpenDataKerala GitHub
2015,Alappuzha,Aryad,5,MANNANCHERRY,MANOHARAN NANDIKADU,INC,SC,SC,OpenDataKerala GitHub
2015,Alappuzha,Aryad,6,KALAVOOR,T SREEHARI,CPI(M),General,General,OpenDataKerala GitHub
2015,Alappuzha,Aryad,7,POOMTHOPPU,VILANJITHA SHANAVAS,CPI(M),Woman,Woman,OpenDataKerala GitHub
2015,Alappuzha,Aryad,8,CHARAMPARAMPU,SUMA SASIDHARAN,CPI(M),Woman,Woman,OpenDataKerala GitHub
2015,Alappuzha,Aryad,9,KAITHATHIL,ADV.SHEENA SANALKUMAR,CPI(M),General,General,OpenDataKerala GitHub
2015,Alappuzha,Aryad,10,IKYABHARATHAM,SINIMOL JOJI,INC,Woman,Woman,OpenDataKerala GitHub
2015,Alappuzha,Aryad,11,PATHIRAPPALLY,N P SNEHAJAN,CPI(M),General,General,OpenDataKerala GitHub
2015,Alappuzha,Aryad,12,SARVODAYAPURAM,JAYAN THOMAS,CPI(M),General,General,OpenDataKerala GitHub
2015,Alappuzha,Aryad,13,KATTOOR,LEELAMMA JACOB,CPI,Woman,Woman,OpenDataKerala GitHub
2015,Alappuzha,Ambalapuzha,1,VADACKAL,MURALEEDHARAN N,CPI,SC,SC,OpenDataKerala GitHub
2015,Alappuzha,Ambalapuzha,2,BLOCK OFFICE,BIBI U VIDYA,CPI(M),General,General,OpenDataKerala GitHub
2015,Alappuzha,Ambalapuzha,3,ARAVUKADU,GEETHA BABU,CPI(M),Woman,Woman,OpenDataKerala GitHub
2015,Alappuzha,Ambalapuzha,4,VANDANAM,REJITHA A,CPI,Woman,Woman,OpenDataKerala GitHub
2015,Alappuzha,Ambalapuzha,5,KAKKAZHAM,PRAJITH KUMAR,CPI(M),General,General,OpenDataKerala GitHub
2015,Alappuzha,Ambalapuzha,6,AMBALAPUZHA,BINDU BYJU,INC,Woman,Woman,OpenDataKerala GitHub
2015,Alappuzha,Ambalapuzha,7,THOTTAPPALLY,RAJESWARI KRISHNAN,INC,Woman,Woman,OpenDataKerala GitHub
2015,Alappuzha,Ambalapuzha,8,PURAKKAD,P . SABU,INC,General,General,OpenDataKerala GitHub
2015,Alappuzha,Ambalapuzha,9,KAROOR,V . S . MAYADEVI,CPI(M),Woman,Woman,OpenDataKerala GitHub
2015,Alappuzha,Ambalapuzha,10,AMBALAPUZHA GOV. COLLEGE,ANITHA SATHEESH,CPI(M),Woman,Woman,OpenDataKerala GitHub
2015,Alappuzha,Ambalapuzha,11,M C H,MUHAMMED KABEER ( U M KABEER ),INC,General,General,OpenDataKerala GitHub
2015,Alappuzha,Ambalapuzha,12,PUNNAPRA,K M JUNAID,CPI,General,General,OpenDataKerala GitHub
2015,Alappuzha,Ambalapuzha,13,POLYTECHNIC,ROSE DELEEMA,INC,Woman,Woman,OpenDataKerala GitHub
2015,Alappuzha,Champakulam,1,KUTTANANGALAM,MADHU C KOLANGARA,INC,General,General,OpenDataKerala GitHub
2015,Alappuzha,Champakulam,2,MANCOMPU THEKKEKARA,MURALI K,KC(M),SC,SC,OpenDataKerala GitHub
2015,Alappuzha,Champakulam,3,EDATHUA,POLY THOMAS,INC,General,General,OpenDataKerala GitHub
2015,Alappuzha,Champakulam,4,NADUVILEMURI,REMANI.S BHANU,INC,Woman,Woman,OpenDataKerala GitHub
2015,Alappuzha,Champakulam,5,THALAVADY,SINDHU MAHESHAN,CPI,Woman,Woman,OpenDataKerala GitHub
2015,Alappuzha,Champakulam,6,ANAPRAMBAL,BIJU PALATHINKAL,INC,General,General,OpenDataKerala GitHub
2015,Alappuzha,Champakulam,7,PACHA,MONCY SONY,INC,Woman,Woman,OpenDataKerala GitHub
2015,Alappuzha,Champakulam,8,THAKAZHY,SAJITHAKUMARY (MAYA),CPI(M),Woman,Woman,OpenDataKerala GitHub
2015,Alappuzha,Champakulam,9,NADUBHAGOM,K PRAKASHAN,CPI(M),General,General,OpenDataKerala GitHub
2015,Alappuzha,Champakulam,10,CHEMPUMPURAM,MINI MANMADHAN,INC,Woman,Woman,OpenDataKerala GitHub
2015,Alappuzha,Champakulam,11,CHAMPAKULAM,PRASANNA KUMARI,INC,Woman,Woman,OpenDataKerala GitHub
2015,Alappuzha,Champakulam,12,NEDUMUDY,ULLAS.B. KRISHNAN,INC,General,General,OpenDataKerala GitHub
2015,Alappuzha,Champakulam,13,KAINKARY,KAMALAMMA UDAYANANDAN,CPI(M),Woman,Woman,OpenDataKerala GitHub
2015,Alappuzha,Veliyanad,1,NEELAMPERROR,THOMAS SCARIA,INC,General,General,OpenDataKerala GitHub
2015,Alappuzha,Veliyanad,2,NARAKATHARA,REMADEVI,INC,Woman,Woman,OpenDataKerala GitHub
2015,Alappuzha,Veliyanad,3,VELIYANAD,SHERLY GEORGE,KC(M),Woman,Woman,OpenDataKerala GitHub
2015,Alappuzha,Veliyanad,4,KIDANGARA,BINDUMOL SREEKUMAR,CPI(M),Woman,Woman,OpenDataKerala GitHub
2015,Alappuzha,Veliyanad,5,MUTTAR,SASI CHEMBILAKAM,INC,General,General,OpenDataKerala GitHub
2015,Alappuzha,Veliyanad,6,MITHRAKARY,LAILA RAJU,CPI(M),Woman,Woman,OpenDataKerala GitHub
2015,Alappuzha,Veliyanad,7,VEZHAPRA,KUNJUMOL SIVADAS,CPI(M),Woman,Woman,OpenDataKerala GitHub
2015,Alappuzha,Veliyanad,8,RAMANKARY,BABY CHERIYAN,KC(M),General,General,OpenDataKerala GitHub
2015,Alappuzha,Veliyanad,9,PULINCUNNU,ANSAMMA MATHEW,KC(M),Woman,Woman,OpenDataKerala GitHub
2015,Alappuzha,Veliyanad,10,MANCOMPU,ASHAMOL,CPI(M),Woman,Woman,OpenDataKerala GitHub
2015,Alappuzha,Veliyanad,11,COLLEGE,E.V KOMALAVALLY,INC,SC,SC,OpenDataKerala GitHub
2015,Alappuzha,Veliyanad,12,KUNNUMMA,ADV. ROJO JOSEPH,NCP,General,General,OpenDataKerala GitHub
2015,Alappuzha,Veliyanad,13,KAVALAM,BOBAKUMAR T.N,INC,General,General,OpenDataKerala GitHub
2015,Alappuzha,Chengannur,1,THIRUVANVANDOOR,SREEKALA (KALA RAMESH),BJP,Woman,Woman,OpenDataKerala GitHub
2015,Alappuzha,Chengannur,2,VANAVATHUKKARA,SREEVIDYA MADHAVAN,INC,SC,SC,OpenDataKerala GitHub
2015,Alappuzha,Chengannur,3,MULAKKUZHA,SAMUEL ( SAJI THOTTIYATTU ),CPI(M),General,General,OpenDataKerala GitHub
2015,Alappuzha,Chengannur,4,AREEKKARA,T ANITHAKUMARY,CPI(M),Woman,Woman,OpenDataKerala GitHub
2015,Alappuzha,Chengannur,5,VENMONEY EAST,AJITHA P C,CPI(M),Woman,Woman,OpenDataKerala GitHub
2015,Alappuzha,Chengannur,6,VENMONEY WEST,SYAM KUMAR,CPI(M),General,General,OpenDataKerala GitHub
2015,Alappuzha,Chengannur,7,ALA,SUNIL JOHN,INC,General,General,OpenDataKerala GitHub
2015,Alappuzha,Chengannur,8,CHERUVALLUR,SHALINI,CPI,Woman,Woman,OpenDataKerala GitHub
2015,Alappuzha,Chengannur,9,CHERIYANAD,G VIVEK,CPI(M),General,General,OpenDataKerala GitHub
2015,Alappuzha,Chengannur,10,PULIYOOR,KRISHNAKUMARY THEKKEDATHU,INC,Woman,Woman,OpenDataKerala GitHub
2015,Alappuzha,Chengannur,11,ENNAKKADU,N SUDHAMANI,CPI(M),Woman,Woman,OpenDataKerala GitHub
2015,Alappuzha,Chengannur,12,BUDHANOOR,ANITHA L,KC,SC Woman,SC Woman,OpenDataKerala GitHub
2015,Alappuzha,Chengannur,13,PANDANAD,G KRISHNAKUMAR,CPI(M),General,General,OpenDataKerala GitHub
2015,Alappuzha,Haripad,1,KARUVATTA NORTH,SREELATHA MOHANAKUMAR,CPI(M),Woman,Woman,OpenDataKerala GitHub
2015,Alappuzha,Haripad,2,CHERUTHANA,GIRIJA SANTHOSH,INC,Woman,Woman,OpenDataKerala GitHub
2015,Alappuzha,Haripad,3,VEEYAPURAM,JOBLE PERUMAL,INC,General,General,OpenDataKerala GitHub
2015,Alappuzha,Haripad,4,NEENDOOR,RAICHAL VARGHESE,INC,Woman,Woman,OpenDataKerala GitHub
2015,Alappuzha,Haripad,5,PALLIPPAD,MINI KRISHNAKUMAR,INC,Woman,Woman,OpenDataKerala GitHub
2015,Alappuzha,Haripad,6,CHERUTHANA ANARI,ANILA.S,CPI(M),Woman,Woman,OpenDataKerala GitHub
2015,Alappuzha,Haripad,7,THAMALLACKAL,U.DILEEP,CPI,General,General,OpenDataKerala GitHub
2015,Alappuzha,Haripad,8,KUMARAPURAM,GLEMI VALADIYIL,INC,Woman,Woman,OpenDataKerala GitHub
2015,Alappuzha,Haripad,9,KARTHIKAPPALLY,BIJU KOLLASSERY,INC,SC,SC,OpenDataKerala GitHub
2015,Alappuzha,Haripad,10,KARTHIKAPPALLY WEST,B. DEEPAK,CPI(M),General,General,OpenDataKerala GitHub
2015,Alappuzha,Haripad,11,THRIKKUNNAPPUZHA,SREEKALA,INC,Woman,Woman,OpenDataKerala GitHub
2015,Alappuzha,Haripad,12,PALLANA,O.M.SHAREEF,INDEPENDENT,General,General,OpenDataKerala GitHub
2015,Alappuzha,Haripad,13,KARUVATTA SOUTH,SURESH.S,CPI(M),General,General,OpenDataKerala GitHub
2015,Alappuzha,Mavelikara,1,MANNAR,SASIKALA REGHUNATH,CPI(M),General,General,OpenDataKerala GitHub
2015,Alappuzha,Mavelikara,2,KUTTAMPERROR,VIDYA G,CPI(M),SC Woman,SC Woman,OpenDataKerala GitHub
2015,Alappuzha,Mavelikara,3,CHENNITHALA,ABHILASH THOOMPINATH,INC,SC,SC,OpenDataKerala GitHub
2015,Alappuzha,Mavelikara,4,THAZHAKKARA,K REGHU PRASAD,CPI(M),General,General,OpenDataKerala GitHub
2015,Alappuzha,Mavelikara,5,ERAVANKARA,SARASU SARA MATHEW,CPI(M),General,General,OpenDataKerala GitHub
2015,Alappuzha,Mavelikara,6,VETTIYAR,SURESH KUMAR KALEEKKAL,INC,General,General,OpenDataKerala GitHub
2015,Alappuzha,Mavelikara,7,KURATHIKAD,SHILAJA SASIDHARAN,CPI(M),General,General,OpenDataKerala GitHub
2015,Alappuzha,Mavelikara,8,PUTHENKULANGARA,SUJA SOMAN,CPI(M),General,General,OpenDataKerala GitHub
2015,Alappuzha,Mavelikara,9,PALLARIMANGALAM,DEEPA JAYANADAN,CPI(M),General,General,OpenDataKerala GitHub
2015,Alappuzha,Mavelikara,10,EREZHA,SREEJITH S,CPI(M),General,General,OpenDataKerala GitHub
2015,Alappuzha,Mavelikara,11,CHETTIKULANGARA,SHOBHA RAJAN,CPI(M),General,General,OpenDataKerala GitHub
2015,Alappuzha,Mavelikara,12,KARAZHMA,P B SURAJ,INC,General,General,OpenDataKerala GitHub
2015,Alappuzha,Mavelikara,13,VALIYAPERUMPUZHA,DR. T A SUDHAKARA KURUP,CPI(M),General,General,OpenDataKerala GitHub
2015,Alappuzha,Bharanickavu,1,BHARANIKKAV,C.DIVAKARAN,CPI(M),SC,SC,OpenDataKerala GitHub
2015,Alappuzha,Bharanickavu,2,CHUNAKKARA,K. SANJU,CPI(M),General,General,OpenDataKerala GitHub
2015,Alappuzha,Bharanickavu,3,NOORANAD,REMADEVI UNNIKRISHNAN NAIR,CPI(M),Woman,Woman,OpenDataKerala GitHub
2015,Alappuzha,Bharanickavu,4,PADANILAM,NALINI DEVADASAN,CPI(M),Woman,Woman,OpenDataKerala GitHub
2015,Alappuzha,Bharanickavu,5,PALAMEL,ANU S. SIVAN,CPI,General,General,OpenDataKerala GitHub
2015,Alappuzha,Bharanickavu,6,PANAYIL,NOUSHAD ABDUL KHADAR,CPI(M),General,General,OpenDataKerala GitHub
2015,Alappuzha,Bharanickavu,7,L.S.WARD,P.P.KOSHY,INC,General,General,OpenDataKerala GitHub
2015,Alappuzha,Bharanickavu,8,CHARUMMOODU,LILLY GOPALAKRISHNAN,IUML,SC Woman,SC Woman,OpenDataKerala GitHub
2015,Alappuzha,Bharanickavu,9,THAMARAKKULAM,M.K.VIMALAN,CPI(M),General,General,OpenDataKerala GitHub
2015,Alappuzha,Bharanickavu,10,KANNANAKUZHY,LEENA R.,CPI,Woman,Woman,OpenDataKerala GitHub
2015,Alappuzha,Bharanickavu,11,VALLIKUNNAM,GEETHAKUMARI L.,CPI,Woman,Woman,OpenDataKerala GitHub
2015,Alappuzha,Bharanickavu,12,MANACKAD,RASIYA E.,CPI(M),Woman,Woman,OpenDataKerala GitHub
2015,Alappuzha,Bharanickavu,13,KATTANAM,RAJINI JAYADEV,INDEPENDENT,Woman,Woman,OpenDataKerala GitHub
2015,Alappuzha,Muthukulam,1,MANGALAM,SHAMSUDEEN KAYIPPURAM,INC,General,General,OpenDataKerala GitHub
2015,Alappuzha,Muthukulam,2,CHINGOLI,RANJITH CHINGOLI,INC,General,General,OpenDataKerala GitHub
2015,Alappuzha,Muthukulam,3,CHEPPAD,MANILEKHA.M,KC,Woman,Woman,OpenDataKerala GitHub
2015,Alappuzha,Muthukulam,4,EVOOR,INDU SANTHOSH,CPI(M),Woman,Woman,OpenDataKerala GitHub
2015,Alappuzha,Muthukulam,5,PATHIYOOR EAST,ANANDAN R,CPI,SC,SC,OpenDataKerala GitHub
2015,Alappuzha,Muthukulam,6,PULLIKKANAKKU,SOMALETHA. N,CPI,General,General,OpenDataKerala GitHub
2015,Alappuzha,Muthukulam,7,KRISHNAPURAM,AJAYAN AMMAS,CPI(M),General,General,OpenDataKerala GitHub
2015,Alappuzha,Muthukulam,8,DEVIKULANGARA,SREEKUMARI T,CPI(M),Woman,Woman,OpenDataKerala GitHub
2015,Alappuzha,Muthukulam,9,KANDALLOOR SOUTH,SHAIMOL NANDAKUMAR,CPI(M),Woman,Woman,OpenDataKerala GitHub
2015,Alappuzha,Muthukulam,10,PATHIYOOR WEST,ADV.BIPIN C BABU,CPI(M),General,General,OpenDataKerala GitHub
2015,Alappuzha,Muthukulam,11,CHOOLATHERUVE,SUJITH S,INC,General,General,OpenDataKerala GitHub
2015,Alappuzha,Muthukulam,12,MUTHUKULAM,B.VENUPRASAD,INC,General,General,OpenDataKerala GitHub
2015,Alappuzha,Muthukulam,13,KANDALLOOR,AMBUJAKSHY TEACHER,CPI(M),Woman,Woman,OpenDataKerala GitHub
2015,Alappuzha,Muthukulam,14,ARATTUPUZHA SOUTH,SARI PODIYAN,INC,General,General,OpenDataKerala GitHub
2015,Kottayam,Vaikom,1,CHEMPU,V K RAJU,CPI(M),SC,SC,OpenDataKerala GitHub
2015,Kottayam,Vaikom,2,BRAHMAMANGALAM,SANDHYAMOL SUNIL,CPI,SC Woman,SC Woman,OpenDataKerala GitHub
2015,Kottayam,Vaikom,3,MARAVANTHURUTHU,V BHASKARAN MUDAKKALIL,CPI,General,General,OpenDataKerala GitHub
2015,Kottayam,Vaikom,4,VAIKAPRAYAR,K V UDAYAKUMAR,CPI,General,General,OpenDataKerala GitHub
2015,Kottayam,Vaikom,5,THOTTAKOM,MAYA SHAJI,CPI,Woman,Woman,OpenDataKerala GitHub
2015,Kottayam,Vaikom,6,EDAYAZHAM,SREEDEVI JAYAN,CPI,Woman,Woman,OpenDataKerala GitHub
2015,Kottayam,Vaikom,7,VECHOOR,K S SHIBU,CPI(M),General,General,OpenDataKerala GitHub
2015,Kottayam,Vaikom,8,KOTHAVARA,JAYAKUMARI M Y,CPI(M),General,General,OpenDataKerala GitHub
2015,Kottayam,Vaikom,9,T V PURAM,LEENAMMA UDAYAKUMAR,CPI,Woman,Woman,OpenDataKerala GitHub
2015,Kottayam,Vaikom,10,CHEMMANATHUKARA,NATESAN K N,CPI(M),General,General,OpenDataKerala GitHub
2015,Kottayam,Vaikom,11,UDAYANAPURAM,SHEELA SASIDHARAN,CPI(M),Woman,Woman,OpenDataKerala GitHub
2015,Kottayam,Vaikom,12,NEREKADAVU,ANIJI PRASAD,CPI(M),Woman,Woman,OpenDataKerala GitHub
2015,Kottayam,Vaikom,13,KULASEKHARAMANGALAM,T K RAJENDRAN,CPI(M),General,General,OpenDataKerala GitHub
2015,Kottayam,Kaduthuruthy,1,VADAKARA,K M SUDHARMAN,CPI,General,General,OpenDataKerala GitHub
2015,Kottayam,Kaduthuruthy,2,VELLOOR,SAROJINI THANKAPPAN,CPI(M),Woman,Woman,OpenDataKerala GitHub
2015,Kottayam,Kaduthuruthy,3,MULAKULAM,PADMA CHANDRAN,CPI(M),Woman,Woman,OpenDataKerala GitHub
2015,Kottayam,Kaduthuruthy,4,KEEZHOOR,JANCY MATHEW,INC,Woman,Woman,OpenDataKerala GitHub
2015,Kottayam,Kaduthuruthy,5,NJEEZHOOR,NAYANA BIJU,KC(M),Woman,Woman,OpenDataKerala GitHub
2015,Kottayam,Kaduthuruthy,6,KATTAMPACK,LUSAMMA JAMES(RANI),KC(M),Woman,Woman,OpenDataKerala GitHub
2015,Kottayam,Kaduthuruthy,7,MUTTUCHIRA,LILLYKUTTY MATHEW,CPI(M),Woman,Woman,OpenDataKerala GitHub
2015,Kottayam,Kaduthuruthy,8,KADUTHURUTHY,JOSE P J,KC(M),General,General,OpenDataKerala GitHub
2015,Kottayam,Kaduthuruthy,9,AYAMKUDY,PRAMOD,CPI(M),General,General,OpenDataKerala GitHub
2015,Kottayam,Kaduthuruthy,11,KALLARA,P K UTHAMAN,INC,General,General,OpenDataKerala GitHub
2015,Kottayam,Kaduthuruthy,12,THALAYOLAPARAMBU,C N SANTHOSH,CPI(M),SC,SC,OpenDataKerala GitHub
2015,Kottayam,Kaduthuruthy,13,POTHY,K A THOMAS,INDEPENDENT,General,General,OpenDataKerala GitHub
2015,Kottayam,Ettumanoor,1,PARIPPU,BEENA BINU,INC,Woman,Woman,OpenDataKerala GitHub
2015,Kottayam,Ettumanoor,2,PRAVATTOM,T K SIVASANKARAN,INC,SC,SC,OpenDataKerala GitHub
2015,Kottayam,Ettumanoor,3,NEENDOOR,LALITHA SUJATHAN,INC,Woman,Woman,OpenDataKerala GitHub
2015,Kottayam,Ettumanoor,4,ATHIRAMPUZHA,SAJAN GEORGE (SAJI THADATHIL),KC(M),General,General,OpenDataKerala GitHub
2015,Kottayam,Ettumanoor,5,UNIVERSITY,MOLLY LOUIS,INC,Woman,Woman,OpenDataKerala GitHub
2015,Kottayam,Ettumanoor,6,MANNANAM,P V MICHAEL,INC,General,General,OpenDataKerala GitHub
2015,Kottayam,Ettumanoor,7,KARIPPUTHATTU,MOLAMMA SABU,INC,Woman,Woman,OpenDataKerala GitHub
2015,Kottayam,Ettumanoor,8,KUDAMALOOR,USHA BALACHANDRAN,CPI(M),Woman,Woman,OpenDataKerala GitHub
2015,Kottayam,Ettumanoor,9,AYMANAM,ARUN M S,CPI(M),General,General,OpenDataKerala GitHub
2015,Kottayam,Ettumanoor,10,THONDAMPRAL,M S BASHEER,CPI(M),General,General,OpenDataKerala GitHub
2015,Kottayam,Ettumanoor,11,THIRUVARPPU,SANITHA ANEESH,CPI(M),Woman,Woman,OpenDataKerala GitHub
2015,Kottayam,Ettumanoor,12,KUMARAKOM,K V BINDU,CPI(M),Woman,Woman,OpenDataKerala GitHub
2015,Kottayam,Ettumanoor,13,KAVANATTINKARA,K M BABU,CPI(M),General,General,OpenDataKerala GitHub
2015,Kottayam,Uzhavoor,1,VELIYANNOOR,VALSA RAJAN,INC,Woman,Woman,OpenDataKerala GitHub
2015,Kottayam,Uzhavoor,2,PAZHAMALA,LISSY BABY MULAYINKAL,INC,Woman,Woman,OpenDataKerala GitHub
2015,Kottayam,Uzhavoor,3,RAMAPURAM,K R SASEENDRAN,KC(M),SC,SC,OpenDataKerala GitHub
2015,Kottayam,Uzhavoor,4,UZHAVOOR,MOLLY LUKOSE,KC(M),Woman,Woman,OpenDataKerala GitHub
2015,Kottayam,Uzhavoor,5,MARANGATTUPILLY,NIRMALA DIVAKARAN,KC(M),Woman,Woman,OpenDataKerala GitHub
2015,Kottayam,Uzhavoor,6,KADAPLAMATTOM,THOMAS T KEEPURAM,KC(M),General,General,OpenDataKerala GitHub
2015,Kottayam,Uzhavoor,7,VEMPALLY,BIJU MATHEW (BIJU PATHIRIMALAYIL),KC(M),General,General,OpenDataKerala GitHub
2015,Kottayam,Uzhavoor,8,KANAKKARY,K P JAYAPRAKASH,CPI(M),General,General,OpenDataKerala GitHub
2015,Kottayam,Uzhavoor,9,KURUMULLOOR,BIJUMON MATHEW,KC(M),General,General,OpenDataKerala GitHub
2015,Kottayam,Uzhavoor,10,MANJOOR,MARY JOSE,INC,Woman,Woman,OpenDataKerala GitHub
2015,Kottayam,Uzhavoor,11,KOTHANALLOOR,C M GEORGE,KC(M),General,General,OpenDataKerala GitHub
2015,Kottayam,Uzhavoor,12,KURAVILANGAD,ANCY JOSE,INC,Woman,Woman,OpenDataKerala GitHub
2015,Kottayam,Uzhavoor,13,MONIPPALLY,LILLY MATHEW,KC(M),Woman,Woman,OpenDataKerala GitHub
2015,Kottayam,Lalam,1,VALAVOOR,SANTHOSH J,INC,General,General,OpenDataKerala GitHub
2015,Kottayam,Lalam,2,‍KAROOR,SIBY ODACKAL,KC(M),General,General,OpenDataKerala GitHub
2015,Kottayam,Lalam,3,KADANAD,JIJI THAMPY,KC(M),Woman,Woman,OpenDataKerala GitHub
2015,Kottayam,Lalam,4,NEELOOR,PAULIT THANKACHAN,INC,Woman,Woman,OpenDataKerala GitHub
2015,Kottayam,Lalam,5,ULLANADU,ADV. JOSE PLAKKOOTTAM,INC,General,General,OpenDataKerala GitHub
2015,Kottayam,Lalam,6,PRAVITHANAM,PREETHY SHAJI,KC(M),Woman,Woman,OpenDataKerala GitHub
2015,Kottayam,Lalam,7,BHARANANGANAM,BINDU SYAM,INC,Woman,Woman,OpenDataKerala GitHub
2015,Kottayam,Lalam,8,POOVARANI,ANNAKUTTY JAMES,KC(M),Woman,Woman,OpenDataKerala GitHub
2015,Kottayam,Lalam,9,KOZHUVANAL,BABU M K,KC(M),SC,SC,OpenDataKerala GitHub
2015,Kottayam,Lalam,10,CHERPUNKAL,SHALET JOSEPH,INC,Woman,Woman,OpenDataKerala GitHub
2015,Kottayam,Lalam,11,MUTHOLY,HARIDAS S R,INDEPENDENT,General,General,OpenDataKerala GitHub
2015,Kottayam,Lalam,12,PULIYANNOOR,JESSY JOSE,KC(M),Woman,Woman,OpenDataKerala GitHub
2015,Kottayam,Lalam,13,VALLICHIRA,GEORGE AUGUSTINE,KC(M),General,General,OpenDataKerala GitHub
2015,Kottayam,Erattupetta,1,MELUKAVU,MARIAMMA FERNANDAS,KC(M),Woman,Woman,OpenDataKerala GitHub
2015,Kottayam,Erattupetta,2,MOONNILAVU,SAJEEVAN GOPALAN,INC,SC,SC,OpenDataKerala GitHub
2015,Kottayam,Erattupetta,3,THALANAD,ROHINI BAI UNNIKRISHNAN,INC,Woman,Woman,OpenDataKerala GitHub
2015,Kottayam,Erattupetta,4,THEEKOY,BINOY JOSEPH,INC,General,General,OpenDataKerala GitHub
2015,Kottayam,Erattupetta,5,KALLEKULAM,ROHINI JOSEPH,KC(S),Woman,Woman,OpenDataKerala GitHub
2015,Kottayam,Erattupetta,6,PATHAMPUZHA,SINDHU SHAJI,CPI(M),Woman,Woman,OpenDataKerala GitHub
2015,Kottayam,Erattupetta,7,VALATHOOKKU,ANIYAMMA SANNI,KC(S),Woman,Woman,OpenDataKerala GitHub
2015,Kottayam,Erattupetta,8,POONJAR,K.R.MOHANAN NAIR,CPI(M),General,General,OpenDataKerala GitHub
2015,Kottayam,Erattupetta,9,PINNAKKANADU,V.T.THOMAS VADAKARA,KC(S),General,General,OpenDataKerala GitHub
2015,Kottayam,Erattupetta,10,THIDANAD,LISSY THOMAS,KC(M),Woman,Woman,OpenDataKerala GitHub
2015,Kottayam,Erattupetta,11,KONDOOR,A.V SAMUEL,CPI(M),ST,ST,OpenDataKerala GitHub
2015,Kottayam,Erattupetta,12,THALAPPALAM,PREMJI.R,INC,General,General,OpenDataKerala GitHub
2015,Kottayam,Erattupetta,13,KALATHUKADAVU,SOUMYA JOSEPH,KC(M),General,General,OpenDataKerala GitHub
2015,Kottayam,Pampady,1,KIDANGOOR,JOSE THADATHIL,KC(M),General,General,OpenDataKerala GitHub
2015,Kottayam,Pampady,2,KIDANGOOR SOUTH,JYOTHI BALAKRISHNAN,CPI,Woman,Woman,OpenDataKerala GitHub
2015,Kottayam,Pampady,3,AKALAKKUNNAM,MATHEW T.S,INC,General,General,OpenDataKerala GitHub
2015,Kottayam,Pampady,4,CHENGALAM,SAJAN THODUKA,KC(M),General,General,OpenDataKerala GitHub
2015,Kottayam,Pampady,5,ELIKULAM,ROSMI JOSE,INDEPENDENT,Woman,Woman,OpenDataKerala GitHub
2015,Kottayam,Pampady,6,ANICKAD,ANEESH V.K,KC(M),SC,SC,OpenDataKerala GitHub
2015,Kottayam,Pampady,7,PALLICKATHOD,SANDYA DEVI,INC,Woman,Woman,OpenDataKerala GitHub
2015,Kottayam,Pampady,8,KOOROPPADA,AMBILY MATHEW,INC,Woman,Woman,OpenDataKerala GitHub
2015,Kottayam,Pampady,9,KOTHALA,KUNJUNJAMMA KURIAN,INC,Woman,Woman,OpenDataKerala GitHub
2015,Kottayam,Pampady,10,PAMPADY,ANNAMMA CHERIAN,INC,Woman,Woman,OpenDataKerala GitHub
2015,Kottayam,Pampady,11,MEENADOM,SATHEESH VARKEY,CPI(M),General,General,OpenDataKerala GitHub
2015,Kottayam,Pampady,12,VELLOOR,ANISHMON T.K,INC,General,General,OpenDataKerala GitHub
2015,Kottayam,Pampady,13,MAALAM,GIGI JIJI MANARCAD,INC,Woman,Woman,OpenDataKerala GitHub
2015,Kottayam,Pampady,14,MANARCAD,SABU CHERIAN,INC,General,General,OpenDataKerala GitHub
2015,Kottayam,Pallom,1,AYARKUNNAM,SHAILAJA REJI,INC,Woman,Woman,OpenDataKerala GitHub
2015,Kottayam,Pallom,2,THIRUVANCHOOR,T T SASEENDRANATH,INC,SC,SC,OpenDataKerala GitHub
2015,Kottayam,Pallom,3,VADAVATHOOR,VINOD P KURIAN,INC,General,General,OpenDataKerala GitHub
2015,Kottayam,Pallom,4,MANGANAM,REGI MON JOSEPH,INC,General,General,OpenDataKerala GitHub
2015,Kottayam,Pallom,5,PUTHUPPALLY,SEEMOL C THOMAS,KC(M),Woman,Woman,OpenDataKerala GitHub
2015,Kottayam,Pallom,6,PANACHIKADU,LATHAKUMARI SALIMON,INC,Woman,Woman,OpenDataKerala GitHub
2015,Kottayam,Pallom,7,MALAKUNNAM,BETTY TOJO CHITTETTUKALAM,INC,Woman,Woman,OpenDataKerala GitHub
2015,Kottayam,Pallom,8,KURICHI,NEETHU THOMAS,KC(M),Woman,Woman,OpenDataKerala GitHub
2015,Kottayam,Pallom,9,PATHAMUTTAM,JESSY CHACKO,INC,Woman,Woman,OpenDataKerala GitHub
2015,Kottayam,Pallom,10,KUZHIMATTOM,M BABU,CPI(M),General,General,OpenDataKerala GitHub
2015,Kottayam,Pallom,11,KOLLADU,GIRIJA THULASEEDHARAN,INC,Woman,Woman,OpenDataKerala GitHub
2015,Kottayam,Pallom,12,NATTASSERY,ROY JOHN EDAYATHARA,INC,General,General,OpenDataKerala GitHub
2015,Kottayam,Pallom,13,NEERIKKADU,JOICE JOSEPH KOTTATHIL,INC,General,General,OpenDataKerala GitHub
2015,Kottayam,Madappally,1,THURUTHY,JOHNSON ALEXANDER,KC(M),General,General,OpenDataKerala GitHub
2015,Kottayam,Madappally,2,VEROORCHIRA,RAKHI KALESH,INC,Woman,Woman,OpenDataKerala GitHub
2015,Kottayam,Madappally,3,INDUSTRIAL NAGAR,ACHAMMA MATHEW,KC(M),Woman,Woman,OpenDataKerala GitHub
2015,Kottayam,Madappally,4,VAKATHANAM,LAISAMMA GEORGE,INC,Woman,Woman,OpenDataKerala GitHub
2015,Kottayam,Madappally,5,THOTTAKKADU,SAJI.K. GEORGE,INC,General,General,OpenDataKerala GitHub
2015,Kottayam,Madappally,6,KURUMBANADOM,ALEXANDER,KC(M),General,General,OpenDataKerala GitHub
2015,Kottayam,Madappally,7,MAMMOODU,SAINA THOMAS,KC(M),Woman,Woman,OpenDataKerala GitHub
2015,Kottayam,Madappally,8,THENGANA,MANIYAMMA RAJAPPAN,CPI(M),SC,SC,OpenDataKerala GitHub
2015,Kottayam,Madappally,9,KOTTAMURY,RAJANI SABU,CPI(M),Woman,Woman,OpenDataKerala GitHub
2015,Kottayam,Madappally,10,AYERKKATTUVAYAL,BINOY JOSEPH,CPI(M),General,General,OpenDataKerala GitHub
2015,Kottayam,Madappally,11,THRICKODITHANAM,SUNITHA SURESH,CPI(M),Woman,Woman,OpenDataKerala GitHub
2015,Kottayam,Madappally,12,PAIPPAD,RANI JOSEPH,INDEPENDENT,Woman,Woman,OpenDataKerala GitHub
2015,Kottayam,Madappally,13,POOVAM,ABY VARGHESE,CPI(M),General,General,OpenDataKerala GitHub
2015,Kottayam,Vazhoor,1,KARUKACHAL,K P BALAGOPALAN NAIR,CPI(M),General,General,OpenDataKerala GitHub
2015,Kottayam,Vazhoor,2,NEDUMKUNNAM,RAJESH,INC,General,General,OpenDataKerala GitHub
2015,Kottayam,Vazhoor,3,PULICKALKAVALA,GEETHA S PILLAI,CPI(M),Woman,Woman,OpenDataKerala GitHub
2015,Kottayam,Vazhoor,4,KODUNGOOR,K S VIJAYAKUMAR,CPI,General,General,OpenDataKerala GitHub
2015,Kottayam,Vazhoor,5,PONKUNNAM,A R SAGAR,CPI(M),General,General,OpenDataKerala GitHub
2015,Kottayam,Vazhoor,6,CHIRAKKADAVU,AMMINIAMMA,CPI(M),Woman,Woman,OpenDataKerala GitHub
2015,Kottayam,Vazhoor,7,CHERUVALLY,JAYA A M,BJP,Woman,Woman,OpenDataKerala GitHub
2015,Kottayam,Vazhoor,8,MANIMALA,JOSEKUTTY,KC(M),General,General,OpenDataKerala GitHub
2015,Kottayam,Vazhoor,9,VELLAVOOR,SUMA DEVI G,INC,Woman,Woman,OpenDataKerala GitHub
2015,Kottayam,Vazhoor,10,KANAM,SURESH K GOPAL,CPI,SC,SC,OpenDataKerala GitHub
2015,Kottayam,Vazhoor,11,PATHANAD,SUSHAMA SIVADAS,INC,Woman,Woman,OpenDataKerala GitHub
2015,Kottayam,Vazhoor,12,CHELAKOMPU,ROSAMMA THOMAS,KC(M),Woman,Woman,OpenDataKerala GitHub
2015,Kottayam,Vazhoor,13,KOOTHRAPPALLY,KUSUMAM GEORGE,KC(M),Woman,Woman,OpenDataKerala GitHub
2015,Kottayam,Kanjirappally,1,ANAKKALLU,JOLLY MADUKKAKUZHY,KC(M),General,General,OpenDataKerala GitHub
2015,Kottayam,Kanjirappally,2,KANJIRAPPALLY,ADV. P A MOHAMMED SHAMEER,INC,General,General,OpenDataKerala GitHub
2015,Kottayam,Kanjirappally,3,CHOTTY,MARIAMMA JOSEPH,KC(M),Woman,Woman,OpenDataKerala GitHub
2015,Kottayam,Kanjirappally,4,KOOTTICKAL,SUBHESH SUDHAKARAN,CPI,General,General,OpenDataKerala GitHub
2015,Kottayam,Kanjirappally,5,PARATHODE,SOPHY JOSEPH,KC(M),Woman,Woman,OpenDataKerala GitHub
2015,Kottayam,Kanjirappally,6,MUNDAKKAYAM,LEELAMMA KUNJUMON,INC,SC Woman,SC Woman,OpenDataKerala GitHub
2015,Kottayam,Kanjirappally,7,VANDANPATHAL,AJITHA RATHEESH,CPI(M),Woman,Woman,OpenDataKerala GitHub
2015,Kottayam,Kanjirappally,8,PUNCHAVAYAL,P G VASANTHAKUMARY,CPI(M),Woman,Woman,OpenDataKerala GitHub
2015,Kottayam,Kanjirappally,9,KORUTHODU,V T AYUBKHAN,INC,General,General,OpenDataKerala GitHub
2015,Kottayam,Kanjirappally,10,MUKKOOTTUTHARA,PRAKASH P S,INC,SC,SC,OpenDataKerala GitHub
2015,Kottayam,Kanjirappally,11,ERUMELY,P K ABDULKARIM,CPI(M),General,General,OpenDataKerala GitHub
2015,Kottayam,Kanjirappally,12,CHENAPPADY,ASHA JOY,INC,Woman,Woman,OpenDataKerala GitHub
2015,Kottayam,Kanjirappally,13,PONTHENPUZHA,JAMES P SIMON,CPI(M),General,General,OpenDataKerala GitHub
2015,Kottayam,Kanjirappally,14,MANIMALA,ANNAMMA JOSEPH,INC,Woman,Woman,OpenDataKerala GitHub
2015,Kottayam,Kanjirappally,15,MANNARAKKAYAM,ROSAMMA AUGASTHY,INC,Woman,Woman,OpenDataKerala GitHub
2015,Idukki,Adimaly,1,VALARA,SALI VELAYUDHAN,INC,Woman,Woman,OpenDataKerala GitHub
2015,Idukki,Adimaly,2,MACHIPLAVU,USHA SADANANDHAN,INC,Woman,Woman,OpenDataKerala GitHub
2015,Idukki,Adimaly,3,KALLAR,SHYLA JOSE,CPI,Woman,Woman,OpenDataKerala GitHub
2015,Idukki,Adimaly,4,PALLIVASAL,R MURUGESAN,INC,SC,SC,OpenDataKerala GitHub
2015,Idukki,Adimaly,5,BYSONVALLEY,K N RAJU,CPI(M),General,General,OpenDataKerala GitHub
2015,Idukki,Adimaly,6,TEA COMPANY,ALOSHI PHILIP,INC,General,General,OpenDataKerala GitHub
2015,Idukki,Adimaly,7,SENGULAM,LALY SURENDRAN,INC,Woman,Woman,OpenDataKerala GitHub
2015,Idukki,Adimaly,8,VELLATHOOVAL,T M RAJAN,INC,ST,ST,OpenDataKerala GitHub
2015,Idukki,Adimaly,9,KONNATHADY,AMBILY SALEELAN,INC,Woman,Woman,OpenDataKerala GitHub
2015,Idukki,Adimaly,10,MUNIYARA,C K PRASAD,INC,General,General,OpenDataKerala GitHub
2015,Idukki,Adimaly,11,KAMBILIKANDAM,T P MALKA,KC(M),General,General,OpenDataKerala GitHub
2015,Idukki,Adimaly,12,200 ACRE,MOLY PETER,INC,Woman,Woman,OpenDataKerala GitHub
2015,Idukki,Adimaly,13,DEVIYAR,SHERLY JOSEPH,INC,Woman,Woman,OpenDataKerala GitHub
2015,Idukki,Devikulam,1,MARAYOOR,USHA HENTRY JOSEPH,INC,General,General,OpenDataKerala GitHub
2015,Idukki,Devikulam,2,KANTHALLOOR,R RADHAKRISHNAN,CPI(M),ST,ST,OpenDataKerala GitHub
2015,Idukki,Devikulam,3,VATTAVADA,KOKILAVANI GUNASEELAN,CPI(M),General,General,OpenDataKerala GitHub
2015,Idukki,Devikulam,4,MATTUPPETTY,P.JAYARAJ,INC,SC,SC,OpenDataKerala GitHub
2015,Idukki,Devikulam,5,CHINNAKKANAL,SASEENDRAN MUTTUKADU,INC,SC,SC,OpenDataKerala GitHub
2015,Idukki,Devikulam,6,ANAYIRANKAL,GEETHA .G. PATHMANABHAN,CPI(M),SC,SC,OpenDataKerala GitHub
2015,Idukki,Devikulam,7,SANTHANPARA,BIJU VATTAMATTATHIL,INC,SC,SC,OpenDataKerala GitHub
2015,Idukki,Devikulam,8,DEVIKULAM,VELMAYIL AROKIADAS,CPI,General,General,OpenDataKerala GitHub
2015,Idukki,Devikulam,9,MUNNAR,C.NELSON,INC,General,General,OpenDataKerala GitHub
2015,Idukki,Devikulam,10,SIVANMALA,SELVI P,CPI,Woman,Woman,OpenDataKerala GitHub
2015,Idukki,Devikulam,11,MANKULAM,SHEELADEVI,INC,SC,SC,OpenDataKerala GitHub
2015,Idukki,Devikulam,12,NALLATHANNY,GOMATHY,INDEPENDENT,General,General,OpenDataKerala GitHub
2015,Idukki,Devikulam,13,EDAMALAKKUDY,C. THAMIZHARASAN,INC,General,General,OpenDataKerala GitHub
2015,Idukki,Nedumkandam,1,RAJAKKAD,RAJI,INC,General,General,OpenDataKerala GitHub
2015,Idukki,Nedumkandam,3,RAJAKUMARY,SHERLY WILSON,INC,Woman,Woman,OpenDataKerala GitHub
2015,Idukki,Nedumkandam,4,SENAPATHY,JUBEE AJI,INC,Woman,Woman,OpenDataKerala GitHub
2015,Idukki,Nedumkandam,5,CHEMMANNAR,SINDHU REGHU,CPI(M),Woman,Woman,OpenDataKerala GitHub
2015,Idukki,Nedumkandam,6,PARATHODU,MARY JOSEPH(DAISSAMMA JOSEPH),CPI(M),Woman,Woman,OpenDataKerala GitHub
2015,Idukki,Nedumkandam,7,NEDUMKANDAM,MUKESH MOHANAN,INC,SC,SC,OpenDataKerala GitHub
2015,Idukki,Nedumkandam,8,THOOKKUPALAM,SASIKUMAR,INC,General,General,OpenDataKerala GitHub
2015,Idukki,Nedumkandam,9,RAMAKKALMEDU,ADV.G.GOPAKRISHNAN,CPI(M),General,General,OpenDataKerala GitHub
2015,Idukki,Nedumkandam,10,KAMBAMMETTU,K.K KUNJUMON,INC,General,General,OpenDataKerala GitHub
2015,Idukki,Nedumkandam,11,BALAGRAM,SINDHU SUKUMARAN NAIR,INC,Woman,Woman,OpenDataKerala GitHub
2015,Idukki,Nedumkandam,12,PAMPADUMPARA,LEENA JACOB,INC,Woman,Woman,OpenDataKerala GitHub
2015,Idukki,Nedumkandam,13,PONNAMALA,THOMAS THOMAS,KC(M),General,General,OpenDataKerala GitHub
2015,Idukki,Elemdesam,1,VANNAPPURAM,SHINEY AUGUSTINE,INC,Woman,Woman,OpenDataKerala GitHub
2015,Idukki,Elemdesam,2,MULLARINGADU,AJITHA SABU,CPI(M),Woman,Woman,OpenDataKerala GitHub
2015,Idukki,Elemdesam,3,KALIYAR,RAJEEV BHASKARAN,KC(M),SC,SC,OpenDataKerala GitHub
2015,Idukki,Elemdesam,4,CHEENIKUZHI,SOMY AUGUSTINE,INC,General,General,OpenDataKerala GitHub
2015,Idukki,Elemdesam,5,UDUMBANNOOR,GIGI SURENDRAN,INC,Woman,Woman,OpenDataKerala GitHub
2015,Idukki,Elemdesam,6,POOMALA,MARTIL MATHEW,KC(M),Woman,Woman,OpenDataKerala GitHub
2015,Idukki,Elemdesam,7,VELLIYAMATTOM,M.MONICHAN,KC(M),General,General,OpenDataKerala GitHub
2015,Idukki,Elemdesam,8,KUDAYATHOOR,MATHEW P I,INC,ST,ST,OpenDataKerala GitHub
2015,Idukki,Elemdesam,9,ALAKODE,SUJA SHAJI,INDEPENDENT,Woman,Woman,OpenDataKerala GitHub
2015,Idukki,Elemdesam,10,PANNOOR,GOURI SUKUMARAN,INC,Woman,Woman,OpenDataKerala GitHub
2015,Idukki,Elemdesam,11,KARIMANNOOR,BASIL JOHN,INDEPENDENT,General,General,OpenDataKerala GitHub
2015,Idukki,Elemdesam,12,VANADAMATTOM,BINDU PRASANNAN,INC,Woman,Woman,OpenDataKerala GitHub
2015,Idukki,Elemdesam,13,KODIKULAM,SAJU MATHEW,KC(M),General,General,OpenDataKerala GitHub
2015,Idukki,Idukki,1,PAZHAYARIKANDOM,AUGUSTY AZHAKATH,INC,General,General,OpenDataKerala GitHub
2015,Idukki,Idukki,2,KANJIKKUZHY,TOMY JOSEPH,INDEPENDENT,General,General,OpenDataKerala GitHub
2015,Idukki,Idukki,3,CHURULY,MOLLY GHEEVARGHESE,INC,Woman,Woman,OpenDataKerala GitHub
2015,Idukki,Idukki,4,MURICKASSERY,SUNITHA K. S,CPI(M),Woman,Woman,OpenDataKerala GitHub
2015,Idukki,Idukki,5,PADAMUGHAM,CELINE MATHEW,KC(M),Woman,Woman,OpenDataKerala GitHub
2015,Idukki,Idukki,6,THOPRAMKUDY,K P SURENDRAN,INDEPENDENT,ST,ST,OpenDataKerala GitHub
2015,Idukki,Idukki,7,KAMAKSHY,JOSEPH (REJI MUKKATTU),KC(M),General,General,OpenDataKerala GitHub
2015,Idukki,Idukki,8,THANKAMANY,BIJU KANATHIL,KC(M),SC,SC,OpenDataKerala GitHub
2015,Idukki,Idukki,9,MARIYAPURAM,JALAJA SHAJI,NCP,Woman,Woman,OpenDataKerala GitHub
2015,Idukki,Idukki,10,PAINAVU,TINTU SUBHASH,INC,Woman,Woman,OpenDataKerala GitHub
2015,Idukki,Idukki,11,MOOLAMATTOM,CHELLAMMA DAMODARN,INC,Woman,Woman,OpenDataKerala GitHub
2015,Idukki,Idukki,12,KULAMAVU,LEENA AGUSTINE,INC,Woman,Woman,OpenDataKerala GitHub
2015,Idukki,Idukki,13,VAZHATHOPE,GEORGE V A,INDEPENDENT,General,General,OpenDataKerala GitHub
2015,Idukki,Kattappana,1,KANCHIYAR,RAJAN (KANCHIYAR RAJAN),CPI(M),General,General,OpenDataKerala GitHub
2015,Idukki,Kattappana,2,ERATTAYAR,JOSNA JOBIN,INC,Woman,Woman,OpenDataKerala GitHub
2015,Idukki,Kattappana,3,CHEMPAKAPPARA,KUTTYAMMA SEBASTIAN,INDEPENDENT,Woman,Woman,OpenDataKerala GitHub
2015,Idukki,Kattappana,4,VANDANMEDU,SANDHYA RAJA,CPI(M),Woman,Woman,OpenDataKerala GitHub
2015,Idukki,Kattappana,5,KOCHARA,JOBAN PANOSE,INC,General,General,OpenDataKerala GitHub
2015,Idukki,Kattappana,6,KADASIKADAVU,SABU JOHN,INC,General,General,OpenDataKerala GitHub
2015,Idukki,Kattappana,7,CHAKKUPALLAM,JIJI K PHILIP,CPI,General,General,OpenDataKerala GitHub
2015,Idukki,Kattappana,8,ANAVILASAM,RAJESH KUNJUMOL,CPI(M),SC,SC,OpenDataKerala GitHub
2015,Idukki,Kattappana,9,KALTHOTTY,SALY JOLLY,CPI(M),Woman,Woman,OpenDataKerala GitHub
2015,Idukki,Kattappana,10,AYYAPPANCOVIL,RAJENDRAN MARIYIL,INC,General,General,OpenDataKerala GitHub
2015,Idukki,Kattappana,11,UPPUTHARA,INDIRA SREENI,INC,Woman,Woman,OpenDataKerala GitHub
2015,Idukki,Kattappana,12,PASUPPARA,AMBILY V.G,INC,Woman,Woman,OpenDataKerala GitHub
2015,Idukki,Kattappana,13,VALACODE,ASHA ANTONY (NIRMAL),CPI,Woman,Woman,OpenDataKerala GitHub
2015,Idukki,Thodupuzha,1,KUMARAMANGALAM,K.V. JOSE,KC(M),General,General,OpenDataKerala GitHub
2015,Idukki,Thodupuzha,2,EZHALLOOR,SINOJ,INDEPENDENT,General,General,OpenDataKerala GitHub
2015,Idukki,Thodupuzha,3,EDAVETTY,SEENA ISMAIL,IUML,Woman,Woman,OpenDataKerala GitHub
2015,Idukki,Thodupuzha,4,THEKKUMBHAGAM,JIMMY PAUL,CPI(M),General,General,OpenDataKerala GitHub
2015,Idukki,Thodupuzha,5,MUTTOM,ANNAMMA CHERIAN,INC,Woman,Woman,OpenDataKerala GitHub
2015,Idukki,Thodupuzha,6,THUDANGANADU,PRINCY SOY,KC(S),Woman,Woman,OpenDataKerala GitHub
2015,Idukki,Thodupuzha,7,KARIMKUNNAM,SATHEESH,CPI,SC,SC,OpenDataKerala GitHub
2015,Idukki,Thodupuzha,8,MRALA,JACOB MATHAI,INDEPENDENT,General,General,OpenDataKerala GitHub
2015,Idukki,Thodupuzha,9,PURAPUZHA,JIMMY MATTATHIPARA,KC(M),General,General,OpenDataKerala GitHub
2015,Idukki,Thodupuzha,10,VAZHITHALA,BABY TOM NANDALATHU,KC(M),Woman,Woman,OpenDataKerala GitHub
2015,Idukki,Thodupuzha,11,NEDIYASALA,LEELAMMA JOSE,INC,Woman,Woman,OpenDataKerala GitHub
2015,Idukki,Thodupuzha,12,ARIKUZHA,SHINY SHAJI,CPI(M),Woman,Woman,OpenDataKerala GitHub
2015,Idukki,Thodupuzha,13,MANAKKAD,SHEENA HARIDAS,INDEPENDENT,Woman,Woman,OpenDataKerala GitHub
2015,Idukki,Azhutha,1,VAGAMON,SUDHAKARAN NEELAMBARAN,RSP,General,General,OpenDataKerala GitHub
2015,Idukki,Azhutha,2,ELAPPARA,JAYA MOHANDAS,INC,SC Woman,SC Woman,OpenDataKerala GitHub
2015,Idukki,Azhutha,3,THENGAKKAL,LISSY JOY,INC,Woman,Woman,OpenDataKerala GitHub
2015,Idukki,Azhutha,4,CHENKARA,JESSY JACOB,INC,Woman,Woman,OpenDataKerala GitHub
2015,Idukki,Azhutha,5,KUMILY,ABDUL RAZAK.K.A,CPI(M),General,General,OpenDataKerala GitHub
2015,Idukki,Azhutha,6,SPRING VALLEY,ALICE SUNNY,INC,Woman,Woman,OpenDataKerala GitHub
2015,Idukki,Azhutha,7,VANDIPERIYAR,SELVATHAI.R,CPI(M),SC Woman,SC Woman,OpenDataKerala GitHub
2015,Idukki,Azhutha,8,MANCHUMALA,SHAJI PYNADATH,INC,General,General,OpenDataKerala GitHub
2015,Idukki,Azhutha,9,PATTUMALA,NIXON GEORGE,INC,General,General,OpenDataKerala GitHub
2015,Idukki,Azhutha,10,PEERMADE,DINESAN.R,CPI(M),SC,SC,OpenDataKerala GitHub
2015,Idukki,Azhutha,11,AMALAGIRI,LIZYAMMA JOSE,KC(M),Woman,Woman,OpenDataKerala GitHub
2015,Idukki,Azhutha,12,PERUVANTHANAM,SANDHYAMOL SUBASH,CPI(M),Woman,Woman,OpenDataKerala GitHub
2015,Idukki,Azhutha,13,KOKKAYAR,JIJO.M.R (BIJOPPA),CPI(M),SC,SC,OpenDataKerala GitHub
2015,Ernakulam,Paravur,1,MALLIANKARA,K.C.RAJEEV,CPI(M),General,General,OpenDataKerala GitHub
2015,Ernakulam,Paravur,2,MOOTHAKUNNAM,SAIBA SAJEEV,CPI(M),Woman,Woman,OpenDataKerala GitHub
2015,Ernakulam,Paravur,3,GOTHURUTH,TITUS GOTHURUTH,CPI(M),General,General,OpenDataKerala GitHub
2015,Ernakulam,Paravur,4,CHENDAMANGALAM,T.D.SUDHEER,CPI(M),General,General,OpenDataKerala GitHub
2015,Ernakulam,Paravur,5,KOTTAYIL KOVILAKAM,GEETHA SANTHOSH,CPI(M),Woman,Woman,OpenDataKerala GitHub
2015,Ernakulam,Paravur,6,MANNAM,REMA SIVASANKARAN,CPI,Woman,Woman,OpenDataKerala GitHub
2015,Ernakulam,Paravur,7,CHERIYAPPILLY,P.P.SHYJA TEACHER,CPI(M),Woman,Woman,OpenDataKerala GitHub
2015,Ernakulam,Paravur,8,KOONAMMAVU,HARI KANDAMMURI,INC,SC,SC,OpenDataKerala GitHub
2015,Ernakulam,Paravur,9,KOTTUVALLY,ADV.YESUDAS PARAPPILLY,CPI(M),General,General,OpenDataKerala GitHub
2015,Ernakulam,Paravur,10,CHATHANADU,RASMI M.A.,CPI(M),Woman,Woman,OpenDataKerala GitHub
2015,Ernakulam,Paravur,11,EZHIKKARA,SEETHALAKSHMI ANILKUMAR,CPI,Woman,Woman,OpenDataKerala GitHub
2015,Ernakulam,Paravur,12,PATTANAM,P.R.SAIJAN,INC,General,General,OpenDataKerala GitHub
2015,Ernakulam,Paravur,13,VAVAKKAD,RAJITHA PRABHASANKAR,CPI,Woman,Woman,OpenDataKerala GitHub
2015,Ernakulam,Alangad,1,MANAKKAPADY,BEENA BABU,INC,Woman,Woman,OpenDataKerala GitHub
2015,Ernakulam,Alangad,2,KARUMALLOOR,A. N. ASOKAN,CPI(M),General,General,OpenDataKerala GitHub
2015,Ernakulam,Alangad,3,VELIYATHUNADU,K.H. SHAHABAS,IUML,General,General,OpenDataKerala GitHub
2015,Ernakulam,Alangad,4,KADUNGALLOOR NORTH,BHADRA DEVI,INC,Woman,Woman,OpenDataKerala GitHub
2015,Ernakulam,Alangad,5,KADUNGALLOOR WEST,KEERTHI DIVAKARAN,INC,Woman,Woman,OpenDataKerala GitHub
2015,Ernakulam,Alangad,6,MUPPATHADAM CENTRAL,SAJITHA HABEEB,CPI(M),Woman,Woman,OpenDataKerala GitHub
2015,Ernakulam,Alangad,7,MUPPATHADAM SOUTH,T.K.SHAJAHAN,CPI(M),General,General,OpenDataKerala GitHub
2015,Ernakulam,Alangad,8,PUTHANPALLY,MERCY JOHNY,INC,Woman,Woman,OpenDataKerala GitHub
2015,Ernakulam,Alangad,9,VARAPPUZHA,K.V. KUNJUMON,CPI(M),SC,SC,OpenDataKerala GitHub
2015,Ernakulam,Alangad,10,CHIRAKKAKAM,VIJU JOSEPH,INC,General,General,OpenDataKerala GitHub
2015,Ernakulam,Alangad,11,KONGORPPILLY,K.M.HAMEED SHA,CPI(M),General,General,OpenDataKerala GitHub
2015,Ernakulam,Alangad,12,ALANGAD,SREEKALA MADHU,INDEPENDENT,Woman,Woman,OpenDataKerala GitHub
2015,Ernakulam,Alangad,13,ALANGAD WEST,JAYASREE GOPIKRISHNAN,CPI(M),Woman,Woman,OpenDataKerala GitHub
2015,Ernakulam,Angamaly,1,PALISSERY,AYYAPPAN K.P,INC,SC,SC,OpenDataKerala GitHub
2015,Ernakulam,Angamaly,2,THABORE,VARGHESE T.M,INC,General,General,OpenDataKerala GitHub
2015,Ernakulam,Angamaly,3,AYYAMPUZHA,ALPHONSA PAPPACHAN,CPI(M),Woman,Woman,OpenDataKerala GitHub
2015,Ernakulam,Angamaly,4,MALAYATTOOR,VANAJA SADANANDAN,CPI,Woman,Woman,OpenDataKerala GitHub
2015,Ernakulam,Angamaly,5,NADUVATTOM,SHERLY JOSE,INC,Woman,Woman,OpenDataKerala GitHub
2015,Ernakulam,Angamaly,6,MANJAPRA,SIJU ERALY,INC,General,General,OpenDataKerala GitHub
2015,Ernakulam,Angamaly,7,KALADY,GEORGE T.P,INC,General,General,OpenDataKerala GitHub
2015,Ernakulam,Angamaly,8,PARAPPURAM,VALSA XAVIER,INC,Woman,Woman,OpenDataKerala GitHub
2015,Ernakulam,Angamaly,9,KANJOOR,SANTHOSH A.A,CPI(M),General,General,OpenDataKerala GitHub
2015,Ernakulam,Angamaly,10,MATTOOR,RENNY JOSE,INC,Woman,Woman,OpenDataKerala GitHub
2015,Ernakulam,Angamaly,11,THURAVOOR,ELSY VARGHESE,INC,Woman,Woman,OpenDataKerala GitHub
2015,Ernakulam,Angamaly,12,MOOKKANNUR,GRACY RAPHEL,INC,Woman,Woman,OpenDataKerala GitHub
2015,Ernakulam,Angamaly,13,KARUKUTTY,PAUL P.T,INC,General,General,OpenDataKerala GitHub
2015,Ernakulam,Koovappady,1,KOODALAPPADU,SICILY EYOB,INC,Woman,Woman,OpenDataKerala GitHub
2015,Ernakulam,Koovappady,2,KODANADU,PRAKASH M P,INC,General,General,OpenDataKerala GitHub
2015,Ernakulam,Koovappady,3,KRARIYELI,SARALA KRISHNANKUTTY,CPI(M),Woman,Woman,OpenDataKerala GitHub
2015,Ernakulam,Koovappady,4,VENGOOR,SEENA BIJU,INC,Woman,Woman,OpenDataKerala GitHub
2015,Ernakulam,Koovappady,5,ASAMANNOOR,VARGHESE K P,INC,General,General,OpenDataKerala GitHub
2015,Ernakulam,Koovappady,6,METHALA,PREETHA SUKU,INC,Woman,Woman,OpenDataKerala GitHub
2015,Ernakulam,Koovappady,7,KEEZHILLAM,MANOJ K C,CPI(M),SC,SC,OpenDataKerala GitHub
2015,Ernakulam,Koovappady,8,PULLUVAZHI,PAUL UTHUP,INC,General,General,OpenDataKerala GitHub
2015,Ernakulam,Koovappady,9,RAYAMANGALAM,BINDU GOPALAKRISHNAN,INC,Woman,Woman,OpenDataKerala GitHub
2015,Ernakulam,Koovappady,10,MUDAKUZHA,JOBY MATHEW,INC,General,General,OpenDataKerala GitHub
2015,Ernakulam,Koovappady,11,ELAMBAKAPILLY,MINI BABU,INC,Woman,Woman,OpenDataKerala GitHub
2015,Ernakulam,Koovappady,12,KOOVAPPADY,MANOJ MOOTHEDAN,INC,General,General,OpenDataKerala GitHub
2015,Ernakulam,Koovappady,13,OKKAL,GAYATHRI VINOD,CPI,Woman,Woman,OpenDataKerala GitHub
2015,Ernakulam,Vazhakulam,1,ERUMATHALA,ABDUL AZEEZ M K,CPI,General,General,OpenDataKerala GitHub
2015,Ernakulam,Vazhakulam,2,KEEZHMAD,RAMESHAN,INC,SC,SC,OpenDataKerala GitHub
2015,Ernakulam,Vazhakulam,3,MARAMPILLY,NOORJAHAN ZAKKEER,IUML,Woman,Woman,OpenDataKerala GitHub
2015,Ernakulam,Vazhakulam,4,VANCHINAD,RENESHA AJAS,INC,Woman,Woman,OpenDataKerala GitHub
2015,Ernakulam,Vazhakulam,5,NEDUMTHODU,NAGEENA HASHIM,CPI(M),Woman,Woman,OpenDataKerala GitHub
2015,Ernakulam,Vazhakulam,6,VENGOLA,JOJI JACOB,INC,General,General,OpenDataKerala GitHub
2015,Ernakulam,Vazhakulam,7,CHELAKKULAM,RAJU MATHARA,INC,General,General,OpenDataKerala GitHub
2015,Ernakulam,Vazhakulam,8,KIZHAKKAMBALAM,MARIAMMA JOHN,INDEPENDENT,General,General,OpenDataKerala GitHub
2015,Ernakulam,Vazhakulam,9,PUKKATTUPADY,RESMY.P.P,INDEPENDENT,Woman,Woman,OpenDataKerala GitHub
2015,Ernakulam,Vazhakulam,10,SOUTH VAZHAKULAM,RAMLATH ABDULKHADAR,CPI(M),Woman,Woman,OpenDataKerala GitHub
2015,Ernakulam,Vazhakulam,11,GANDHINAGAR.,M.A.ABDUL KHADER,NCP,General,General,OpenDataKerala GitHub
2015,Ernakulam,Vazhakulam,12,EDATHALA,MUMDHAS,INC,Woman,Woman,OpenDataKerala GitHub
2015,Ernakulam,Vazhakulam,13,NOCHIMA,SWAPNA UNNI,CPI(M),Woman,Woman,OpenDataKerala GitHub
2015,Ernakulam,Vazhakulam,14,CHOORNIKARA,C.K.JALEEL,CPI(M),General,General,OpenDataKerala GitHub
2015,Ernakulam,Vazhakulam,15,ASOKAPURAM,C.P.NOUSHAD,INC,General,General,OpenDataKerala GitHub
2015,Ernakulam,Edappally,1,KADAPPURAM,SYAMALA SHIBU,INC,Woman,Woman,OpenDataKerala GitHub
2015,Ernakulam,Edappally,2,KARTTHEDAM,LILLY ALBERT,INC,Woman,Woman,OpenDataKerala GitHub
2015,Ernakulam,Edappally,3,VALIYAKADAMAKUDY,SEENA FRANCIS,INC,Woman,Woman,OpenDataKerala GitHub
2015,Ernakulam,Edappally,4,KOTHAD,E K PUSHKARAN,INC,SC,SC,OpenDataKerala GitHub
2015,Ernakulam,Edappally,5,HEALTH CENTRE,AUGUSTINE JOHNSON,INC,General,General,OpenDataKerala GitHub
2015,Ernakulam,Edappally,6,VALAM,M R ANTONY,INC,General,General,OpenDataKerala GitHub
2015,Ernakulam,Edappally,7,CHITTOOR,ROSEY VINCY DERIS,INC,Woman,Woman,OpenDataKerala GitHub
2015,Ernakulam,Edappally,8,MULAVUKAD NORTH,SELIN CHARLES,INC,Woman,Woman,OpenDataKerala GitHub
2015,Ernakulam,Edappally,9,PONNARIMANGALAM,K G MANOJ,CPI(M),General,General,OpenDataKerala GitHub
2015,Ernakulam,Edappally,10,VALLARPADAM,BINDU SEBASTIAN,INC,Woman,Woman,OpenDataKerala GitHub
2015,Ernakulam,Edappally,11,LIGHT HOUSE,V A JOSEPH,INC,General,General,OpenDataKerala GitHub
2015,Ernakulam,Edappally,12,PUTHUVYPE,NAFEESA,CPI(M),Woman,Woman,OpenDataKerala GitHub
2015,Ernakulam,Edappally,13,MALIPPURAM BEACH,K G DONO,INC,General,General,OpenDataKerala GitHub
2015,Ernakulam,Vypin,1,MUNAMBAM,P V LOIS,CPI(M),General,General,OpenDataKerala GitHub
2015,Ernakulam,Vypin,2,PALLIPURAM,DR.K K JOSHI,CPI(M),General,General,OpenDataKerala GitHub
2015,Ernakulam,Vypin,3,AYYAMPILLY,THULASI SOMAN,CPI(M),SC Woman,SC Woman,OpenDataKerala GitHub
2015,Ernakulam,Vypin,4,PAZHANGAD,MINI PURUSHOTHAMAN,CPI(M),General,General,OpenDataKerala GitHub
2015,Ernakulam,Vypin,5,NAYARAMBALAM EAST,P K RAJU,INC,SC,SC,OpenDataKerala GitHub
2015,Ernakulam,Vypin,6,MANATTUPARAMBU,DAISY THOMAS,INC,Woman,Woman,OpenDataKerala GitHub
2015,Ernakulam,Vypin,7,NJARAKAL,PRAIJU FRANCIS,INDEPENDENT,General,General,OpenDataKerala GitHub
2015,Ernakulam,Vypin,8,ARATTUVAZHI,SUJATHA CHANDRABOSE,CPI(M),Woman,Woman,OpenDataKerala GitHub
2015,Ernakulam,Vypin,9,NAYARAMBALAM WEST,SIJI C C,CPI(M),Woman,Woman,OpenDataKerala GitHub
2015,Ernakulam,Vypin,10,EDAVANAKAD,M K MANAF,CPI,General,General,OpenDataKerala GitHub
2015,Ernakulam,Vypin,11,KUZHUPPILLY,THANKAMANI SASI,CPI(M),Woman,Woman,OpenDataKerala GitHub
2015,Ernakulam,Vypin,12,CHERAI,UNNIKRISHNAN A N,CPI(M),General,General,OpenDataKerala GitHub
2015,Ernakulam,Vypin,13,MUNAMBAM BEACH,SUBODHA SHAJI,CPI(M),Woman,Woman,OpenDataKerala GitHub
2015,Ernakulam,Palluruthy,1,KATTIPARAMBU,LISSY NELSON,CPI(M),Woman,Woman,OpenDataKerala GitHub
2015,Ernakulam,Palluruthy,2,KUMBALANGHI NORTH,USHA PRADEEP,INC,Woman,Woman,OpenDataKerala GitHub
2015,Ernakulam,Palluruthy,3,ST.JOSEPH CHAPPEL,NELSON KOCHERY,INC,General,General,OpenDataKerala GitHub
2015,Ernakulam,Palluruthy,4,KUMBALAM NORTH,SHYLAJA RADHAKRISHNAN,CPI(M),Woman,Woman,OpenDataKerala GitHub
2015,Ernakulam,Palluruthy,5,PERUMANA,ADV.DIVYA MIDHUN,CPI,Woman,Woman,OpenDataKerala GitHub
2015,Ernakulam,Palluruthy,7,PANANGAD SOUTH,LEELA PADMADASAN,INC,Woman,Woman,OpenDataKerala GitHub
2015,Ernakulam,Palluruthy,8,KUMBALANGHI SOUTH,SOUMYA SUBIN EDEZHATH,INC,Woman,Woman,OpenDataKerala GitHub
2015,Ernakulam,Palluruthy,9,KUMBALANGHI CENTRAL,SAJEEV ANTONY,CPI(M),General,General,OpenDataKerala GitHub
2015,Ernakulam,Palluruthy,10,CHELLANAM DIVISION,GEORGE,CPI,General,General,OpenDataKerala GitHub
2015,Ernakulam,Palluruthy,11,AMBEDKAR COLONY,A K VISWAMBHARAN,INC,SC,SC,OpenDataKerala GitHub
2015,Ernakulam,Palluruthy,12,KANDAKADAVU,PUSHPY PONNAN,CPI(M),Woman,Woman,OpenDataKerala GitHub
2015,Ernakulam,Palluruthy,13,KANNAMALI,JOSEPH P X,INC,General,General,OpenDataKerala GitHub
2015,Ernakulam,Mulanthuruthy,1,CHOTTANIKKARA,N K NISHAD,CPI(M),SC,SC,OpenDataKerala GitHub
2015,Ernakulam,Mulanthuruthy,2,ERUVELI,INDIRA DHARMARAJAN,INC,Woman,Woman,OpenDataKerala GitHub
2015,Ernakulam,Mulanthuruthy,3,MULAMTHURUTHY,SHAJI MADHAVAN,INC,General,General,OpenDataKerala GitHub
2015,Ernakulam,Mulanthuruthy,4,MANEED,JAYA SOMAN,INC,Woman,Woman,OpenDataKerala GitHub
2015,Ernakulam,Mulanthuruthy,5,ARAKKUNNAM,SHINY SAJI,CPI,Woman,Woman,OpenDataKerala GitHub
2015,Ernakulam,Mulanthuruthy,6,EDAKKATTUVAYAL,ASHA ACHUTHAN,INC,Woman,Woman,OpenDataKerala GitHub
2015,Ernakulam,Mulanthuruthy,7,THIRUMARAYUR,RAJEEV SREEDHARAN,CPI(M),General,General,OpenDataKerala GitHub
2015,Ernakulam,Mulanthuruthy,8,AMBALLUR,T K MOHANAN,CPI(M),General,General,OpenDataKerala GitHub
2015,Ernakulam,Mulanthuruthy,9,KANJIRAMATTAM,BIJU THOMAS,INC,General,General,OpenDataKerala GitHub
2015,Ernakulam,Mulanthuruthy,10,PERUMPILLI,SUDHA RAJENDRAN,INC,Woman,Woman,OpenDataKerala GitHub
2015,Ernakulam,Mulanthuruthy,11,POOTHOTTA,JAYAN KUNNEL,INC,General,General,OpenDataKerala GitHub
2015,Ernakulam,Mulanthuruthy,12,AMEDA,USHA DHANAPALAN,CPI(M),Woman,Woman,OpenDataKerala GitHub
2015,Ernakulam,Mulanthuruthy,13,UDAYAMPEROOR,OMANA PRAKASHAN,INC,SC Woman,SC Woman,OpenDataKerala GitHub
2015,Ernakulam,Vadavucode,1,PALLIKKARA,K.K.RAMESH,INC,SC,SC,OpenDataKerala GitHub
2015,Ernakulam,Vadavucode,2,VEMBILLY,GOURI VELAYUDHAN,INC,General,General,OpenDataKerala GitHub
2015,Ernakulam,Vadavucode,3,PATTIMATTOM,SHYJA ANIL,INC,Woman,Woman,OpenDataKerala GitHub
2015,Ernakulam,Vadavucode,4,AIRAPURAM,VINODKUMAR K.P.,CPI(M),General,General,OpenDataKerala GitHub
2015,Ernakulam,Vadavucode,5,MAZHUVANNOOR,LATHA SOMAN,INC,General,General,OpenDataKerala GitHub
2015,Ernakulam,Vadavucode,6,KADAYIRIPPU,ADV.SHIJI SIVAJI,CPI(M),SC,SC,OpenDataKerala GitHub
2015,Ernakulam,Vadavucode,7,PANCODE,BINISH PULLIATTEL,INC,General,General,OpenDataKerala GitHub
2015,Ernakulam,Vadavucode,8,KOLENCHERY,N.N.RAJAN,INC,General,General,OpenDataKerala GitHub
2015,Ernakulam,Vadavucode,9,POOTHRIKKA,ANI BEN KUNNATH,INC,General,General,OpenDataKerala GitHub
2015,Ernakulam,Vadavucode,10,THIRUVANIYOOR,BINU T.D,CPI(M),General,General,OpenDataKerala GitHub
2015,Ernakulam,Vadavucode,11,MATTAKUZHI,AMBILI SHIBU,CPI(M),Woman,Woman,OpenDataKerala GitHub
2015,Ernakulam,Vadavucode,12,PUTHENCRUZ,BEENA KURIAKOSE,INC,Woman,Woman,OpenDataKerala GitHub
2015,Ernakulam,Vadavucode,13,AMBALAMEDU,GEETHA SUKUMARAN,CPI,General,General,OpenDataKerala GitHub
2015,Ernakulam,Kothamangalam,1,KOTTAPPADY,SASI NARAYANAN,CPI(M),SC,SC,OpenDataKerala GitHub
2015,Ernakulam,Kothamangalam,2,BHOOTHATHANKETTU,SUNNY POULOSE,INC,General,General,OpenDataKerala GitHub
2015,Ernakulam,Kothamangalam,3,IDAMALAYAR,SANTHAMMA PIOUS,CPI,Woman,Woman,OpenDataKerala GitHub
2015,Ernakulam,Kothamangalam,4,KUTTAMPUZHA,SHEELA KRISHNANKUTTY,KC(M),Woman,Woman,OpenDataKerala GitHub
2015,Ernakulam,Kothamangalam,5,KEERAMPARA,JESSY MOLE JOSE,KC(M),Woman,Woman,OpenDataKerala GitHub
2015,Ernakulam,Kothamangalam,6,NERIAMANGALAM,CELIN JOHN,CPI(M),Woman,Woman,OpenDataKerala GitHub
2015,Ernakulam,Kothamangalam,7,KAVANANGAD,RACHEL BABY,INC,Woman,Woman,OpenDataKerala GitHub
2015,Ernakulam,Kothamangalam,8,PAINGOTTOOR,SEBASTIAN AUGUSTHY,INDEPENDENT,General,General,OpenDataKerala GitHub
2015,Ernakulam,Kothamangalam,9,POTHANICAD,VINCEN ELLICKAL,CPI,General,General,OpenDataKerala GitHub
2015,Ernakulam,Kothamangalam,10,PALLARIMANGALAM,ABBAS O E,CPI(M),General,General,OpenDataKerala GitHub
2015,Ernakulam,Kothamangalam,11,VARAPPETTY,ABY ABRAHAM,INC,General,General,OpenDataKerala GitHub
2015,Ernakulam,Kothamangalam,12,CHERUVATTOOR,BINDU JAYAKUMAR,CPI(M),Woman,Woman,OpenDataKerala GitHub
2015,Ernakulam,Kothamangalam,13,NELLIKUZHI,RASHEEDA V M (RASHEEDA SALIM),CPI(M),Woman,Woman,OpenDataKerala GitHub
2015,Ernakulam,Kothamangalam,14,PINDIMANA,RAJESH A V,INDEPENDENT,General,General,OpenDataKerala GitHub
2015,Ernakulam,Pampakuda,1,OORAMANA,SUMITH SURENDRAN,CPI(M),General,General,OpenDataKerala GitHub
2015,Ernakulam,Pampakuda,2,PAMPAKUDA,O.K.KUTTAPPAN,KC(J),SC,SC,OpenDataKerala GitHub
2015,Ernakulam,Pampakuda,3,MANNATHOOR,V.C.KURIAKOSE,CPI(M),General,General,OpenDataKerala GitHub
2015,Ernakulam,Pampakuda,4,MOONGAMKUNNU,JAYA BIJUMON,CPI(M),Woman,Woman,OpenDataKerala GitHub
2015,Ernakulam,Pampakuda,5,PALAKKUZHA,REMA K.N,CPI(M),Woman,Woman,OpenDataKerala GitHub
2015,Ernakulam,Pampakuda,6,UPPUKANDAM,USHA SREEKUMAR,INC,Woman,Woman,OpenDataKerala GitHub
2015,Ernakulam,Pampakuda,7,THIRUMARADY,JESSY JOHNY,CPI,Woman,Woman,OpenDataKerala GitHub
2015,Ernakulam,Pampakuda,8,MUTHOLAPURAM,BINDHU SIBY,INC,Woman,Woman,OpenDataKerala GitHub
2015,Ernakulam,Pampakuda,9,ELANJI,SANTHOSH KORAPILLA,CPI(M),General,General,OpenDataKerala GitHub
2015,Ernakulam,Pampakuda,10,PERIYAPPURAM,K.G.SHIBU,INC,General,General,OpenDataKerala GitHub
2015,Ernakulam,Pampakuda,11,ANCHELPETTY,LILLY JOY,KC(J),Woman,Woman,OpenDataKerala GitHub
2015,Ernakulam,Pampakuda,12,MAMALASSERY,SHYAMALA GOPALAN,CPI(M),Woman,Woman,OpenDataKerala GitHub
2015,Ernakulam,Pampakuda,13,RAMAMANGALAM,JINSON V PAUL,CPI,General,General,OpenDataKerala GitHub
2015,Ernakulam,Parakkadavu,1,ELANTHIKKARA,K C RAJAPPAN,INC,SC,SC,OpenDataKerala GitHub
2015,Ernakulam,Parakkadavu,2,KUTHIYATHODE,BINDHU SEBASTIAN,INC,Woman,Woman,OpenDataKerala GitHub
2015,Ernakulam,Parakkadavu,3,PARAKKADAVU,S B CHANDRASEKHARA WARRIER,INC,General,General,OpenDataKerala GitHub
2015,Ernakulam,Parakkadavu,4,PULIYANAM,C S RADHAKRISHNAN,CPI(M),General,General,OpenDataKerala GitHub
2015,Ernakulam,Parakkadavu,5,KURUMASSERY,SANGEETHA SURENDRAN,CPI(M),Woman,Woman,OpenDataKerala GitHub
2015,Ernakulam,Parakkadavu,6,VAPPALASSERY,SHIBU MOOLAN,INC,General,General,OpenDataKerala GitHub
2015,Ernakulam,Parakkadavu,7,SREEMOOLANAGARAM,SINI JOHNY,INC,General,General,OpenDataKerala GitHub
2015,Ernakulam,Parakkadavu,8,SREEMOOLANAGARAM SOUTH,SAJITHA BEERAS,CPI(M),Woman,Woman,OpenDataKerala GitHub
2015,Ernakulam,Parakkadavu,9,DESOM,RAJESH MADATHIMOOLA,INC,General,General,OpenDataKerala GitHub
2015,Ernakulam,Parakkadavu,10,NEDUMBASSERY,SANDHYA NARAYANA PILLAI,INC,Woman,Woman,OpenDataKerala GitHub
2015,Ernakulam,Parakkadavu,11,CHENGAMANAD,ADV. IBRAHIMKUTTY T A,CPI(M),General,General,OpenDataKerala GitHub
2015,Ernakulam,Parakkadavu,12,KUTTIPUZHA,RENJINI AMBUJAKSHAN,INC,Woman,Woman,OpenDataKerala GitHub
2015,Ernakulam,Parakkadavu,13,PUTHENVELIKKARA,SHEENA SEBASTIAN,INC,Woman,Woman,OpenDataKerala GitHub
2015,Ernakulam,Muvattupuzha,1,TRIKALATHOOR,PAIPRA KRISHNAN,INC,SC,SC,OpenDataKerala GitHub
2015,Ernakulam,Muvattupuzha,2,PAIPRA,SMITHA SIJU,CPI(M),Woman,Woman,OpenDataKerala GitHub
2015,Ernakulam,Muvattupuzha,3,MULAVOOR,ADV. BABITHA T H,CPI(M),Woman,Woman,OpenDataKerala GitHub
2015,Ernakulam,Muvattupuzha,4,ANCHALPETTY,SUBHASH KADAKOTTU,INC,General,General,OpenDataKerala GitHub
2015,Ernakulam,Muvattupuzha,5,AYAVANA,JHANCY GEORGE,KC(J),Woman,Woman,OpenDataKerala GitHub
2015,Ernakulam,Muvattupuzha,6,KALLOORKADU,LISSY JOLLY,KC(M),Woman,Woman,OpenDataKerala GitHub
2015,Ernakulam,Muvattupuzha,7,MANJALLOOR,JOSSY JOLLY,KC(M),Woman,Woman,OpenDataKerala GitHub
2015,Ernakulam,Muvattupuzha,8,AVOLY,MARY BABY,INC,Woman,Woman,OpenDataKerala GitHub
2015,Ernakulam,Muvattupuzha,9,ADOOPARAMBU,T M HARIS,CPI,General,General,OpenDataKerala GitHub
2015,Ernakulam,Muvattupuzha,10,ARAKUZHA,ADV. CHINNAMMA SHINE,KC(M),Woman,Woman,OpenDataKerala GitHub
2015,Ernakulam,Muvattupuzha,11,MARADY,O P BABY,INC,General,General,OpenDataKerala GitHub
2015,Ernakulam,Muvattupuzha,12,MEKKADAMBU,O C ALIYAS,CPI,General,General,OpenDataKerala GitHub
2015,Ernakulam,Muvattupuzha,13,VALAKOM,BABU ISSAC,CPI(M),General,General,OpenDataKerala GitHub
2015,Thrissur,Chavakkad,1,ANDATHODE,SUBAIDA,IUML,Woman,Woman,OpenDataKerala GitHub
2015,Thrissur,Chavakkad,2,TRIPPATTU,ALATHAYIL MOOSA,CPI(M),General,General,OpenDataKerala GitHub
2015,Thrissur,Chavakkad,3,PUNNAYURKULAM,JASEERA NASEER,CPI(M),Woman,Woman,OpenDataKerala GitHub
2015,Thrissur,Chavakkad,4,PARAYANGADU,SAFURA A,INC,Woman,Woman,OpenDataKerala GitHub
2015,Thrissur,Chavakkad,5,VYLATHUR,DHANYA GIREESH,INC,Woman,Woman,OpenDataKerala GitHub
2015,Thrissur,Chavakkad,6,NAYARANGADI,M V HAIDHARALI,INC,General,General,OpenDataKerala GitHub
2015,Thrissur,Chavakkad,7,ORUMANAYUR,T C CHANDRAN,CPI(M),SC,SC,OpenDataKerala GitHub
2015,Thrissur,Chavakkad,8,MUTHAMMAVU,M A ABOOBAKKAR HAJI,IUML,General,General,OpenDataKerala GitHub
2015,Thrissur,Chavakkad,9,ANCHANGADI,SHAJITHA HAMSA,IUML,Woman,Woman,OpenDataKerala GitHub
2015,Thrissur,Chavakkad,10,FOCUS,MUSTHAKKALI,INC,General,General,OpenDataKerala GitHub
2015,Thrissur,Chavakkad,11,EDAKAZHIYUR,NASEEMA,IUML,Woman,Woman,OpenDataKerala GitHub
2015,Thrissur,Chavakkad,12,EDAKKARA,UMMER MUKKANDATH,INC,General,General,OpenDataKerala GitHub
2015,Thrissur,Chavakkad,13,BADERPALLY,SHAMEERA KADHAR,INC,Woman,Woman,OpenDataKerala GitHub
2015,Thrissur,Chowannur,1,PATTITHADAM,P.K KOUSALLIA,CPI(M),Woman,Woman,OpenDataKerala GitHub
2015,Thrissur,Chowannur,2,KADAVALLUR,PRABHA TEACHER,CPI(M),Woman,Woman,OpenDataKerala GitHub
2015,Thrissur,Chowannur,3,PERUMPILAVU,SHAJITHA SALEEM,CPI(M),Woman,Woman,OpenDataKerala GitHub
2015,Thrissur,Chowannur,4,THIPPILASSERY,P K DEVADAS,INC,SC,SC,OpenDataKerala GitHub
2015,Thrissur,Chowannur,5,PANNITHADAM,A V SUMATHY (SUMA),CPI(M),SC Woman,SC Woman,OpenDataKerala GitHub
2015,Thrissur,Chowannur,6,VELLARAKKAD,MOHAMEDKUTTY,CPI(M),General,General,OpenDataKerala GitHub
2015,Thrissur,Chowannur,7,VELUR,KURIAKOSE JOHN C,INC,General,General,OpenDataKerala GitHub
2015,Thrissur,Chowannur,8,KECHERY,N A IQBAL,CPI(M),General,General,OpenDataKerala GitHub
2015,Thrissur,Chowannur,9,MATTAM,JAISON CHACKO,INC,General,General,OpenDataKerala GitHub
2015,Thrissur,Chowannur,10,KANDANASSERY,USHA PRABUKUMAR,CPI(M),Woman,Woman,OpenDataKerala GitHub
2015,Thrissur,Chowannur,11,CHOONDAL,PREETHY SURESH,NCP,Woman,Woman,OpenDataKerala GitHub
2015,Thrissur,Chowannur,12,CHOWANNUR,M V PRASANTH,CPI(M),General,General,OpenDataKerala GitHub
2015,Thrissur,Chowannur,13,PORKULAM,JYOTHISH K.A,INC,General,General,OpenDataKerala GitHub
2015,Thrissur,Chowannur,14,PAZHANJI,GEETHA SATHEESAN,CPI(M),Woman,Woman,OpenDataKerala GitHub
2015,Thrissur,Wadakanchery,1,KONDAYOOR,VINEETH U V,CPI(M),SC,SC,OpenDataKerala GitHub
2015,Thrissur,Wadakanchery,2,DESAMANGALAM,BUSHARA T C,CPI(M),Woman,Woman,OpenDataKerala GitHub
2015,Thrissur,Wadakanchery,3,VARAVOOR,SUNITHA P P,CPI(M),SC Woman,SC Woman,OpenDataKerala GitHub
2015,Thrissur,Wadakanchery,4,MULLURKKARA,M P KUNHIKOYA THANGAL,INDEPENDENT,General,General,OpenDataKerala GitHub
2015,Thrissur,Wadakanchery,5,ATTOOR,P V SULAIMAN,INC,General,General,OpenDataKerala GitHub
2015,Thrissur,Wadakanchery,6,VAZHANI,A K SURENDRAN,CPI(M),General,General,OpenDataKerala GitHub
2015,Thrissur,Wadakanchery,7,MALAKKA,M GIRIJADEVI,CPI(M),Woman,Woman,OpenDataKerala GitHub
2015,Thrissur,Wadakanchery,8,THEKKUMKARA,ALEYAMA JOHNSON,CPI(M),Woman,Woman,OpenDataKerala GitHub
2015,Thrissur,Wadakanchery,9,CHITTANDA,S BASANTHLAL,CPI(M),General,General,OpenDataKerala GitHub
2015,Thrissur,Wadakanchery,10,MANGAD,SIJI JOHN,INC,Woman,Woman,OpenDataKerala GitHub
2015,Thrissur,Wadakanchery,11,ERUMAPETTY,SAFEENA ASEES,INC,Woman,Woman,OpenDataKerala GitHub
2015,Thrissur,Wadakanchery,12,THALI,K M HANEEFA,INDEPENDENT,General,General,OpenDataKerala GitHub
2015,Thrissur,Wadakanchery,13,THALASSERY,SALINI VINOD,CPI(M),Woman,Woman,OpenDataKerala GitHub
2015,Thrissur,Pazhayannur,1,VALLATHOLE NAGAR,M R JAYAKRISHNAN,CPI(M),General,General,OpenDataKerala GitHub
2015,Thrissur,Pazhayannur,2,PAINKULAM,V THANKAMMA,CPI(M),Woman,Woman,OpenDataKerala GitHub
2015,Thrissur,Pazhayannur,3,MAYANNUR,VASANTHAKUMARI,CPI(M),Woman,Woman,OpenDataKerala GitHub
2015,Thrissur,Pazhayannur,4,KANIYARKODE,N KUMARAN,CPI(M),General,General,OpenDataKerala GitHub
2015,Thrissur,Pazhayannur,5,THIRUVILWAMALA,K R SATHYAN,CPI,General,General,OpenDataKerala GitHub
2015,Thrissur,Pazhayannur,6,PAZHAYANNUR,KURSHID V A,CPI(M),Woman,Woman,OpenDataKerala GitHub
2015,Thrissur,Pazhayannur,7,ELANAD,THANKAPPAN,INC,SC,SC,OpenDataKerala GitHub
2015,Thrissur,Pazhayannur,8,VADAKKETHARA,M PADMAKUMAR,CPI(M),General,General,OpenDataKerala GitHub
2015,Thrissur,Pazhayannur,9,PULAKODE,VALSALA SIVADAS,INC,Woman,Woman,OpenDataKerala GitHub
2015,Thrissur,Pazhayannur,10,CHELAKODE,V P PARUKUTTY,INC,Woman,Woman,OpenDataKerala GitHub
2015,Thrissur,Pazhayannur,11,CHELAKKARA,T M KRISHNAN,INC,General,General,OpenDataKerala GitHub
2015,Thrissur,Pazhayannur,12,PANJAL,NIRMALA RAVIKUMAR,CPI(M),Woman,Woman,OpenDataKerala GitHub
2015,Thrissur,Pazhayannur,13,NEDUMPURA,SUMITRA UNNIKRISHNAN,CPI(M),SC Woman,SC Woman,OpenDataKerala GitHub
2015,Thrissur,Ollukkara,1,KATTILAPPOOVAM,MEERA SUJANAN,INC,Woman,Woman,OpenDataKerala GitHub
2015,Thrissur,Ollukkara,2,PATTIKKAD,K V CHANDRAN,CPI(M),General,General,OpenDataKerala GitHub
2015,Thrissur,Ollukkara,3,PEECHI,SHEELA ALEX,CPI(M),Woman,Woman,OpenDataKerala GitHub
2015,Thrissur,Ollukkara,4,MAROTTICHAL,BINOY O B,CPI(M),General,General,OpenDataKerala GitHub
2015,Thrissur,Ollukkara,5,PONNUKKARA,RAJANI JANARDHANAN,CPI(M),Woman,Woman,OpenDataKerala GitHub
2015,Thrissur,Ollukkara,6,MARATHAKKARA,SINI BABU,INC,Woman,Woman,OpenDataKerala GitHub
2015,Thrissur,Ollukkara,7,PUTHUR,ANDREWS K J,CPI,General,General,OpenDataKerala GitHub
2015,Thrissur,Ollukkara,8,VALAKKAVU,P K VIJESH,INC,SC,SC,OpenDataKerala GitHub
2015,Thrissur,Ollukkara,9,MOORKANIKKARA,GEETHA RAVEENDRAKSHAN,CPI(M),Woman,Woman,OpenDataKerala GitHub
2015,Thrissur,Ollukkara,10,NADATHARA,SHEENA SHAJU,CPI(M),Woman,Woman,OpenDataKerala GitHub
2015,Thrissur,Ollukkara,11,KANNARA,V C SUJITH,CPI(M),General,General,OpenDataKerala GitHub
2015,Thrissur,Ollukkara,12,CHIRAKKEKODE,SUDHEESH M S,CPI(M),General,General,OpenDataKerala GitHub
2015,Thrissur,Ollukkara,13,MADAKKATHARA,I S UMADEVI,CPI(M),Woman,Woman,OpenDataKerala GitHub
2015,Thrissur,Puzhakkal,1,EDAKKALATHUR,VANAJA RAPHY,CPI(M),Woman,Woman,OpenDataKerala GitHub
2015,Thrissur,Puzhakkal,2,KAIPARAMBU,SANTHOSH M.T,INC,SC,SC,OpenDataKerala GitHub
2015,Thrissur,Puzhakkal,3,PERAMANGALAM,P.K. PUSHPAKARAN,CPI(M),General,General,OpenDataKerala GitHub
2015,Thrissur,Puzhakkal,4,AVANUR,ANJALY SATHEESH,CPI(M),Woman,Woman,OpenDataKerala GitHub
2015,Thrissur,Puzhakkal,5,CHOOLISSERY,ADV. SOLY JOSEPH,CPI(M),General,General,OpenDataKerala GitHub
2015,Thrissur,Puzhakkal,6,MULANKUNNATHUKAVU,RANJU VASUDEVAN,CPI(M),Woman,Woman,OpenDataKerala GitHub
2015,Thrissur,Puzhakkal,7,POOMALA,BIJU VARGHESE N.,INC,General,General,OpenDataKerala GitHub
2015,Thrissur,Puzhakkal,8,KUNNATHUPEEDIKA,SHEEBA GIRISH,INC,Woman,Woman,OpenDataKerala GitHub
2015,Thrissur,Puzhakkal,9,KOLAZHY,SUJATHA MURALEEDHARAN,CPI(M),Woman,Woman,OpenDataKerala GitHub
2015,Thrissur,Puzhakkal,10,MUTHUVARA,C.V. KURIYAKOSE,KC(M),General,General,OpenDataKerala GitHub
2015,Thrissur,Puzhakkal,11,PURANATTUKARA,SUMA HARI,INC,Woman,Woman,OpenDataKerala GitHub
2015,Thrissur,Puzhakkal,12,ADAT,JAYALAKSHMY,INC,Woman,Woman,OpenDataKerala GitHub
2015,Thrissur,Puzhakkal,13,PARAPPUR,ADV. LAIJU C. EDAKALATHUR,INC,General,General,OpenDataKerala GitHub
2015,Thrissur,Mullassery,1,MARUTHAYOOR,MEENA GIREESH,KC,SC Woman,SC Woman,OpenDataKerala GitHub
2015,Thrissur,Mullassery,2,PAVARATTY,MARY JOY ARAKKAL,INC,Woman,Woman,OpenDataKerala GitHub
2015,Thrissur,Mullassery,3,CHITTATTUKARA,B R SANTHOSH,CPI(M),General,General,OpenDataKerala GitHub
2015,Thrissur,Mullassery,4,ELAVALLY,T S SHAJU,CPI(M),SC,SC,OpenDataKerala GitHub
2015,Thrissur,Mullassery,5,THAMARAPPILLY,LETHY VENUGOPAL,CPI(M),General,General,OpenDataKerala GitHub
2015,Thrissur,Mullassery,6,PUVATHUR,BIJU KURIYAKKOT,CPI(M),General,General,OpenDataKerala GitHub
2015,Thrissur,Mullassery,7,ANNAKARA,K R KRISHNAKUMAR,CPI(M),General,General,OpenDataKerala GitHub
2015,Thrissur,Mullassery,8,THANAVEEDHI,V K RAVEENDRAN,CPI,General,General,OpenDataKerala GitHub
2015,Thrissur,Mullassery,9,MULLASSERY,MARY PRINCE,CPI(M),Woman,Woman,OpenDataKerala GitHub
2015,Thrissur,Mullassery,10,KANNOTH,VASANTHI,CPI,Woman,Woman,OpenDataKerala GitHub
2015,Thrissur,Mullassery,11,KARUVANTHALA,MUMTHAS RASAK,CPI(M),SC,SC,OpenDataKerala GitHub
2015,Thrissur,Mullassery,12,PADOOR,JISHA PRAMOD,CPI(M),Woman,Woman,OpenDataKerala GitHub
2015,Thrissur,Mullassery,13,THIRUNALLUR,ASMABI NISAR,IUML,Woman,Woman,OpenDataKerala GitHub
2015,Thrissur,Thalikulam,1,CHETTUVA,NOUSHAD KOTTILINGAL,INC,General,General,OpenDataKerala GitHub
2015,Thrissur,Thalikulam,2,AYIRAMKANNI,LEENA RAMANATHAN,CPI(M),Woman,Woman,OpenDataKerala GitHub
2015,Thrissur,Thalikulam,3,VATANAPPALLY,SULEKHA JAMALU,CPI(M),Woman,Woman,OpenDataKerala GitHub
2015,Thrissur,Thalikulam,4,TALIKULAM,SASIKUMAR E P,CPI(M),General,General,OpenDataKerala GitHub
2015,Thrissur,Thalikulam,5,THRIPRAYAR,REJINI BABU,CPI(M),Woman,Woman,OpenDataKerala GitHub
2015,Thrissur,Thalikulam,6,VALAPPAD,SUBASHINI MAHADEVAN,CPI(M),Woman,Woman,OpenDataKerala GitHub
2015,Thrissur,Thalikulam,7,EDAMUTTAM,SARATH KUMAR P M,INC,General,General,OpenDataKerala GitHub
2015,Thrissur,Thalikulam,8,KAZHIMBRAM,YADUKRISHNA K J,INC,General,General,OpenDataKerala GitHub
2015,Thrissur,Thalikulam,9,MUTHAKUNNAM,GEETHA P K,CPI,SC Woman,SC Woman,OpenDataKerala GitHub
2015,Thrissur,Thalikulam,10,NAMBIKKADAVU,SHINE T V,INC,SC,SC,OpenDataKerala GitHub
2015,Thrissur,Thalikulam,11,PATTILAGADI,VASANTHI K B,CPI(M),Woman,Woman,OpenDataKerala GitHub
2015,Thrissur,Thalikulam,12,POKKACHERI,SARADA PARAMESWARAN,CPI(M),Woman,Woman,OpenDataKerala GitHub
2015,Thrissur,Thalikulam,13,THIRUMAGALAM,PARATHAN DASAN,CPI(M),General,General,OpenDataKerala GitHub
2015,Thrissur,Anthikad,1,PALAZHY,HARIDASAN P B,CPI,General,General,OpenDataKerala GitHub
2015,Thrissur,Anthikad,2,MANALUR,SHEEBA MANOHARAN,CPI(M),Woman,Woman,OpenDataKerala GitHub
2015,Thrissur,Anthikad,3,ARIMPUR,K L JOSE,CPI(M),General,General,OpenDataKerala GitHub
2015,Thrissur,Anthikad,4,VELUTHUR,OMANA ASOKAN,CPI(M),Woman,Woman,OpenDataKerala GitHub
2015,Thrissur,Anthikad,5,ANTHIKAD,MENUJA,CPI,Woman,Woman,OpenDataKerala GitHub
2015,Thrissur,Anthikad,6,CHAZHUR,P V SIJULAL,CPI(M),SC,SC,OpenDataKerala GitHub
2015,Thrissur,Anthikad,7,CHIRAKKAL,ADV. REENA SURESH,CPI,Woman,Woman,OpenDataKerala GitHub
2015,Thrissur,Anthikad,8,PAZHUVIL,SUJA PUSHKARAN,CPI,SC Woman,SC Woman,OpenDataKerala GitHub
2015,Thrissur,Anthikad,9,THANNIYAM,T K PARAMESHWARAN,CPI(M),General,General,OpenDataKerala GitHub
2015,Thrissur,Anthikad,10,KIZHAKKUMMURY,V V BABU VIJAYAKUMAR,CPI,General,General,OpenDataKerala GitHub
2015,Thrissur,Anthikad,11,VADAKKUMMURY,P C SREEDEVI,CPI(M),General,General,OpenDataKerala GitHub
2015,Thrissur,Anthikad,12,MUTTICHUR,SOBHANA,CPI(M),Woman,Woman,OpenDataKerala GitHub
2015,Thrissur,Anthikad,13,MANGATTUKARA,SABITHA PRASAD,INC,Woman,Woman,OpenDataKerala GitHub
2015,Thrissur,Cherpu,1,KODANNUR,SUNNY.P.T,CPI,General,General,OpenDataKerala GitHub
2015,Thrissur,Cherpu,2,PALAKKAL,K A PRADEEP,CPI,SC,SC,OpenDataKerala GitHub
2015,Thrissur,Cherpu,3,VALLISSERY,ADV.A.B ANEESH,INC,General,General,OpenDataKerala GitHub
2015,Thrissur,Cherpu,4,PERINCHERY,N P THANKAMANI,BJP,Woman,Woman,OpenDataKerala GitHub
2015,Thrissur,Cherpu,5,CHATHAKUDAM,V R SARALA,CPI(M),Woman,Woman,OpenDataKerala GitHub
2015,Thrissur,Cherpu,6,VALLACHIRA,N T SANKARAN,CPI(M),General,General,OpenDataKerala GitHub
2015,Thrissur,Cherpu,7,ARATTUPUZHA,SUJITHA,BJP,SC Woman,SC Woman,OpenDataKerala GitHub
2015,Thrissur,Cherpu,8,ETTUMUNA,JENSON GEORGE,CPI(M),General,General,OpenDataKerala GitHub
2015,Thrissur,Cherpu,9,CHERPU,K D MILTON,CPI,General,General,OpenDataKerala GitHub
2015,Thrissur,Cherpu,10,CHEVOOR,LEENA TEACHER,INC,Woman,Woman,OpenDataKerala GitHub
2015,Thrissur,Cherpu,11,AMMADAM,ASHA MATHEWS,CPI(M),Woman,Woman,OpenDataKerala GitHub
2015,Thrissur,Cherpu,12,THAYAMKULANGARA,RENJINI THEKKATH,CPI(M),Woman,Woman,OpenDataKerala GitHub
2015,Thrissur,Cherpu,13,PALLIPURAM,SIMI ARUN,CPI(M),Woman,Woman,OpenDataKerala GitHub
2015,Thrissur,Kodakara,1,THALORE,BAIJU T S,CPI(M),General,General,OpenDataKerala GitHub
2015,Thrissur,Kodakara,2,TRIKKUR,ALPHONSA STIMA STEPHEN,INC,Woman,Woman,OpenDataKerala GitHub
2015,Thrissur,Kodakara,3,KALLUR,PREEBANAN C B,INC,SC,SC,OpenDataKerala GitHub
2015,Thrissur,Kodakara,4,PALAPPILLY,JOLLY JOSE MANJALY,INC,Woman,Woman,OpenDataKerala GitHub
2015,Thrissur,Kodakara,5,MUPLIYAM,JAYAN M N,CPI(M),General,General,OpenDataKerala GitHub
2015,Thrissur,Kodakara,6,VARANDARAPPILLY,KALAPRIYA SURESH,CPI,SC Woman,SC Woman,OpenDataKerala GitHub
2015,Thrissur,Kodakara,7,KODALY,ASHA UNNIKRISHNAN,CPI(M),Woman,Woman,OpenDataKerala GitHub
2015,Thrissur,Kodakara,8,VELLIKKULANGARA,MOHANAN CHALLIYIL,CPI,General,General,OpenDataKerala GitHub
2015,Thrissur,Kodakara,9,MATTATHUR,JINI MURALI,CPI(M),Woman,Woman,OpenDataKerala GitHub
2015,Thrissur,Kodakara,10,PERAMBRA,JUSTIN V V,CPI(M),General,General,OpenDataKerala GitHub
2015,Thrissur,Kodakara,11,KODAKARA,AMBILY SOMAN,CPI(M),Woman,Woman,OpenDataKerala GitHub
2015,Thrissur,Kodakara,12,SNEHAPURAM,SHAJU KALIYANGARA,INC,General,General,OpenDataKerala GitHub
2015,Thrissur,Kodakara,13,ALAGAPPANAGAR,ALEX C G,INC,General,General,OpenDataKerala GitHub
2015,Thrissur,Kodakara,14,AMBALLUR,LATHIKA V K,CPI,Woman,Woman,OpenDataKerala GitHub
2015,Thrissur,Kodakara,15,PUDUKKAD,AMBIKA SAHADEVAN,CPI(M),Woman,Woman,OpenDataKerala GitHub
2015,Thrissur,Irinjalakuda,1,KARANCHIRA,AMBUJA RAJAN,INC,Woman,Woman,OpenDataKerala GitHub
2015,Thrissur,Irinjalakuda,2,KARALAM,SHAMLA AZEEZ,CPI,Woman,Woman,OpenDataKerala GitHub
2015,Thrissur,Irinjalakuda,3,THOTTIPPAL,VANAJA JAYAN,CPI,Woman,Woman,OpenDataKerala GitHub
2015,Thrissur,Irinjalakuda,4,PARAPPOOKARA,K.V.RAJAN,CMP,General,General,OpenDataKerala GitHub
2015,Thrissur,Irinjalakuda,5,NELLAYI,KUMARAN.P.V,CPI(M),SC,SC,OpenDataKerala GitHub
2015,Thrissur,Irinjalakuda,6,ALATHOOR,JAYASREE.K.A,CPI(M),SC Woman,SC Woman,OpenDataKerala GitHub
2015,Thrissur,Irinjalakuda,7,ANANDAPURAM,ADV.MANOHARAN,CPI(M),General,General,OpenDataKerala GitHub
2015,Thrissur,Irinjalakuda,8,MURIYAD,NALINI BALAKRISHNAN,CPI(M),Woman,Woman,OpenDataKerala GitHub
2015,Thrissur,Irinjalakuda,9,KAPPARA,MINI SATHIAN,CPI(M),Woman,Woman,OpenDataKerala GitHub
2015,Thrissur,Irinjalakuda,10,PULLUR,THOMAS THATHAMBILLY,INC,General,General,OpenDataKerala GitHub
2015,Thrissur,Irinjalakuda,11,KIZHUTHANI,MALLIKA CHATHUKUTTY,CPI(M),Woman,Woman,OpenDataKerala GitHub
2015,Thrissur,Irinjalakuda,12,VELLANI,V.A.MANOJKUMAR,CPI(M),General,General,OpenDataKerala GitHub
2015,Thrissur,Irinjalakuda,13,KATTOOR,KAMARUDHEEN VALIYAKATH,CPI(M),General,General,OpenDataKerala GitHub
2015,Thrissur,Vellangallur,1,EDATHIRINJI,K.S.RADHAKRISHNAN,CPI,General,General,OpenDataKerala GitHub
2015,Thrissur,Vellangallur,2,EDAKKULAM,VALSALA BABU,CPI(M),Woman,Woman,OpenDataKerala GitHub
2015,Thrissur,Vellangallur,3,KALLAMKUNNU,VIJAYALAKSHMI VINAYACHANDRAN,CPI(M),Woman,Woman,OpenDataKerala GitHub
2015,Thrissur,Vellangallur,4,THUMBOOR,THOMAS KOLAMKANNY,INC,General,General,OpenDataKerala GitHub
2015,Thrissur,Vellangallur,5,PATTEPPADAM,GEETHA MANOJ,INC,Woman,Woman,OpenDataKerala GitHub
2015,Thrissur,Vellangallur,6,PUTHENCHIRA,T.K. UNNIKRISHNAN,NCP,General,General,OpenDataKerala GitHub
2015,Thrissur,Vellangallur,7,KOMBATHUKADAVU,SUBEESH C.S,CPI,SC,SC,OpenDataKerala GitHub
2015,Thrissur,Vellangallur,8,KARUMATHRA,BEENA MAJEED,CPI(M),Woman,Woman,OpenDataKerala GitHub
2015,Thrissur,Vellangallur,9,KONATHUKUNNU,SHAJI NAKKARA,CPI(M),General,General,OpenDataKerala GitHub
2015,Thrissur,Vellangallur,10,POOVATHUMKADAVU,PREETHY SURESH,CPI,Woman,Woman,OpenDataKerala GitHub
2015,Thrissur,Vellangallur,11,VELLANGALLUR,SIMI KANNADASAN,INC,SC Woman,SC Woman,OpenDataKerala GitHub
2015,Thrissur,Vellangallur,12,POOMANGALAM,ADV. JOSE MOONJELY,INC,General,General,OpenDataKerala GitHub
2015,Thrissur,Vellangallur,13,PADIYOOR,LATHA VASU,CPI(M),Woman,Woman,OpenDataKerala GitHub
2015,Thrissur,Mathilakam,1,CHENTHRAPPINNI,SHEENA VISWAN,CPI(M),Woman,Woman,OpenDataKerala GitHub
2015,Thrissur,Mathilakam,2,EDATHIRUTHY,BABY SIVADASAN,CPI(M),Woman,Woman,OpenDataKerala GitHub
2015,Thrissur,Mathilakam,3,KAIPAMANGALAM,NOORULHUDHA N A,CPI(M),Woman,Woman,OpenDataKerala GitHub
2015,Thrissur,Mathilakam,4,PERINJANAM,HEMALATHA M K,CPI(M),Woman,Woman,OpenDataKerala GitHub
2015,Thrissur,Mathilakam,5,MATHILAKAM,M A VIJAYAN,CPI(M),General,General,OpenDataKerala GitHub
2015,Thrissur,Mathilakam,6,SREENARAYANAPURAM,K K ABIDALI,CPI(M),General,General,OpenDataKerala GitHub
2015,Thrissur,Mathilakam,7,PANANGAD,BIBIN P DAS,CPI(M),General,General,OpenDataKerala GitHub
2015,Thrissur,Mathilakam,8,EDAVILANGUE,M V INDIRA,CPI(M),General,General,OpenDataKerala GitHub
2015,Thrissur,Mathilakam,9,ATHANI,K P PUSHPAN,CPI,General,General,OpenDataKerala GitHub
2015,Thrissur,Mathilakam,10,AZHIKODE,SEENA ASHRAF,CPI(M),Woman,Woman,OpenDataKerala GitHub
2015,Thrissur,Mathilakam,11,ERIYAD,C S SAEEDA,INDEPENDENT,Woman,Woman,OpenDataKerala GitHub
2015,Thrissur,Mathilakam,12,P VEMBALLUR,M G BABU,CPI,SC,SC,OpenDataKerala GitHub
2015,Thrissur,Mathilakam,13,KOOLIMUTTAM,LAINA ANIL,CPI,General,General,OpenDataKerala GitHub
2015,Thrissur,Mathilakam,14,KADAPPURAM,C.K.GIRIJA,CPI(M),SC Woman,SC Woman,OpenDataKerala GitHub
2015,Thrissur,Mathilakam,15,KOORIKUZHI,LAILA,INC,Woman,Woman,OpenDataKerala GitHub
2015,Thrissur,Mala,1,KALLETTUMKARA,SHAINY SANTO,CPI(M),Woman,Woman,OpenDataKerala GitHub
2015,Thrissur,Mala,2,ALOOR,SHANMUGHAN P.C,INC,SC,SC,OpenDataKerala GitHub
2015,Thrissur,Mala,3,KAROOR,BIJI JOHNY KANOOKKADAN,CPI(M),Woman,Woman,OpenDataKerala GitHub
2015,Thrissur,Mala,4,CHAKKAMPARAMBU,SHEEBA PAUL,INC,Woman,Woman,OpenDataKerala GitHub
2015,Thrissur,Mala,5,ANNAMANADA,INDIRA DIVAKARAN,CPI,Woman,Woman,OpenDataKerala GitHub
2015,Thrissur,Mala,6,PALISSERY,VARGHESE KACHAPPILLY,INC,General,General,OpenDataKerala GitHub
2015,Thrissur,Mala,7,KUZHUR,BIJI WILSON,INC,Woman,Woman,OpenDataKerala GitHub
2015,Thrissur,Mala,8,KUNDUR,KESAVANKUTTY.E,INC,General,General,OpenDataKerala GitHub
2015,Thrissur,Mala,9,POOPPATHI,M.B.SURESH,INC,General,General,OpenDataKerala GitHub
2015,Thrissur,Mala,10,POYYA,JAYA CHANDRAN,INC,Woman,Woman,OpenDataKerala GitHub
2015,Thrissur,Mala,11,MALA,SONA K.KAREEM,CPI(M),Woman,Woman,OpenDataKerala GitHub
2015,Thrissur,Mala,12,ASHTAMICHIRA,T.P.RAVINDRAN,CPI(M),General,General,OpenDataKerala GitHub
2015,Thrissur,Mala,13,KOMBODINJAMAKKAL,ADV.M.S. VINAYAN,CPI(M),General,General,OpenDataKerala GitHub
2015,Thrissur,Chalakudy,1,ELINJIPRA,K.K.SARASWATHY,INC,Woman,Woman,OpenDataKerala GitHub
2015,Thrissur,Chalakudy,2,CHETTIKKULAM,PUSHPY WILSON,CPI(M),Woman,Woman,OpenDataKerala GitHub
2015,Thrissur,Chalakudy,3,KUTTICHIRA,SALBI JAMES,INC,Woman,Woman,OpenDataKerala GitHub
2015,Thrissur,Chalakudy,4,KANJIRAPPILLY,LIGY PAULY,CPI(M),Woman,Woman,OpenDataKerala GitHub
2015,Thrissur,Chalakudy,5,ATHIRAPPILLY,ADV.VIJU VAZHAKKALA,CPI(M),General,General,OpenDataKerala GitHub
2015,Thrissur,Chalakudy,6,PUSHPAGIRI,SHEEJU K K,CPI(M),General,General,OpenDataKerala GitHub
2015,Thrissur,Chalakudy,7,CHIRANGARA,K A GRACY,CPI(M),Woman,Woman,OpenDataKerala GitHub
2015,Thrissur,Chalakudy,8,KATTAPPURAM,LEELA SUBRAMANION,INC,Woman,Woman,OpenDataKerala GitHub
2015,Thrissur,Chalakudy,9,ANNANADU,M.RAJAGOPAL,CPI(M),General,General,OpenDataKerala GitHub
2015,Thrissur,Chalakudy,10,VYNTHALA,PADMANABHAN V A,INC,SC,SC,OpenDataKerala GitHub
2015,Thrissur,Chalakudy,11,MURINGOOR,V D THOMAS,CPI(M),General,General,OpenDataKerala GitHub
2015,Thrissur,Chalakudy,12,POOLANI,P A SABU,INC,General,General,OpenDataKerala GitHub
2015,Thrissur,Chalakudy,13,KUTTIKKADU,USHA RAMUNNY,INC,SC Woman,SC Woman,OpenDataKerala GitHub
2015,Palakkad,Trithala,1,KUMBIDI,M.K. PRADEEP,CPI(M),General,General,OpenDataKerala GitHub
2015,Palakkad,Trithala,2,KOODALLUR,P.BALAKRISHNAN,INC,General,General,OpenDataKerala GitHub
2015,Palakkad,Trithala,3,ANGADI,A.O.KOMALAVALLI,INC,Woman,Woman,OpenDataKerala GitHub
2015,Palakkad,Trithala,4,ALOOR,K.P.M.PUSHPAJA,CPI(M),Woman,Woman,OpenDataKerala GitHub
2015,Palakkad,Trithala,5,MEZHATHUR,BINDU M.V,CPI(M),Woman,Woman,OpenDataKerala GitHub
2015,Palakkad,Trithala,6,THRITHALA,HILER.K.V,IUML,General,General,OpenDataKerala GitHub
2015,Palakkad,Trithala,7,THIRUMITTACODE,JANARDHANAN,CPI(M),General,General,OpenDataKerala GitHub
2015,Palakkad,Trithala,8,KARUKAPUTHUR,SASIDHARAN.P.P,INC,SC,SC,OpenDataKerala GitHub
2015,Palakkad,Trithala,9,NAGALASSERY,K.MANOHARAN,CPI(M),General,General,OpenDataKerala GitHub
2015,Palakkad,Trithala,10,KOTHACHIRA,USHA,CPI(M),SC,SC,OpenDataKerala GitHub
2015,Palakkad,Trithala,11,CHALISSERY,DHANYA SURENDRAN,CPI(M),Woman,Woman,OpenDataKerala GitHub
2015,Palakkad,Trithala,12,KAVUKKODE,C.K.UNNIKRISHNAN,CPI(M),General,General,OpenDataKerala GitHub
2015,Palakkad,Trithala,13,KAPPUR,FATHIMA V P,INC,Woman,Woman,OpenDataKerala GitHub
2015,Palakkad,Trithala,14,KUMARANELLUR,T.K.SUNITHA,CPI(M),SC Woman,SC Woman,OpenDataKerala GitHub
2015,Palakkad,Pattambi,1,THIRUVEGAPPURA,K.K.A.AZEEZ,IUML,General,General,OpenDataKerala GitHub
2015,Palakkad,Pattambi,2,EDAPPALAM,BABURAJ.T,CPI(M),SC,SC,OpenDataKerala GitHub
2015,Palakkad,Pattambi,3,KARINGANAD,MUHAMMADALI.V.M,IUML,General,General,OpenDataKerala GitHub
2015,Palakkad,Pattambi,4,THATHANAMPULLY,RAMANI MOHANAN,CPI(M),Woman,Woman,OpenDataKerala GitHub
2015,Palakkad,Pattambi,5,KULUKKALLUR,SUNITHA RAJAN,INC,Woman,Woman,OpenDataKerala GitHub
2015,Palakkad,Pattambi,6,KOPPAM,KAMMUKUTTY HAJI,INC,General,General,OpenDataKerala GitHub
2015,Palakkad,Pattambi,7,NADUVATTAM,FATHIMATH SHABNA,IUML,Woman,Woman,OpenDataKerala GitHub
2015,Palakkad,Pattambi,8,KIZHUMURI,SUMA SUNDHARAN,INC,Woman,Woman,OpenDataKerala GitHub
2015,Palakkad,Pattambi,9,VADANAMKURUSSI,N.UNNIKRISHNAN,CPI(M),General,General,OpenDataKerala GitHub
2015,Palakkad,Pattambi,10,KARAKKAD,SABEENA HASSANKUTTY,IUML,Woman,Woman,OpenDataKerala GitHub
2015,Palakkad,Pattambi,11,KONDOORKARA,JUSNA,INC,Woman,Woman,OpenDataKerala GitHub
2015,Palakkad,Pattambi,12,KARAKOOTH,SHAFEENA SHOOKUR,INC,Woman,Woman,OpenDataKerala GitHub
2015,Palakkad,Pattambi,13,PERUMUDIYOOR,ADV. VARUN RAGHUNATH,CPI(M),General,General,OpenDataKerala GitHub
2015,Palakkad,Pattambi,14,PARUTHUR,VASUDEVAN.P,CPI(M),General,General,OpenDataKerala GitHub
2015,Palakkad,Pattambi,15,KARUVANPADI,SAJITHA VINOD,IUML,SC Woman,SC Woman,OpenDataKerala GitHub
2015,Palakkad,Ottapalam,1,VALLAPPUZHA,A ABDUL JAMAL,IUML,General,General,OpenDataKerala GitHub
2015,Palakkad,Ottapalam,2,EZHUVANTHALA,K P VASANTHA,CPI(M),Woman,Woman,OpenDataKerala GitHub
2015,Palakkad,Ottapalam,3,NELLAYA,SUHARA,IUML,Woman,Woman,OpenDataKerala GitHub
2015,Palakkad,Ottapalam,4,CHALAVARA,C PREETHA,CPI(M),Woman,Woman,OpenDataKerala GitHub
2015,Palakkad,Ottapalam,5,THRIKKADEERI,T GOVINDANKUTTY,CPI,General,General,OpenDataKerala GitHub
2015,Palakkad,Ottapalam,6,MANGODE,KUTTIKRISHNAN,CPI(M),General,General,OpenDataKerala GitHub
2015,Palakkad,Ottapalam,7,AMBALAPPARA,PREETHA MOHANDAS,CPI(M),Woman,Woman,OpenDataKerala GitHub
2015,Palakkad,Ottapalam,8,VENGASSERY,SAJANIDEVI,CPI(M),Woman,Woman,OpenDataKerala GitHub
2015,Palakkad,Ottapalam,9,AKALUR,S SIVARAMAN,CPI(M),SC,SC,OpenDataKerala GitHub
2015,Palakkad,Ottapalam,10,LAKKIDI,N PUSHPAVALLI,CPI(M),Woman,Woman,OpenDataKerala GitHub
2015,Palakkad,Ottapalam,11,CHUNANGAD,JAYPRAKASH,CPI(M),General,General,OpenDataKerala GitHub
2015,Palakkad,Ottapalam,12,ANANGANADI,MUHAMMED ALI,CPI(M),General,General,OpenDataKerala GitHub
2015,Palakkad,Ottapalam,13,PATHAMKULAM,JAMALNASAR,CPI(M),General,General,OpenDataKerala GitHub
2015,Palakkad,Ottapalam,14,VANIYAMKULAM,V C CHANDRIKA,CPI(M),SC Woman,SC Woman,OpenDataKerala GitHub
2015,Palakkad,Ottapalam,15,KOONATHARA,HARIDASAN P,CPI(M),General,General,OpenDataKerala GitHub
2015,Palakkad,Ottapalam,16,KAYILIAD,K V SHEELA,CPI(M),Woman,Woman,OpenDataKerala GitHub
2015,Palakkad,Sreekrishnapuram,1,KOTTAPPURAM,P.MOHANAN,INC,General,General,OpenDataKerala GitHub
2015,Palakkad,Sreekrishnapuram,2,KARIMPUZHA,P.KUNHAHAMMED,IUML,General,General,OpenDataKerala GitHub
2015,Palakkad,Sreekrishnapuram,3,ELAMBULASSERY,P.M.NARAYANAN .,CPI(M),General,General,OpenDataKerala GitHub
2015,Palakkad,Sreekrishnapuram,4,PALLIKURUP,PREETHA K,INC,SC,SC,OpenDataKerala GitHub
2015,Palakkad,Sreekrishnapuram,5,KARAKURSSI,T.RAMACHANDRAN .,CPI(M),General,General,OpenDataKerala GitHub
2015,Palakkad,Sreekrishnapuram,6,PULAPPATTA,C.RAJAN .,INC,SC,SC,OpenDataKerala GitHub
2015,Palakkad,Sreekrishnapuram,7,KATAMPAZHIPURAM,USHA NARAYANAN .,CPI(M),General,General,OpenDataKerala GitHub
2015,Palakkad,Sreekrishnapuram,8,SREEKRISHNAPURAM,ARAVINDAKSHAN,CPI(M),General,General,OpenDataKerala GitHub
2015,Palakkad,Sreekrishnapuram,9,ESWARAMANGALAM,JYOTHI K .,CPI,Woman,Woman,OpenDataKerala GitHub
2015,Palakkad,Sreekrishnapuram,10,POOKKOTTUKAVU,OMANA K .,CPI(M),Woman,Woman,OpenDataKerala GitHub
2015,Palakkad,Sreekrishnapuram,11,KALLUVAZHI,P.AMBUJAKSHI .,CPI(M),Woman,Woman,OpenDataKerala GitHub
2015,Palakkad,Sreekrishnapuram,12,VELLINEZHI,SANTHAKUMARI .,CPI(M),Woman,Woman,OpenDataKerala GitHub
2015,Palakkad,Sreekrishnapuram,13,THIRUVAZHIYODE,KOMALAM P N .,CPI(M),Woman,Woman,OpenDataKerala GitHub
2015,Palakkad,Mannarkkad,1,EDATHANATTUKARA,P.RAFEEKA,IUML,Woman,Woman,OpenDataKerala GitHub
2015,Palakkad,Mannarkkad,2,THIRUVIZHAMKUNNU,V .PREETHA,INC,Woman,Woman,OpenDataKerala GitHub
2015,Palakkad,Mannarkkad,3,KOTTOPPADAM,SREEVIDYA.N.R,CPI(M),Woman,Woman,OpenDataKerala GitHub
2015,Palakkad,Mannarkkad,4,PAYYANADAM,RAJAN AMBADATH,INC,SC,SC,OpenDataKerala GitHub
2015,Palakkad,Mannarkkad,5,THENKARA,P.ALAVI,CPI(M),General,General,OpenDataKerala GitHub
2015,Palakkad,Mannarkkad,6,KANJIRAPPUZHA,SHEREEF.O.P,INC,General,General,OpenDataKerala GitHub
2015,Palakkad,Mannarkkad,7,PALAKKAYAM,CHANDRIKA RAJESH,INC,SC Woman,SC Woman,OpenDataKerala GitHub
2015,Palakkad,Mannarkkad,8,MEENVALLAM,SANTHAKUMARI.A.K,CPI,Woman,Woman,OpenDataKerala GitHub
2015,Palakkad,Mannarkkad,9,KARIMBA,YOOSUF PALAKKAL,IUML,General,General,OpenDataKerala GitHub
2015,Palakkad,Mannarkkad,10,THACHAMPARA,K.P.MOIDU,IUML,General,General,OpenDataKerala GitHub
2015,Palakkad,Mannarkkad,11,KOTTIYODE,RUGMINI.K,CPI(M),Woman,Woman,OpenDataKerala GitHub
2015,Palakkad,Mannarkkad,12,CHANGALEERI,JAMSHEENA.A,IUML,Woman,Woman,OpenDataKerala GitHub
2015,Palakkad,Mannarkkad,13,ARIYOOR,M.AVARA,CPI(M),General,General,OpenDataKerala GitHub
2015,Palakkad,Mannarkkad,14,CHETHALLUR,RAMAKRISHNAN.N,CPI(M),General,General,OpenDataKerala GitHub
2015,Palakkad,Mannarkkad,15,THACHANATTUKARA,N.SAITHALAVI,IUML,General,General,OpenDataKerala GitHub
2015,Palakkad,Mannarkkad,16,BHEEMANAD,AMMU.P,CPI(M),Woman,Woman,OpenDataKerala GitHub
2015,Palakkad,Mannarkkad,17,ALANALLUR,RADHA.P,CPI(M),Woman,Woman,OpenDataKerala GitHub
2015,Palakkad,Attappady,1,PALOOR,KALIYAMMA W/O NANCHAN,CPI,ST Woman,ST Woman,OpenDataKerala GitHub
2015,Palakkad,Attappady,2,PUDUR,MURUKESAN S/O MARAPPA MUTHALIYAR,BJP,General,General,OpenDataKerala GitHub
2015,Palakkad,Attappady,3,CHALAYUR,SARASWATHY.V W/O VARATHARAJ,CPI(M),Woman,Woman,OpenDataKerala GitHub
2015,Palakkad,Attappady,4,KOTTATHARA,SUMATHY W/O SUBRAMANIAN,CPI(M),Woman,Woman,OpenDataKerala GitHub
2015,Palakkad,Attappady,5,ANAKKATTI,PRAJA W/O NARAYANAN,CPI,ST Woman,ST Woman,OpenDataKerala GitHub
2015,Palakkad,Attappady,6,SHOLAYUR,KALIYAMMA.R,CPI(M),ST Woman,ST Woman,OpenDataKerala GitHub
2015,Palakkad,Attappady,7,CHITTOR,VELUSWAMY.S.R,CPI,SC,SC,OpenDataKerala GitHub
2015,Palakkad,Attappady,8,AGALI,P. SIVASANKARAN,CPI(M),General,General,OpenDataKerala GitHub
2015,Palakkad,Attappady,9,KARARA,ESWARY RESAN,CPI,ST,ST,OpenDataKerala GitHub
2015,Palakkad,Attappady,10,JELLIPPARA,RAJU.R,CPI(M),ST,ST,OpenDataKerala GitHub
2015,Palakkad,Attappady,11,CHEMMANNUR,MATHEW.M.A,NCP,General,General,OpenDataKerala GitHub
2015,Palakkad,Attappady,12,CHINDAKKI,T.K.VALSALA,CPI(M),Woman,Woman,OpenDataKerala GitHub
2015,Palakkad,Attappady,13,THAVALAM,SARASWATHI,CPI,Woman,Woman,OpenDataKerala GitHub
2015,Palakkad,Palakkad,1,PARASSERY,PADMAJA .S,CPI(M),Woman,Woman,OpenDataKerala GitHub
2015,Palakkad,Palakkad,2,KONGAD,BINDHU M.P,CPI(M),Woman,Woman,OpenDataKerala GitHub
2015,Palakkad,Palakkad,3,VELIKKAD,V LAKSHMANAN,CPI(M),General,General,OpenDataKerala GitHub
2015,Palakkad,Palakkad,4,MUNDUR,DINESHAN.M,CPI(M),SC,SC,OpenDataKerala GitHub
2015,Palakkad,Palakkad,5,KINAVALLUR,KISHOR KUMAR,CPI(M),General,General,OpenDataKerala GitHub
2015,Palakkad,Palakkad,6,KIZHAKKANCHERIKAVU,S.SADHIK BASHA,INC,General,General,OpenDataKerala GitHub
2015,Palakkad,Palakkad,7,PIRAYIRI,PADMAVATHI,IUML,SC Woman,SC Woman,OpenDataKerala GitHub
2015,Palakkad,Palakkad,8,KODUNTHIRAPPULLY,SINU.K,INC,SC Woman,SC Woman,OpenDataKerala GitHub
2015,Palakkad,Palakkad,9,PARLI,SASHIJA .K,CPI,Woman,Woman,OpenDataKerala GitHub
2015,Palakkad,Palakkad,10,THENUR,GOKUL DAS M.N,INC,General,General,OpenDataKerala GitHub
2015,Palakkad,Palakkad,11,MANKARA,SUBHADRA.K,CPI(M),Woman,Woman,OpenDataKerala GitHub
2015,Palakkad,Palakkad,12,MANNUR,REKHA P.M,CPI(M),Woman,Woman,OpenDataKerala GitHub
2015,Palakkad,Palakkad,13,KERALASSERY,P K RAMAKRISHNAN,CPI(M),General,General,OpenDataKerala GitHub
2015,Palakkad,Palakkad,14,VADASSERY,JAYADASAN . P,CPI(M),General,General,OpenDataKerala GitHub
2015,Palakkad,Kuzhalmannam,1,PARUTHIPULLY,RATHEESH BABU,INC,General,General,OpenDataKerala GitHub
2015,Palakkad,Kuzhalmannam,2,KOTTAYI,JAYARAJ M R,CPI(M),General,General,OpenDataKerala GitHub
2015,Palakkad,Kuzhalmannam,3,PULINELLY,LALITHA B MENON,CPI(M),Woman,Woman,OpenDataKerala GitHub
2015,Palakkad,Kuzhalmannam,4,CHUNGAMANNAM,DEVI SANKARAN,CPI(M),Woman,Woman,OpenDataKerala GitHub
2015,Palakkad,Kuzhalmannam,5,THACHANKKAD,M LEELAVATHI,CPI(M),SC Woman,SC Woman,OpenDataKerala GitHub
2015,Palakkad,Kuzhalmannam,6,PATHIKKAL,DEVI M,CPI(M),Woman,Woman,OpenDataKerala GitHub
2015,Palakkad,Kuzhalmannam,7,THANNIRPANDAL,K T UDAYAKUMAR,CPI(M),General,General,OpenDataKerala GitHub
2015,Palakkad,Kuzhalmannam,8,THENKURISSI,SHELI P,CPI(M),Woman,Woman,OpenDataKerala GitHub
2015,Palakkad,Kuzhalmannam,9,MANJALOOR,A CHANDRAN,CPI(M),General,General,OpenDataKerala GitHub
2015,Palakkad,Kuzhalmannam,10,KULAVANMUKKU,AJITHA TEACHER,INC,Woman,Woman,OpenDataKerala GitHub
2015,Palakkad,Kuzhalmannam,11,MALANCHITTY,LEELA BALAN,CPI(M),Woman,Woman,OpenDataKerala GitHub
2015,Palakkad,Kuzhalmannam,12,KARADIYAMPARA,V PAZHANIMALA,INC,SC,SC,OpenDataKerala GitHub
2015,Palakkad,Kuzhalmannam,13,CHULANUR,A ANITHANDAN,CPI(M),General,General,OpenDataKerala GitHub
2015,Palakkad,Chittur,1,PALLATHERI,M NAZEEMA,CPI(M),Woman,Woman,OpenDataKerala GitHub
2015,Palakkad,Chittur,2,NEYTHALA,RAMESHAN D,INC,General,General,OpenDataKerala GitHub
2015,Palakkad,Chittur,3,KOZHIPARA,M PUSHPA,INDEPENDENT,Woman,Woman,OpenDataKerala GitHub
2015,Palakkad,Chittur,4,OZHALAPATHY,N ANANDA KUMAR,INC,General,General,OpenDataKerala GitHub
2015,Palakkad,Chittur,5,ERUTHENPATHY,VIJAYAKUMARI C,INC,Woman,Woman,OpenDataKerala GitHub
2015,Palakkad,Chittur,6,KOZHINJAMPARA,S VIMOCHINI,INDEPENDENT,Woman,Woman,OpenDataKerala GitHub
2015,Palakkad,Chittur,7,VANNAMADA,M GEETHARAJU,INC,SC Woman,SC Woman,OpenDataKerala GitHub
2015,Palakkad,Chittur,8,MEENAKSHIPURAM,R PANKAJAKSHAN,JD(S),General,General,OpenDataKerala GitHub
2015,Palakkad,Chittur,9,VANDITHAVALAM,MADHURI PADMANABHAN,JD(S),Woman,Woman,OpenDataKerala GitHub
2015,Palakkad,Chittur,10,KANAKKAMPARA,JAYA SURESH M,JD(S),Woman,Woman,OpenDataKerala GitHub
2015,Palakkad,Chittur,11,NATTUKAL,N K MANIKUMAR,JD(S),General,General,OpenDataKerala GitHub
2015,Palakkad,Chittur,12,NALLEPILLY,DHANYA M V,CPI(M),SC,SC,OpenDataKerala GitHub
2015,Palakkad,Chittur,13,KALUKOOTTIYAL,SWAMINATHAN K,CPI(M),General,General,OpenDataKerala GitHub
2015,Palakkad,Chittur,14,ELAPPULLY,K HARIDAS,CPI(M),General,General,OpenDataKerala GitHub
2015,Palakkad,Kollengode,1,KERALAPURAM,ASOKAN C,CPI(M),General,General,OpenDataKerala GitHub
2015,Palakkad,Kollengode,2,PAALATHULLI,SIVARAMAN K,CPI(M),General,General,OpenDataKerala GitHub
2015,Palakkad,Kollengode,3,PUTHUNAGARAM TOWN,M.A GANESAN,CPI(M),General,General,OpenDataKerala GitHub
2015,Palakkad,Kollengode,4,PATTANCHERY,SUGUNA P,INC,SC Woman,SC Woman,OpenDataKerala GitHub
2015,Palakkad,Kollengode,5,KANNIMARI,SAJITHA C,JD(S),SC Woman,SC Woman,OpenDataKerala GitHub
2015,Palakkad,Kollengode,6,KUTTIPAADAM,KRISHNAN C,CPI(M),SC,SC,OpenDataKerala GitHub
2015,Palakkad,Kollengode,7,GOVINDHAPURAM,SARADA THULASIDAS,CPI(M),Woman,Woman,OpenDataKerala GitHub
2015,Palakkad,Kollengode,8,KAMBRATHU CHALLA,JASMINE,INC,Woman,Woman,OpenDataKerala GitHub
2015,Palakkad,Kollengode,9,PAYYILOOR,OMANA SUBRAMANIYAN,CPI,Woman,Woman,OpenDataKerala GitHub
2015,Palakkad,Kollengode,10,KOLEENGODE TOWN,UDAYAKUMAR R,CPI(M),General,General,OpenDataKerala GitHub
2015,Palakkad,Kollengode,11,PATTATHALACHI,PONNAMMA(SUDHA),INC,Woman,Woman,OpenDataKerala GitHub
2015,Palakkad,Kollengode,12,KARIPPODE,ABDULL HAKEEM K. U,CPI(M),General,General,OpenDataKerala GitHub
2015,Palakkad,Kollengode,13,ETHANNUR,RAJANI R,CPI(M),Woman,Woman,OpenDataKerala GitHub
2015,Palakkad,Nenmara,1,MUDAPPALLUR,K. MANOJ,CPI(M),General,General,OpenDataKerala GitHub
2015,Palakkad,Nenmara,2,CHITTILANCHERI,R. VENU,CPI(M),General,General,OpenDataKerala GitHub
2015,Palakkad,Nenmara,3,CHERAMANGALAM,K. SREENA,CPI(M),Woman,Woman,OpenDataKerala GitHub
2015,Palakkad,Nenmara,4,PALLAVUR,C. LEELAMANI,CPI(M),SC Woman,SC Woman,OpenDataKerala GitHub
2015,Palakkad,Nenmara,5,PALLASSANA,M. SURESH,CPI(M),General,General,OpenDataKerala GitHub
2015,Palakkad,Nenmara,6,VATTEKKAD,V. LATHA PARAMESWARAN,CPI(M),Woman,Woman,OpenDataKerala GitHub
2015,Palakkad,Nenmara,7,ELAVANCHERI,SREEJA RAJEEV,CPI(M),Woman,Woman,OpenDataKerala GitHub
2015,Palakkad,Nenmara,8,NEMMARA,K. DEVADASAN,CPI(M),SC,SC,OpenDataKerala GitHub
2015,Palakkad,Nenmara,9,VITHINASSERI,SATHI UNII,CPI(M),Woman,Woman,OpenDataKerala GitHub
2015,Palakkad,Nenmara,10,NELLIYAMPATHY,SHEELA SHAJU,CPI(M),Woman,Woman,OpenDataKerala GitHub
2015,Palakkad,Nenmara,11,AYILOOR,P.V. RAMAKRISHNAN,CPI(M),General,General,OpenDataKerala GitHub
2015,Palakkad,Nenmara,12,KAYARADI,DOMINI .K.V,INC,General,General,OpenDataKerala GitHub
2015,Palakkad,Nenmara,13,MANGALAMDAM,BINDHU SATHEESH,CPI(M),Woman,Woman,OpenDataKerala GitHub
2015,Palakkad,Alathur,1,PAZHAMBALACODE,T VASU,CPI(M),General,General,OpenDataKerala GitHub
2015,Palakkad,Alathur,2,TARUR,SANTHAKUMARI,CPI,Woman,Woman,OpenDataKerala GitHub
2015,Palakkad,Alathur,3,ERIMAYUR,RASEENA U,CPI(M),General,General,OpenDataKerala GitHub
2015,Palakkad,Alathur,4,KUNISSERY,HEMALATHA,CPI(M),General,General,OpenDataKerala GitHub
2015,Palakkad,Alathur,5,TRIPPALUR,C V ANJALI MENON,CPI(M),Woman,Woman,OpenDataKerala GitHub
2015,Palakkad,Alathur,6,ALATHUR,THULASI K,CPI(M),SC,SC,OpenDataKerala GitHub
2015,Palakkad,Alathur,7,KAVASSERY,VAHEEDHA UMMER,CPI(M),Woman,Woman,OpenDataKerala GitHub
2015,Palakkad,Alathur,8,MANGALAM,M.KRISHNKUMAR,CPI(M),General,General,OpenDataKerala GitHub
2015,Palakkad,Alathur,9,KIZHAKKENCHERY,A. CHAMIYAR,CPI(M),General,General,OpenDataKerala GitHub
2015,Palakkad,Alathur,10,THEKKINKALLA,ABRAHAM SCARIYA,INC,General,General,OpenDataKerala GitHub
2015,Palakkad,Alathur,11,MOOLAMKODE,C. VASUDHEVAN,CPI,General,General,OpenDataKerala GitHub
2015,Palakkad,Alathur,12,VADAKKENCHERY,C PRABHAKARAN,CPI(M),General,General,OpenDataKerala GitHub
2015,Palakkad,Alathur,13,KANNAMBRA,C K CHAMUNNI,CPI(M),General,General,OpenDataKerala GitHub
2015,Palakkad,Alathur,14,KARAPPOTTA,SULOCHANA K,CPI(M),Woman,Woman,OpenDataKerala GitHub
2015,Palakkad,Alathur,15,PUTHUCODE,REJITHA,CPI(M),SC Woman,SC Woman,OpenDataKerala GitHub
2015,Palakkad,Malampuzha,1,MUTTIKULANGARA,K.JAHAFAR,CPI(M),General,General,OpenDataKerala GitHub
2015,Palakkad,Malampuzha,2,RAILWAY COLONY,C GEETHA,CPI(M),Woman,Woman,OpenDataKerala GitHub
2015,Palakkad,Malampuzha,3,AKATHETHARA,PREETHA P,INC,Woman,Woman,OpenDataKerala GitHub
2015,Palakkad,Malampuzha,4,MANTHAKKAD,V SUBRAMANIAN,BJP,General,General,OpenDataKerala GitHub
2015,Palakkad,Malampuzha,5,MALAMPUZHA,KANCHANA SUDEVAN,CPI(M),Woman,Woman,OpenDataKerala GitHub
2015,Palakkad,Malampuzha,6,KANNOD,ANITHA.S,CPI,SC Woman,SC Woman,OpenDataKerala GitHub
2015,Palakkad,Malampuzha,7,VALAYAR,V.C.UDAYAKUMAR,CPI(M),General,General,OpenDataKerala GitHub
2015,Palakkad,Malampuzha,8,PUDUSSERY,K.P.SHYJA,CPI(M),General,General,OpenDataKerala GitHub
2015,Palakkad,Malampuzha,9,KOTTEKKAD,VINESH.S,CPI(M),SC,SC,OpenDataKerala GitHub
2015,Palakkad,Malampuzha,10,MARUTHARODE,RADHA RAMANI.P.P,CPI(M),General,General,OpenDataKerala GitHub
2015,Palakkad,Malampuzha,11,KARINKARAPULLY,HARIDASAN.K,CPI(M),General,General,OpenDataKerala GitHub
2015,Palakkad,Malampuzha,12,KODUMBU,SUNIL.T,CPI(M),General,General,OpenDataKerala GitHub
2015,Palakkad,Malampuzha,13,PUDUPARIYARAM,HARILAKSHMI.T,CPI(M),Woman,Woman,OpenDataKerala GitHub
2015,Malappuram,Nilambur,1,EDIVANNA,MOHAMMED ABDUL RAHIMAN,IUML,General,General,OpenDataKerala GitHub
2015,Malappuram,Nilambur,2,PANANKAYAM,P P SUGHATHAN,INC,General,General,OpenDataKerala GitHub
2015,Malappuram,Nilambur,3,POTHUKAL,SAJEENA,IUML,Woman,Woman,OpenDataKerala GitHub
2015,Malappuram,Nilambur,4,PALEMADU,ANNAMMA WILLIAMS,INC,Woman,Woman,OpenDataKerala GitHub
2015,Malappuram,Nilambur,5,MARUTHA,SALAHUDHEEN,CPI(M),General,General,OpenDataKerala GitHub
2015,Malappuram,Nilambur,6,VAZHIKKADAVU,USHA PT,CPI(M),General,General,OpenDataKerala GitHub
2015,Malappuram,Nilambur,7,MANIMOOLI,BAIJU TN,INC,SC,SC,OpenDataKerala GitHub
2015,Malappuram,Nilambur,8,EDAKKARA,UNNI P,INC,ST,ST,OpenDataKerala GitHub
2015,Malappuram,Nilambur,9,KARAPPURAM,USHA SANTHOSH,CPI(M),Woman,Woman,OpenDataKerala GitHub
2015,Malappuram,Nilambur,10,PALAKKARA,ILMUNNEESA P,INC,Woman,Woman,OpenDataKerala GitHub
2015,Malappuram,Nilambur,11,PALLIKKUTH,VALSAMMA SEBASTIAN,INC,Woman,Woman,OpenDataKerala GitHub
2015,Malappuram,Nilambur,12,CHUNGATHARA,PARAPPAN HAMZA,INC,General,General,OpenDataKerala GitHub
2015,Malappuram,Nilambur,13,ERANHIMANGADU,SHEENA A,CPI(M),Woman,Woman,OpenDataKerala GitHub
2015,Malappuram,Wandoor,1,VADAPURAM,GEORGE UMMAN,CPI(M),General,General,OpenDataKerala GitHub
2015,Malappuram,Wandoor,2,NADUVATH,ADVOCATE SHEENA RAJAN,CPI(M),Woman,Woman,OpenDataKerala GitHub
2015,Malappuram,Wandoor,3,WANDOOR,ANIL NIRAVIL,CPI(M),General,General,OpenDataKerala GitHub
2015,Malappuram,Wandoor,4,KARAD,RADHAMANI,CPI(M),SC Woman,SC Woman,OpenDataKerala GitHub
2015,Malappuram,Wandoor,5,VANNIYAMBALAM,SATHYABHAMA . A,INC,Woman,Woman,OpenDataKerala GitHub
2015,Malappuram,Wandoor,6,PORUR,K.T.JUVAIRIYA,INC,Woman,Woman,OpenDataKerala GitHub
2015,Malappuram,Wandoor,7,CHATHANGOTTUPURAM,SHAMNA.M,INC,Woman,Woman,OpenDataKerala GitHub
2015,Malappuram,Wandoor,8,CHEMBRASERI,MOIDEEN T H,IUML,General,General,OpenDataKerala GitHub
2015,Malappuram,Wandoor,9,PANDIKKAD,SUMIYYA .P.T,INC,Woman,Woman,OpenDataKerala GitHub
2015,Malappuram,Wandoor,10,VALLUVANGAD,ASSIYA,IUML,Woman,Woman,OpenDataKerala GitHub
2015,Malappuram,Wandoor,11,ELANGUR,NARAYANAN VALIYAPARAMBIL,INC,SC,SC,OpenDataKerala GitHub
2015,Malappuram,Wandoor,12,THRIKKALANGODE,P.K.MYMOONA TEACHER,IUML,Woman,Woman,OpenDataKerala GitHub
2015,Malappuram,Wandoor,13,KARAKKUNNU,SAIJAL.S,IUML,General,General,OpenDataKerala GitHub
2015,Malappuram,Wandoor,14,THIRUVALI,P.SASI KUMAR,CPI(M),General,General,OpenDataKerala GitHub
2015,Malappuram,Wandoor,15,MAMPAD,ABDUL KAREEM .P,IUML,General,General,OpenDataKerala GitHub
2015,Malappuram,Kondotty,1,KARAD,P.CHANDRADASAN,CPI(M),General,General,OpenDataKerala GitHub
2015,Malappuram,Kondotty,2,KAKKOVE,SABEERA.K.V,IUML,Woman,Woman,OpenDataKerala GitHub
2015,Malappuram,Kondotty,3,VAZHAKKAD,FATHIMA.M,IUML,Woman,Woman,OpenDataKerala GitHub
2015,Malappuram,Kondotty,4,EDAVANNAPPARA,SHARAFUNNISA.K,IUML,Woman,Woman,OpenDataKerala GitHub
2015,Malappuram,Kondotty,5,OLAVATTOOR,NAZEERA. P.A,IUML,Woman,Woman,OpenDataKerala GitHub
2015,Malappuram,Kondotty,6,MUTHUVALLOOR,MARAKKARUTTY.T,IUML,General,General,OpenDataKerala GitHub
2015,Malappuram,Kondotty,7,THAVANUR,M.P. MOHAMMED,IUML,General,General,OpenDataKerala GitHub
2015,Malappuram,Kondotty,8,NOONJALLUR,BUSHRA-CHEERANGAN,IUML,Woman,Woman,OpenDataKerala GitHub
2015,Malappuram,Kondotty,9,KOTTAPPURAM,THANKA.P,INC,SC Woman,SC Woman,OpenDataKerala GitHub
2015,Malappuram,Kondotty,10,KARIPPUR,AMBALACHERY SULAIKHA,IUML,Woman,Woman,OpenDataKerala GitHub
2015,Malappuram,Kondotty,11,PUTHURPALLIKKAL,V.BABU,IUML,SC,SC,OpenDataKerala GitHub
2015,Malappuram,Kondotty,12,PALLIKKAL,JAMEELA. A.P,IUML,Woman,Woman,OpenDataKerala GitHub
2015,Malappuram,Kondotty,13,PAINGOTTUR,JAMEELA,INC,Woman,Woman,OpenDataKerala GitHub
2015,Malappuram,Kondotty,14,CHELEMBRA,K.P. AMEER,IUML,General,General,OpenDataKerala GitHub
2015,Malappuram,Kondotty,15,AYIKKARAPPADI,FAISAL KOLLOLY,IUML,General,General,OpenDataKerala GitHub
2015,Malappuram,Kondotty,16,KANNAMVETTIKKAVU,ABDUL KAREEM. A,IUML,General,General,OpenDataKerala GitHub
2015,Malappuram,Kondotty,17,PUTHUKKODU,APPUTTY. K,CPI(M),General,General,OpenDataKerala GitHub
2015,Malappuram,Areacode,1,KIZHUPARAMBU,AYYAPPAN,INC,SC,SC,OpenDataKerala GitHub
2015,Malappuram,Areacode,2,VETTILAPPARA,ABDURAHIMAN KT,CPI,General,General,OpenDataKerala GitHub
2015,Malappuram,Areacode,3,MAITHRA,ABDUL RAHOOF VP,IUML,General,General,OpenDataKerala GitHub
2015,Malappuram,Areacode,4,OTHAYI,ABDU RAHIMAN PK,IUML,General,General,OpenDataKerala GitHub
2015,Malappuram,Areacode,5,EDAVANNA,SHREEDHARAN NAIR CP,INC,General,General,OpenDataKerala GitHub
2015,Malappuram,Areacode,6,PANNIPPARA,MUHAMMAD KUTTY K,IUML,General,General,OpenDataKerala GitHub
2015,Malappuram,Areacode,7,CHENGARA,SUBAIDA KT,IUML,Woman,Woman,OpenDataKerala GitHub
2015,Malappuram,Areacode,8,PULPATTA,SUJISHA,INC,SC Woman,SC Woman,OpenDataKerala GitHub
2015,Malappuram,Areacode,9,THRIPPANACHI,KADHEEJA,IUML,Woman,Woman,OpenDataKerala GitHub
2015,Malappuram,Areacode,10,KAVANOOR,SUBAIDA,IUML,Woman,Woman,OpenDataKerala GitHub
2015,Malappuram,Areacode,11,KUZHIMANNA,KUTTI RAYIN PK,CPI(M),General,General,OpenDataKerala GitHub
2015,Malappuram,Areacode,12,KIZHISSHERI,LAKSHMI PARAMBAN,IUML,Woman,Woman,OpenDataKerala GitHub
2015,Malappuram,Areacode,13,VELLERI,ABDU RAHIMAN C,IUML,General,General,OpenDataKerala GitHub
2015,Malappuram,Areacode,14,AREACODE,SHREEPRIYA K,INC,Woman,Woman,OpenDataKerala GitHub
2015,Malappuram,Areacode,15,OMANOOR,SHEREEFA T,IUML,Woman,Woman,OpenDataKerala GitHub
2015,Malappuram,Areacode,16,CHEACODE,SAJIDA TK,IUML,Woman,Woman,OpenDataKerala GitHub
2015,Malappuram,Malappuram,2,VALLUVAMBRAM,PRAKASAN,IUML,SC,SC,OpenDataKerala GitHub
2015,Malappuram,Malappuram,3,ARAVANKARA,SALEENA K,IUML,Woman,Woman,OpenDataKerala GitHub
2015,Malappuram,Malappuram,4,POOKKOTTOOR,SOBHA SATHYAN,INC,Woman,Woman,OpenDataKerala GitHub
2015,Malappuram,Malappuram,5,IRUMBUZHI,HAFSATH,IUML,Woman,Woman,OpenDataKerala GitHub
2015,Malappuram,Malappuram,6,ANAKKAYAM,NASEEBA TEACHER,IUML,Woman,Woman,OpenDataKerala GitHub
2015,Malappuram,Malappuram,7,PANDALLOOR,M.P ABDULHAMEED HAJI,IUML,General,General,OpenDataKerala GitHub
2015,Malappuram,Malappuram,8,UMMATHUR,ASIA. K,IUML,Woman,Woman,OpenDataKerala GitHub
2015,Malappuram,Malappuram,9,VALIYAD,MUHASIN M K,INC,General,General,OpenDataKerala GitHub
2015,Malappuram,Malappuram,10,CHENGOTTUR,NUSRATH P.T,INC,Woman,Woman,OpenDataKerala GitHub
2015,Malappuram,Malappuram,11,CHAPPANANGADI,ABIDA,IUML,Woman,Woman,OpenDataKerala GitHub
2015,Malappuram,Malappuram,12,PUTHUR,ABDULRAHIMAN V (V.A RAHIMAN ALIAS NANI),IUML,General,General,OpenDataKerala GitHub
2015,Malappuram,Malappuram,13,OTHUKKUNGAL,ALI MELETHIL,IUML,General,General,OpenDataKerala GitHub
2015,Malappuram,Malappuram,15,ARIMBRA,M. KUNHALANKUTTY,IUML,General,General,OpenDataKerala GitHub
2015,Malappuram,Perinthalmanna,1,NENMINI,MOHAMMED N,INDEPENDENT,General,General,OpenDataKerala GitHub
2015,Malappuram,Perinthalmanna,2,CHEMMANIYODE,RABIYA BALAYIL,IUML,Woman,Woman,OpenDataKerala GitHub
2015,Malappuram,Perinthalmanna,3,MELATTUR,SUGUNAPRAKASH K,CPI(M),General,General,OpenDataKerala GitHub
2015,Malappuram,Perinthalmanna,4,KARYAVATTOM,ABDULLAH C.P,IUML,General,General,OpenDataKerala GitHub
2015,Malappuram,Perinthalmanna,5,VETTATHUR,CHANDRIKA K,CPI(M),SC,SC,OpenDataKerala GitHub
2015,Malappuram,Perinthalmanna,6,ARAKKUPARAMBA,SHABEEDA ALAYAN,IUML,Woman,Woman,OpenDataKerala GitHub
2015,Malappuram,Perinthalmanna,7,THAZHEKKODE,JAHAFAR K.K,IUML,General,General,OpenDataKerala GitHub
2015,Malappuram,Perinthalmanna,8,ALIPARAMBA,SHAMEERA BEEGAM,IUML,Woman,Woman,OpenDataKerala GitHub
2015,Malappuram,Perinthalmanna,9,ANAMANGADU,SADAKATHULLA T.K,INC,General,General,OpenDataKerala GitHub
2015,Malappuram,Perinthalmanna,10,KUNNAKKAVU,REENA PETTAMANNA,IUML,SC Woman,SC Woman,OpenDataKerala GitHub
2015,Malappuram,Perinthalmanna,11,ELAMKULAM,JALAJA K,CPI(M),Woman,Woman,OpenDataKerala GitHub
2015,Malappuram,Perinthalmanna,12,PULAMANTHOLE,VELAYUDHAN M.P,INC,SC,SC,OpenDataKerala GitHub
2015,Malappuram,Perinthalmanna,13,KURUVAMBALAM,USMAN K.T,INDEPENDENT,General,General,OpenDataKerala GitHub
2015,Malappuram,Perinthalmanna,14,PARIYAPURAM,AMEERUDHEEN P,IUML,General,General,OpenDataKerala GitHub
2015,Malappuram,Perinthalmanna,15,THIRURKKAD,PADMAJA P,CPI(M),Woman,Woman,OpenDataKerala GitHub
2015,Malappuram,Perinthalmanna,16,ANGADIPPURAM,MAYADEVI P,CPI(M),Woman,Woman,OpenDataKerala GitHub
2015,Malappuram,Perinthalmanna,17,PATTIKKAD,SAMEERA CHAKKARATHODY,IUML,Woman,Woman,OpenDataKerala GitHub
2015,Malappuram,Mankada,1,KOOTTILANGADI,ASKAR ALI NK,IUML,General,General,OpenDataKerala GitHub
2015,Malappuram,Mankada,2,VALLIKKAPATTA,SUBAIDA NARIKKUNNAN,IUML,Woman,Woman,OpenDataKerala GitHub
2015,Malappuram,Mankada,3,KOZHIKKOTTUPARAMBA,SHALI,INC,Woman,Woman,OpenDataKerala GitHub
2015,Malappuram,Mankada,4,MANKADA,ELIKKOTTIL SAHEEDA,IUML,Woman,Woman,OpenDataKerala GitHub
2015,Malappuram,Mankada,5,VADAKKANGARA,NASEEMA VP,INC,Woman,Woman,OpenDataKerala GitHub
2015,Malappuram,Mankada,6,PUZHAKATTIRI,RAVEENDRAN K.M,IUML,SC,SC,OpenDataKerala GitHub
2015,Malappuram,Mankada,7,KADUNGAPURAM,SASI MENON,INC,General,General,OpenDataKerala GitHub
2015,Malappuram,Mankada,8,KULATHUR,HALEEMA,IUML,Woman,Woman,OpenDataKerala GitHub
2015,Malappuram,Mankada,9,VENGADU,CHAKRATHIL BINDU,CPI(M),Woman,Woman,OpenDataKerala GitHub
2015,Malappuram,Mankada,10,PANG,SHIHABUTHEEN,IUML,General,General,OpenDataKerala GitHub
2015,Malappuram,Mankada,11,PADAPARMBA,SAJNA,INC,Woman,Woman,OpenDataKerala GitHub
2015,Malappuram,Mankada,12,MAKKARAPARAMBA,BASHEER VENKITTA,IUML,General,General,OpenDataKerala GitHub
2015,Malappuram,Mankada,13,KURUVA,ABDULSALAM P,IUML,General,General,OpenDataKerala GitHub
2015,Malappuram,Kuttippuram,1,RANDATHANI,ABDU THAIKKADAN,IUML,General,General,OpenDataKerala GitHub
2015,Malappuram,Kuttippuram,2,CHELAKKUTH,SAFIYA K,INDEPENDENT,Woman,Woman,OpenDataKerala GitHub
2015,Malappuram,Kuttippuram,3,MELMURI,KHADEEJA P,IUML,Woman,Woman,OpenDataKerala GitHub
2015,Malappuram,Kuttippuram,4,KAREKKAD,AYISHA,IUML,Woman,Woman,OpenDataKerala GitHub
2015,Malappuram,Kuttippuram,5,VADAKKUMPURAM,PAREED KAREKKAD,IUML,General,General,OpenDataKerala GitHub
2015,Malappuram,Kuttippuram,6,EDAYUR,MANIKKAN,CPI(M),SC,SC,OpenDataKerala GitHub
2015,Malappuram,Kuttippuram,7,POOKKATTIRI,MOIDU EDAYUR,IUML,General,General,OpenDataKerala GitHub
2015,Malappuram,Kuttippuram,8,VALIYAKUNNU,FAZEELA TEACHER,IUML,Woman,Woman,OpenDataKerala GitHub
2015,Malappuram,Kuttippuram,9,VENDALLUR,SHAMLA P T,INC,Woman,Woman,OpenDataKerala GitHub
2015,Malappuram,Kuttippuram,10,KOLAKKAD,KAIPALLY ABDULLAKUTTY,IUML,General,General,OpenDataKerala GitHub
2015,Malappuram,Kuttippuram,11,KAZHUTHALLOOR,RASEENA T K,IUML,Woman,Woman,OpenDataKerala GitHub
2015,Malappuram,Kuttippuram,12,NADUVATTAM,K T SIDHEEK,INC,General,General,OpenDataKerala GitHub
2015,Malappuram,Kuttippuram,13,ATHAVANAD,K K RAHNA,IUML,Woman,Woman,OpenDataKerala GitHub
2015,Malappuram,Kuttippuram,14,KURUMBATHOOR,ATHAVANAD MOHAMMAD KUTTY,IUML,General,General,OpenDataKerala GitHub
2015,Malappuram,Kuttippuram,15,PUTHANATHANI,SINOBIYA T P,IUML,Woman,Woman,OpenDataKerala GitHub
2015,Malappuram,Kuttippuram,16,KADUNGATHUKUNDU,SABAH,IUML,General,General,OpenDataKerala GitHub
2015,Malappuram,Vengara,1,PUKAYOOR,SAFOORA,IUML,Woman,Woman,OpenDataKerala GitHub
2015,Malappuram,Vengara,2,KANNAMANGALAM,SHAREEFA PULLAT,IUML,Woman,Woman,OpenDataKerala GitHub
2015,Malappuram,Vengara,3,CHERUR,ABDUL HAQUE CHAKEERI,IUML,General,General,OpenDataKerala GitHub
2015,Malappuram,Vengara,4,KUTTALOOR,HASSAN POTHAPARAMBATH,IUML,General,General,OpenDataKerala GitHub
2015,Malappuram,Vengara,5,KARATHODE,P.K MUHAMMAD ASLAM,IUML,General,General,OpenDataKerala GitHub
2015,Malappuram,Vengara,6,PALANI,VELAYUDHAN,IUML,SC,SC,OpenDataKerala GitHub
2015,Malappuram,Vengara,7,PARAPPUR,BUSHRA,IUML,Woman,Woman,OpenDataKerala GitHub
2015,Malappuram,Vengara,8,PUTHUPARAMBU,RAMLATH,IUML,Woman,Woman,OpenDataKerala GitHub
2015,Malappuram,Vengara,9,EDARIKKODE,ABDUL NAZER,IUML,General,General,OpenDataKerala GitHub
2015,Malappuram,Vengara,10,VALAKKULAM,KOYAMU CHEVIDIKUNNAN,IUML,General,General,OpenDataKerala GitHub
2015,Malappuram,Vengara,11,THENNALA,NABEEZU MATHOLI,IUML,Woman,Woman,OpenDataKerala GitHub
2015,Malappuram,Vengara,12,KACHERIPADI,MUHAMMADALI ANCHUKANDAN,IUML,General,General,OpenDataKerala GitHub
2015,Malappuram,Vengara,13,VENGARA,MAIMOONA N.T,IUML,Woman,Woman,OpenDataKerala GitHub
2015,Malappuram,Vengara,14,KOORIYADU,SULAIKHA,INC,Woman,Woman,OpenDataKerala GitHub
2015,Malappuram,Vengara,15,V.K PADI,RAMLA,IUML,Woman,Woman,OpenDataKerala GitHub
2015,Malappuram,Tirurangadi,1,KADALUNDI NAGARAM,PREETHA RANI BALAKRISHNAN,CPI(M),Woman,Woman,OpenDataKerala GitHub
2015,Malappuram,Tirurangadi,2,THENHIPALAM,RAGESH CHAKYADAN,INC,General,General,OpenDataKerala GitHub
2015,Malappuram,Tirurangadi,3,UNIVERSITY,M.VIJAYAN,NCP,General,General,OpenDataKerala GitHub
2015,Malappuram,Tirurangadi,4,KAKKATHADAM,T P ASSAIN MASTER,IUML,General,General,OpenDataKerala GitHub
2015,Malappuram,Tirurangadi,5,KOLLANCHINA,ABDUL KALAM MASTER,IUML,General,General,OpenDataKerala GitHub
2015,Malappuram,Tirurangadi,6,PARAMBILPEEDIKA,VISWAN PULIYODAN,IUML,SC,SC,OpenDataKerala GitHub
2015,Malappuram,Tirurangadi,7,PADIKKAL,PATHOOR JAMEELA,IUML,Woman,Woman,OpenDataKerala GitHub
2015,Malappuram,Tirurangadi,8,VELIMUKKU,V.K ZUBAIDA,IUML,Woman,Woman,OpenDataKerala GitHub
2015,Malappuram,Tirurangadi,9,PARAKADAVU,K. MARIYUMMA,IUML,Woman,Woman,OpenDataKerala GitHub
2015,Malappuram,Tirurangadi,10,KUNDOOR,T.T HAMZA,IUML,General,General,OpenDataKerala GitHub
2015,Malappuram,Tirurangadi,11,NANNAMBRA,HAFSATH,IUML,Woman,Woman,OpenDataKerala GitHub
2015,Malappuram,Tirurangadi,12,KODINHI,SHAREEFA.M.P,IUML,Woman,Woman,OpenDataKerala GitHub
2015,Malappuram,Tirurangadi,13,KALIYATTAMUKKU,FATHIMA LUHLU,INC,Woman,Woman,OpenDataKerala GitHub
2015,Malappuram,Tirurangadi,14,KODAKKAD,BINDU PUZHAKKAL,CPI(M),Woman,Woman,OpenDataKerala GitHub
2015,Malappuram,Tirurangadi,15,ARIYALLUR,PRABHAKARAN THEKKUMCHERI,CPI(M),General,General,OpenDataKerala GitHub
2015,Malappuram,Tanur,1,OZHUR,K.P. RISILA,CPI(M),Woman,Woman,OpenDataKerala GitHub
2015,Malappuram,Tanur,2,AYYAYA,KHAIRUNNEESA K.P,IUML,Woman,Woman,OpenDataKerala GitHub
2015,Malappuram,Tanur,3,PERUMANNA,C.K.A RAZAK,IUML,General,General,OpenDataKerala GitHub
2015,Malappuram,Tanur,4,KLARI,SAITHALAVI K.P,IUML,General,General,OpenDataKerala GitHub
2015,Malappuram,Tanur,5,KADUNGATHUKUNDU,NASEEBA AZEEZ MAYYERI,IUML,Woman,Woman,OpenDataKerala GitHub
2015,Malappuram,Tanur,6,THUVVAKKADU,P.C ASHRAF,IUML,General,General,OpenDataKerala GitHub
2015,Malappuram,Tanur,7,VARANAKKARA,ADIYATTIL MUNEERA,IUML,Woman,Woman,OpenDataKerala GitHub
2015,Malappuram,Tanur,8,KURUKKOL,VALLIYENGAL ISMAIL HAJI,IUML,General,General,OpenDataKerala GitHub
2015,Malappuram,Tanur,9,THALAKKADATHUR,ABDUL NASER P.T,INDEPENDENT,General,General,OpenDataKerala GitHub
2015,Malappuram,Tanur,10,PONMUNDAM,KUNDIL HAJARA,IUML,Woman,Woman,OpenDataKerala GitHub
2015,Malappuram,Tanur,11,VAILATHUR,ZEENATH,IUML,Woman,Woman,OpenDataKerala GitHub
2015,Malappuram,Tanur,12,PAKARA,MOIDEENKUTTY C.K.M,IUML,General,General,OpenDataKerala GitHub
2015,Malappuram,Tanur,13,VATTATHANI,SAMEER T,CPI(M),General,General,OpenDataKerala GitHub
2015,Malappuram,Tanur,14,NIRAMARUTHUR,SAINABA MELEVEETTIL,IUML,Woman,Woman,OpenDataKerala GitHub
2015,Malappuram,Tanur,15,KALADU,ASHOKAN A,CPI(M),SC,SC,OpenDataKerala GitHub
2015,Malappuram,Tanur,16,MOOLAKKAL,MAMBATTA RADHA,CPI(M),Woman,Woman,OpenDataKerala GitHub
2015,Malappuram,Tirur,1,PARAVANNA,V.E.ABDUL LATHEEF,IUML,General,General,OpenDataKerala GitHub
2015,Malappuram,Tirur,2,VETTOM,DILSHA MOOLASSERI,INC,Woman,Woman,OpenDataKerala GitHub
2015,Malappuram,Tirur,3,THALAKKAD,BINDU.K,CPI(M),Woman,Woman,OpenDataKerala GitHub
2015,Malappuram,Tirur,4,KUTTUR,VASANTHA.K,CPI(M),Woman,Woman,OpenDataKerala GitHub
2015,Malappuram,Tirur,5,KAITHAKARA,RAVEENDRAN,IUML,SC,SC,OpenDataKerala GitHub
2015,Malappuram,Tirur,6,EDAKULAM,SAIFUNNISA,IUML,Woman,Woman,OpenDataKerala GitHub
2015,Malappuram,Tirur,7,THIRUNAVAYA,MOHAMMAD ALI,INC,General,General,OpenDataKerala GitHub
2015,Malappuram,Tirur,8,POOZHIKUNNU,SUDHA,CPI(M),Woman,Woman,OpenDataKerala GitHub
2015,Malappuram,Tirur,9,ALATHIYUR,RAMLA,CPI(M),Woman,Woman,OpenDataKerala GitHub
2015,Malappuram,Tirur,10,CHAMRAVATTAM,R.K.HAFSATH,IUML,Woman,Woman,OpenDataKerala GitHub
2015,Malappuram,Tirur,11,PUTHUPALLI,K.UMMER,CPI(M),General,General,OpenDataKerala GitHub
2015,Malappuram,Tirur,12,PURATHUR,BABURAJAN,CPI(M),General,General,OpenDataKerala GitHub
2015,Malappuram,Tirur,13,MANGALAM,YESODA,CPI(M),Woman,Woman,OpenDataKerala GitHub
2015,Malappuram,Tirur,14,KOOTAYI,C.P.ABDUL SHUKOOR,CPI(M),General,General,OpenDataKerala GitHub
2015,Malappuram,Tirur,15,VAKKAD,ADV.P.NASARULLA,INC,General,General,OpenDataKerala GitHub
2015,Malappuram,Ponnani,1,TAVANUR,K.V.VELAYUDHAN,CPI(M),SC,SC,OpenDataKerala GitHub
2015,Malappuram,Ponnani,2,TRIKKANAPURAM,MISIRIYA M.K,IUML,Woman,Woman,OpenDataKerala GitHub
2015,Malappuram,Ponnani,3,KANDANAKAM,RAMANI T,INC,Woman,Woman,OpenDataKerala GitHub
2015,Malappuram,Ponnani,4,EDAPAL CHUNGAM,K. LAKSHMI,CPI(M),Woman,Woman,OpenDataKerala GitHub
2015,Malappuram,Ponnani,5,KUTTYPALA,M.A.NAVAB,CPI(M),Woman,Woman,OpenDataKerala GitHub
2015,Malappuram,Ponnani,6,VATTAMKULAM,KOHINOOR MOHAMMED,IUML,General,General,OpenDataKerala GitHub
2015,Malappuram,Ponnani,7,KALADITHARA,K RAJANI,CPI,Woman,Woman,OpenDataKerala GitHub
2015,Malappuram,Ponnani,8,KOLOLOMBA,N.SHEEJA,CPI(M),SC Woman,SC Woman,OpenDataKerala GitHub
2015,Malappuram,Ponnani,9,THUYYAM,P.V.LEELA,CPI(M),Woman,Woman,OpenDataKerala GitHub
2015,Malappuram,Ponnani,10,EDAPAL,P.P.MOHANDAS,CPI(M),General,General,OpenDataKerala GitHub
2015,Malappuram,Ponnani,11,POTHANUR,BALKEES .K.P,IUML,Woman,Woman,OpenDataKerala GitHub
2015,Malappuram,Ponnani,12,KALADI,ABDUL SALAM.N.V,CPI(M),General,General,OpenDataKerala GitHub
2015,Malappuram,Ponnani,13,MARAVANCHERI,P.V.JAYARAJAN,CPI,General,General,OpenDataKerala GitHub
2015,Malappuram,Perumpadappa,1,PURANGU,KADEEJA MOOTHEDATH,IUML,Woman,Woman,OpenDataKerala GitHub
2015,Malappuram,Perumpadappa,2,PANAMPAD,VIJAYAN.M,CPI(M),General,General,OpenDataKerala GitHub
2015,Malappuram,Perumpadappa,3,ALAMCODE,SOBHANA .K,CPI(M),Woman,Woman,OpenDataKerala GitHub
2015,Malappuram,Perumpadappa,4,KOKOOR,M.P.SASIDHARAN,INC,SC,SC,OpenDataKerala GitHub
2015,Malappuram,Perumpadappa,5,PALLIKKARA,ABDUTTY.E.V,CPI(M),General,General,OpenDataKerala GitHub
2015,Malappuram,Perumpadappa,6,MOOKKUTHALA,SUSEELA,CPI(M),Woman,Woman,OpenDataKerala GitHub
2015,Malappuram,Perumpadappa,7,CHANGARAMKULAM,ANITHA DINESAN,CPI(M),Woman,Woman,OpenDataKerala GitHub
2015,Malappuram,Perumpadappa,8,PERUMPADAPPA,JAMEELA MUHAMMED,INC,Woman,Woman,OpenDataKerala GitHub
2015,Malappuram,Perumpadappa,9,AYIROOR,BALAN.K.K,CPI,General,General,OpenDataKerala GitHub
2015,Malappuram,Perumpadappa,10,PALAPPETTY,ASEES KODIKUTHY,IUML,General,General,OpenDataKerala GitHub
2015,Malappuram,Perumpadappa,11,VELIYANCODE,ATTUNNI THANGAL,CPI(M),General,General,OpenDataKerala GitHub
2015,Malappuram,Perumpadappa,12,MARANCHERY,SUBIDA,CPI,Woman,Woman,OpenDataKerala GitHub
2015,Malappuram,Perumpadappa,13,ERAMANGALAM,PUSHPA KAIPADA,CPI(M),Woman,Woman,OpenDataKerala GitHub
2015,Malappuram,Kalikavu,1,MAILAMPARA,KAREEM NEELAMBRA,INC,General,General,OpenDataKerala GitHub
2015,Malappuram,Kalikavu,2,CHULLIYODE,P.M RATHNAGOPI,INC,Woman,Woman,OpenDataKerala GitHub
2015,Malappuram,Kalikavu,3,CHOKKAD,ASHRAF PAINATTIL,IUML,General,General,OpenDataKerala GitHub
2015,Malappuram,Kalikavu,4,ADAKKAKKUND,JOJI K. ALEX,INC,General,General,OpenDataKerala GitHub
2015,Malappuram,Kalikavu,5,THARISH,RAMLA K,IUML,Woman,Woman,OpenDataKerala GitHub
2015,Malappuram,Kalikavu,6,KARUVARAKUNDU,SUBRAMANNYAN . C,IUML,SC,SC,OpenDataKerala GitHub
2015,Malappuram,Kalikavu,7,ANJILANGADI,KAPPIL SHOUKATHALI,CPI(M),General,General,OpenDataKerala GitHub
2015,Malappuram,Kalikavu,8,EDAPPATTA,SAFIYA V,IUML,Woman,Woman,OpenDataKerala GitHub
2015,Malappuram,Kalikavu,9,TUVVUR,SUBAIDA K,IUML,Woman,Woman,OpenDataKerala GitHub
2015,Malappuram,Kalikavu,10,VELLAYUR,SANDHYA,INC,Woman,Woman,OpenDataKerala GitHub
2015,Malappuram,Kalikavu,11,KALIKAVU,P KHALID MASTER,IUML,General,General,OpenDataKerala GitHub
2015,Malappuram,Kalikavu,12,MADAMBAM,HYDARALI K.P,IUML,General,General,OpenDataKerala GitHub
2015,Malappuram,Kalikavu,13,AMARAMBALAM SOUTH,BABY VINODINI,INC,Woman,Woman,OpenDataKerala GitHub
2015,Malappuram,Kalikavu,14,KARULAI,FATHIMA SALEEM,CPI(M),Woman,Woman,OpenDataKerala GitHub
2015,Kozhikode,Vadakara,1,CHOMBAL,NISHA PARAMBATH,JD(U),Woman,Woman,OpenDataKerala GitHub
2015,Kozhikode,Vadakara,2,AZHIYUR,PRAMOD K.P,JD(S),General,General,OpenDataKerala GitHub
2015,Kozhikode,Vadakara,3,KALLAMALA,T.N PANKAJAKSHI TEACHER,CPI(M),Woman,Woman,OpenDataKerala GitHub
2015,Kozhikode,Vadakara,4,KUNNUMMAKKARA,AYISHA ALOLLATHIL,IUML,Woman,Woman,OpenDataKerala GitHub
2015,Kozhikode,Vadakara,5,NELLACHERI,M.M KUMARAN MASTER,INDEPENDENT,General,General,OpenDataKerala GitHub
2015,Kozhikode,Vadakara,6,ORKKATTERI,BABY BALAMBRATH,JD(U),Woman,Woman,OpenDataKerala GitHub
2015,Kozhikode,Vadakara,7,KARTHIKAPPALLI,SYAMALA KRISHNARPITHAM,IUML,SC,SC,OpenDataKerala GitHub
2015,Kozhikode,Vadakara,8,VAIKKILASSERY,KOTTAYIL RADHAKRISHNAN,INC,General,General,OpenDataKerala GitHub
2015,Kozhikode,Vadakara,9,CHORODE,N.NIDHIN,CPI(M),General,General,OpenDataKerala GitHub
2015,Kozhikode,Vadakara,10,MUTTUNGAL,AYISHA C,IUML,Woman,Woman,OpenDataKerala GitHub
2015,Kozhikode,Vadakara,11,VELLIKULANGARA,KIZHAKKAYIL GOPALAN,CPI(M),General,General,OpenDataKerala GitHub
2015,Kozhikode,Vadakara,12,MADAPPALLI,ANITHA PILAKKANDI,INDEPENDENT,Woman,Woman,OpenDataKerala GitHub
2015,Kozhikode,Vadakara,13,KANNUKKARA,JALAJA VINOD,INC,Woman,Woman,OpenDataKerala GitHub
2015,Kozhikode,Tuneri,1,IRINGANNUR,C.H. BALAKRISHNAN,CPI(M),General,General,OpenDataKerala GitHub
2015,Kozhikode,Tuneri,2,PARAKKADAVU,AMINA TEACHER.A,IUML,Woman,Woman,OpenDataKerala GitHub
2015,Kozhikode,Tuneri,3,KALLUNIRA,REENA V P,CPI(M),Woman,Woman,OpenDataKerala GitHub
2015,Kozhikode,Tuneri,4,NEDUMPARAMB,K.CHANDU MASTER,CPI(M),General,General,OpenDataKerala GitHub
2015,Kozhikode,Tuneri,5,VANIMAL,ABDULLA THENGALAKKANDI,IUML,General,General,OpenDataKerala GitHub
2015,Kozhikode,Tuneri,6,CHERUMOTH,K.P.KRISHNAN,INC,SC,SC,OpenDataKerala GitHub
2015,Kozhikode,Tuneri,7,NADAPURAM,MANDODI BASHEER MASTER,IUML,General,General,OpenDataKerala GitHub
2015,Kozhikode,Tuneri,8,KALLACHI,REENA.C.K,CPI,Woman,Woman,OpenDataKerala GitHub
2015,Kozhikode,Tuneri,9,KUMMAMKODE,SHAHINA KUNNATH,INC,Woman,Woman,OpenDataKerala GitHub
2015,Kozhikode,Tuneri,10,AROOR,ADV: MANOJ AROOR,CPI(M),General,General,OpenDataKerala GitHub
2015,Kozhikode,Tuneri,11,PURAMERI,PANKAJAM. V,CPI(M),Woman,Woman,OpenDataKerala GitHub
2015,Kozhikode,Tuneri,12,TUNERI,T.M. CHANDRI,CPI(M),Woman,Woman,OpenDataKerala GitHub
2015,Kozhikode,Tuneri,13,EDACHERI,T.K.LISA,CPI(M),Woman,Woman,OpenDataKerala GitHub
2015,Kozhikode,Kunnummal,1,NARIPPATTA,BEENA ELIYARA,INC,Woman,Woman,OpenDataKerala GitHub
2015,Kozhikode,Kunnummal,2,MULLAMBATH,VIJAYI C K,CPI(M),Woman,Woman,OpenDataKerala GitHub
2015,Kozhikode,Kunnummal,3,KAYAKKODY,SHYJU P K,CPI(M),SC,SC,OpenDataKerala GitHub
2015,Kozhikode,Kunnummal,4,DEVARKOVIL,V P KUNHABDULLA MASTER,IUML,General,General,OpenDataKerala GitHub
2015,Kozhikode,Kunnummal,5,KARINGAD,K P SREEDHARAN,CPI(M),General,General,OpenDataKerala GitHub
2015,Kozhikode,Kunnummal,6,KAVILUMPARA,SAJITH K,CPI(M),General,General,OpenDataKerala GitHub
2015,Kozhikode,Kunnummal,7,MARUTHOMKARA,REENA V P,CPI(M),Woman,Woman,OpenDataKerala GitHub
2015,Kozhikode,Kunnummal,8,KUTTIADI,SREENIJA K P,INC,Woman,Woman,OpenDataKerala GitHub
2015,Kozhikode,Kunnummal,9,VELOM,BALAMANI THAYANA,INC,Woman,Woman,OpenDataKerala GitHub
2015,Kozhikode,Kunnummal,10,CHERAPURAM,NAYEEMA K,IUML,Woman,Woman,OpenDataKerala GitHub
2015,Kozhikode,Kunnummal,11,URATH,KUNNUMMAL KANARAN,CPI(M),General,General,OpenDataKerala GitHub
2015,Kozhikode,Kunnummal,12,MOKERI,SASINDRAN,CPI(M),General,General,OpenDataKerala GitHub
2015,Kozhikode,Kunnummal,13,PATHIRIPPATTA,PRIYA,CPI,Woman,Woman,OpenDataKerala GitHub
2015,Kozhikode,Thodannur,1,PONMERI,VINODAN,CPI(M),General,General,OpenDataKerala GitHub
2015,Kozhikode,Thodannur,2,KADAMERI,SAJITHA M,IUML,Woman,Woman,OpenDataKerala GitHub
2015,Kozhikode,Thodannur,3,AYANCHERI,THERATH KUNHI KRISHNAN NAMBIYAR,INC,General,General,OpenDataKerala GitHub
2015,Kozhikode,Thodannur,4,THIRUVALLOOR,SUMA TV,JD(U),Woman,Woman,OpenDataKerala GitHub
2015,Kozhikode,Thodannur,5,VELLUKKARA,THIRUVALLUR MURALI,INC,General,General,OpenDataKerala GitHub
2015,Kozhikode,Thodannur,6,MANIYOOR,C BALAN,CPI,General,General,OpenDataKerala GitHub
2015,Kozhikode,Thodannur,7,KURUNTHODI,ANANDAVALLI MK,CPI(M),SC,SC,OpenDataKerala GitHub
2015,Kozhikode,Thodannur,8,PALAYADU,BINDU,CPI(M),Woman,Woman,OpenDataKerala GitHub
2015,Kozhikode,Thodannur,9,THODANNUR,PRABHAVATHI,NCP,Woman,Woman,OpenDataKerala GitHub
2015,Kozhikode,Thodannur,10,CHEMMARATHUR,BAVITH MALOL,INC,General,General,OpenDataKerala GitHub
2015,Kozhikode,Thodannur,11,KUTTOTH,SAFIYA MALAYIL,CPI(M),Woman,Woman,OpenDataKerala GitHub
2015,Kozhikode,Thodannur,12,MEYYANNUR,SUNITHA TK,INC,Woman,Woman,OpenDataKerala GitHub
2015,Kozhikode,Thodannur,13,VILYAPPALI,HAJARA A.C,IUML,Woman,Woman,OpenDataKerala GitHub
2015,Kozhikode,Melady,1,PALLIKKARA,PREMA BALAKRISHNAN,INC,Woman,Woman,OpenDataKerala GitHub
2015,Kozhikode,Melady,2,PAYYOLI ANGADI,GIRIJA C,INC,Woman,Woman,OpenDataKerala GitHub
2015,Kozhikode,Melady,3,VILAYATTUR,SUNIL ODAYIL,JD(U),General,General,OpenDataKerala GitHub
2015,Kozhikode,Melady,4,MANJHAKKULAM,A K VASANTHA,CPI(M),Woman,Woman,OpenDataKerala GitHub
2015,Kozhikode,Melady,5,CHANGARAMVALLY,CHANDRABABU T K,CPI(M),SC,SC,OpenDataKerala GitHub
2015,Kozhikode,Melady,6,MEPPAYUR,K KUNHIRAMAN,CPI(M),General,General,OpenDataKerala GitHub
2015,Kozhikode,Melady,7,KOZHUKKALLUR,E KUNHIKKANNAN,NCP,General,General,OpenDataKerala GitHub
2015,Kozhikode,Melady,8,NADUVATHUR,RAJESH KEEZHARIYUR,INC,General,General,OpenDataKerala GitHub
2015,Kozhikode,Melady,9,KEEZHARIYUR,SOBHA KARAYIL,CPI(M),Woman,Woman,OpenDataKerala GitHub
2015,Kozhikode,Melady,10,IRINGATH,BALAGOPALAN,CPI(M),General,General,OpenDataKerala GitHub
2015,Kozhikode,Melady,11,PURAKKAD,SILPA LINEESH,INC,Woman,Woman,OpenDataKerala GitHub
2015,Kozhikode,Melady,12,THIKKODI,SUNITHA V M,CPI(M),Woman,Woman,OpenDataKerala GitHub
2015,Kozhikode,Melady,13,THRIKKOTTUR,RAMLA PUTHIYAVALAPPIL,IUML,Woman,Woman,OpenDataKerala GitHub
2015,Kozhikode,Perambra,1,AVALA,K.NARAYANAKURUP,CPI,General,General,OpenDataKerala GitHub
2015,Kozhikode,Perambra,2,ERAVATTOR,V.K.SUNEESH,CPI(M),General,General,OpenDataKerala GitHub
2015,Kozhikode,Perambra,3,KADIYANGAD,SOUFI THAZHEKKANDY,IUML,Woman,Woman,OpenDataKerala GitHub
2015,Kozhikode,Perambra,4,PALERI,KIZHAKKEYIL BALAN,NCP,General,General,OpenDataKerala GitHub
2015,Kozhikode,Perambra,5,CHANGAROTH,SAIRA BANU M.,INC,Woman,Woman,OpenDataKerala GitHub
2015,Kozhikode,Perambra,6,MUTHUKAD,SHYLA JAMES,INC,Woman,Woman,OpenDataKerala GitHub
2015,Kozhikode,Perambra,7,CHAKKITTAPARA,JITHESH MUTHUKAD,INC,General,General,OpenDataKerala GitHub
2015,Kozhikode,Perambra,8,KOOTHALI,E.P.KARTHIAYANI,CPI(M),Woman,Woman,OpenDataKerala GitHub
2015,Kozhikode,Perambra,9,PERAMBRA,AJITHA N.K.,CPI(M),Woman,Woman,OpenDataKerala GitHub
2015,Kozhikode,Perambra,10,KAYANNA,A.C.SATHI,CPI(M),Woman,Woman,OpenDataKerala GitHub
2015,Kozhikode,Perambra,11,NOCHAD,MOOSSA K.K.,CPI(M),General,General,OpenDataKerala GitHub
2015,Kozhikode,Perambra,12,KALPATHUR,BABU.C.M,CPI(M),SC,SC,OpenDataKerala GitHub
2015,Kozhikode,Perambra,13,CHERUVANNUR,M.K.SATHI,JD(U),Woman,Woman,OpenDataKerala GitHub
2015,Kozhikode,Balussery,1,KARUVANNUR,PREETHY M K,CPI,Woman,Woman,OpenDataKerala GitHub
2015,Kozhikode,Balussery,2,KOTTUR,GIIJA N T,CPI(M),SC Woman,SC Woman,OpenDataKerala GitHub
2015,Kozhikode,Balussery,3,VAKAYAD,M CHANDRAN,CPI(M),General,General,OpenDataKerala GitHub
2015,Kozhikode,Balussery,4,KOORACHUNDU,MANI N J,INC,General,General,OpenDataKerala GitHub
2015,Kozhikode,Balussery,5,PANANGAD,V PRATHIBHA,CPI(M),Woman,Woman,OpenDataKerala GitHub
2015,Kozhikode,Balussery,6,THALAYAD,K AHAMAD KOYA,IUML,General,General,OpenDataKerala GitHub
2015,Kozhikode,Balussery,7,KINALOOR,N P BABU,NCP,SC,SC,OpenDataKerala GitHub
2015,Kozhikode,Balussery,8,EKAROOL,T K SUDHEER KUMAR,CPI(M),General,General,OpenDataKerala GitHub
2015,Kozhikode,Balussery,9,POONOOR,USMAN,IUML,General,General,OpenDataKerala GitHub
2015,Kozhikode,Balussery,10,SIVAPURAM,REETHA RAMACHANDAN,CPI(M),Woman,Woman,OpenDataKerala GitHub
2015,Kozhikode,Balussery,11,BALUSSERI,SHEEBA V K,CPI(M),Woman,Woman,OpenDataKerala GitHub
2015,Kozhikode,Balussery,12,KOKKALLUR,P N ASOKAN,CPI(M),General,General,OpenDataKerala GitHub
2015,Kozhikode,Balussery,13,ULLIYERI,JAMEELA,CPI(M),Woman,Woman,OpenDataKerala GitHub
2015,Kozhikode,Balussery,14,KANNUR,VILACINY,NCP,Woman,Woman,OpenDataKerala GitHub
2015,Kozhikode,Balussery,15,NADUVANNUR,SHYMA K K,CPI(M),Woman,Woman,OpenDataKerala GitHub
2015,Kozhikode,Panthalayani,1,KADALOOR,MUHAMMED ALI,IUML,General,General,OpenDataKerala GitHub
2015,Kozhikode,Panthalayani,2,CHINGAPURAM,SHEEJA.P.K.,CPI(M),Woman,Woman,OpenDataKerala GitHub
2015,Kozhikode,Panthalayani,3,MOODADI,SHOBHA.K.M,CPI,Woman,Woman,OpenDataKerala GitHub
2015,Kozhikode,Panthalayani,4,ARIKKULAM,JANU. K.M.,CPI(M),SC,SC,OpenDataKerala GitHub
2015,Kozhikode,Panthalayani,5,KARAYAD,P.P.REMANI,CPI(M),Woman,Woman,OpenDataKerala GitHub
2015,Kozhikode,Panthalayani,6,MODAKKALLUR,SABEESH.B,CPI(M),General,General,OpenDataKerala GitHub
2015,Kozhikode,Panthalayani,7,ATHOLI,SHAHINASBI,CPI(M),General,General,OpenDataKerala GitHub
2015,Kozhikode,Panthalayani,8,THIRUVANGOOR,MOHANAN,JD(U),General,General,OpenDataKerala GitHub
2015,Kozhikode,Panthalayani,9,VENGALAM,NARAYANI P T,CPI(M),Woman,Woman,OpenDataKerala GitHub
2015,Kozhikode,Panthalayani,10,KAPPAD,SUHARA MEHABOOB,IUML,Woman,Woman,OpenDataKerala GitHub
2015,Kozhikode,Panthalayani,11,CHEMANCHERY,VIJAYAN KANNANCHERY,INC,General,General,OpenDataKerala GitHub
2015,Kozhikode,Panthalayani,12,EDAKKULAM,GEETHA.K.C,NCP,Woman,Woman,OpenDataKerala GitHub
2015,Kozhikode,Panthalayani,13,MELUR,GEETHA KAROL,CPI(M),Woman,Woman,OpenDataKerala GitHub
2015,Kozhikode,Chelannur,1,CHEEKILODE,SOBHANA O.P,CPI(M),Woman,Woman,OpenDataKerala GitHub
2015,Kozhikode,Chelannur,2,NANMINDA,M.GANGADHARAN NAIR,NCP,General,General,OpenDataKerala GitHub
2015,Kozhikode,Chelannur,3,PUNNASSERY,PRAMEELA.K.C,INC,Woman,Woman,OpenDataKerala GitHub
2015,Kozhikode,Chelannur,4,PANNIKKOTTOOR,N.P.MUHAMMED,NSC,General,General,OpenDataKerala GitHub
2015,Kozhikode,Chelannur,5,NARIKKUNNI,T.P.SOBANA,JD(U),Woman,Woman,OpenDataKerala GitHub
2015,Kozhikode,Chelannur,6,KAKKUR,C.M.SHAJI,CPI(M),General,General,OpenDataKerala GitHub
2015,Kozhikode,Chelannur,7,CHELANNUR,V.M.MUHAMMED,IUML,General,General,OpenDataKerala GitHub
2015,Kozhikode,Chelannur,8,PALATH,SANTHA MUTHIYERI,CPI(M),Woman,Woman,OpenDataKerala GitHub
2015,Kozhikode,Chelannur,9,KAKKODI,SOBHINDRAN.P,CPI(M),General,General,OpenDataKerala GitHub
2015,Kozhikode,Chelannur,10,MORIKKARA,KAVITHA MANOJ,CPI(M),SC Woman,SC Woman,OpenDataKerala GitHub
2015,Kozhikode,Chelannur,11,OLOPPARA,SUJATHA T K,CPI(M),Woman,Woman,OpenDataKerala GitHub
2015,Kozhikode,Chelannur,12,PARAMBATH,MANOHARAN E.T,CPI(M),SC,SC,OpenDataKerala GitHub
2015,Kozhikode,Chelannur,13,ANNASSERY,SEENA SURESH,CPI(M),Woman,Woman,OpenDataKerala GitHub
2015,Kozhikode,Koduvally,1,KATTIPPARA,BEENA GEORGE,INC,Woman,Woman,OpenDataKerala GitHub
2015,Kozhikode,Koduvally,2,ENGAPUZHA,SOBI J.P.,INDEPENDENT,Woman,Woman,OpenDataKerala GitHub
2015,Kozhikode,Koduvally,3,MALAPURAM,RAJESH JOSE,INC,General,General,OpenDataKerala GitHub
2015,Kozhikode,Koduvally,4,KAITHAPOYIL,MUHAMMED ASHRAF,IUML,General,General,OpenDataKerala GitHub
2015,Kozhikode,Koduvally,5,NELLIPOYIL,LEELAMMA JOSE,INC,Woman,Woman,OpenDataKerala GitHub
2015,Kozhikode,Koduvally,6,ANAKAMPOIL,ANCY SEBASTIAN,KC(M),Woman,Woman,OpenDataKerala GitHub
2015,Kozhikode,Koduvally,7,KOODARANHI,GIMMY JOSE,JD(U),General,General,OpenDataKerala GitHub
2015,Kozhikode,Koduvally,8,THIRUVAMBADY,ELEYAMMA GEORGE,INC,Woman,Woman,OpenDataKerala GitHub
2015,Kozhikode,Koduvally,9,KODANCHERY,AUGUSTHY PALLATTU,INC,General,General,OpenDataKerala GitHub
2015,Kozhikode,Koduvally,10,KOODATHAI,M.M.RADHAMANI,INC,Woman,Woman,OpenDataKerala GitHub
2015,Kozhikode,Koduvally,11,OMASSERY,SUPER AHAMMED KUTTY HAJEE,IUML,General,General,OpenDataKerala GitHub
2015,Kozhikode,Koduvally,12,PULLALOOR,SASI CHAKKALAKKAL,INC,SC,SC,OpenDataKerala GitHub
2015,Kozhikode,Koduvally,13,MADAVOOR,ALIYYI MASTER,IUML,General,General,OpenDataKerala GitHub
2015,Kozhikode,Koduvally,14,KIZHAKKOTH,P.K..MOIDEEN HAJEE,IUML,General,General,OpenDataKerala GitHub
2015,Kozhikode,Koduvally,15,ELETTIL,VANAJA C.T.,INC,Woman,Woman,OpenDataKerala GitHub
2015,Kozhikode,Koduvally,16,PARAPPANPOYIL,MAIMOONA HAMZA,IUML,Woman,Woman,OpenDataKerala GitHub
2015,Kozhikode,Koduvally,17,THACHAMPOYIL,A.P.USSAIN,INC,General,General,OpenDataKerala GitHub
2015,Kozhikode,Koduvally,18,KOLIKKAL,RAMLA O.K.M.KUNHI,IUML,Woman,Woman,OpenDataKerala GitHub
2015,Kozhikode,Kunnamangalam,1,KURUVATTUR,C.T BINOY,CPI(M),General,General,OpenDataKerala GitHub
2015,Kozhikode,Kunnamangalam,2,KUNNAMANGALAM,BUSHRA U.C,IUML,Woman,Woman,OpenDataKerala GitHub
2015,Kozhikode,Kunnamangalam,3,CHETHUKADAVU,VIJI MUPPRAMMAL,INC,Woman,Woman,OpenDataKerala GitHub
2015,Kozhikode,Kunnamangalam,4,KATTANGAL,SIVADASAN NAIR,JD(U),General,General,OpenDataKerala GitHub
2015,Kozhikode,Kunnamangalam,5,CHATHAMANGALAM,SUNITHA .P,CPI(M),SC Woman,SC Woman,OpenDataKerala GitHub
2015,Kozhikode,Kunnamangalam,6,KODIYATHUR,A.K.T CHANDRAN,CPI(M),SC,SC,OpenDataKerala GitHub
2015,Kozhikode,Kunnamangalam,7,KARASSERY,V.N SUHAIB,INC,General,General,OpenDataKerala GitHub
2015,Kozhikode,Kunnamangalam,8,KUMARANALLOOR,V.JAYAPRAKASH,CPI(M),General,General,OpenDataKerala GitHub
2015,Kozhikode,Kunnamangalam,9,PANNIKODE,UMA UNNIKRISHNAN,CPI(M),Woman,Woman,OpenDataKerala GitHub
2015,Kozhikode,Kunnamangalam,10,CHERUVADI,K.P ABDURAHIMAN,IUML,General,General,OpenDataKerala GitHub
2015,Kozhikode,Kunnamangalam,11,MAVOOR,K.M APPUKUNHAN,INC,General,General,OpenDataKerala GitHub
2015,Kozhikode,Kunnamangalam,12,CHEROOPPA,RAVIKUMAR PANOLI,INC,General,General,OpenDataKerala GitHub
2015,Kozhikode,Kunnamangalam,13,CHERUKULATHOOR,M.SUSHAMA,CPI(M),Woman,Woman,OpenDataKerala GitHub
2015,Kozhikode,Kunnamangalam,14,POOVATTUPARAMBA,NASEEBARAI T P,INC,Woman,Woman,OpenDataKerala GitHub
2015,Kozhikode,Kunnamangalam,15,PERUMANNA,AMINABI,CPI(M),Woman,Woman,OpenDataKerala GitHub
2015,Kozhikode,Kunnamangalam,16,PAYYADIMEETHAL,RAJEEV PERUMANPURA,CPI(M),General,General,OpenDataKerala GitHub
2015,Kozhikode,Kunnamangalam,17,KUTTIKKATTOOR,RAMLA T.K,IUML,Woman,Woman,OpenDataKerala GitHub
2015,Kozhikode,Kunnamangalam,18,PAINGOTUPURAM,THRIPURI POOLORA,INC,Woman,Woman,OpenDataKerala GitHub
2015,Kozhikode,Kunnamangalam,19,POLOOR,RATHI THADATHIL,NCP,Woman,Woman,OpenDataKerala GitHub
2015,Kozhikode,Kozhikode,1,IRINGALLUR,USHA.P.K,CPI(M),Woman,Woman,OpenDataKerala GitHub
2015,Kozhikode,Kozhikode,2,PALAZHI,HASEENA .A.P,INL,Woman,Woman,OpenDataKerala GitHub
2015,Kozhikode,Kozhikode,3,PANTHEERANKAVU,V .SREEJA,CPI(M),Woman,Woman,OpenDataKerala GitHub
2015,Kozhikode,Kozhikode,4,KODALNADAKAVU,RAMANI,INC,Woman,Woman,OpenDataKerala GitHub
2015,Kozhikode,Kozhikode,5,MANAKKADAVU,VINEESH.P.G,CPI(M),General,General,OpenDataKerala GitHub
2015,Kozhikode,Kozhikode,6,OLAVANNA,N .MANOJKUMAR,CPI(M),General,General,OpenDataKerala GitHub
2015,Kozhikode,Kozhikode,7,ODUMBRA,RAMLA,CPI(M),Woman,Woman,OpenDataKerala GitHub
2015,Kozhikode,Kozhikode,8,CHALIYAM,SABOONA,IUML,Woman,Woman,OpenDataKerala GitHub
2015,Kozhikode,Kozhikode,9,VADAKKUMBAD,SAILAJA .T.K,CPI(M),Woman,Woman,OpenDataKerala GitHub
2015,Kozhikode,Kozhikode,10,MANNUR,GIJITH.K,CPI(M),SC,SC,OpenDataKerala GitHub
2015,Kozhikode,Kozhikode,11,KADALUNDI,DINESH BABU .A,CPI,General,General,OpenDataKerala GitHub
2015,Kozhikode,Kozhikode,12,VATTAPPARAMBA,SATHEEDEVI. C.M,INC,General,General,OpenDataKerala GitHub
2015,Kozhikode,Kozhikode,13,KADUKKABASAR,IMBICHI KOYA,IUML,General,General,OpenDataKerala GitHub
2015,Wayanad,Mananthavady,1,PERIYA,N.M.ANTONY,CPI(M),General,General,OpenDataKerala GitHub
2015,Wayanad,Mananthavady,2,VALAD,DINESH BABU,CPI,General,General,OpenDataKerala GitHub
2015,Wayanad,Mananthavady,3,THALAPUZHA,THANKAMMA YESUDAS,INC,Woman,Woman,OpenDataKerala GitHub
2015,Wayanad,Mananthavady,4,KARTIKULAM,DANIEL GEORGE,CPI(M),General,General,OpenDataKerala GitHub
2015,Wayanad,Mananthavady,5,THIRUNELLY,M. SATHEESH KUMAR,CPI(M),ST,ST,OpenDataKerala GitHub
2015,Wayanad,Mananthavady,6,THONICHAL,M.P.VALSAN,CPI(M),General,General,OpenDataKerala GitHub
2015,Wayanad,Mananthavady,7,PALLIKKAL,FATHIMA BEEGUM,INC,Woman,Woman,OpenDataKerala GitHub
2015,Wayanad,Mananthavady,8,KALLODY,BINDU JOHN,INC,Woman,Woman,OpenDataKerala GitHub
2015,Wayanad,Mananthavady,9,THARUVANA,K.K.C.MAIMOONA,IUML,Woman,Woman,OpenDataKerala GitHub
2015,Wayanad,Mananthavady,10,KATTAYAD,KAMER LAILA,IUML,Woman,Woman,OpenDataKerala GitHub
2015,Wayanad,Mananthavady,11,VELLAMUNDA,K.J.PAILY,INC,General,General,OpenDataKerala GitHub
2015,Wayanad,Mananthavady,12,THETTAMALA,GEETHA BABU,INC,ST Woman,ST Woman,OpenDataKerala GitHub
2015,Wayanad,Mananthavady,13,THONDERNAD,PREETHA RAMAN,IUML,ST Woman,ST Woman,OpenDataKerala GitHub
2015,Wayanad,Sulthan Bathery,1,MEENANGADY,VASUDEVAN P,CPI(M),ST,ST,OpenDataKerala GitHub
2015,Wayanad,Sulthan Bathery,2,KOLAGAPPARA,LATHA SASI,CPI(M),Woman,Woman,OpenDataKerala GitHub
2015,Wayanad,Sulthan Bathery,3,AMBUKUTHI,REKHA DEVAN,CPI(M),ST Woman,ST Woman,OpenDataKerala GitHub
2015,Wayanad,Sulthan Bathery,4,NAMBIKOLLY,NASEERA ISMAIL,IUML,Woman,Woman,OpenDataKerala GitHub
2015,Wayanad,Sulthan Bathery,5,KALLOOR,A.K. KUMARAN,CPI(M),General,General,OpenDataKerala GitHub
2015,Wayanad,Sulthan Bathery,6,MUTHANGA,SINDU K M,CPI(M),Woman,Woman,OpenDataKerala GitHub
2015,Wayanad,Sulthan Bathery,7,CHEERAL,BABY V T,INC,General,General,OpenDataKerala GitHub
2015,Wayanad,Sulthan Bathery,8,KOLIYADI,JAYA MURALI,INC,Woman,Woman,OpenDataKerala GitHub
2015,Wayanad,Sulthan Bathery,9,CHULLIODE,SURESH THALOOR,CPI(M),General,General,OpenDataKerala GitHub
2015,Wayanad,Sulthan Bathery,10,THOMATTUCHAL,M U GEORGE,INC,General,General,OpenDataKerala GitHub
2015,Wayanad,Sulthan Bathery,11,AMBALAVAYAL,GEETHA RAJU,CPI(M),ST Woman,ST Woman,OpenDataKerala GitHub
2015,Wayanad,Sulthan Bathery,12,KUMBALERY,A P KURIAKOSE,INC,General,General,OpenDataKerala GitHub
2015,Wayanad,Sulthan Bathery,13,KRISHNAGIRI,MINI JOHNSON,INC,Woman,Woman,OpenDataKerala GitHub
2015,Wayanad,Kalpetta,1,PADINJARATHARA,P C MAMMOOTY (P AHAMMED),IUML,General,General,OpenDataKerala GitHub
2015,Wayanad,Kalpetta,2,KOTTATHARA,SHAKUNTHALA SHANMUKHAN,INC,Woman,Woman,OpenDataKerala GitHub
2015,Wayanad,Kalpetta,3,VENGAPPALLY,KOCHURANI,CPI(M),Woman,Woman,OpenDataKerala GitHub
2015,Wayanad,Kalpetta,4,MADAKKIMALA,AYYAPPAN P C,IUML,SC,SC,OpenDataKerala GitHub
2015,Wayanad,Kalpetta,5,MUTTIL,DEVASSIA M O,INC,General,General,OpenDataKerala GitHub
2015,Wayanad,Kalpetta,6,THRIKKAIPPATTA,BINDU PRATHAPAN,CPI,ST Woman,ST Woman,OpenDataKerala GitHub
2015,Wayanad,Kalpetta,7,MUPPAINAD,JASHEER PALLIVAYAL,INC,General,General,OpenDataKerala GitHub
2015,Wayanad,Kalpetta,8,ARAPETTA,VIJAYAKUMARI.N.S,CPI(M),Woman,Woman,OpenDataKerala GitHub
2015,Wayanad,Kalpetta,9,CHOORALMALA,ROSHINA YOOSAF,CPI(M),Woman,Woman,OpenDataKerala GitHub
2015,Wayanad,Kalpetta,10,MEPPADI,P.BALAN,IUML,ST,ST,OpenDataKerala GitHub
2015,Wayanad,Kalpetta,11,CHARITTY,USHA THAMBI,INC,Woman,Woman,OpenDataKerala GitHub
2015,Wayanad,Kalpetta,12,VYTHIRI,M.SAID,CPI(M),General,General,OpenDataKerala GitHub
2015,Wayanad,Kalpetta,13,POZHUTHANA,K K HANEEFA,IUML,General,General,OpenDataKerala GitHub
2015,Wayanad,Kalpetta,14,THARIODE,JINCY SUNNY,INC,Woman,Woman,OpenDataKerala GitHub
2015,Wayanad,Panamaram,1,ANJUKUNNU,JAYANTHI RAJAN,IUML,Woman,Woman,OpenDataKerala GitHub
2015,Wayanad,Panamaram,2,PAKKAM,MANI E K,INC,ST,ST,OpenDataKerala GitHub
2015,Wayanad,Panamaram,3,ANAPPARA,ADV P D SAJI,INC,General,General,OpenDataKerala GitHub
2015,Wayanad,Panamaram,4,PADICHIRA,SHINU KACHIRAYIL,INDEPENDENT,General,General,OpenDataKerala GitHub
2015,Wayanad,Panamaram,5,MULLANKOLLI,MERCY BENNY,INC,Woman,Woman,OpenDataKerala GitHub
2015,Wayanad,Panamaram,6,PULPALLY,T S DILEEP KUMAR,INC,General,General,OpenDataKerala GitHub
2015,Wayanad,Panamaram,7,IRULAM,SUMI APPY,INC,ST Woman,ST Woman,OpenDataKerala GitHub
2015,Wayanad,Panamaram,8,VAKERY,INDIRA SUKUMARAN,CPI(M),ST Woman,ST Woman,OpenDataKerala GitHub
2015,Wayanad,Panamaram,9,KENICHIRA,P B SIVAN,CPI(M),General,General,OpenDataKerala GitHub
2015,Wayanad,Panamaram,10,NADAVAYAL,V M THANKACHAN,INDEPENDENT,General,General,OpenDataKerala GitHub
2015,Wayanad,Panamaram,11,POOTHADI,POULOSE KURUMBEMADAM,JD(U),General,General,OpenDataKerala GitHub
2015,Wayanad,Panamaram,12,PACHILAKKAD,KUNHAYISHA K,IUML,Woman,Woman,OpenDataKerala GitHub
2015,Wayanad,Panamaram,13,KANIYAMBATTA,SAFIYA P,IUML,Woman,Woman,OpenDataKerala GitHub
2015,Wayanad,Panamaram,14,PANAMARAM,SATHIDEVI,CPI(M),Woman,Woman,OpenDataKerala GitHub
2015,Kannur,Payyannur,1,KARIVELLUR,SARADA V.P.,CPI(M),Woman,Woman,OpenDataKerala GitHub
2015,Kannur,Payyannur,2,PERALAM,ANEESH E,CPI(M),SC,SC,OpenDataKerala GitHub
2015,Kannur,Payyannur,3,CHOORAL,NOORUDHEEN M.T.P.,CPI(M),General,General,OpenDataKerala GitHub
2015,Kannur,Payyannur,4,PADIYOTCHAL,KOMALAVALLI K,INC,Woman,Woman,OpenDataKerala GitHub
2015,Kannur,Payyannur,5,PULINGOME,MARIYAMMA VARGHEESE,INC,Woman,Woman,OpenDataKerala GitHub
2015,Kannur,Payyannur,6,PRAPPOIL,JOSEPH MULLANMADA,KC(M),General,General,OpenDataKerala GitHub
2015,Kannur,Payyannur,7,PERITHATTA,SATHYAPALAN C,CPI(M),General,General,OpenDataKerala GitHub
2015,Kannur,Payyannur,8,VELLORA,LAKSHMIKUTTY C.P.,CPI(M),Woman,Woman,OpenDataKerala GitHub
2015,Kannur,Payyannur,9,MATHAMANGALAM,JISHA K,CPI,Woman,Woman,OpenDataKerala GitHub
2015,Kannur,Payyannur,10,KANKOL,SUNILKUMAR M.V.,CPI(M),General,General,OpenDataKerala GitHub
2015,Kannur,Payyannur,11,KUNHIMANGALAM,SASEENDRAN M,CPI(M),General,General,OpenDataKerala GitHub
2015,Kannur,Payyannur,12,KUNNARU,VENKITESHWARI N,KC,Woman,Woman,OpenDataKerala GitHub
2015,Kannur,Payyannur,13,RAMANTHALI,BINDU V.V.,CPI(M),Woman,Woman,OpenDataKerala GitHub
2015,Kannur,Thalipparamba,1,THERTHALLY,JESSY SHIJI,INC,Woman,Woman,OpenDataKerala GitHub
2015,Kannur,Thalipparamba,2,ALAKODE,GOVINDAN V P,CPI(M),General,General,OpenDataKerala GitHub
2015,Kannur,Thalipparamba,3,UDAYAGIRI,JOSE JOSEPH,INC,General,General,OpenDataKerala GitHub
2015,Kannur,Thalipparamba,4,KAPPIMALA,KAVITHA GOVINDAN,INC,SC,SC,OpenDataKerala GitHub
2015,Kannur,Thalipparamba,5,KARUVANCHAL,V A RAHIM,IUML,General,General,OpenDataKerala GitHub
2015,Kannur,Thalipparamba,6,NADUVIL,MOLY SAJI,INC,General,General,OpenDataKerala GitHub
2015,Kannur,Thalipparamba,7,CHUZHALI,PRIYA T C,INC,General,General,OpenDataKerala GitHub
2015,Kannur,Thalipparamba,8,CHENGALAYI,P.K. CHITHRALEKHA,CPI,Woman,Woman,OpenDataKerala GitHub
2015,Kannur,Thalipparamba,9,KURUMATHUR,IBRAHIM,CPI(M),General,General,OpenDataKerala GitHub
2015,Kannur,Thalipparamba,10,PANNIYOOR,LALITHA RAVEENDRAN,CPI(M),Woman,Woman,OpenDataKerala GitHub
2015,Kannur,Thalipparamba,11,PATTUVAM,T LATHA,CPI(M),Woman,Woman,OpenDataKerala GitHub
2015,Kannur,Thalipparamba,12,PARIYARAM,RANJITH P,CPI(M),General,General,OpenDataKerala GitHub
2015,Kannur,Thalipparamba,13,KUTTYERI,JEEJA C,CPI(M),Woman,Woman,OpenDataKerala GitHub
2015,Kannur,Thalipparamba,14,KADANNAPALLI,K MOHANAN,CPI(M),General,General,OpenDataKerala GitHub
2015,Kannur,Thalipparamba,15,EDAKKOM,LAKSHMANAN M,CPI(M),General,General,OpenDataKerala GitHub
2015,Kannur,Thalipparamba,16,CHAPPARAPADAVU,M INDIRA,INC,Woman,Woman,OpenDataKerala GitHub
2015,Kannur,Irikkur,1,KUDIANMALA,DAISY MYLADOOR,INC,Woman,Woman,OpenDataKerala GitHub
2015,Kannur,Irikkur,2,CHANDANAKAMPARA,JOLY KATTUVILA,INC,Woman,Woman,OpenDataKerala GitHub
2015,Kannur,Irikkur,3,NUCHIYAD,MERCY JOSEPH,INC,Woman,Woman,OpenDataKerala GitHub
2015,Kannur,Irikkur,4,VATTIYAMTHODU,LISAMMA BABU,INC,Woman,Woman,OpenDataKerala GitHub
2015,Kannur,Irikkur,5,ULIKKAL,SHANMUGHAN M G,INDEPENDENT,General,General,OpenDataKerala GitHub
2015,Kannur,Irikkur,6,PADIYOOR,ANIL KUMAR,CPI(M),General,General,OpenDataKerala GitHub
2015,Kannur,Irikkur,7,IRIKKUR,VALAPINAKATH ABDULKADER,INL,General,General,OpenDataKerala GitHub
2015,Kannur,Irikkur,8,PERUVALATHUPARAMBU,C RAJEEVAN,CPI(M),General,General,OpenDataKerala GitHub
2015,Kannur,Irikkur,9,MALAPATTAM,C SYLAJA,CPI(M),Woman,Woman,OpenDataKerala GitHub
2015,Kannur,Irikkur,10,KUTTIATTUR,BALAKRISHNAN V V,CPI(M),General,General,OpenDataKerala GitHub
2015,Kannur,Irikkur,11,CHATTUKAARA,T VASANTHAKUMARI,CPI(M),Woman,Woman,OpenDataKerala GitHub
2015,Kannur,Irikkur,12,MAYYIL,NASAR C P,CPI(M),General,General,OpenDataKerala GitHub
2015,Kannur,Irikkur,13,KAYARALAM,DIVAKARAN P,CPI(M),ST,ST,OpenDataKerala GitHub
2015,Kannur,Irikkur,14,PAYYAVOOR,VALSALA SAJU,INC,Woman,Woman,OpenDataKerala GitHub
2015,Kannur,Kannur,1,AZHEEKKAL,SAPNA K M,CPI,Woman,Woman,OpenDataKerala GitHub
2015,Kannur,Kannur,2,VALAPATTANAM,SHAKEEL K V,CPI(M),General,General,OpenDataKerala GitHub
2015,Kannur,Kannur,3,ILLIPURAM,K P LEELA,CPI(M),Woman,Woman,OpenDataKerala GitHub
2015,Kannur,Kannur,4,KARIKKANKULAM,MOHANAN P V,CPI(M),General,General,OpenDataKerala GitHub
2015,Kannur,Kannur,5,MANKADAVU,T VENUGOPALAN,CPI(M),General,General,OpenDataKerala GitHub
2015,Kannur,Kannur,6,PAPPINISSERY CENTRAL,A MAHESH,CPI(M),SC,SC,OpenDataKerala GitHub
2015,Kannur,Kannur,7,KATTAMBALLY,GOURI K,CPI(M),Woman,Woman,OpenDataKerala GitHub
2015,Kannur,Kannur,8,PUTHIYA THERU,PRASANTHAN P,CPI(M),General,General,OpenDataKerala GitHub
2015,Kannur,Kannur,9,CHIRAKKAL,LATHA K,CPI(M),Woman,Woman,OpenDataKerala GitHub
2015,Kannur,Kannur,10,ALAVIL,SREERATHI P,INC,Woman,Woman,OpenDataKerala GitHub
2015,Kannur,Kannur,11,ARAMKOTTAM,JYOTHI P,INC,Woman,Woman,OpenDataKerala GitHub
2015,Kannur,Kannur,12,MEENKUNNU,KUDUVAN PADMANABHAN,CPI(M),General,General,OpenDataKerala GitHub
2015,Kannur,Kannur,13,VANKULATH VAYAL,PRASEETHA P,CPI(M),Woman,Woman,OpenDataKerala GitHub
2015,Kannur,Edakkad,1,KAMBIL,M.AZIZ,IUML,General,General,OpenDataKerala GitHub
2015,Kannur,Edakkad,2,KOLACHERI,K ANILKUMAR,CPI(M),General,General,OpenDataKerala GitHub
2015,Kannur,Edakkad,3,KANHIRODE,AHAMMED KUTTY P C,IUML,General,General,OpenDataKerala GitHub
2015,Kannur,Edakkad,4,THALAMUNDA,V LAKSHMANAN,CPI(M),General,General,OpenDataKerala GitHub
2015,Kannur,Edakkad,5,IRIVERI,RATHNAVALLY.C,CPI,Woman,Woman,OpenDataKerala GitHub
2015,Kannur,Edakkad,6,MAKRERI,C. SANJANA,CPI(M),Woman,Woman,OpenDataKerala GitHub
2015,Kannur,Edakkad,7,MAVILAYI,P.LISI,CPI(M),Woman,Woman,OpenDataKerala GitHub
2015,Kannur,Edakkad,8,KADAMBUR,V.V. SAVITHRI,INC,Woman,Woman,OpenDataKerala GitHub
2015,Kannur,Edakkad,9,KADACHIRA,P.K. LALITHA,CPI(M),Woman,Woman,OpenDataKerala GitHub
2015,Kannur,Edakkad,10,CHALA,M. KADEEJA TEACHER,CPI(M),Woman,Woman,OpenDataKerala GitHub
2015,Kannur,Edakkad,11,CHEMBILODE,M.C. MOHANAN,CPI(M),General,General,OpenDataKerala GitHub
2015,Kannur,Edakkad,12,MOWANCHERRY,NIJIL. N,CPI(M),SC,SC,OpenDataKerala GitHub
2015,Kannur,Edakkad,13,KANACHERRY,K.P. PADMINI,INC,Woman,Woman,OpenDataKerala GitHub
2015,Kannur,Thalassery,1,ANJARAKANDY,RAMYA A,CPI(M),Woman,Woman,OpenDataKerala GitHub
2015,Kannur,Thalassery,2,MUZHAPPALA,K SHYMA,CPI(M),Woman,Woman,OpenDataKerala GitHub
2015,Kannur,Thalassery,3,VENGAD,C K PURUSHOTHAMAN,INC,General,General,OpenDataKerala GitHub
2015,Kannur,Thalassery,4,PADUVILAYI,C K VALSALA,CPI(M),Woman,Woman,OpenDataKerala GitHub
2015,Kannur,Thalassery,5,PATHIRIYAD,VIJINA N,CPI(M),Woman,Woman,OpenDataKerala GitHub
2015,Kannur,Thalassery,6,ERUVATTY,SWEETNA K,CPI(M),Woman,Woman,OpenDataKerala GitHub
2015,Kannur,Thalassery,7,VADAKKUMPAD,VIMALA K,CPI(M),Woman,Woman,OpenDataKerala GitHub
2015,Kannur,Thalassery,8,ERANHOLI,C HAREENDRAN,CPI(M),General,General,OpenDataKerala GitHub
2015,Kannur,Thalassery,9,NEW MAHE,PRADEEP PUTHUKKUDI,CPI,General,General,OpenDataKerala GitHub
2015,Kannur,Thalassery,10,DHARMADAM,SEEMA P,CPI(M),SC,SC,OpenDataKerala GitHub
2015,Kannur,Thalassery,11,KOODAKKADAVU,T K UTHAMAN,CPI(M),General,General,OpenDataKerala GitHub
2015,Kannur,Thalassery,12,MUZHAPPILANGAD,K HAMEED,CPI(M),General,General,OpenDataKerala GitHub
2015,Kannur,Thalassery,13,PALAYAD,M K KANAKAVALLY,CPI(M),General,General,OpenDataKerala GitHub
2015,Kannur,Thalassery,14,PINARAYI,K K RAJEEVAN,CPI(M),General,General,OpenDataKerala GitHub
2015,Kannur,Kuthuparamba,1,VATTIPRAM,C SREEJA,CPI(M),Woman,Woman,OpenDataKerala GitHub
2015,Kannur,Kuthuparamba,2,KANDAMKUNNU,RAYAROTHAN SHEELA,CPI(M),Woman,Woman,OpenDataKerala GitHub
2015,Kannur,Kuthuparamba,3,MANANTHERI,C CHANDRAN,CPI(M),ST,ST,OpenDataKerala GitHub
2015,Kannur,Kuthuparamba,4,CHITTARIPARAMBA,SAVITHRI,CPI,Woman,Woman,OpenDataKerala GitHub
2015,Kannur,Kuthuparamba,5,POYILOOR,THETTATE T P ABOOBACKER,JD(U),General,General,OpenDataKerala GitHub
2015,Kannur,Kuthuparamba,6,KOLAVALLOOR,A V BALAN,CPI(M),General,General,OpenDataKerala GitHub
2015,Kannur,Kuthuparamba,7,KADAVATHOOR,DR.SALMA MAHAMOOD,IUML,Woman,Woman,OpenDataKerala GitHub
2015,Kannur,Kuthuparamba,8,PUTHOOR,SHEEJA,JD(U),Woman,Woman,OpenDataKerala GitHub
2015,Kannur,Kuthuparamba,9,CHENDAYAD,C V ABDULJALEEL,INC,General,General,OpenDataKerala GitHub
2015,Kannur,Kuthuparamba,10,MUTHIYANGA,BEENA P,CPI(M),Woman,Woman,OpenDataKerala GitHub
2015,Kannur,Kuthuparamba,11,PATTIAM,SUJATHA A P,CPI(M),Woman,Woman,OpenDataKerala GitHub
2015,Kannur,Kuthuparamba,12,KOTTAYAM,P K ABOOBACKER,CPI(M),General,General,OpenDataKerala GitHub
2015,Kannur,Kuthuparamba,13,MANGATTIDAM,A ASHOKAN,CPI(M),General,General,OpenDataKerala GitHub
2015,Kannur,Iritty,1,PATTANNUR,K.V. MOHANAN,CPI(M),General,General,OpenDataKerala GitHub
2015,Kannur,Iritty,2,MADATHIL,MOHANAN. K,CPI(M),ST,ST,OpenDataKerala GitHub
2015,Kannur,Iritty,3,VALLITHODE,ANITHA JANIGHAN,INC,Woman,Woman,OpenDataKerala GitHub
2015,Kannur,Iritty,4,CHARAL,BENNY PHILIP,INC,General,General,OpenDataKerala GitHub
2015,Kannur,Iritty,5,ANGADIKKADAVU,JOHN KOCHUKAROTTU,KC(J),General,General,OpenDataKerala GitHub
2015,Kannur,Iritty,6,KEEZHPALLY,DAISY MANI,INC,Woman,Woman,OpenDataKerala GitHub
2015,Kannur,Iritty,7,VELIMANAM,LEELAMMA THOMAS,INC,Woman,Woman,OpenDataKerala GitHub
2015,Kannur,Iritty,8,EDOOR,N.T. ROSAMMA,CPI(M),Woman,Woman,OpenDataKerala GitHub
2015,Kannur,Iritty,9,ALAYAD,V.K. KARTHYAYANI,CPI(M),Woman,Woman,OpenDataKerala GitHub
2015,Kannur,Iritty,10,THILLENKERY,PRASANTHAN.M,NCP,General,General,OpenDataKerala GitHub
2015,Kannur,Iritty,11,KEEZHALLUR,C.K. RAGHAVAN,CPI(M),General,General,OpenDataKerala GitHub
2015,Kannur,Iritty,12,EDAYANNUR,MINI. K.V,CPI(M),Woman,Woman,OpenDataKerala GitHub
2015,Kannur,Iritty,13,KOODALI,B. SEENA PRADEEP,CPI(M),Woman,Woman,OpenDataKerala GitHub
2015,Kannur,Peravoor,1,PALA,SAJITHA.C.V.,INC,Woman,Woman,OpenDataKerala GitHub
2015,Kannur,Peravoor,2,ADAKKATHODU,VARGHEES JOSEPH,INC,General,General,OpenDataKerala GitHub
2015,Kannur,Peravoor,3,AMBAYATHODU,USHA ASHOKUMAR,CPI(M),Woman,Woman,OpenDataKerala GitHub
2015,Kannur,Peravoor,4,KOTTIYOOR,MATHEW PARAMBAN,INC,General,General,OpenDataKerala GitHub
2015,Kannur,Peravoor,5,KELAKAM,VIJAYAN MANAGADAN,INC,ST,ST,OpenDataKerala GitHub
2015,Kannur,Peravoor,6,KOLAKKADU,SHINY BRITTO,KC(M),Woman,Woman,OpenDataKerala GitHub
2015,Kannur,Peravoor,7,PERAVOOR,SHAJI.V,CPI,General,General,OpenDataKerala GitHub
2015,Kannur,Peravoor,8,KOLAYAD,SREEJA PRADEEPAN,CPI(M),Woman,Woman,OpenDataKerala GitHub
2015,Kannur,Peravoor,9,ALACHEREI,K.E.SUDHEESHKUMAR,CPI(M),General,General,OpenDataKerala GitHub
2015,Kannur,Peravoor,10,KANHILERI,HYMAVATHI.V.,CPI(M),Woman,Woman,OpenDataKerala GitHub
2015,Kannur,Peravoor,11,MALUR,VIJITH.K.V.,CPI(M),General,General,OpenDataKerala GitHub
2015,Kannur,Peravoor,12,MURINGODI,NISHA BALAKRISHNAN,CPI(M),Woman,Woman,OpenDataKerala GitHub
2015,Kannur,Peravoor,13,MUZHAKKUNNU,T.PRASANNA,CPI(M),Woman,Woman,OpenDataKerala GitHub
2015,Kannur,Kalliasseri,1,MADAYI,KAMALAKSHI .K.P,CPI(M),Woman,Woman,OpenDataKerala GitHub
2015,Kannur,Kalliasseri,2,CHERUTHAZHAM,UNNI KRISHNAN .T.V,CPI(M),General,General,OpenDataKerala GitHub
2015,Kannur,Kalliasseri,3,PILATHARA,V.V. PREETHA,CPI(M),Woman,Woman,OpenDataKerala GitHub
2015,Kannur,Kalliasseri,4,EZHOME,S.V. ABDUL RASHEED,CPI(M),General,General,OpenDataKerala GitHub
2015,Kannur,Kalliasseri,5,PAZHAYANGADI,E. KRISHNAN,CPI(M),SC,SC,OpenDataKerala GitHub
2015,Kannur,Kalliasseri,6,CHERUKUNNU,P.V. BABU RAJENDRAN,CPI,General,General,OpenDataKerala GitHub
2015,Kannur,Kalliasseri,7,KANNAPURAM,SREEKANDAN .P,CPI(M),General,General,OpenDataKerala GitHub
2015,Kannur,Kalliasseri,8,IRINAVE,P. GOVINDAN,CPI(M),General,General,OpenDataKerala GitHub
2015,Kannur,Kalliasseri,9,KALLIASSERI,GEETHA,CPI(M),Woman,Woman,OpenDataKerala GitHub
2015,Kannur,Kalliasseri,10,NARATH,NISHA .K.P,INC,Woman,Woman,OpenDataKerala GitHub
2015,Kannur,Kalliasseri,11,KANNADIPARAMBA,MUHAMMED ALI ARAMPEEDIKA,IUML,General,General,OpenDataKerala GitHub
2015,Kannur,Kalliasseri,12,MATTOOL SOUTH,C. SAINABA,IUML,Woman,Woman,OpenDataKerala GitHub
2015,Kannur,Kalliasseri,13,MATTOOL NORTH,ROSARIA DANIEL,INC,Woman,Woman,OpenDataKerala GitHub
2015,Kannur,Kalliasseri,14,PUTHIYANGADI,SOUDHA .C.H,IUML,Woman,Woman,OpenDataKerala GitHub
2015,Kannur,Panoor,1,PULLYODE,SHIMI K,CPI(M),Woman,Woman,OpenDataKerala GitHub
2015,Kannur,Panoor,2,KADIRUR,SHYLESH E.K,CPI(M),SC,SC,OpenDataKerala GitHub
2015,Kannur,Panoor,3,CHUNDANGAPOYIL,SUGEESH K,CPI(M),General,General,OpenDataKerala GitHub
2015,Kannur,Panoor,4,VALLIAYI,N.K.THANKAM,CPI(M),Woman,Woman,OpenDataKerala GitHub
2015,Kannur,Panoor,5,MOKERI,K.E.KUNHABDULLA,CPI(M),General,General,OpenDataKerala GitHub
2015,Kannur,Panoor,6,CHAMBAD,K USHA,CPI,Woman,Woman,OpenDataKerala GitHub
2015,Kannur,Panoor,7,PANNIANNUR,K K RAJEEVAN,CPI(M),General,General,OpenDataKerala GitHub
2015,Kannur,Panoor,8,MEKKUNNU,N. ANOOP,CPI(M),General,General,OpenDataKerala GitHub
2015,Kannur,Panoor,9,KANJIRATHIN KEEZHIL,K P SHAMEEMA,CPI(M),Woman,Woman,OpenDataKerala GitHub
2015,Kannur,Panoor,10,CHOKLI,K M SAPNA,CPI(M),Woman,Woman,OpenDataKerala GitHub
2015,Kannur,Panoor,11,NIDUMBRAM,K M VALSALA,CPI(M),Woman,Woman,OpenDataKerala GitHub
2015,Kannur,Panoor,12,MANEKKARA,MANOJ P,CPI(M),General,General,OpenDataKerala GitHub
2015,Kannur,Panoor,13,PONNIAM,K P SATHI,CPI(M),Woman,Woman,OpenDataKerala GitHub
2015,Kasargode,Manjeshwar,1,KUNJATHUR,SRI. MUHAMMED MUSTHAFA,IUML,General,General,OpenDataKerala GitHub
2015,Kasargode,Manjeshwar,2,BADAJE,HASEENA K,INC,Woman,Woman,OpenDataKerala GitHub
2015,Kasargode,Manjeshwar,3,VORKADY,FATHIMATH ZOHARA,IUML,Woman,Woman,OpenDataKerala GitHub
2015,Kasargode,Manjeshwar,4,MULIGADDE,SADASHIVA U,BJP,General,General,OpenDataKerala GitHub
2015,Kasargode,Manjeshwar,5,PERMUDE,K R JAYANANDA,CPI(M),General,General,OpenDataKerala GitHub
2015,Kasargode,Manjeshwar,6,ENMAKAJE,SAPRINA A,INC,Woman,Woman,OpenDataKerala GitHub
2015,Kasargode,Manjeshwar,7,PERLA,SAVITHA BALIKA,BJP,Woman,Woman,OpenDataKerala GitHub
2015,Kasargode,Manjeshwar,8,PUTHIGE,PRADEEP KUMAR,CPI(M),SC,SC,OpenDataKerala GitHub
2015,Kasargode,Manjeshwar,9,ICHILANGODU,ANANTHA RAMA RAI,BJP,General,General,OpenDataKerala GitHub
2015,Kasargode,Manjeshwar,10,BANDIYODU,MISBANA,IUML,Woman,Woman,OpenDataKerala GitHub
2015,Kasargode,Manjeshwar,11,NAYABAZAR,BAHARIN MUHAMMED,IUML,General,General,OpenDataKerala GitHub
2015,Kasargode,Manjeshwar,12,MAJEERPALLA,MAMATHA DIVAKAR,INC,Woman,Woman,OpenDataKerala GitHub
2015,Kasargode,Manjeshwar,13,KADAMBAR,ASHALATHA B M,BJP,Woman,Woman,OpenDataKerala GitHub
2015,Kasargode,Manjeshwar,14,UPPALA,SAIRA BANU,IUML,Woman,Woman,OpenDataKerala GitHub
2015,Kasargode,Manjeshwar,15,MANJESHWAR,A K M ASHRAF,IUML,General,General,OpenDataKerala GitHub
2015,Kasargode,Kasaragod,1,ARIKKADY,U.P. THAHIRA YOUSAF,IUML,Woman,Woman,OpenDataKerala GitHub
2015,Kasargode,Kasaragod,2,KUMBLA,SATHYA SHANKARA BHAT. H,BJP,General,General,OpenDataKerala GitHub
2015,Kasargode,Kasaragod,3,MOGRAL,JANARDHANA. M.N,JD(U),SC,SC,OpenDataKerala GitHub
2015,Kasargode,Kasaragod,4,ERIYAL,HALEEMA SHINNOON. C.A,INC,Woman,Woman,OpenDataKerala GitHub
2015,Kasargode,Kasaragod,5,ULIYATHADKA,PRABHA SHANKARA A,BJP,General,General,OpenDataKerala GitHub
2015,Kasargode,Kasaragod,6,NEERCHAL,AVINASH. V. RAI,BJP,General,General,OpenDataKerala GitHub
2015,Kasargode,Kasaragod,7,PERDALA,A.S AHAMMED,IUML,General,General,OpenDataKerala GitHub
2015,Kasargode,Kasaragod,8,EDANEER,MALLIKA,INC,Woman,Woman,OpenDataKerala GitHub
2015,Kasargode,Kasaragod,9,CHERKALA,KADEEJA MAHAMOOD,IUML,Woman,Woman,OpenDataKerala GitHub
2015,Kasargode,Kasaragod,10,CHENGALA,HAFSATH MUNEER,IUML,Woman,Woman,OpenDataKerala GitHub
2015,Kasargode,Kasaragod,11,BENDICHAL,T.D. KABEER,IUML,General,General,OpenDataKerala GitHub
2015,Kasargode,Kasaragod,12,KALANAD,AYSHA SAHADULLA,IUML,Woman,Woman,OpenDataKerala GitHub
2015,Kasargode,Kasaragod,13,CHEMMANAD,THAHIRA THAJUDDEEN,IUML,Woman,Woman,OpenDataKerala GitHub
2015,Kasargode,Kasaragod,14,CIVIL STATION,C.H. MOHAMMED KUNHI CHAYINDADI,IUML,General,General,OpenDataKerala GitHub
2015,Kasargode,Kasaragod,15,RAMDAS NAGAR,YASHODA,BJP,Woman,Woman,OpenDataKerala GitHub
2015,Kasargode,Kanhangad,1,UDUMA,INDIRA BALAN,CPI(M),Woman,Woman,OpenDataKerala GitHub
2015,Kasargode,Kanhangad,2,KARIPODY,AYSHABI,CPI(M),Woman,Woman,OpenDataKerala GitHub
2015,Kasargode,Kanhangad,3,PANAYAL,GOWRI M,CPI(M),General,General,OpenDataKerala GitHub
2015,Kasargode,Kanhangad,4,PAKKAM,K BHANUMATHI,CPI(M),Woman,Woman,OpenDataKerala GitHub
2015,Kasargode,Kanhangad,5,PERIYA,USHA P,INC,Woman,Woman,OpenDataKerala GitHub
2015,Kasargode,Kanhangad,6,PULLUR,NARAYANAN P,CPI(M),General,General,OpenDataKerala GitHub
2015,Kasargode,Kanhangad,7,MADIKAI,KUNHAMBU M,CPI(M),General,General,OpenDataKerala GitHub
2015,Kasargode,Kanhangad,8,AMBALATHUKARA,YAMUNA N,CPI,Woman,Woman,OpenDataKerala GitHub
2015,Kasargode,Kanhangad,9,VELLIKOTH,SAINABA,CPI(M),Woman,Woman,OpenDataKerala GitHub
2015,Kasargode,Kanhangad,10,AJANUR,KUNHIRAMAN V,CMP(SC),SC,SC,OpenDataKerala GitHub
2015,Kasargode,Kanhangad,11,CHITHARI,KARUNAKARAN KUNNATH,CPI,General,General,OpenDataKerala GitHub
2015,Kasargode,Kanhangad,12,PALLIKARE,ASURABI CV,IUML,Woman,Woman,OpenDataKerala GitHub
2015,Kasargode,Kanhangad,13,PALAKUNNU,ANWAR SADIQUE,INC,General,General,OpenDataKerala GitHub
2015,Kasargode,Nileshwar,1,THURUTHI,SUNITHA.V.V,CPI,Woman,Woman,OpenDataKerala GitHub
2015,Kasargode,Nileshwar,2,CHERUVATHUR,PALATHERA KUNCHIRAMAN,CPI(M),General,General,OpenDataKerala GitHub
2015,Kasargode,Nileshwar,3,KLAIKKODE,SUMITHRA.U,CPI(M),Woman,Woman,OpenDataKerala GitHub
2015,Kasargode,Nileshwar,4,KAYYUR,DILEEP THANKACHAN,CPI(M),General,General,OpenDataKerala GitHub
2015,Kasargode,Nileshwar,5,CHEEMENI,V.P.JANAKI,CPI(M),Woman,Woman,OpenDataKerala GitHub
2015,Kasargode,Nileshwar,6,KODAKKAD,K. NARAYANAN,CPI(M),General,General,OpenDataKerala GitHub
2015,Kasargode,Nileshwar,7,PILICODE,A. KRISHNAN,CPI(M),SC,SC,OpenDataKerala GitHub
2015,Kasargode,Nileshwar,8,UDINOOR,BINDU.K.V,CPI(M),Woman,Woman,OpenDataKerala GitHub
2015,Kasargode,Nileshwar,9,TRIKKARIPUR TOWN,C.RAVI,INC,General,General,OpenDataKerala GitHub
2015,Kasargode,Nileshwar,10,OLAVARA,P.P GEETHA,INDEPENDENT,Woman,Woman,OpenDataKerala GitHub
2015,Kasargode,Nileshwar,11,VELLAP,SAJITHA SAFFARULLA,IUML,Woman,Woman,OpenDataKerala GitHub
2015,Kasargode,Nileshwar,12,VALIYAPARAMBA,M.K MUNEERA,IUML,Woman,Woman,OpenDataKerala GitHub
2015,Kasargode,Nileshwar,13,PADNE,MUSHTHAK. U.K,IUML,General,General,OpenDataKerala GitHub
2015,Kasargode,Karadka,1,MOVVAR,SUNDARA,BJP,SC,SC,OpenDataKerala GitHub
2015,Kasargode,Karadka,2,KUMBADAJE,SATHYAWATHI,BJP,Woman,Woman,OpenDataKerala GitHub
2015,Kasargode,Karadka,3,BELLUR,SHREEDHARA.M,BJP,General,General,OpenDataKerala GitHub
2015,Kasargode,Karadka,4,ADHUR,VARIJAKSHAN. K,INC,General,General,OpenDataKerala GitHub
2015,Kasargode,Karadka,5,DELAMPADY,C.K. KUMARAN,CPI(M),General,General,OpenDataKerala GitHub
2015,Kasargode,Karadka,6,ADOOR,VALSALA,CPI(M),Woman,Woman,OpenDataKerala GitHub
2015,Kasargode,Karadka,7,BANDADUKKA,LILLY THOMAS,INC,Woman,Woman,OpenDataKerala GitHub
2015,Kasargode,Karadka,8,KUTTIKOL,K.T. RAGINI,CPI(M),Woman,Woman,OpenDataKerala GitHub
2015,Kasargode,Karadka,9,BEDAKAM,H. SHANKARAN,CPI(M),ST,ST,OpenDataKerala GitHub
2015,Kasargode,Karadka,10,KUNDAMKUZHY,GOPALAN.P.K,CPI(M),General,General,OpenDataKerala GitHub
2015,Kasargode,Karadka,11,PERLADUKKAM,OMANA RAMACHANDRAN,CPI(M),Woman,Woman,OpenDataKerala GitHub
2015,Kasargode,Karadka,12,MULIYAR,BINDU SREEDHARAN,INC,Woman,Woman,OpenDataKerala GitHub
2015,Kasargode,Karadka,13,KARADUKKA,USHA.K,CPI(M),Woman,Woman,OpenDataKerala GitHub
2015,Kasargode,Parappa,1,KODOM,T BABU,CPI(M),General,General,OpenDataKerala GitHub
2015,Kasargode,Parappa,2,KALLAR,SHAHIDA SULAIMAN,INC,Woman,Woman,OpenDataKerala GitHub
2015,Kasargode,Parappa,3,PANATHADY,LATHA ARAVINDAN,CPI(M),Woman,Woman,OpenDataKerala GitHub
2015,Kasargode,Parappa,4,PANATHUR,RAJAN P,CPI(M),General,General,OpenDataKerala GitHub
2015,Kasargode,Parappa,5,MALOM,MINI MATHEW,INC,Woman,Woman,OpenDataKerala GitHub
2015,Kasargode,Parappa,6,KOTTAMALA,VENUGOPALAN P,INDEPENDENT,General,General,OpenDataKerala GitHub
2015,Kasargode,Parappa,7,CHITTARIKKAL,MARIYAMMA CHACKO,INDEPENDENT,Woman,Woman,OpenDataKerala GitHub
2015,Kasargode,Parappa,8,KAMBALLOOR,RANJITH P R,KC(M),ST,ST,OpenDataKerala GitHub
2015,Kasargode,Parappa,9,ELERI,T K CHANDRAMMA TEACHER,CPI(M),Woman,Woman,OpenDataKerala GitHub
2015,Kasargode,Parappa,10,PARAPPA,RADHA VIJAYAN,CPI(M),ST Woman,ST Woman,OpenDataKerala GitHub
2015,Kasargode,Parappa,11,KINANOOR,V SUDHAKARAN,CPI(M),General,General,OpenDataKerala GitHub
2015,Kasargode,Parappa,12,BALAL,P G DEV,INC,General,General,OpenDataKerala GitHub
2015,Kasargode,Parappa,13,KALICHANADUKKAM,THANKAMANI P V,CPI,Woman,Woman,OpenDataKerala GitHub
2015,Kasargode,Parappa,14,BELUR,P DAMODHARAN,CPI(M),General,General,OpenDataKerala GitHub
2020,Thiruvananthapuram,Varkala,1,KAPPIL,SUNITHA S BABU,CPI(M),Woman,Woman,OpenDataKerala GitHub
2020,Thiruvananthapuram,Varkala,2,ELAKAMON,LENIN RAJ,CPI(M),General,General,OpenDataKerala GitHub
2020,Thiruvananthapuram,Varkala,3,PALAYAMKUNNU,BENNY K G,CPI(M),General,General,OpenDataKerala GitHub
2020,Thiruvananthapuram,Varkala,4,CHEMMARUTHY,K SUSEELAN,CPI(M),SC,SC,OpenDataKerala GitHub
2020,Thiruvananthapuram,Varkala,5,MUTTAPPALAM,JESSY,INC,Woman,Woman,OpenDataKerala GitHub
2020,Thiruvananthapuram,Varkala,6,VADASSERIKKONAM,SMITHA SUNDARESAN,CPI(M),Woman,Woman,OpenDataKerala GitHub
2020,Thiruvananthapuram,Varkala,7,OTTOOR,D S PRADEEP,CPI(M),General,General,OpenDataKerala GitHub
2020,Thiruvananthapuram,Varkala,8,MANAMBOOR,KUNJUMOL G,CPI(M),Woman,Woman,OpenDataKerala GitHub
2020,Thiruvananthapuram,Varkala,9,KAVALAYOOR,AKBAR S,CPI(M),General,General,OpenDataKerala GitHub
2020,Thiruvananthapuram,Varkala,10,CHERUNNIYOOR,REJANI ANIL,CPI(M),SC Woman,SC Woman,OpenDataKerala GitHub
2020,Thiruvananthapuram,Varkala,11,VENNICODE,SHALIB,INC,General,General,OpenDataKerala GitHub
2020,Thiruvananthapuram,Varkala,12,VETTOOR,SURUMI,INC,Woman,Woman,OpenDataKerala GitHub
2020,Thiruvananthapuram,Varkala,13,EDAVA,SEENATH,CPI,Woman,Woman,OpenDataKerala GitHub
2020,Thiruvananthapuram,Kilimanoor,1,PALLICKAL,A. NIHAS,INC,General,General,OpenDataKerala GitHub
2020,Thiruvananthapuram,Kilimanoor,2,MADAVOOR,AFZAL S.R,INC,General,General,OpenDataKerala GitHub
2020,Thiruvananthapuram,Kilimanoor,3,THUMBODE,DEEPA D,CPI(M),Woman,Woman,OpenDataKerala GitHub
2020,Thiruvananthapuram,Kilimanoor,4,PONGANADU,BANSHA BASHEER,INC,General,General,OpenDataKerala GitHub
2020,Thiruvananthapuram,Kilimanoor,5,KILIMANOOR,J. SAJIKUMAR,INC,General,General,OpenDataKerala GitHub
2020,Thiruvananthapuram,Kilimanoor,6,PAZHAYAKUNNUMMEL,SHEELA. A,CPI(M),Woman,Woman,OpenDataKerala GitHub
2020,Thiruvananthapuram,Kilimanoor,7,MANJAPPARA,SARALAMMA .N,CPI(M),Woman,Woman,OpenDataKerala GitHub
2020,Thiruvananthapuram,Kilimanoor,8,PULIMATH,AISHA RASHEED,CPI(M),Woman,Woman,OpenDataKerala GitHub
2020,Thiruvananthapuram,Kilimanoor,9,KODUVAZHANOOR,ADV.SREEJA UNNIKRISHNAN,CPI(M),Woman,Woman,OpenDataKerala GitHub
2020,Thiruvananthapuram,Kilimanoor,10,NAGAROOR,B.P.MURALI,CPI(M),General,General,OpenDataKerala GitHub
2020,Thiruvananthapuram,Kilimanoor,11,VELLALLOR,KUMARI SOBHA .T .S,INC,Woman,Woman,OpenDataKerala GitHub
2020,Thiruvananthapuram,Kilimanoor,12,VANCHIYOOR,KAVITHA .R,CPI(M),SC Woman,SC Woman,OpenDataKerala GitHub
2020,Thiruvananthapuram,Kilimanoor,13,KARAVARAM,PRASEETHA P,CPI,SC Woman,SC Woman,OpenDataKerala GitHub
2020,Thiruvananthapuram,Kilimanoor,14,NAVAIKULAM,THULASEEDHARAN .P,CPI(M),SC,SC,OpenDataKerala GitHub
2020,Thiruvananthapuram,Kilimanoor,15,THRIKKOVILVATTAM,A. J JIHAD,INC,General,General,OpenDataKerala GitHub
2020,Thiruvananthapuram,Chirayinkeezhu,1,KAYIKKARA,JAYA SREERAMAN,CPI(M),Woman,Woman,OpenDataKerala GitHub
2020,Thiruvananthapuram,Chirayinkeezhu,2,VAKKOM,ADV.S.FIROZ LAL,JD(S),General,General,OpenDataKerala GitHub
2020,Thiruvananthapuram,Chirayinkeezhu,3,NILAKKAMUKKU,AJITHA P,CPI(M),SC Woman,SC Woman,OpenDataKerala GitHub
2020,Thiruvananthapuram,Chirayinkeezhu,4,KEEZHATTINGAL,G SREEKALA,CPI(M),Woman,Woman,OpenDataKerala GitHub
2020,Thiruvananthapuram,Chirayinkeezhu,5,MUDAKKAL,KARUNAKARAN NAIR,CPI(M),General,General,OpenDataKerala GitHub
2020,Thiruvananthapuram,Chirayinkeezhu,6,VALAKKAD,JAYASREE P C,CPI(M),Woman,Woman,OpenDataKerala GitHub
2020,Thiruvananthapuram,Chirayinkeezhu,7,EDACKODE,NANDURAJ R P,CPI(M),General,General,OpenDataKerala GitHub
2020,Thiruvananthapuram,Chirayinkeezhu,8,PURAVOOR,A S SREEKANDAN,INC,General,General,OpenDataKerala GitHub
2020,Thiruvananthapuram,Chirayinkeezhu,9,KIZHUVILAM,KAVITHA SANTHOSH,CPI,Woman,Woman,OpenDataKerala GitHub
2020,Thiruvananthapuram,Chirayinkeezhu,10,CHIRAYINKEEZHU,K MOHANAN,CPI(M),SC,SC,OpenDataKerala GitHub
2020,Thiruvananthapuram,Chirayinkeezhu,11,SARKARA,P MANIKANDAN,CPI(M),General,General,OpenDataKerala GitHub
2020,Thiruvananthapuram,Chirayinkeezhu,12,KADAKKAVOOR,RADHIKA PRADEEP,CPI(M),Woman,Woman,OpenDataKerala GitHub
2020,Thiruvananthapuram,Chirayinkeezhu,13,ANCHUTHENGU,JOSPHIN MARTIN,CPI(M),Woman,Woman,OpenDataKerala GitHub
2020,Thiruvananthapuram,Vamanapuram,1,VAMANAPURAM,SREELAL B,CPI(M),ST,ST,OpenDataKerala GitHub
2020,Thiruvananthapuram,Vamanapuram,2,KALLARA,ADV S M RAZY,CPI(M),General,General,OpenDataKerala GitHub
2020,Thiruvananthapuram,Vamanapuram,3,MITHURMMALA,V S ATHIRA,CPI(M),Woman,Woman,OpenDataKerala GitHub
2020,Thiruvananthapuram,Vamanapuram,4,PANGODU,P J SREEKALA,CPI(M),Woman,Woman,OpenDataKerala GitHub
2020,Thiruvananthapuram,Vamanapuram,5,BHARATHANNOOR,MANJU M C,CPI(M),Woman,Woman,OpenDataKerala GitHub
2020,Thiruvananthapuram,Vamanapuram,6,IDINJAR,RIYAS A,CPI(M),General,General,OpenDataKerala GitHub
2020,Thiruvananthapuram,Vamanapuram,7,PERINGAMMALA,BEENA AJMAL A,CPI,Woman,Woman,OpenDataKerala GitHub
2020,Thiruvananthapuram,Vamanapuram,8,PALODE,KOMALAM G,CPI(M),SC Woman,SC Woman,OpenDataKerala GitHub
2020,Thiruvananthapuram,Vamanapuram,9,NANNIYODU,RADHA JAYAPRAKASH,CPI(M),Woman,Woman,OpenDataKerala GitHub
2020,Thiruvananthapuram,Vamanapuram,10,PULLAMPARA,Y V SOBHAKUMAR,CPI(M),SC,SC,OpenDataKerala GitHub
2020,Thiruvananthapuram,Vamanapuram,11,THALAYAL,SUHARA SALIM,INC,Woman,Woman,OpenDataKerala GitHub
2020,Thiruvananthapuram,Vamanapuram,12,PIRAPPANCODU,NANDHU T,CPI(M),General,General,OpenDataKerala GitHub
2020,Thiruvananthapuram,Vamanapuram,13,KOLIYAKODU,K SAJEEV,CPI(M),General,General,OpenDataKerala GitHub
2020,Thiruvananthapuram,Vamanapuram,14,NELLANAD,ASEENA BEEVI,CPI(M),General,General,OpenDataKerala GitHub
2020,Thiruvananthapuram,Vamanapuram,15,MANIKKAMANGALAM,ARUNA C BALAN,CPI,Woman,Woman,OpenDataKerala GitHub
2020,Thiruvananthapuram,Vellanad,1,VITHURA,S L KRISHNAKUMARI,CPI(M),Woman,Woman,OpenDataKerala GitHub
2020,Thiruvananthapuram,Vellanad,2,ANAPPARA,SREELATHA L,CPI(M),Woman,Woman,OpenDataKerala GitHub
2020,Thiruvananthapuram,Vellanad,3,PARANDOD,MUHAMMED SHAJI,INC,General,General,OpenDataKerala GitHub
2020,Thiruvananthapuram,Vellanad,4,ARYANADU,K HARISUDHAN,CPI,General,General,OpenDataKerala GitHub
2020,Thiruvananthapuram,Vellanad,5,KUTTICHAL,T SUNILKUMAR,INC,General,General,OpenDataKerala GitHub
2020,Thiruvananthapuram,Vellanad,6,PEZHUMMOODU,V REMESH,CPI(M),ST,ST,OpenDataKerala GitHub
2020,Thiruvananthapuram,Vellanad,7,VEERANAKAVU,C VIJAYAN,INC,SC,SC,OpenDataKerala GitHub
2020,Thiruvananthapuram,Vellanad,8,AMACHAL,SARALA,INC,Woman,Woman,OpenDataKerala GitHub
2020,Thiruvananthapuram,Vellanad,9,KATTAKKADA,SUNITHA V J,CPI(M),Woman,Woman,OpenDataKerala GitHub
2020,Thiruvananthapuram,Vellanad,10,KILLI,SREEKUTTY L K,INC,Woman,Woman,OpenDataKerala GitHub
2020,Thiruvananthapuram,Vellanad,11,POOVACHAL,USHAVINCENT,CPI,Woman,Woman,OpenDataKerala GitHub
2020,Thiruvananthapuram,Vellanad,12,URIYAKODE,P KAMALARAJ,INC,General,General,OpenDataKerala GitHub
2020,Thiruvananthapuram,Vellanad,13,VELLANAD,INDULEKHA S,INC,Woman,Woman,OpenDataKerala GitHub
2020,Thiruvananthapuram,Vellanad,14,KULAPPADA,A RAHIM,CPI(M),General,General,OpenDataKerala GitHub
2020,Thiruvananthapuram,Vellanad,15,CHAKARAPANIPURAM,KANNAN S LAL,CPI,General,General,OpenDataKerala GitHub
2020,Thiruvananthapuram,Vellanad,16,THOLICODU,FARSANA S.S,INC,Woman,Woman,OpenDataKerala GitHub
2020,Thiruvananthapuram,Nedumangad,1,PANAVOOR,SUSHA P,CPI(M),Woman,Woman,OpenDataKerala GitHub
2020,Thiruvananthapuram,Nedumangad,2,ATTUKAL,T R CHITHRALEKHA,CPI(M),Woman,Woman,OpenDataKerala GitHub
2020,Thiruvananthapuram,Nedumangad,3,CHULLIMANOOR,SREEKUMAR T,INDEPENDENT,SC,SC,OpenDataKerala GitHub
2020,Thiruvananthapuram,Nedumangad,4,ARUVIKKARA,HARILAL V R,CPI(M),General,General,OpenDataKerala GitHub
2020,Thiruvananthapuram,Nedumangad,5,CHERIYAKONNI,V VIJAYAN NAIR,CPI,General,General,OpenDataKerala GitHub
2020,Thiruvananthapuram,Nedumangad,6,KACHANI,SREEKANTAN V,CPI(M),General,General,OpenDataKerala GitHub
2020,Thiruvananthapuram,Nedumangad,7,KARAKULAM,T GEETHA,CPI(M),Woman,Woman,OpenDataKerala GitHub
2020,Thiruvananthapuram,Nedumangad,8,MARUTHOOR,V AMBILI,CPI(M),Woman,Woman,OpenDataKerala GitHub
2020,Thiruvananthapuram,Nedumangad,9,VATTAPPARA,P VAISAKH,CPI,General,General,OpenDataKerala GitHub
2020,Thiruvananthapuram,Nedumangad,10,NANNATTUKAVU,ANUJA A G,CPI,Woman,Woman,OpenDataKerala GitHub
2020,Thiruvananthapuram,Nedumangad,11,VETTINADU,BEENA AJITH,INC,Woman,Woman,OpenDataKerala GitHub
2020,Thiruvananthapuram,Nedumangad,12,VENKAVILA,KANNAN VENKAVILA,CPI(M),General,General,OpenDataKerala GitHub
2020,Thiruvananthapuram,Nedumangad,13,THEKKADA,SREEMATHY R,CPI(M),Woman,Woman,OpenDataKerala GitHub
2020,Thiruvananthapuram,Nemom,1,PULIYARAKONAM,RENUKA. C,CPI(M),Woman,Woman,OpenDataKerala GitHub
2020,Thiruvananthapuram,Nemom,2,VILAPPILSALA,S. SOBHANA KUMARI,INC,Woman,Woman,OpenDataKerala GitHub
2020,Thiruvananthapuram,Nemom,3,MALAYINKEEZHU,S. CHANDRAN NAIR,LJD,General,General,OpenDataKerala GitHub
2020,Thiruvananthapuram,Nemom,4,MARANALLOOR,SANTHA PRABHAKARAN,CPI(M),Woman,Woman,OpenDataKerala GitHub
2020,Thiruvananthapuram,Nemom,5,OOROOTAMBALAM,REJITH,CPI,General,General,OpenDataKerala GitHub
2020,Thiruvananthapuram,Nemom,6,VALIYARATHALA,AJIKUMAR. D.R,BJP,General,General,OpenDataKerala GitHub
2020,Thiruvananthapuram,Nemom,7,BALARAMAPURAM,AKHILA. M.B,CPI(M),SC Woman,SC Woman,OpenDataKerala GitHub
2020,Thiruvananthapuram,Nemom,8,ANTHIYOOR,R. S. VASANTHAKUMARI,CPI(M),Woman,Woman,OpenDataKerala GitHub
2020,Thiruvananthapuram,Nemom,9,POONCODE,ADV. S.K. PREEJA,CPI(M),Woman,Woman,OpenDataKerala GitHub
2020,Thiruvananthapuram,Nemom,10,POONKULAM,VASUNDHARAN. K,CPI(M),General,General,OpenDataKerala GitHub
2020,Thiruvananthapuram,Nemom,11,VELLAYANI,R. JAYALEKSHMI,BJP,Woman,Woman,OpenDataKerala GitHub
2020,Thiruvananthapuram,Nemom,12,PRAVACHAMBALAM,LATHAKUMARI. V,BJP,Woman,Woman,OpenDataKerala GitHub
2020,Thiruvananthapuram,Nemom,13,PALLICHAL,A.T. MANOJ,CPI(M),General,General,OpenDataKerala GitHub
2020,Thiruvananthapuram,Nemom,14,MACHEL,G. SAJINAKUMAR,CPI(M),General,General,OpenDataKerala GitHub
2020,Thiruvananthapuram,Nemom,15,PERUKAVU,MANJU. B,BJP,SC,SC,OpenDataKerala GitHub
2020,Thiruvananthapuram,Nemom,16,PEYAD,R.B. BIJUDAS,CPI(M),General,General,OpenDataKerala GitHub
2020,Thiruvananthapuram,Perumkadavila,1,KALLIKKADU,M.SATHEESH KUMAR,CPI(M),General,General,OpenDataKerala GitHub
2020,Thiruvananthapuram,Perumkadavila,2,AMBOORI,AMBILI T.PUTHOOR,CPI,Woman,Woman,OpenDataKerala GitHub
2020,Thiruvananthapuram,Perumkadavila,3,VELLARADA,ANIE PRASAD J.P,INC,Woman,Woman,OpenDataKerala GitHub
2020,Thiruvananthapuram,Perumkadavila,4,KILIYOOR,SHINE KUMAR.J,CPI,General,General,OpenDataKerala GitHub
2020,Thiruvananthapuram,Perumkadavila,5,PANACHAMOODU,SHYAM.S,INC,General,General,OpenDataKerala GitHub
2020,Thiruvananthapuram,Perumkadavila,6,KUNNATHUKAL,T.VINOD,CPI(M),SC,SC,OpenDataKerala GitHub
2020,Thiruvananthapuram,Perumkadavila,7,KOLLAYIL,THANU PILLAI.V,CPI(M),General,General,OpenDataKerala GitHub
2020,Thiruvananthapuram,Perumkadavila,8,MANCHAVILAKAM,PADMAKUMAR K V,CPI(M),General,General,OpenDataKerala GitHub
2020,Thiruvananthapuram,Perumkadavila,9,PERUMKADAVILA,N.T SHEELAKUMARI,CPI(M),Woman,Woman,OpenDataKerala GitHub
2020,Thiruvananthapuram,Perumkadavila,10,PALIYODU,O.VASANTHA KUMARI,CPI(M),Woman,Woman,OpenDataKerala GitHub
2020,Thiruvananthapuram,Perumkadavila,11,ARYANCODE,I.R SUNITHA,CPI(M),Woman,Woman,OpenDataKerala GitHub
2020,Thiruvananthapuram,Perumkadavila,12,CHEMBOORU,SIMI.R,CPI(M),Woman,Woman,OpenDataKerala GitHub
2020,Thiruvananthapuram,Perumkadavila,13,OTTASEKHARAMANGALAM,LAL KRISHNAN.G,CPI,General,General,OpenDataKerala GitHub
2020,Thiruvananthapuram,Perumkadavila,14,VAZHICHAL,MARY MABEL,INC,Woman,Woman,OpenDataKerala GitHub
2020,Thiruvananthapuram,Athiyannoor,1,MUTTACAUD,K S SAJAN,BJP,General,General,OpenDataKerala GitHub
2020,Thiruvananthapuram,Athiyannoor,2,PERINGAMMALA,JAYAKUMARI S,INC,SC Woman,SC Woman,OpenDataKerala GitHub
2020,Thiruvananthapuram,Athiyannoor,3,PAYATTUVILA,M V MANMOHAN,CPI(M),General,General,OpenDataKerala GitHub
2020,Thiruvananthapuram,Athiyannoor,4,AVANAKUZHI,VISHNU PRASANTH C S,CPI(M),General,General,OpenDataKerala GitHub
2020,Thiruvananthapuram,Athiyannoor,5,KAMUKINCODE,RAJESH S J,CPI(M),SC,SC,OpenDataKerala GitHub
2020,Thiruvananthapuram,Athiyannoor,6,VENPAKAL,SUNITHA RANI B B,CPI(M),Woman,Woman,OpenDataKerala GitHub
2020,Thiruvananthapuram,Athiyannoor,7,NELLIMOODU,ASWATHY CHANDRAN,CPI(M),Woman,Woman,OpenDataKerala GitHub
2020,Thiruvananthapuram,Athiyannoor,8,KANJIRAMKULAM,ADV. D. SUNEESH,BJP,General,General,OpenDataKerala GitHub
2020,Thiruvananthapuram,Athiyannoor,9,LOURDIPURAM,L RANI,CPI,Woman,Woman,OpenDataKerala GitHub
2020,Thiruvananthapuram,Athiyannoor,10,KARUMKULAM,JENET B,INC,Woman,Woman,OpenDataKerala GitHub
2020,Thiruvananthapuram,Athiyannoor,11,PULLUVILA,HESTIN G,CPI(M),General,General,OpenDataKerala GitHub
2020,Thiruvananthapuram,Athiyannoor,12,KOTTUKAL,AJITHAKUMARI,CPI(M),Woman,Woman,OpenDataKerala GitHub
2020,Thiruvananthapuram,Athiyannoor,13,VENGANOOR,JAYA NALINAKSHAN,CPI(M),Woman,Woman,OpenDataKerala GitHub
2020,Thiruvananthapuram,Parassala,1,PUTHANKADA,ANISHA S I,INC,Woman,Woman,OpenDataKerala GitHub
2020,Thiruvananthapuram,Parassala,2,THIRUPURAM,SHINI M,CPI,Woman,Woman,OpenDataKerala GitHub
2020,Thiruvananthapuram,Parassala,3,MARYAPURAM,JOJI J,CPI(M),General,General,OpenDataKerala GitHub
2020,Thiruvananthapuram,Parassala,4,UDHAYANKULANGARA,ADV. RAHIL R NATH,INC,General,General,OpenDataKerala GitHub
2020,Thiruvananthapuram,Parassala,5,NEDIYAMCODE,ADV. S K BEN DARVIN,CPI(M),General,General,OpenDataKerala GitHub
2020,Thiruvananthapuram,Parassala,6,PARASUVAYKKAL,Y SATHEESH,CPI(M),SC,SC,OpenDataKerala GitHub
2020,Thiruvananthapuram,Parassala,7,PARASSALA TOWN,VINUTHA KUMARI L,CPI(M),Woman,Woman,OpenDataKerala GitHub
2020,Thiruvananthapuram,Parassala,8,CHENKAVILA,SALINI SURESH,CPI,Woman,Woman,OpenDataKerala GitHub
2020,Thiruvananthapuram,Parassala,9,KARODE,ADARSH S B,CPI(M),General,General,OpenDataKerala GitHub
2020,Thiruvananthapuram,Parassala,10,KULATHOOR,M KUMAR,CPI(M),General,General,OpenDataKerala GitHub
2020,Thiruvananthapuram,Parassala,11,POZHIYOOR,SONIYA J,CPI(M),Woman,Woman,OpenDataKerala GitHub
2020,Thiruvananthapuram,Parassala,12,POOZHIKUNNU,ALVEDISA A,CPI,Woman,Woman,OpenDataKerala GitHub
2020,Thiruvananthapuram,Parassala,13,ARUMANOOR,S ARYADEVAN,INDEPENDENT,General,General,OpenDataKerala GitHub
2020,Thiruvananthapuram,Parassala,14,POOVAR,RENUKA A K,CPI(M),Woman,Woman,OpenDataKerala GitHub
2020,Thiruvananthapuram,Pothencode,1,AZHOOR,VIJAYAKUMARI G,CPI(M),Woman,Woman,OpenDataKerala GitHub
2020,Thiruvananthapuram,Pothencode,2,MUTTAPPALAM,GANGA,CPI,SC Woman,SC Woman,OpenDataKerala GitHub
2020,Thiruvananthapuram,Pothencode,3,VEILOOR,AJITH KUMAR K. S.,INC,General,General,OpenDataKerala GitHub
2020,Thiruvananthapuram,Pothencode,4,KUDAVOOR,ANEEJA K. S.,CPI(M),Woman,Woman,OpenDataKerala GitHub
2020,Thiruvananthapuram,Pothencode,5,MURUKKUMPUZHA,SHAHEEN M. A.,CPI(M),General,General,OpenDataKerala GitHub
2020,Thiruvananthapuram,Pothencode,6,MANJAMALA,R. ANILKUMAR,CPI,General,General,OpenDataKerala GitHub
2020,Thiruvananthapuram,Pothencode,7,POTHENCODE,SUNIL,CPI(M),SC,SC,OpenDataKerala GitHub
2020,Thiruvananthapuram,Pothencode,8,ANDOORKONAM,ANITHAKUMARY,CPI(M),Woman,Woman,OpenDataKerala GitHub
2020,Thiruvananthapuram,Pothencode,9,KANIYAPURAM,PUSHPAVIJAYAN,INC,Woman,Woman,OpenDataKerala GitHub
2020,Thiruvananthapuram,Pothencode,10,MAITHANI,SHIBILA A,CPI(M),Woman,Woman,OpenDataKerala GitHub
2020,Thiruvananthapuram,Pothencode,11,MENAMKULAM,HARIPRASAD,CPI(M),General,General,OpenDataKerala GitHub
2020,Thiruvananthapuram,Pothencode,12,THUMBA,FRANCIS JAFFERSON,INC,General,General,OpenDataKerala GitHub
2020,Thiruvananthapuram,Pothencode,13,PUTHUKKURICHI,JANET VICTOR,CPI(M),Woman,Woman,OpenDataKerala GitHub
2020,Kollam,Oachira,1,PRAYAR,DEEPTHY RAVEENDRAN,CPI(M),Woman,Woman,OpenDataKerala GitHub
2020,Kollam,Oachira,2,CLAPPANA,SURESH THANUVELI,CPI,General,General,OpenDataKerala GitHub
2020,Kollam,Oachira,3,OACHIRA,SULPHIA SHERIN,CPI(M),Woman,Woman,OpenDataKerala GitHub
2020,Kollam,Oachira,4,CHANGANKULANGARA,GEETHAKUMARY,CPI,Woman,Woman,OpenDataKerala GitHub
2020,Kollam,Oachira,5,THAZHAVA,S SREELETHA,CPI(M),Woman,Woman,OpenDataKerala GitHub
2020,Kollam,Oachira,6,PAVUMBA,MADHU MAVOLIL,CPI(M),General,General,OpenDataKerala GitHub
2020,Kollam,Oachira,7,THODIYOOR,T. RAJEEV,CPI(M),General,General,OpenDataKerala GitHub
2020,Kollam,Oachira,8,KALLELIBHAGAM,SUNITHA ASOK,CPI(M),Woman,Woman,OpenDataKerala GitHub
2020,Kollam,Oachira,9,EDAKKULANGARA,ADV. SUDHEER KARIKKAL,CPI,General,General,OpenDataKerala GitHub
2020,Kollam,Oachira,10,PUTHANTHERUVU,RASHID A VAHID,INC,General,General,OpenDataKerala GitHub
2020,Kollam,Oachira,11,ADINADU,THULASEEDHARAN,CPI(M),SC,SC,OpenDataKerala GitHub
2020,Kollam,Oachira,12,SAKTHIKULANGARA,A.ANIRUDHAN,CPI(M),General,General,OpenDataKerala GitHub
2020,Kollam,Oachira,13,ALAPPADU,SHERLY SREEKUMAR,CPI,Woman,Woman,OpenDataKerala GitHub
2020,Kollam,Oachira,14,AZHEEKKAL,NISHA AJAYAKUMAR .T,CPI(M),Woman,Woman,OpenDataKerala GitHub
2020,Kollam,Sasthamcotta,1,ANAYADY,N PANAKAJAKSHAN,CPI,General,General,OpenDataKerala GitHub
2020,Kollam,Sasthamcotta,2,MALANADA,S SHEEJA,CPI(M),Woman,Woman,OpenDataKerala GitHub
2020,Kollam,Sasthamcotta,3,PORUVAZHY,LATHA K,RSP,SC Woman,SC Woman,OpenDataKerala GitHub
2020,Kollam,Sasthamcotta,4,IVERKALA,RAJI R,CPI(M),General,General,OpenDataKerala GitHub
2020,Kollam,Sasthamcotta,5,KUNNATHOOR,GEETHKUMARI P,CPI,Woman,Woman,OpenDataKerala GitHub
2020,Kollam,Sasthamcotta,6,BHARANICAVU,K SANILKUMAR,CPI(M),SC,SC,OpenDataKerala GitHub
2020,Kollam,Sasthamcotta,7,SASTHAMCOTTA,THUNDIL NOUSHAD,INC,General,General,OpenDataKerala GitHub
2020,Kollam,Sasthamcotta,8,KADAPUZHA,V RATHEESH,CPI,General,General,OpenDataKerala GitHub
2020,Kollam,Sasthamcotta,9,VENGA,Y SHAJAHAN,INC,General,General,OpenDataKerala GitHub
2020,Kollam,Sasthamcotta,10,KADAPPA,RAJI RAMACHANDRAN,INC,Woman,Woman,OpenDataKerala GitHub
2020,Kollam,Sasthamcotta,11,MYNAGAPPALLY,ADV.ANSAR SHAFI,CPI(M),General,General,OpenDataKerala GitHub
2020,Kollam,Sasthamcotta,12,PATHARAM,S SASIKALA,RSP,Woman,Woman,OpenDataKerala GitHub
2020,Kollam,Sasthamcotta,13,SOORANADU SOUTH,P PUSHPAKUMARI,CPI(M),Woman,Woman,OpenDataKerala GitHub
2020,Kollam,Sasthamcotta,14,SOORANADU NORTH,R SUNDARESAN,CPI,General,General,OpenDataKerala GitHub
2020,Kollam,Vettikavala,1,PUTHOOR,VINODINI,INC,Woman,Woman,OpenDataKerala GitHub
2020,Kollam,Vettikavala,2,VENDAR,A. AJI,CPI(M),General,General,OpenDataKerala GitHub
2020,Kollam,Vettikavala,3,KULAKKADA,N. MOHANAN,CPI(M),SC,SC,OpenDataKerala GitHub
2020,Kollam,Vettikavala,4,KALAYAPURAM,RENJITHKUMAR S,CPI,General,General,OpenDataKerala GitHub
2020,Kollam,Vettikavala,5,KOTTATHALA,BINDU O,CPI,SC Woman,SC Woman,OpenDataKerala GitHub
2020,Kollam,Vettikavala,6,MYLOM,DIVYA CHANDRASEKHAR,CPI(M),Woman,Woman,OpenDataKerala GitHub
2020,Kollam,Vettikavala,7,KIZHAKKETHERUVU,ANU VARGHESE,INC,General,General,OpenDataKerala GitHub
2020,Kollam,Vettikavala,8,MELILA,S. ANIL KUMAR,CPI(M),General,General,OpenDataKerala GitHub
2020,Kollam,Vettikavala,9,CHAKKUVARACKAL,GIRIJA RAJ,INC,Woman,Woman,OpenDataKerala GitHub
2020,Kollam,Vettikavala,10,CHIRATTAKONAM,K.M REJI,INC,General,General,OpenDataKerala GitHub
2020,Kollam,Vettikavala,11,VETTIKAVALA,K. HARSHAKUMAR,CPI(M),General,General,OpenDataKerala GitHub
2020,Kollam,Vettikavala,12,VALAKAM,BENZY TEACHER,CPI(M),Woman,Woman,OpenDataKerala GitHub
2020,Kollam,Vettikavala,13,UMMANNOOR,SINI JOSE,CPI,Woman,Woman,OpenDataKerala GitHub
2020,Kollam,Vettikavala,14,PAVITHRESWARAM,ADV. BECHI. B. MALAYIL,CPI,Woman,Woman,OpenDataKerala GitHub
2020,Kollam,Pathanapuram,1,PATTAZHY VADAKKEKARA,RETHY B,CPI(M),SC Woman,SC Woman,OpenDataKerala GitHub
2020,Kollam,Pathanapuram,2,KUNDAYAM,SHEEJA SHANAVAS,INC,Woman,Woman,OpenDataKerala GitHub
2020,Kollam,Pathanapuram,3,PATHANAPURAM,PONNAMMA JAYAN,INC,Woman,Woman,OpenDataKerala GitHub
2020,Kollam,Pathanapuram,4,MANCODE,SULOCHANA K,CPI(M),Woman,Woman,OpenDataKerala GitHub
2020,Kollam,Pathanapuram,5,PUNNALA,SONY C,CPI(M),Woman,Woman,OpenDataKerala GitHub
2020,Kollam,Pathanapuram,6,PIRAVANTHOOR,R AROMALUNNI,KC(M),General,General,OpenDataKerala GitHub
2020,Kollam,Pathanapuram,7,KAMUKUMCHERI,ADV KARIYARA NASEER,IUML,General,General,OpenDataKerala GitHub
2020,Kollam,Pathanapuram,8,ELAMPAL,VIJAYAN C,CPI(M),General,General,OpenDataKerala GitHub
2020,Kollam,Pathanapuram,9,KUNNICODE,C SAJEEVAN,CPI(M),General,General,OpenDataKerala GitHub
2020,Kollam,Pathanapuram,10,THALAVOOR,ANANDAVALLY A,CPI(M),SC,SC,OpenDataKerala GitHub
2020,Kollam,Pathanapuram,11,NADUTHERI,GAYATHRI DEVI,INC,Woman,Woman,OpenDataKerala GitHub
2020,Kollam,Pathanapuram,12,PIDAVOOR,M J YADHU KRISHNAN,INC,General,General,OpenDataKerala GitHub
2020,Kollam,Pathanapuram,13,PATTAZHY,SUBHAKUMARI S,INC,Woman,Woman,OpenDataKerala GitHub
2020,Kollam,Anchal,1,EDAMON,N KOMALAKUMAR,CPI,General,General,OpenDataKerala GitHub
2020,Kollam,Anchal,2,ARYANKAVU,LEKHA GOPALAKRISHNAN,CPI(M),Woman,Woman,OpenDataKerala GitHub
2020,Kollam,Anchal,3,THENMALA,REJIOOMMEN,KC(M),General,General,OpenDataKerala GitHub
2020,Kollam,Anchal,4,KULATHUPUZHA,REENASHAJAHAN,INC,Woman,Woman,OpenDataKerala GitHub
2020,Kollam,Anchal,5,THINKALKARIKKOM,E K SUDHEER,CPI,General,General,OpenDataKerala GitHub
2020,Kollam,Anchal,6,ALAYAMON,MANEESH M,CPI(M),SC,SC,OpenDataKerala GitHub
2020,Kollam,Anchal,7,ANCHAL,A SAKEER HUSSAIN,INC,General,General,OpenDataKerala GitHub
2020,Kollam,Anchal,8,EDAMULACKAL,RADHA RAJENDRAN,CPI,Woman,Woman,OpenDataKerala GitHub
2020,Kollam,Anchal,9,ARACKAL,KEERTHI PRASANTH,CPI(M),Woman,Woman,OpenDataKerala GitHub
2020,Kollam,Anchal,10,KURUVIKKONAM,MAYAKUMARI S,CPI(M),Woman,Woman,OpenDataKerala GitHub
2020,Kollam,Anchal,11,MATHRA,K C JOSE,CPI,General,General,OpenDataKerala GitHub
2020,Kollam,Anchal,12,VENCHEMBU,K C ASHOK KUMAR,CPI(M),General,General,OpenDataKerala GitHub
2020,Kollam,Anchal,13,KARAVALOOR,OMANA MURALI,CPI(M),Woman,Woman,OpenDataKerala GitHub
2020,Kollam,Anchal,14,YEROOR,SOBHA S,CPI(M),SC Woman,SC Woman,OpenDataKerala GitHub
2020,Kollam,Anchal,15,AYIRANALLOOR,SANDHYA BINU,CPI,Woman,Woman,OpenDataKerala GitHub
2020,Kollam,Kottarakara,1,THEVALAPPURAM,LEELAMMA M,CPI(M),SC Woman,SC Woman,OpenDataKerala GitHub
2020,Kollam,Kottarakara,2,NEDUVATHUR,MINI K,CPI,Woman,Woman,OpenDataKerala GitHub
2020,Kollam,Kottarakara,3,MUTTARA,K.I LETHEESH,CPI(M),General,General,OpenDataKerala GitHub
2020,Kollam,Kottarakara,4,ODANAVATTOM,DIVYA SAJITH,CPI(M),Woman,Woman,OpenDataKerala GitHub
2020,Kollam,Kottarakara,5,VELIYAM,SAJANI BHADRAN,CPI,Woman,Woman,OpenDataKerala GitHub
2020,Kollam,Kottarakara,6,MYLODU,GEETHA GEORGE,INC,Woman,Woman,OpenDataKerala GitHub
2020,Kollam,Kottarakara,7,POOYAPPALLY,BINDHU B,CPI,Woman,Woman,OpenDataKerala GitHub
2020,Kollam,Kottarakara,8,KOTTARA,G THOMAS,CPI(M),General,General,OpenDataKerala GitHub
2020,Kollam,Kottarakara,9,NEDUMONKAVU,ABHILASH A.,CPI(M),General,General,OpenDataKerala GitHub
2020,Kollam,Kottarakara,10,KAREEPRA,M. THANKAPPAN,CPI(M),General,General,OpenDataKerala GitHub
2020,Kollam,Kottarakara,11,THRIPPALAZHIKAM,M SIVAPRASAD,CPI,SC,SC,OpenDataKerala GitHub
2020,Kollam,Kottarakara,12,EZHUKONE,MINI ANIL,CPI,Woman,Woman,OpenDataKerala GitHub
2020,Kollam,Kottarakara,13,IRUMPANANGADU,S H KANAKADAS,INC,General,General,OpenDataKerala GitHub
2020,Kollam,Chittumala,1,MUNDROTHURUTH,B JAYACHANDRAN,CPI(M),General,General,OpenDataKerala GitHub
2020,Kollam,Chittumala,2,KIZHAKKE KALLADA,USHA DEVI P,CPI,Woman,Woman,OpenDataKerala GitHub
2020,Kollam,Chittumala,3,CHITTUMALA,JAYADEVI MOHAN,CPI(M),Woman,Woman,OpenDataKerala GitHub
2020,Kollam,Chittumala,4,MULAVANA,BETSY ROY,CPI(M),Woman,Woman,OpenDataKerala GitHub
2020,Kollam,Chittumala,5,PERAYAM,ADV ARUN ALEX,KC(M)PJJ,General,General,OpenDataKerala GitHub
2020,Kollam,Chittumala,6,KUNDARA,S SYAM,CPI(M),SC,SC,OpenDataKerala GitHub
2020,Kollam,Chittumala,7,NANTHIRIKKAL,EJEENDRALEKHA I M,CPI(M),Woman,Woman,OpenDataKerala GitHub
2020,Kollam,Chittumala,8,KERALAPURAM,DINESH B,CPI,General,General,OpenDataKerala GitHub
2020,Kollam,Chittumala,9,PERINAD,SUNIL KUMAR M,BJP,General,General,OpenDataKerala GitHub
2020,Kollam,Chittumala,10,PERUMON,BINDHU B,CPI(M),SC Woman,SC Woman,OpenDataKerala GitHub
2020,Kollam,Chittumala,11,PANAYAM,SHEELAKUMARI O,CPI,Woman,Woman,OpenDataKerala GitHub
2020,Kollam,Chittumala,12,KANJAVELI,M ANIL KUMAR,CPI(M),General,General,OpenDataKerala GitHub
2020,Kollam,Chittumala,13,KANJIRAMKUZHI,SHAHINA S,CPI,Woman,Woman,OpenDataKerala GitHub
2020,Kollam,Chavara,1,VADAKKUMTHALA,NISHA SUNEESH,INC,Woman,Woman,OpenDataKerala GitHub
2020,Kollam,Chavara,2,THEVALAKKARA,SUMAYYA ASHRAF,CPI(M),Woman,Woman,OpenDataKerala GitHub
2020,Kollam,Chavara,3,ARINALLOOR,SAJI ANIL,CPI(M),Woman,Woman,OpenDataKerala GitHub
2020,Kollam,Chavara,4,MUKUNDAPURAM,SOFIYA SALAM,RSP,Woman,Woman,OpenDataKerala GitHub
2020,Kollam,Chavara,5,KOYIVILA,JOSE VIMALRAJ S S,INC,General,General,OpenDataKerala GitHub
2020,Kollam,Chavara,6,THEKKUMBHAGOM,ADV. SHAJI S PALLIPPADAN,CPI,General,General,OpenDataKerala GitHub
2020,Kollam,Chavara,7,NEENDAKARA,JOY ANTONY,CPI(M),General,General,OpenDataKerala GitHub
2020,Kollam,Chavara,8,CHAVARA,PRIYA SHINU,RSP,Woman,Woman,OpenDataKerala GitHub
2020,Kollam,Chavara,9,KOTTAMKULANGARA,JIJI R,INC,Woman,Woman,OpenDataKerala GitHub
2020,Kollam,Chavara,10,SANKARAMANGALAM,C RATHEESH,CPI(M),SC,SC,OpenDataKerala GitHub
2020,Kollam,Chavara,11,KOVILTHOTTAM,SANTHOSH THUPPASSERY,INC,General,General,OpenDataKerala GitHub
2020,Kollam,Chavara,12,VADUTHALA,M PRASANNAN UNNITHAN,INC,General,General,OpenDataKerala GitHub
2020,Kollam,Chavara,13,PANMANA,ZEENATH A,IUML,Woman,Woman,OpenDataKerala GitHub
2020,Kollam,Mukhathala,1,PEROOR,H.HUSSAIN,CPI(M),General,General,OpenDataKerala GitHub
2020,Kollam,Mukhathala,2,KOTTAMKARA,K SATHEESAN,CPI(M),SC,SC,OpenDataKerala GitHub
2020,Kollam,Mukhathala,3,KERALAPURAM,FAROOK NIZAR PUTHENKADA,CPI,General,General,OpenDataKerala GitHub
2020,Kollam,Mukhathala,4,ELAMPALLOOR,SUSEELA TEACHER,CPI(M),Woman,Woman,OpenDataKerala GitHub
2020,Kollam,Mukhathala,5,PERUMPUZHA,SREEJA . C,CPI(M),Woman,Woman,OpenDataKerala GitHub
2020,Kollam,Mukhathala,6,PAZHANGALAM,JISHA ANIL,CPI(M),Woman,Woman,OpenDataKerala GitHub
2020,Kollam,Mukhathala,7,PALLIMON,NISHA SAJAN,CPI,Woman,Woman,OpenDataKerala GitHub
2020,Kollam,Mukhathala,8,NEDUMPANA,FAIZAL KULAPPADAM,INC,General,General,OpenDataKerala GitHub
2020,Kollam,Mukhathala,9,KUREEPPALLY,YESODHA.B,CPI(M),SC Woman,SC Woman,OpenDataKerala GitHub
2020,Kollam,Mukhathala,10,KANNANALLOOR,M.SAJEEV,CPI,General,General,OpenDataKerala GitHub
2020,Kollam,Mukhathala,11,KOTTIYAM,SUDHEER.S,CPI(M),General,General,OpenDataKerala GitHub
2020,Kollam,Mukhathala,12,PULLICHIRA,SANDHYA BIJU,CPI(M),Woman,Woman,OpenDataKerala GitHub
2020,Kollam,Mukhathala,13,MAYYANAD,CELIA.R,CPI(M),Woman,Woman,OpenDataKerala GitHub
2020,Kollam,Mukhathala,14,UMAYANALLOOR,K.SHEELA,CPI(M),Woman,Woman,OpenDataKerala GitHub
2020,Kollam,Mukhathala,15,THRIKKOVILVATTOM,SURJITH,CPI(M),General,General,OpenDataKerala GitHub
2020,Kollam,Ithikkara,1,ADICHANALLOOR,SREELAL M,INC,General,General,OpenDataKerala GitHub
2020,Kollam,Ithikkara,2,EDANADU,NIRMALA VARGHESE,CPI,Woman,Woman,OpenDataKerala GitHub
2020,Kollam,Ithikkara,3,CHATHANNOOR NORTH,A DASTHAKEER,CPI(M),General,General,OpenDataKerala GitHub
2020,Kollam,Ithikkara,4,KALLUVATHUKKAL,ASHA S,INC,SC Woman,SC Woman,OpenDataKerala GitHub
2020,Kollam,Ithikkara,5,VELAMANOOR,SARITHA PRATHAP,CPI(M),Woman,Woman,OpenDataKerala GitHub
2020,Kollam,Ithikkara,6,MEENAMBALAM,ROHINI S R,BJP,General,General,OpenDataKerala GitHub
2020,Kollam,Ithikkara,7,CHIRAKKARA,N SARMA,CPI(M),SC,SC,OpenDataKerala GitHub
2020,Kollam,Ithikkara,8,PUTHENKULAM,SANITHA RAJEEV,CPI,Woman,Woman,OpenDataKerala GitHub
2020,Kollam,Ithikkara,9,POOTHAKKULAM,M K SREEKUMAR,CPI(M),General,General,OpenDataKerala GitHub
2020,Kollam,Ithikkara,10,KALAKKODU,N SADANADAN PILLAI,CPI,General,General,OpenDataKerala GitHub
2020,Kollam,Ithikkara,11,NEDUNGOLAM,SAKUNTHALA C,CPI,Woman,Woman,OpenDataKerala GitHub
2020,Kollam,Ithikkara,12,CHATHANNOOR,SINI AJAYAN,CPI(M),Woman,Woman,OpenDataKerala GitHub
2020,Kollam,Ithikkara,13,KOTTIYAM,BINDHU SHIBU,CPI(M),Woman,Woman,OpenDataKerala GitHub
2020,Kollam,Chadayamangalam,1,AMPALAMKUNNU,ADV.R. JAYANTHY DEVI,CPI,Woman,Woman,OpenDataKerala GitHub
2020,Kollam,Chadayamangalam,2,ELAMADU,G.VIKRAMAN PIILLAI,CPI(M),General,General,OpenDataKerala GitHub
2020,Kollam,Chadayamangalam,3,ELAVAKKODU,HARI V NAIR,CPI,General,General,OpenDataKerala GitHub
2020,Kollam,Chadayamangalam,4,ITTIVA,A. NOUSHAD,CPI,General,General,OpenDataKerala GitHub
2020,Kollam,Chadayamangalam,5,CHUNDA,G.DINESH KUMAR,CPI(M),General,General,OpenDataKerala GitHub
2020,Kollam,Chadayamangalam,6,THUDAYANNOOR,LATHIKA VIDHYADHARAN,CPI(M),Woman,Woman,OpenDataKerala GitHub
2020,Kollam,Chadayamangalam,7,CHITHARA,K. USHA,CPI(M),Woman,Woman,OpenDataKerala GitHub
2020,Kollam,Chadayamangalam,8,CHAKKAMALA,ASEENA.S,CPI,Woman,Woman,OpenDataKerala GitHub
2020,Kollam,Chadayamangalam,9,MATHIRA,S. ARUN KUMAR,INC,General,General,OpenDataKerala GitHub
2020,Kollam,Chadayamangalam,10,KUMMIL,RADHIKA. S,CPI(M),SC Woman,SC Woman,OpenDataKerala GitHub
2020,Kollam,Chadayamangalam,11,KADAKKAL,SUDHIN KADAKKAL,CPI,General,General,OpenDataKerala GitHub
2020,Kollam,Chadayamangalam,12,ALTHARAMOODU,SHAJI. S,CPI(M),Woman,Woman,OpenDataKerala GitHub
2020,Kollam,Chadayamangalam,13,NILAMEL,S. L. SUJITH,INC,SC,SC,OpenDataKerala GitHub
2020,Kollam,Chadayamangalam,14,CHADAYAMANGALAM,N.S SALEENA,CPI(M),Woman,Woman,OpenDataKerala GitHub
2020,Kollam,Chadayamangalam,15,OYOOR,KARINGANNOOR SUSHAMA,CPI(M),Woman,Woman,OpenDataKerala GitHub
2020,Pathanamthitta,Mallappally,1,MUKKOOR,MATHEW (BABU KOODATHIL),JD(S),General,General,OpenDataKerala GitHub
2020,Pathanamthitta,Mallappally,2,ANIKAD,LAILA ALEXANDER,KC(M)PJJ,Woman,Woman,OpenDataKerala GitHub
2020,Pathanamthitta,Mallappally,3,PUNNAVELI,SUDHI KUMAR,CPI(M),SC,SC,OpenDataKerala GitHub
2020,Pathanamthitta,Mallappally,4,KOTTANGAL,BINDU CHANDRAMOHAN,CPI(M),Woman,Woman,OpenDataKerala GitHub
2020,Pathanamthitta,Mallappally,5,KOTTANADU,EAPEN VARUGHESE,INDEPENDENT,General,General,OpenDataKerala GitHub
2020,Pathanamthitta,Mallappally,6,CHALAPPALLY,ADV.PRAKASHKUMAR CHARALEL,INC,General,General,OpenDataKerala GitHub
2020,Pathanamthitta,Mallappally,7,KEEZHVAIPUR,ANNIE RAJU,CPI(M),Woman,Woman,OpenDataKerala GitHub
2020,Pathanamthitta,Mallappally,8,MALLAPPALLY,SINDHU SUBASH KUMAR,INC,Woman,Woman,OpenDataKerala GitHub
2020,Pathanamthitta,Mallappally,9,MADUKOLI,NJANAMANI MOHANAN,INC,SC Woman,SC Woman,OpenDataKerala GitHub
2020,Pathanamthitta,Mallappally,10,KALLOOPPARA,AMBILI PRASAD,INC,Woman,Woman,OpenDataKerala GitHub
2020,Pathanamthitta,Mallappally,11,KAVIYOOR,REEMI LITTY KAIPALLIL,KC(M),Woman,Woman,OpenDataKerala GitHub
2020,Pathanamthitta,Mallappally,12,KOTTOOR,JOSEPH JOHN,CPI(M),General,General,OpenDataKerala GitHub
2020,Pathanamthitta,Mallappally,13,KUNNAMTHANAM,C.N.MOHANAN,CPI(M),General,General,OpenDataKerala GitHub
2020,Pathanamthitta,Pulikeezhu,1,CHATHANKERY,ARUNDHATHI ASHOK,INC,Woman,Woman,OpenDataKerala GitHub
2020,Pathanamthitta,Pulikeezhu,2,MEPRAL,SOMAN THAMARACHALIL,INDEPENDENT,General,General,OpenDataKerala GitHub
2020,Pathanamthitta,Pulikeezhu,3,KARACKAL,ANU C K,CPI,Woman,Woman,OpenDataKerala GitHub
2020,Pathanamthitta,Pulikeezhu,4,PULIKEEZHU,CHANDRALEKHA,CPI(M),Woman,Woman,OpenDataKerala GitHub
2020,Pathanamthitta,Pulikeezhu,5,VENPALA,VISHAK VENPALA,INC,General,General,OpenDataKerala GitHub
2020,Pathanamthitta,Pulikeezhu,6,KUTTOOR,RAJALAKSHMI K S,BJP,Woman,Woman,OpenDataKerala GitHub
2020,Pathanamthitta,Pulikeezhu,7,OTHARA,JINU THOMPUMKUZHY,INC,General,General,OpenDataKerala GitHub
2020,Pathanamthitta,Pulikeezhu,8,PARUMALA,LIJI R PANICKER,INC,Woman,Woman,OpenDataKerala GitHub
2020,Pathanamthitta,Pulikeezhu,9,KADAPRA,ADV.VIGI NINAN,NCP,Woman,Woman,OpenDataKerala GitHub
2020,Pathanamthitta,Pulikeezhu,10,NIRANAM,ABRAHAM( RAJU PULIMPALLIL),KC(M)PJJ,General,General,OpenDataKerala GitHub
2020,Pathanamthitta,Pulikeezhu,11,KOMBANKERY,ANISH M B,CPI(M),SC,SC,OpenDataKerala GitHub
2020,Pathanamthitta,Pulikeezhu,12,KANNASSA,MARIAMMA ABRAHAM,JD(S),Woman,Woman,OpenDataKerala GitHub
2020,Pathanamthitta,Pulikeezhu,13,NEDUMPROM,BINILKUMAR,CPI(M),General,General,OpenDataKerala GitHub
2020,Pathanamthitta,Koipuram,1,ERAVIPEROOR,ELSA THOMAS,KC(M)PJJ,Woman,Woman,OpenDataKerala GitHub
2020,Pathanamthitta,Koipuram,2,PURAMATTOM,SOSAMMA JOSEPH,CPI(M),Woman,Woman,OpenDataKerala GitHub
2020,Pathanamthitta,Koipuram,3,THELLIYOOR,LALU THOMAS,INC,General,General,OpenDataKerala GitHub
2020,Pathanamthitta,Koipuram,4,EZHUMATTOOR,VALSALA K K,CPI(M),Woman,Woman,OpenDataKerala GitHub
2020,Pathanamthitta,Koipuram,5,EDACKADU,JESSY SUSAN JOSEPH (SUSAN PHILIP),CPI(M),Woman,Woman,OpenDataKerala GitHub
2020,Pathanamthitta,Koipuram,6,PLANKAMON,SAJI (UNNI PLACHERY),INC,General,General,OpenDataKerala GitHub
2020,Pathanamthitta,Koipuram,7,AYROOR,V PRASAD,CPI(M),General,General,OpenDataKerala GitHub
2020,Pathanamthitta,Koipuram,8,CHARALKKUNNU,ANISH KUMAR C S,INC,SC,SC,OpenDataKerala GitHub
2020,Pathanamthitta,Koipuram,9,MARAMON,ELCY CHRISTOPHER,INC,Woman,Woman,OpenDataKerala GitHub
2020,Pathanamthitta,Koipuram,10,PULLAD,AJITHA K,INC,Woman,Woman,OpenDataKerala GitHub
2020,Pathanamthitta,Koipuram,11,POOVATHOOR,ANISH KUNNAPUZHA,CPI(M),General,General,OpenDataKerala GitHub
2020,Pathanamthitta,Koipuram,12,OTHERA,GIGI JOHN MATHEW,INC,Woman,Woman,OpenDataKerala GitHub
2020,Pathanamthitta,Koipuram,13,NANNOOR,RAJEEV N S,CPI(M),General,General,OpenDataKerala GitHub
2020,Pathanamthitta,Elanthoor,1,KOZHENCHERRY,SARAMMA SHAJAN,INC,Woman,Woman,OpenDataKerala GitHub
2020,Pathanamthitta,Elanthoor,2,CHERUKOLE,ANNAMMA.P.V,KC(M),Woman,Woman,OpenDataKerala GitHub
2020,Pathanamthitta,Elanthoor,3,KEEKOZHOOR,SAM.P.THOMAS,CPI(M),General,General,OpenDataKerala GitHub
2020,Pathanamthitta,Elanthoor,4,KADAMMANITTA,V.P.ABRAHAM,KC(M)PJJ,General,General,OpenDataKerala GitHub
2020,Pathanamthitta,Elanthoor,5,NARANGANAM,ANISHA.K.R,NCP,SC Woman,SC Woman,OpenDataKerala GitHub
2020,Pathanamthitta,Elanthoor,6,PARIYARAM,ATHIRA JAYAN,CPI(M),Woman,Woman,OpenDataKerala GitHub
2020,Pathanamthitta,Elanthoor,7,PRAKKANAM,KALA AJITH,INC,Woman,Woman,OpenDataKerala GitHub
2020,Pathanamthitta,Elanthoor,8,PUTHENPEEDIKA,J.INDIRADEVI,CPI(M),Woman,Woman,OpenDataKerala GitHub
2020,Pathanamthitta,Elanthoor,9,OMALLOOR,V.G.SREEVIDYA,CPI(M),SC,SC,OpenDataKerala GitHub
2020,Pathanamthitta,Elanthoor,10,CHENNEERKARA,ABHILASH VISWANATH,CPI(M),General,General,OpenDataKerala GitHub
2020,Pathanamthitta,Elanthoor,11,ELANTHOOR,AJI ALEX,INC,General,General,OpenDataKerala GitHub
2020,Pathanamthitta,Elanthoor,12,KUZHIKKALA,SALY LALU PUNNAKADU,INC,Woman,Woman,OpenDataKerala GitHub
2020,Pathanamthitta,Elanthoor,13,MALLAPUZHASSERY,JIJI CHERIAN MATHEW,INC,General,General,OpenDataKerala GitHub
2020,Pathanamthitta,Ranni,1,MAKKAPUZHA,SUJA M S,KC(J),Woman,Woman,OpenDataKerala GitHub
2020,Pathanamthitta,Ranni,2,PAZHAVANGADI,VALSAMMA,INC,Woman,Woman,OpenDataKerala GitHub
2020,Pathanamthitta,Ranni,3,NARANAMMOOZHY,GRACY THOMAS,INC,Woman,Woman,OpenDataKerala GitHub
2020,Pathanamthitta,Ranni,4,VECHOOCHIRA,SATHEESH K PANICKER,INC,General,General,OpenDataKerala GitHub
2020,Pathanamthitta,Ranni,5,KOLLAMULA,K M MATHEW,INC,General,General,OpenDataKerala GitHub
2020,Pathanamthitta,Ranni,6,PERUNADU,K S GOPI,CPI(M),SC,SC,OpenDataKerala GitHub
2020,Pathanamthitta,Ranni,7,ANGAMOOZHY,SUJA P S,CPI,Woman,Woman,OpenDataKerala GitHub
2020,Pathanamthitta,Ranni,8,SEETHATHODU,NABEESATH BEEVI K M,CPI(M),Woman,Woman,OpenDataKerala GitHub
2020,Pathanamthitta,Ranni,9,CHITTAR,SHIJI MOHAN,CPI(M),Woman,Woman,OpenDataKerala GitHub
2020,Pathanamthitta,Ranni,10,VADASSERIKKARA,KOMALAM ANIRUDHAN,CPI(M),General,General,OpenDataKerala GitHub
2020,Pathanamthitta,Ranni,11,VALIYAKULAM,ADV THOMAS T MATHEW,INC,General,General,OpenDataKerala GitHub
2020,Pathanamthitta,Ranni,12,RANNI,NAYANA SABU,CPI(M),Woman,Woman,OpenDataKerala GitHub
2020,Pathanamthitta,Ranni,13,ANGADI,JACOB STEPHEN,CPI(M),General,General,OpenDataKerala GitHub
2020,Pathanamthitta,Konni,1,MYLAPRA,ELSY EASOW,INC,Woman,Woman,OpenDataKerala GitHub
2020,Pathanamthitta,Konni,2,MALAYALAPPUZHA,SUJATHA ANIL,CPI(M),Woman,Woman,OpenDataKerala GitHub
2020,Pathanamthitta,Konni,3,KONNI-THAZHAM,RAHUL VETTOOR,CPI(M),SC,SC,OpenDataKerala GitHub
2020,Pathanamthitta,Konni,4,ATHUMBUMKULAM,PRAVEEN PLAVILAYIL,INC,General,General,OpenDataKerala GitHub
2020,Pathanamthitta,Konni,5,THANNITHODE,AMBILI M V,INC,Woman,Woman,OpenDataKerala GitHub
2020,Pathanamthitta,Konni,6,VAKAYAR,R DEVAKUMAR,INC,General,General,OpenDataKerala GitHub
2020,Pathanamthitta,Konni,7,ARUVAPPULAM,VARGHESE BABY,CPI(M),General,General,OpenDataKerala GitHub
2020,Pathanamthitta,Konni,8,KONNI,THULASIMONYAMMA,CPI(M),Woman,Woman,OpenDataKerala GitHub
2020,Pathanamthitta,Konni,9,V-KOTTAYAM,PRAMOD,INC,General,General,OpenDataKerala GitHub
2020,Pathanamthitta,Konni,10,KAIPATTOOR,NEETHU CHARLY,CPI(M),General,General,OpenDataKerala GitHub
2020,Pathanamthitta,Konni,11,VALLIKKODE,PRASANNA RAJAN,CPI(M),Woman,Woman,OpenDataKerala GitHub
2020,Pathanamthitta,Konni,12,PRAMADOM,SREEKALA NAIR,INC,Woman,Woman,OpenDataKerala GitHub
2020,Pathanamthitta,Pandalam,1,ARATTUPUZHA,ANILA S NAIR,BJP,Woman,Woman,OpenDataKerala GitHub
2020,Pathanamthitta,Pandalam,2,ARANMULA,JULIE DILEEP,CPI(M),Woman,Woman,OpenDataKerala GitHub
2020,Pathanamthitta,Pandalam,3,MOOLOOR,RAJITHA KUNJUMON,CPI(M),SC Woman,SC Woman,OpenDataKerala GitHub
2020,Pathanamthitta,Pandalam,4,THUMPAMON THAZHAM,PAUL RAJAN,CPI(M),General,General,OpenDataKerala GitHub
2020,Pathanamthitta,Pandalam,5,THUMPAMON,LALY JOHN,INC,Woman,Woman,OpenDataKerala GitHub
2020,Pathanamthitta,Pandalam,6,THATTAYIL,SANTHOSH KUMAR,BJP,SC,SC,OpenDataKerala GitHub
2020,Pathanamthitta,Pandalam,7,PONGALADY,V M MADHU,CPI,General,General,OpenDataKerala GitHub
2020,Pathanamthitta,Pandalam,8,VIJAYAPURAM,REKHA ANIL,CPI,Woman,Woman,OpenDataKerala GitHub
2020,Pathanamthitta,Pandalam,9,KULANADA,JOHNSON ULLANNOOR,INC,General,General,OpenDataKerala GitHub
2020,Pathanamthitta,Pandalam,10,ULLANNOOR,SOBHA MADHU,BJP,SC Woman,SC Woman,OpenDataKerala GitHub
2020,Pathanamthitta,Pandalam,11,MEZHUVELY,B S ANEESHMON,CPI(M),General,General,OpenDataKerala GitHub
2020,Pathanamthitta,Pandalam,12,VALLANA,LEENA C P,INC,General,General,OpenDataKerala GitHub
2020,Pathanamthitta,Pandalam,13,NEERVILAKAM,ASWATHY VINOJ,CPI(M),Woman,Woman,OpenDataKerala GitHub
2020,Pathanamthitta,Parakkode,1,PALLICKAL,ADV.ARYA VIJAYAN,CPI(M),Woman,Woman,OpenDataKerala GitHub
2020,Pathanamthitta,Parakkode,2,PAZHAKULAM,A P SANTHOSH,CPI,General,General,OpenDataKerala GitHub
2020,Pathanamthitta,Parakkode,3,PERINGANADU,P B BABU,CPI,SC,SC,OpenDataKerala GitHub
2020,Pathanamthitta,Parakkode,4,VADAKKADATHUKAVU,ROSHAN JACOB,CPI(M),General,General,OpenDataKerala GitHub
2020,Pathanamthitta,Parakkode,5,EZHAMKULAM,MANJU M,CPI,SC Woman,SC Woman,OpenDataKerala GitHub
2020,Pathanamthitta,Parakkode,6,KODUMON,KUNJANNAMMAKUNJU,CPI(M),Woman,Woman,OpenDataKerala GitHub
2020,Pathanamthitta,Parakkode,7,ANGADICKAL,ADV.R.B.RAJEVVKUMAR,CPI(M),General,General,OpenDataKerala GitHub
2020,Pathanamthitta,Parakkode,8,NEDUMONKAVU,SUJA ANIL,CPI(M),SC Woman,SC Woman,OpenDataKerala GitHub
2020,Pathanamthitta,Parakkode,9,KOODAL,P.V.JAYAKUMAR,CPI(M),General,General,OpenDataKerala GitHub
2020,Pathanamthitta,Parakkode,10,KALANJOOR,M.P.MANIYAMMA,CPI,Woman,Woman,OpenDataKerala GitHub
2020,Pathanamthitta,Parakkode,11,ELAMANNOOR,MANJU S,CPI(M),Woman,Woman,OpenDataKerala GitHub
2020,Pathanamthitta,Parakkode,12,KAITHAPARAMBU,R.THULASEEDHARAN PILLAI,CPI(M),General,General,OpenDataKerala GitHub
2020,Pathanamthitta,Parakkode,13,ENATHU,T.SARASWATHY,CPI(M),Woman,Woman,OpenDataKerala GitHub
2020,Pathanamthitta,Parakkode,14,VELUTHAMBI DALAVA,SHIBU.S,CPI(M),General,General,OpenDataKerala GitHub
2020,Pathanamthitta,Parakkode,15,KADAMPANADU,VIMALA MADHU,INC,Woman,Woman,OpenDataKerala GitHub
2020,Alappuzha,Thycattussery,1,AROOKUTTY,ANIMOL,INC,Woman,Woman,OpenDataKerala GitHub
2020,Alappuzha,Thycattussery,2,PERUMBALAM,SOBHANAKUMARI M,CPI(M),Woman,Woman,OpenDataKerala GitHub
2020,Alappuzha,Thycattussery,3,VAZHATHARAVELI,C P VINODKUMAR,INC,General,General,OpenDataKerala GitHub
2020,Alappuzha,Thycattussery,4,POOCHACKAL,ADV:V R REJITHA,CPI,Woman,Woman,OpenDataKerala GitHub
2020,Alappuzha,Thycattussery,5,THEVARVATTOM,N K JANARDANAN,CPI,SC,SC,OpenDataKerala GitHub
2020,Alappuzha,Thycattussery,6,MAKKEKADAVU,DEEPISH MON K M,CPI,General,General,OpenDataKerala GitHub
2020,Alappuzha,Thycattussery,7,PALLIPPURAM,ADV.JAYASREE BIJU,CPI(M),Woman,Woman,OpenDataKerala GitHub
2020,Alappuzha,Thycattussery,8,THIRUNALLOOR,UDAYAMMA SHAJI,CPI(M),Woman,Woman,OpenDataKerala GitHub
2020,Alappuzha,Thycattussery,9,PALLUVELI,SMITHA,CPI,Woman,Woman,OpenDataKerala GitHub
2020,Alappuzha,Thycattussery,10,THYCATTUSSERY,DEEPA SAJEEV,CPI(M),Woman,Woman,OpenDataKerala GitHub
2020,Alappuzha,Thycattussery,11,THALIYAPARAMBU,P M PRAMOD,CPI(M),General,General,OpenDataKerala GitHub
2020,Alappuzha,Thycattussery,12,THRICHATTUKULAM,RAJESH,CPI(M),General,General,OpenDataKerala GitHub
2020,Alappuzha,Thycattussery,13,NADUVATH NAGAR,ANEES N K,IUML,General,General,OpenDataKerala GitHub
2020,Alappuzha,Pattanakkad,1,AROOR WEST,VIJAYAKUMARI,CPI(M),SC Woman,SC Woman,OpenDataKerala GitHub
2020,Alappuzha,Pattanakkad,2,AROOR EAST,MARY DASAN,INC,Woman,Woman,OpenDataKerala GitHub
2020,Alappuzha,Pattanakkad,3,ERAMALLOOR,N.K.RAJEEVAN,INC,General,General,OpenDataKerala GitHub
2020,Alappuzha,Pattanakkad,4,CHAMMANADU,R.JEEVAN,CPI(M),General,General,OpenDataKerala GitHub
2020,Alappuzha,Pattanakkad,5,KUTHIATHODE,LATHA SASIDHARAN,CPI(M),Woman,Woman,OpenDataKerala GitHub
2020,Alappuzha,Pattanakkad,6,NALUKULANGARA,GEETHA SHAJI,CPI(M),Woman,Woman,OpenDataKerala GitHub
2020,Alappuzha,Pattanakkad,7,THURAVOOR,ANEESH.A.U,CPI(M),General,General,OpenDataKerala GitHub
2020,Alappuzha,Pattanakkad,8,PATTANAKKAD,V.K.SABU,CPI,SC,SC,OpenDataKerala GitHub
2020,Alappuzha,Pattanakkad,9,VAYALAR,S.V.BABU,CPI(M),General,General,OpenDataKerala GitHub
2020,Alappuzha,Pattanakkad,10,KALAVAMKODAM,ARCHANA.M.A,CPI(M),Woman,Woman,OpenDataKerala GitHub
2020,Alappuzha,Pattanakkad,11,VETTACKAL,JAYA PRATHAPAN,CPI(M),Woman,Woman,OpenDataKerala GitHub
2020,Alappuzha,Pattanakkad,12,MANAKKODAM,MARY TELSIA,CPI,Woman,Woman,OpenDataKerala GitHub
2020,Alappuzha,Pattanakkad,13,CHANGAROM,N.SAJI,CPI(M),General,General,OpenDataKerala GitHub
2020,Alappuzha,Pattanakkad,14,EZHUPUNNA,P.P.ANILKUMAR,INC,General,General,OpenDataKerala GitHub
2020,Alappuzha,Kanjikuzhy,1,THYKKAL BEACH,RANI GEORGE,INC,Woman,Woman,OpenDataKerala GitHub
2020,Alappuzha,Kanjikuzhy,2,KADAKKARAPALLY,S.SHIJI,CPI,General,General,OpenDataKerala GitHub
2020,Alappuzha,Kanjikuzhy,3,KURUPPAMKULANGARA,N D SHIMMY,CPI(M),General,General,OpenDataKerala GitHub
2020,Alappuzha,Kanjikuzhy,4,THANNEERMUKKOM,V K MUKUNDAN,CPI(M),SC,SC,OpenDataKerala GitHub
2020,Alappuzha,Kanjikuzhy,5,PUTHANANGADI,U S SAJEEV,NCP,General,General,OpenDataKerala GitHub
2020,Alappuzha,Kanjikuzhy,6,SREEKANDAMANGALAM,MINI BIJU,CPI,Woman,Woman,OpenDataKerala GitHub
2020,Alappuzha,Kanjikuzhy,7,ELLATHUKAVU,SUDHASURESH,CPI(M),Woman,Woman,OpenDataKerala GitHub
2020,Alappuzha,Kanjikuzhy,8,KANJIKKUZHY,BIJI ANILKUMAR,CPI(M),Woman,Woman,OpenDataKerala GitHub
2020,Alappuzha,Kanjikuzhy,9,MAYITHARA,P S SREELATHA,CPI(M),Woman,Woman,OpenDataKerala GitHub
2020,Alappuzha,Kanjikuzhy,10,MARARIKULAM,ANITHA THILAKAN,CPI,Woman,Woman,OpenDataKerala GitHub
2020,Alappuzha,Kanjikuzhy,11,KANICHUKULANGARA,V G MOHANAN,CPI(M),General,General,OpenDataKerala GitHub
2020,Alappuzha,Kanjikuzhy,12,THIRUVIZHA,RAJANI DASAPPAN,CPI(M),Woman,Woman,OpenDataKerala GitHub
2020,Alappuzha,Kanjikuzhy,13,CHENNAVELI,K P VINOD,CPI(M),General,General,OpenDataKerala GitHub
2020,Alappuzha,Aryad,1,VALAVANADU,M RAJEESH,CPI(M),General,General,OpenDataKerala GitHub
2020,Alappuzha,Aryad,2,BLOCK OFFICE WARD,T. S SUYAMOL,CPI,Woman,Woman,OpenDataKerala GitHub
2020,Alappuzha,Aryad,3,MUHAMMA,SINDHU RAJEEV,CPI(M),Woman,Woman,OpenDataKerala GitHub
2020,Alappuzha,Aryad,4,PUTHANANGADI,M S LATHA,CPI(M),Woman,Woman,OpenDataKerala GitHub
2020,Alappuzha,Aryad,5,MANNANCHERRY,P A SABEENA,INC,Woman,Woman,OpenDataKerala GitHub
2020,Alappuzha,Aryad,6,KALAVOOR,THILAKAMMA V.M,CPI(M),Woman,Woman,OpenDataKerala GitHub
2020,Alappuzha,Aryad,7,POOMTHOPPU,SARAVANAN T K,CPI(M),General,General,OpenDataKerala GitHub
2020,Alappuzha,Aryad,8,CHARAMPARAMPU,AJIKUMAR CHITTEZHAM,INC,General,General,OpenDataKerala GitHub
2020,Alappuzha,Aryad,9,KAITHATHIL,K D MAHEENDRAN,CPI(M),General,General,OpenDataKerala GitHub
2020,Alappuzha,Aryad,10,IKYABHARATHAM,V K PRAKASH BABU,CPI(M),General,General,OpenDataKerala GitHub
2020,Alappuzha,Aryad,11,PATHIRAPPALLY,INDIRA THILAKAN,CPI(M),Woman,Woman,OpenDataKerala GitHub
2020,Alappuzha,Aryad,12,SARVODAYAPURAM,CICILY (KUNJUMOL SHAJI),CPI(M),General,General,OpenDataKerala GitHub
2020,Alappuzha,Aryad,13,KATTOOR,C.R SARASAKUMAR,CPI,SC,SC,OpenDataKerala GitHub
2020,Alappuzha,Ambalapuzha,1,VADACKAL,PRITTY THOMAS,INC,SC,SC,OpenDataKerala GitHub
2020,Alappuzha,Ambalapuzha,2,BLOCK OFFICE,ADV SHEEBA RAKESH,CPI(M),General,General,OpenDataKerala GitHub
2020,Alappuzha,Ambalapuzha,3,ARAVUKADU,SATHY RAMESH,CPI(M),Woman,Woman,OpenDataKerala GitHub
2020,Alappuzha,Ambalapuzha,4,VANDANAM,V R ASHOKAN,CPI,Woman,Woman,OpenDataKerala GitHub
2020,Alappuzha,Ambalapuzha,5,KAKKAZHAM,V ANITHA TEACHER,CPI(M),General,General,OpenDataKerala GitHub
2020,Alappuzha,Ambalapuzha,6,AMBALAPUZHA,R JAYARAJAN,CPI(M),Woman,Woman,OpenDataKerala GitHub
2020,Alappuzha,Ambalapuzha,7,THOTTAPPALLY,R RAJI (UNNI),CPI(M),Woman,Woman,OpenDataKerala GitHub
2020,Alappuzha,Ambalapuzha,8,PURAKKAD,SREEJA TEACHER,LJD,General,General,OpenDataKerala GitHub
2020,Alappuzha,Ambalapuzha,9,KAROOR,G VENULAL,CPI(M),Woman,Woman,OpenDataKerala GitHub
2020,Alappuzha,Ambalapuzha,10,AMBALAPUZHA GOV. COLLEGE,SREEJA RATHEESH,CPI(M),Woman,Woman,OpenDataKerala GitHub
2020,Alappuzha,Ambalapuzha,11,M C H,ADV PRADEEPTHY SAJITH,CPI(M),General,General,OpenDataKerala GitHub
2020,Alappuzha,Ambalapuzha,12,PUNNAPRA,M SHEEJA,CPI,General,General,OpenDataKerala GitHub
2020,Alappuzha,Ambalapuzha,13,POLYTECHNIC,BIBI VIDYANANDAN,CPI(M),Woman,Woman,OpenDataKerala GitHub
2020,Alappuzha,Champakulam,1,KUTTANANGALAM,SHEELA SAJEEV,CPI(M),General,General,OpenDataKerala GitHub
2020,Alappuzha,Champakulam,2,MANCOMPU THEKKEKARA,SREEDEVI RAJENDRAN,CPI(M),SC,SC,OpenDataKerala GitHub
2020,Alappuzha,Champakulam,3,EDATHUA,JINCY JOLLY,INC,General,General,OpenDataKerala GitHub
2020,Alappuzha,Champakulam,4,NADUVILEMURI,MERIN ANN MATHEW,INDEPENDENT,Woman,Woman,OpenDataKerala GitHub
2020,Alappuzha,Champakulam,5,THALAVADY,AJITHKUMAR PISHARATH,BJP,Woman,Woman,OpenDataKerala GitHub
2020,Alappuzha,Champakulam,6,ANAPRAMBAL,ANNIE EPPAN,INC,General,General,OpenDataKerala GitHub
2020,Alappuzha,Champakulam,7,PACHA,S SREEJITH,INC,Woman,Woman,OpenDataKerala GitHub
2020,Alappuzha,Champakulam,8,THAKAZHY,MADANLAL (MANU POOPPALLIL),CPI(M),Woman,Woman,OpenDataKerala GitHub
2020,Alappuzha,Champakulam,9,NADUBHAGOM,JAYASREE VENUGOPAL,INC,General,General,OpenDataKerala GitHub
2020,Alappuzha,Champakulam,10,CHEMPUMPURAM,GOKUL SHAJI,INC,Woman,Woman,OpenDataKerala GitHub
2020,Alappuzha,Champakulam,11,CHAMPAKULAM,M.S SREEKANTH,CPI,Woman,Woman,OpenDataKerala GitHub
2020,Alappuzha,Champakulam,12,NEDUMUDY,RAJANI AJITHKUMAR,CPI(M),General,General,OpenDataKerala GitHub
2020,Alappuzha,Champakulam,13,KAINKARY,MADHU C KOLANGARA,INC,Woman,Woman,OpenDataKerala GitHub
2020,Alappuzha,Veliyanad,1,NEELAMPERROR,SARITHA SANTHOSH,CPI(M),Woman,Woman,OpenDataKerala GitHub
2020,Alappuzha,Veliyanad,2,NARAKATHARA,SABITHA RAJESH,CPI(M),Woman,Woman,OpenDataKerala GitHub
2020,Alappuzha,Veliyanad,3,VELIYANAD,VISWAMBHARAN M V,CPI,SC,SC,OpenDataKerala GitHub
2020,Alappuzha,Veliyanad,4,KIDANGARA,C V RAJEEV,INC,General,General,OpenDataKerala GitHub
2020,Alappuzha,Veliyanad,5,MUTTAR,BEENA JOSEPH,CPI,Woman,Woman,OpenDataKerala GitHub
2020,Alappuzha,Veliyanad,6,MITHRAKARY,VENUGOPAL P K,CPI(M),General,General,OpenDataKerala GitHub
2020,Alappuzha,Veliyanad,7,VEZHAPRA,PRAMOD CHANDRAN,INC,General,General,OpenDataKerala GitHub
2020,Alappuzha,Veliyanad,8,RAMANKARY,ASHA JOSEPH,INC,Woman,Woman,OpenDataKerala GitHub
2020,Alappuzha,Veliyanad,9,PULINCUNNU,ROJY JOSEPH,JKC,General,General,OpenDataKerala GitHub
2020,Alappuzha,Veliyanad,10,MANCOMPU,ASHA DAS(ASHAMOL),CPI(M),General,General,OpenDataKerala GitHub
2020,Alappuzha,Veliyanad,11,COLLEGE,ADV.PREETHY SAJI,KC(M),Woman,Woman,OpenDataKerala GitHub
2020,Alappuzha,Veliyanad,12,KUNNUMMA,SANDHYA SURESH,CPI(M),Woman,Woman,OpenDataKerala GitHub
2020,Alappuzha,Veliyanad,13,KAVALAM,SOUMYA MOHAN,CPI(M),Woman,Woman,OpenDataKerala GitHub
2020,Alappuzha,Chengannur,1,THIRUVANVANDOOR,SUJANYA GOPI,BJP,SC,SC,OpenDataKerala GitHub
2020,Alappuzha,Chengannur,2,VANAVATHUKKARA,RESHMI SUBASH,BJP,Woman,Woman,OpenDataKerala GitHub
2020,Alappuzha,Chengannur,3,MULAKKUZHA,BEENA CHIRAMEL,CPI(M),Woman,Woman,OpenDataKerala GitHub
2020,Alappuzha,Chengannur,4,AREEKKARA,RADHABHAI. K. R,CPI(M),General,General,OpenDataKerala GitHub
2020,Alappuzha,Chengannur,5,VENMONEY EAST,JEBIN P VARGHESE,CPI(M),General,General,OpenDataKerala GitHub
2020,Alappuzha,Chengannur,6,VENMONEY WEST,SHERLY SAJAN,INC,Woman,Woman,OpenDataKerala GitHub
2020,Alappuzha,Chengannur,7,ALA,ALEENA VENU,INC,SC Woman,SC Woman,OpenDataKerala GitHub
2020,Alappuzha,Chengannur,8,CHERUVALLUR,K M SALIM,CPI,General,General,OpenDataKerala GitHub
2020,Alappuzha,Chengannur,9,CHERIYANAD,SWARNAMMA,CPI(M),Woman,Woman,OpenDataKerala GitHub
2020,Alappuzha,Chengannur,10,PULIYOOR,SUJA RAJEEV,CPI,Woman,Woman,OpenDataKerala GitHub
2020,Alappuzha,Chengannur,11,ENNAKKADU,RAJESH A,BJP,General,General,OpenDataKerala GitHub
2020,Alappuzha,Chengannur,12,BUDHANOOR,K R MOHANAN,INC,General,General,OpenDataKerala GitHub
2020,Alappuzha,Chengannur,13,PANDANAD,ELSY KOSHY,INC,Woman,Woman,OpenDataKerala GitHub
2020,Alappuzha,Haripad,1,KARUVATTA NORTH,ANASALI M M,CPI(M),General,General,OpenDataKerala GitHub
2020,Alappuzha,Haripad,2,CHERUTHANA,SNEHA R.V NAIR,INC,Woman,Woman,OpenDataKerala GitHub
2020,Alappuzha,Haripad,3,VEEYAPURAM,OMANA P,CPI(M),Woman,Woman,OpenDataKerala GitHub
2020,Alappuzha,Haripad,4,NEENDOOR,SANTHY KRISHNA P,CPI(M),SC,SC,OpenDataKerala GitHub
2020,Alappuzha,Haripad,5,PALLIPPAD,GEORGE VARGHESE,CPI,General,General,OpenDataKerala GitHub
2020,Alappuzha,Haripad,6,CHERUTHANA ANARI,PRASAD KUMAR N,CPI(M),General,General,OpenDataKerala GitHub
2020,Alappuzha,Haripad,7,THAMALLACKAL,YAMUNA L,CPI(M),Woman,Woman,OpenDataKerala GitHub
2020,Alappuzha,Haripad,8,KUMARAPURAM,RENJITH C.S,CPI(M),General,General,OpenDataKerala GitHub
2020,Alappuzha,Haripad,9,KARTHIKAPPALLY,VALSALA T.R,CPI(M),Woman,Woman,OpenDataKerala GitHub
2020,Alappuzha,Haripad,10,KARTHIKAPPALLY WEST,SOBHA S,CPI(M),Woman,Woman,OpenDataKerala GitHub
2020,Alappuzha,Haripad,11,THRIKKUNNAPPUZHA,SUDHILAL S,INC,General,General,OpenDataKerala GitHub
2020,Alappuzha,Haripad,12,PALLANA,NADIRA SHAKKIR,INC,Woman,Woman,OpenDataKerala GitHub
2020,Alappuzha,Haripad,13,KARUVATTA SOUTH,RUGMINI RAJU,CPI(M),Woman,Woman,OpenDataKerala GitHub
2020,Alappuzha,Mavelikara,1,MANNAR,ANIL S AMBILI,CPI(M),General,General,OpenDataKerala GitHub
2020,Alappuzha,Mavelikara,2,KUTTAMPERROR,B.K PRASAD,CPI(M),General,General,OpenDataKerala GitHub
2020,Alappuzha,Mavelikara,3,CHENNITHALA,SUKUMARY THANKACHAN,CPI(M),Woman,Woman,OpenDataKerala GitHub
2020,Alappuzha,Mavelikara,4,THAZHAKKARA,SHEELA G K,CPI(M),Woman,Woman,OpenDataKerala GitHub
2020,Alappuzha,Mavelikara,5,ERAVANKARA,MANU PHILIP,INC,General,General,OpenDataKerala GitHub
2020,Alappuzha,Mavelikara,6,VETTIYAR,SHEELA RAVEENDRAN UNNITHAN,CPI(M),Woman,Woman,OpenDataKerala GitHub
2020,Alappuzha,Mavelikara,7,KURATHIKAD,GIRIJA K,CPI(M),Woman,Woman,OpenDataKerala GitHub
2020,Alappuzha,Mavelikara,8,PUTHENKULANGARA,R AJAYAN,CPI(M),SC,SC,OpenDataKerala GitHub
2020,Alappuzha,Mavelikara,9,PALLARIMANGALAM,SREENATH,CPI(M),General,General,OpenDataKerala GitHub
2020,Alappuzha,Mavelikara,10,EREZHA,INDIRA DAS,CPI(M),SC Woman,SC Woman,OpenDataKerala GitHub
2020,Alappuzha,Mavelikara,11,CHETTIKULANGARA,PRADEEP K,CPI,General,General,OpenDataKerala GitHub
2020,Alappuzha,Mavelikara,12,KARAZHMA,TINU VARGHESE,INC,Woman,Woman,OpenDataKerala GitHub
2020,Alappuzha,Mavelikara,13,VALIYAPERUMPUZHA,UMAYAMMA ( UMATHARANATH),CPI(M),Woman,Woman,OpenDataKerala GitHub
2020,Alappuzha,Bharanickavu,1,BHARANIKKAV,SYAMALA DEVI M,CPI(M),Woman,Woman,OpenDataKerala GitHub
2020,Alappuzha,Bharanickavu,2,CHUNAKKARA,PRASANNA PRASANNAN,CPI(M),Woman,Woman,OpenDataKerala GitHub
2020,Alappuzha,Bharanickavu,3,NOORANAD,G PURUSHOTHAMAN,CPI(M),General,General,OpenDataKerala GitHub
2020,Alappuzha,Bharanickavu,4,PADANILAM,BRINDA S,CPI(M),Woman,Woman,OpenDataKerala GitHub
2020,Alappuzha,Bharanickavu,5,PALAMEL,R.SUJA,CPI,Woman,Woman,OpenDataKerala GitHub
2020,Alappuzha,Bharanickavu,6,PANAYIL,K SUMA,CPI(M),SC Woman,SC Woman,OpenDataKerala GitHub
2020,Alappuzha,Bharanickavu,7,L.S.WARD,S RAJANI,CPI(M),Woman,Woman,OpenDataKerala GitHub
2020,Alappuzha,Bharanickavu,8,CHARUMMOODU,SINUKHAN,CPI,General,General,OpenDataKerala GitHub
2020,Alappuzha,Bharanickavu,9,THAMARAKKULAM,SANTHI,CPI(M),Woman,Woman,OpenDataKerala GitHub
2020,Alappuzha,Bharanickavu,10,KANNANAKUZHY,SURESH THOMAS NINAN,INC,General,General,OpenDataKerala GitHub
2020,Alappuzha,Bharanickavu,11,VALLIKUNNAM,K VIJAYAN,CPI,SC,SC,OpenDataKerala GitHub
2020,Alappuzha,Bharanickavu,12,MANACKAD,K V ABHILASH KUMAR,CPI(M),General,General,OpenDataKerala GitHub
2020,Alappuzha,Bharanickavu,13,KATTANAM,A M HASHIR,CPI(M),General,General,OpenDataKerala GitHub
2020,Alappuzha,Muthukulam,1,MANGALAM,AJITHA.S.,INC,Woman,Woman,OpenDataKerala GitHub
2020,Alappuzha,Muthukulam,2,CHINGOLI,ANUSHYA.U.,CPI(M),Woman,Woman,OpenDataKerala GitHub
2020,Alappuzha,Muthukulam,3,CHEPPAD,M.SIVAPRASAD,CPI(M),General,General,OpenDataKerala GitHub
2020,Alappuzha,Muthukulam,4,EVOOR,G.UNNIKRISHNAN,CPI(M),General,General,OpenDataKerala GitHub
2020,Alappuzha,Muthukulam,5,PATHIYOOR EAST,MANI VISWANADH,CPI,Woman,Woman,OpenDataKerala GitHub
2020,Alappuzha,Muthukulam,6,PULLIKKANAKKU,OACHIRA CHANDRAN,CPI,SC,SC,OpenDataKerala GitHub
2020,Alappuzha,Muthukulam,7,KRISHNAPURAM,SREEJI PRAKASH,CPI(M),Woman,Woman,OpenDataKerala GitHub
2020,Alappuzha,Muthukulam,8,DEVIKULANGARA,VAYALIL NOUSHAD,CPI(M),General,General,OpenDataKerala GitHub
2020,Alappuzha,Muthukulam,9,KANDALLOOR SOUTH,AMBUJAKSHY TEACHER,CPI(M),General,General,OpenDataKerala GitHub
2020,Alappuzha,Muthukulam,10,PATHIYOOR WEST,M.JANUSHA,CPI(M),Woman,Woman,OpenDataKerala GitHub
2020,Alappuzha,Muthukulam,11,CHOOLATHERUVE,GEETHA SREEJI,CPI(M),Woman,Woman,OpenDataKerala GitHub
2020,Alappuzha,Muthukulam,12,MUTHUKULAM,BINDHU SUBHASH,CPI(M),Woman,Woman,OpenDataKerala GitHub
2020,Alappuzha,Muthukulam,13,KANDALLOOR,SUNIL KOPPARETH,INC,General,General,OpenDataKerala GitHub
2020,Alappuzha,Muthukulam,14,ARATTUPUZHA SOUTH,DR.SANTHOSH.P.V.,CPI(M),General,General,OpenDataKerala GitHub
2020,Kottayam,Vaikom,1,CHEMPU,JASEELA NAVAS,CPI(M),Woman,Woman,OpenDataKerala GitHub
2020,Kottayam,Vaikom,2,BRAHMAMANGALAM,M.K.SEEMON,CPI,General,General,OpenDataKerala GitHub
2020,Kottayam,Vaikom,3,MARAVANTHURUTHU,RESHMA PRAVEEN,CPI(M),Woman,Woman,OpenDataKerala GitHub
2020,Kottayam,Vaikom,4,VAIKAPRAYAR,SULOCHANA PRABHAKARAN,CPI,Woman,Woman,OpenDataKerala GitHub
2020,Kottayam,Vaikom,5,THOTTAKOM,SUJATHA MADHU,CPI,SC Woman,SC Woman,OpenDataKerala GitHub
2020,Kottayam,Vaikom,6,EDAYAZHAM,S.MANOJKUMAR,INC,General,General,OpenDataKerala GitHub
2020,Kottayam,Vaikom,7,VECHOOR,VEENA,CPI(M),Woman,Woman,OpenDataKerala GitHub
2020,Kottayam,Vaikom,8,KOTHAVARA,ADV.K.K.RENJITH,CPI(M),General,General,OpenDataKerala GitHub
2020,Kottayam,Vaikom,9,T V PURAM,S.BIJU,CPI,General,General,OpenDataKerala GitHub
2020,Kottayam,Vaikom,10,CHEMMANATHUKARA,RANIMOL M.K.,CPI(M),Woman,Woman,OpenDataKerala GitHub
2020,Kottayam,Vaikom,11,UDAYANAPURAM,K.S.GOPINATHAN,CPI(M),General,General,OpenDataKerala GitHub
2020,Kottayam,Vaikom,12,NEREKADAVU,O.M.UDAYAPPAN,CPI(M),SC,SC,OpenDataKerala GitHub
2020,Kottayam,Vaikom,13,KULASEKHARAMANGALAM,SALILA P.R.,CPI(M),Woman,Woman,OpenDataKerala GitHub
2020,Kottayam,Kaduthuruthy,1,VADAKARA,SANDHYA P K,CPI,SC Woman,SC Woman,OpenDataKerala GitHub
2020,Kottayam,Kaduthuruthy,2,VELLOOR,AMAL BHASKARAN,CPI(M),SC,SC,OpenDataKerala GitHub
2020,Kottayam,Kaduthuruthy,3,MULAKULAM,K KAILASHNATH,CPI(M),General,General,OpenDataKerala GitHub
2020,Kottayam,Kaduthuruthy,4,KEEZHOOR,SUBIN MATHEW,INC,General,General,OpenDataKerala GitHub
2020,Kottayam,Kaduthuruthy,5,NJEEZHOOR,SCARIA VARKEY,CPI(M),General,General,OpenDataKerala GitHub
2020,Kottayam,Kaduthuruthy,6,KATTAMPACK,NALINI RADHAKRISHNAN,KC(M),Woman,Woman,OpenDataKerala GitHub
2020,Kottayam,Kaduthuruthy,7,MUTTUCHIRA,JOHNSON THOMAS,KC(M),General,General,OpenDataKerala GitHub
2020,Kottayam,Kaduthuruthy,8,KADUTHURUTHY,NAYANA BIJU,KC(M),Woman,Woman,OpenDataKerala GitHub
2020,Kottayam,Kaduthuruthy,9,AYAMKUDY,SELINAMMA GEORGE,CPI(M),Woman,Woman,OpenDataKerala GitHub
2020,Kottayam,Kaduthuruthy,10,MADHURAVELI,P V SUNIL,CPI(M),General,General,OpenDataKerala GitHub
2020,Kottayam,Kaduthuruthy,11,KALLARA,JISHA RAJAPPAN NAIR,INC,Woman,Woman,OpenDataKerala GitHub
2020,Kottayam,Kaduthuruthy,12,THALAYOLAPARAMBU,SRUTHY DAS,CPI(M),Woman,Woman,OpenDataKerala GitHub
2020,Kottayam,Kaduthuruthy,13,POTHY,THANKAMMA VARGHEESE,KC(M)PJJ,Woman,Woman,OpenDataKerala GitHub
2020,Kottayam,Ettumanoor,1,PARIPPU,RATHEESH K V,CPI(M),SC,SC,OpenDataKerala GitHub
2020,Kottayam,Ettumanoor,2,PRAVATTOM,SAVITHA JOMON,INC,Woman,Woman,OpenDataKerala GitHub
2020,Kottayam,Ettumanoor,3,NEENDOOR,THOMAS KOTTOOR,KC(M),General,General,OpenDataKerala GitHub
2020,Kottayam,Ettumanoor,4,ATHIRAMPUZHA,ANCE VARGHESE,KC(M)PJJ,Woman,Woman,OpenDataKerala GitHub
2020,Kottayam,Ettumanoor,5,UNIVERSITY,JAMES KURIAN,JKC,General,General,OpenDataKerala GitHub
2020,Kottayam,Ettumanoor,6,MANNANAM,ANNAMMA MANI,INC,Woman,Woman,OpenDataKerala GitHub
2020,Kottayam,Ettumanoor,7,KARIPPUTHATTU,ESSY THOMAS KANICHERIL,INC,General,General,OpenDataKerala GitHub
2020,Kottayam,Ettumanoor,8,KUDAMALOOR,K K SHAJIMON,CPI(M),General,General,OpenDataKerala GitHub
2020,Kottayam,Ettumanoor,9,AYMANAM,ARYA RAJAN,CPI(M),Woman,Woman,OpenDataKerala GitHub
2020,Kottayam,Ettumanoor,10,THONDAMPRAL,JESSY NINAN,CPI(M),Woman,Woman,OpenDataKerala GitHub
2020,Kottayam,Ettumanoor,11,THIRUVARPPU,A M BINNU,CPI(M),General,General,OpenDataKerala GitHub
2020,Kottayam,Ettumanoor,12,KUMARAKOM,MEKHALA JOSEPH,CPI(M),Woman,Woman,OpenDataKerala GitHub
2020,Kottayam,Ettumanoor,13,KAVANATTINKARA,KAVITHA LALU,CPI(M),Woman,Woman,OpenDataKerala GitHub
2020,Kottayam,Uzhavoor,1,VELIYANNOOR,RAJU JOHN,CPI(M),General,General,OpenDataKerala GitHub
2020,Kottayam,Uzhavoor,2,PAZHAMALA,BAIJU JOHN,KC(M),General,General,OpenDataKerala GitHub
2020,Kottayam,Uzhavoor,3,RAMAPURAM,SMITHA ALEX,KC(M),Woman,Woman,OpenDataKerala GitHub
2020,Kottayam,Uzhavoor,4,UZHAVOOR,DR. SINDHUMOL JACOB,INDEPENDENT,Woman,Woman,OpenDataKerala GitHub
2020,Kottayam,Uzhavoor,5,MARANGATTUPILLY,JOHNSON PULICKEEL,KC(M),General,General,OpenDataKerala GitHub
2020,Kottayam,Uzhavoor,6,KADAPLAMATTOM,GEENA CYRIAC,KC(M),Woman,Woman,OpenDataKerala GitHub
2020,Kottayam,Uzhavoor,7,VEMPALLY,SINCY MATHEW,CPI(M),Woman,Woman,OpenDataKerala GitHub
2020,Kottayam,Uzhavoor,8,KANAKKARY,KOCHURANI SEBASTIAN,CPI,Woman,Woman,OpenDataKerala GitHub
2020,Kottayam,Uzhavoor,9,KURUMULLOOR,ASHAMOL JOBY,KC(M),Woman,Woman,OpenDataKerala GitHub
2020,Kottayam,Uzhavoor,10,MANJOOR,LUKOSE MAKKIL,INC,General,General,OpenDataKerala GitHub
2020,Kottayam,Uzhavoor,11,KOTHANALLOOR,ANCY MATHEW,KC(M)PJJ,Woman,Woman,OpenDataKerala GitHub
2020,Kottayam,Uzhavoor,12,KURAVILANGAD,P C KURIAN,KC(M),General,General,OpenDataKerala GitHub
2020,Kottayam,Uzhavoor,13,MONIPPALLY,P N RAMACHANDRAN,KC(M),SC,SC,OpenDataKerala GitHub
2020,Kottayam,Lalam,1,VALAVOOR,RANI JOSE KOYIKKATTIL,KC(M),Woman,Woman,OpenDataKerala GitHub
2020,Kottayam,Lalam,2,KAROOR,LISSAMMA BOSE,KC(M),Woman,Woman,OpenDataKerala GitHub
2020,Kottayam,Lalam,3,KADANAD,BIJU P K,KC(M)PJJ,SC,SC,OpenDataKerala GitHub
2020,Kottayam,Lalam,4,NEELOOR,SEBASTIAN K S,INDEPENDENT,General,General,OpenDataKerala GitHub
2020,Kottayam,Lalam,5,ULLANADU,LALI SUNNY,INC,Woman,Woman,OpenDataKerala GitHub
2020,Kottayam,Lalam,6,PRAVITHANAM,ANAND MATHEW,KC(M),General,General,OpenDataKerala GitHub
2020,Kottayam,Lalam,7,BHARANANGANAM,JOSE THOMAS,KC(M),General,General,OpenDataKerala GitHub
2020,Kottayam,Lalam,8,POOVARANI,SHIBU SEBASTIAN,KC(M)PJJ,General,General,OpenDataKerala GitHub
2020,Kottayam,Lalam,9,KOZHUVANAL,JESSY GEORGE,KC(M),Woman,Woman,OpenDataKerala GitHub
2020,Kottayam,Lalam,10,CHERPUNKAL,JOSY JOSEPH,INC,General,General,OpenDataKerala GitHub
2020,Kottayam,Lalam,11,MUTHOLY,RUBY JOSE,KC(M),Woman,Woman,OpenDataKerala GitHub
2020,Kottayam,Lalam,12,PULIYANNOOR,ANILA MATHEWKUTTY,KC(M),Woman,Woman,OpenDataKerala GitHub
2020,Kottayam,Lalam,13,VALLICHIRA,SHEELA BABU,KC(M)PJJ,Woman,Woman,OpenDataKerala GitHub
2020,Kottayam,Erattupetta,1,MELUKAVU,MARIAMMA FERNANDAS,INC,Woman,Woman,OpenDataKerala GitHub
2020,Kottayam,Erattupetta,2,MOONNILAVU,BINDU SEBASTIAN,INC,Woman,Woman,OpenDataKerala GitHub
2020,Kottayam,Erattupetta,3,THALANAD,KURIAN THOMAS NELLUVELIL,INC,General,General,OpenDataKerala GitHub
2020,Kottayam,Erattupetta,4,THEEKOY,OMANA GOPALAN,INC,Woman,Woman,OpenDataKerala GitHub
2020,Kottayam,Erattupetta,5,KALLEKULAM,K K KUNJUMON,INC,SC,SC,OpenDataKerala GitHub
2020,Kottayam,Erattupetta,6,PATHAMPUZHA,AKSHAY HARI,CPI(M),General,General,OpenDataKerala GitHub
2020,Kottayam,Erattupetta,7,VALATHOOKKU,AJITHKUMAR B,INC,ST,ST,OpenDataKerala GitHub
2020,Kottayam,Erattupetta,8,POONJAR,REMA MOHAN,CPI(M),Woman,Woman,OpenDataKerala GitHub
2020,Kottayam,Erattupetta,9,PINNAKKANADU,MINI SAVIO,KC,Woman,Woman,OpenDataKerala GitHub
2020,Kottayam,Erattupetta,10,THIDANAD,JOSEPH GEORGE,KC(M),General,General,OpenDataKerala GitHub
2020,Kottayam,Erattupetta,11,KONDOOR,MERCY MATHEW,KC(M),Woman,Woman,OpenDataKerala GitHub
2020,Kottayam,Erattupetta,12,THALAPPALAM,SREEKALA R,INC,Woman,Woman,OpenDataKerala GitHub
2020,Kottayam,Erattupetta,13,KALATHUKADAVU,JETTO JOSE,KC(M),General,General,OpenDataKerala GitHub
2020,Kottayam,Pampady,1,KIDANGOOR,DR. MERCY JOHN,KC(M)PJJ,Woman,Woman,OpenDataKerala GitHub
2020,Kottayam,Pampady,2,KIDANGOOR SOUTH,ASHOKKUMAR POOTHAMANA,CPI,General,General,OpenDataKerala GitHub
2020,Kottayam,Pampady,3,AKALAKKUNNAM,JOBY JOMY,INC,Woman,Woman,OpenDataKerala GitHub
2020,Kottayam,Pampady,4,CHENGALAM,BETTY ROY MANIYANGATTU,KC(M),Woman,Woman,OpenDataKerala GitHub
2020,Kottayam,Pampady,5,ELIKULAM,RADHAKRISHNAN M.K,CPI(M),General,General,OpenDataKerala GitHub
2020,Kottayam,Pampady,6,ANICKAD,JOMOL MATHEW,KC(M),Woman,Woman,OpenDataKerala GitHub
2020,Kottayam,Pampady,7,PALLICKATHOD,JIJIMON JOSEPH ANCHANI,INC,General,General,OpenDataKerala GitHub
2020,Kottayam,Pampady,8,KOOROPPADA,T M GEORGE,CPI(M),General,General,OpenDataKerala GitHub
2020,Kottayam,Pampady,9,KOTHALA,ANEESH J,CPI(M),SC,SC,OpenDataKerala GitHub
2020,Kottayam,Pampady,10,PAMPADY,C M MATHEW,CPI(M),General,General,OpenDataKerala GitHub
2020,Kottayam,Pampady,11,MEENADOM,SINDHU VISWAN,INC,Woman,Woman,OpenDataKerala GitHub
2020,Kottayam,Pampady,12,VELLOOR,MARIAMMA ABRAHAM,CPI(M),Woman,Woman,OpenDataKerala GitHub
2020,Kottayam,Pampady,13,MAALAM,BIJU THOMAS,CPI(M),General,General,OpenDataKerala GitHub
2020,Kottayam,Pampady,14,MANARCAD,PREMA BIJU,CPI(M),Woman,Woman,OpenDataKerala GitHub
2020,Kottayam,Pallom,1,AYARKUNNAM,JAMES PUTHUMANA,CPI(M),General,General,OpenDataKerala GitHub
2020,Kottayam,Pallom,2,THIRUVANCHOOR,SUJATHA BIJU,INC,Woman,Woman,OpenDataKerala GitHub
2020,Kottayam,Pallom,3,VADAVATHOOR,DEEPA JESUS,INC,Woman,Woman,OpenDataKerala GitHub
2020,Kottayam,Pallom,4,MANGANAM,RACHEL KURIAN,INC,Woman,Woman,OpenDataKerala GitHub
2020,Kottayam,Pallom,5,PUTHUPPALLY,SABU PUTHUPPARAMBIL,INC,General,General,OpenDataKerala GitHub
2020,Kottayam,Pallom,6,PANACHIKADU,ANIL M CHANDY,CPI,General,General,OpenDataKerala GitHub
2020,Kottayam,Pallom,7,MALAKUNNAM,PROF.TOMICHAN JOSEPH,CPI(M),General,General,OpenDataKerala GitHub
2020,Kottayam,Pallom,8,KURICHI,SHEELAMMA JOSEPH,KC(M),Woman,Woman,OpenDataKerala GitHub
2020,Kottayam,Pallom,9,PATHAMUTTAM,E R SUNILKUMAR,CPI(M),SC,SC,OpenDataKerala GitHub
2020,Kottayam,Pallom,10,KUZHIMATTOM,REJANIMOL K,CPI(M),Woman,Woman,OpenDataKerala GitHub
2020,Kottayam,Pallom,11,KOLLADU,SIBI JOHN,INC,General,General,OpenDataKerala GitHub
2020,Kottayam,Pallom,12,NATTASSERY,DHANUJA SURENDRAN,CPI(M),Woman,Woman,OpenDataKerala GitHub
2020,Kottayam,Pallom,13,NEERIKKADU,LISAMMA BABY,INC,Woman,Woman,OpenDataKerala GitHub
2020,Kottayam,Madappally,1,THURUTHY,LAISAMMA ANTONY,KC(M),Woman,Woman,OpenDataKerala GitHub
2020,Kottayam,Madappally,2,VEROORCHIRA,VARGHESE ANTONY,INC,General,General,OpenDataKerala GitHub
2020,Kottayam,Madappally,3,INDUSTRIAL NAGAR,MATHEWKUTTY PLATHANAM,KC(M)PJJ,General,General,OpenDataKerala GitHub
2020,Kottayam,Madappally,4,VAKATHANAM,SABITHA CHERIYAN,CPI(M),Woman,Woman,OpenDataKerala GitHub
2020,Kottayam,Madappally,5,THOTTAKKADU,BEENA KUNNATH,INC,Woman,Woman,OpenDataKerala GitHub
2020,Kottayam,Madappally,6,KURUMBANADOM,SAINA THOMAS,KC(M)PJJ,Woman,Woman,OpenDataKerala GitHub
2020,Kottayam,Madappally,7,MAMMOODU,ALEXANDER PRAKUZHY,KC(M),General,General,OpenDataKerala GitHub
2020,Kottayam,Madappally,8,THENGANA,BINDU JOSEPH,CPI(M),Woman,Woman,OpenDataKerala GitHub
2020,Kottayam,Madappally,9,KOTTAMURY,N RAJU,CPI(M),General,General,OpenDataKerala GitHub
2020,Kottayam,Madappally,10,AYERKKATTUVAYAL,SUNITHA SURESH,CPI(M),Woman,Woman,OpenDataKerala GitHub
2020,Kottayam,Madappally,11,THRICKODITHANAM,T RENJITH,CPI(M),SC,SC,OpenDataKerala GitHub
2020,Kottayam,Madappally,12,PAIPPAD,VINU JOB,JKC,General,General,OpenDataKerala GitHub
2020,Kottayam,Madappally,13,POOVAM,TEENA MOL ROBY,INC,Woman,Woman,OpenDataKerala GitHub
2020,Kottayam,Vazhoor,1,KARUKACHAL,LETHA SHAJAN,CPI(M),Woman,Woman,OpenDataKerala GitHub
2020,Kottayam,Vazhoor,2,NEDUMKUNNAM,LETHA UNNIKRISHNAN,CPI(M),Woman,Woman,OpenDataKerala GitHub
2020,Kottayam,Vazhoor,3,PULICKALKAVALA,P M JOHN,CPI,General,General,OpenDataKerala GitHub
2020,Kottayam,Vazhoor,4,KODUNGOOR,GEETHA S PILLAI,CPI(M),Woman,Woman,OpenDataKerala GitHub
2020,Kottayam,Vazhoor,5,PONKUNNAM,MINI SETHUNATH,CPI(M),Woman,Woman,OpenDataKerala GitHub
2020,Kottayam,Vazhoor,6,CHIRAKKADAVU,B RAVEENDRAN NAIR,CPI(M),General,General,OpenDataKerala GitHub
2020,Kottayam,Vazhoor,7,CHERUVALLY,SHAJI PAMPOORY,KC(M),General,General,OpenDataKerala GitHub
2020,Kottayam,Vazhoor,8,MANIMALA,RENJINI BABY,KC(M),Woman,Woman,OpenDataKerala GitHub
2020,Kottayam,Vazhoor,9,VELLAVOOR,SREEJITH K S,CPI(M),General,General,OpenDataKerala GitHub
2020,Kottayam,Vazhoor,10,KANAM,SREEKALA HARI,INC,Woman,Woman,OpenDataKerala GitHub
2020,Kottayam,Vazhoor,11,PATHANAD,MUKESH K MANI,CPI(M),SC,SC,OpenDataKerala GitHub
2020,Kottayam,Vazhoor,12,CHELAKOMPU,SOUMYAMOL O T,KC(M)PJJ,Woman,Woman,OpenDataKerala GitHub
2020,Kottayam,Vazhoor,13,KOOTHRAPPALLY,VARGHESE JOSEPH,INC,General,General,OpenDataKerala GitHub
2020,Kottayam,Kanjirappally,1,ANAKKALLU,DANI JOSE,INC,Woman,Woman,OpenDataKerala GitHub
2020,Kottayam,Kanjirappally,2,KANJIRAPPALLY,SHAKEELA NAZEER,CPI(M),Woman,Woman,OpenDataKerala GitHub
2020,Kottayam,Kanjirappally,3,CHOTTY,ADV.SAJAN KUNNATHU,KC(M),General,General,OpenDataKerala GitHub
2020,Kottayam,Kanjirappally,4,KOOTTICKAL,ANU SHIJU,INC,Woman,Woman,OpenDataKerala GitHub
2020,Kottayam,Kanjirappally,5,PARATHODE,MOHANAN T J,KC(M),SC,SC,OpenDataKerala GitHub
2020,Kottayam,Kanjirappally,6,MUNDAKKAYAM,JOSHY,INDEPENDENT,General,General,OpenDataKerala GitHub
2020,Kottayam,Kanjirappally,7,VANDANPATHAL,AJITHA RATHEESH,CPI(M),Woman,Woman,OpenDataKerala GitHub
2020,Kottayam,Kanjirappally,8,PUNCHAVAYAL,P K PRADEEP,CPI(M),General,General,OpenDataKerala GitHub
2020,Kottayam,Kanjirappally,9,KORUTHODU,RETNAMMA RAVINDRAN,INC,SC Woman,SC Woman,OpenDataKerala GitHub
2020,Kottayam,Kanjirappally,10,MUKKOOTTUTHARA,MAGGI JOSEPH,INC,Woman,Woman,OpenDataKerala GitHub
2020,Kottayam,Kanjirappally,11,ERUMELY,JUBY ASHRAF,CPI(M),Woman,Woman,OpenDataKerala GitHub
2020,Kottayam,Kanjirappally,12,CHENAPPADY,T S KRISHNAKUMAR,CPI(M),General,General,OpenDataKerala GitHub
2020,Kottayam,Kanjirappally,13,PONTHENPUZHA,JAYASREE GOPIDAS,CPI(M),Woman,Woman,OpenDataKerala GitHub
2020,Kottayam,Kanjirappally,14,MANIMALA,K S AMERSON,INC,General,General,OpenDataKerala GitHub
2020,Kottayam,Kanjirappally,15,MANNARAKKAYAM,JOLLY MADUKKAKUZHY,KC(M),General,General,OpenDataKerala GitHub
2020,Idukki,Adimaly,1,VALARA,ANSARI M A,INC,General,General,OpenDataKerala GitHub
2020,Idukki,Adimaly,2,MACHIPLAVU,SOMAN CHELLAPPAN,INC,ST,ST,OpenDataKerala GitHub
2020,Idukki,Adimaly,3,KALLAR,MINI LALU,CPI,Woman,Woman,OpenDataKerala GitHub
2020,Idukki,Adimaly,4,PALLIVASAL,AKILA J,CPI(M),Woman,Woman,OpenDataKerala GitHub
2020,Idukki,Adimaly,5,BYSONVALLEY,RAJAMMA RADHAKRISHNAN,INC,Woman,Woman,OpenDataKerala GitHub
2020,Idukki,Adimaly,6,TEA COMPANY,SHANTY BABY,INC,Woman,Woman,OpenDataKerala GitHub
2020,Idukki,Adimaly,7,SENGULAM,GEORGE THOMAS,INC,General,General,OpenDataKerala GitHub
2020,Idukki,Adimaly,8,VELLATHOOVAL,BINDHU RAJESH,KC,Woman,Woman,OpenDataKerala GitHub
2020,Idukki,Adimaly,9,KONNATHADY,PRASAD C K,INC,General,General,OpenDataKerala GitHub
2020,Idukki,Adimaly,10,MUNIYARA,SANILA RAJENDRAN,CPI(M),Woman,Woman,OpenDataKerala GitHub
2020,Idukki,Adimaly,11,KAMBILIKANDAM,MARY GEORGE,KC(M),Woman,Woman,OpenDataKerala GitHub
2020,Idukki,Adimaly,12,200 ACRE,KOYA AMBATTU,LJD,General,General,OpenDataKerala GitHub
2020,Idukki,Adimaly,13,DEVIYAR,KRISHNAMOORTHY K,INC,SC,SC,OpenDataKerala GitHub
2020,Idukki,Devikulam,1,MARAYOOR,VIJAY CHELLADURAI,INC,SC,SC,OpenDataKerala GitHub
2020,Idukki,Devikulam,2,KANTHALLOOR,MEENA A,CPI(M),SC Woman,SC Woman,OpenDataKerala GitHub
2020,Idukki,Devikulam,3,VATTAVADA,SUGANYA,INC,SC Woman,SC Woman,OpenDataKerala GitHub
2020,Idukki,Devikulam,4,MATTUPPETTY,ANATHARANI,CPI,Woman,Woman,OpenDataKerala GitHub
2020,Idukki,Devikulam,5,CHINNAKKANAL,ALPHONES KALIMUTHU,CPI,Woman,Woman,OpenDataKerala GitHub
2020,Idukki,Devikulam,6,ANAYIRANKAL,NR JAYAN,CPI(M),General,General,OpenDataKerala GitHub
2020,Idukki,Devikulam,7,SANTHANPARA,JISHA DILEEP,CPI(M),Woman,Woman,OpenDataKerala GitHub
2020,Idukki,Devikulam,8,DEVIKULAM,NARAYANAN MADASWAMI,CPI,SC,SC,OpenDataKerala GitHub
2020,Idukki,Devikulam,9,MUNNAR,JAQULINE MERY,INC,Woman,Woman,OpenDataKerala GitHub
2020,Idukki,Devikulam,10,SIVANMALA,LUCIYAMMA,INC,ST,ST,OpenDataKerala GitHub
2020,Idukki,Devikulam,11,MANKULAM,PRAVEEN JOSE,CPI,General,General,OpenDataKerala GitHub
2020,Idukki,Devikulam,12,NALLATHANNY,BONEY BOSE JOHN,INC,General,General,OpenDataKerala GitHub
2020,Idukki,Devikulam,13,EDAMALAKKUDY,JEYALAKSHMI P,CPI,SC Woman,SC Woman,OpenDataKerala GitHub
2020,Idukki,Nedumkandam,1,RAJAKKAD,KINGINI RAJENDRAN,INC,General,General,OpenDataKerala GitHub
2020,Idukki,Nedumkandam,2,N R CITY,K T KUNJU,CPI(M),Woman,Woman,OpenDataKerala GitHub
2020,Idukki,Nedumkandam,3,RAJAKUMARY,K J SIJU,CPI(M),Woman,Woman,OpenDataKerala GitHub
2020,Idukki,Nedumkandam,4,SENAPATHY,K T VARGHESE (ANTO),CPI,Woman,Woman,OpenDataKerala GitHub
2020,Idukki,Nedumkandam,5,CHEMMANNAR,P A JOHNY,CPI(M),Woman,Woman,OpenDataKerala GitHub
2020,Idukki,Nedumkandam,6,PARATHODU,SALY SHAJI,CPI(M),Woman,Woman,OpenDataKerala GitHub
2020,Idukki,Nedumkandam,7,NEDUMKANDAM,VANAJAKUMARY K,CPI(M),SC,SC,OpenDataKerala GitHub
2020,Idukki,Nedumkandam,8,THOOKKUPALAM,VIJAYAKUMARY S BABU,CPI(M),General,General,OpenDataKerala GitHub
2020,Idukki,Nedumkandam,9,RAMAKKALMEDU,SAJANA BASHEER,CPI(M),General,General,OpenDataKerala GitHub
2020,Idukki,Nedumkandam,10,KAMBAMMETTU,SREEDEVI S LAL,CPI,General,General,OpenDataKerala GitHub
2020,Idukki,Nedumkandam,11,BALAGRAM,MUKESH MOHANAN,INC,Woman,Woman,OpenDataKerala GitHub
2020,Idukki,Nedumkandam,12,PAMPADUMPARA,C M KURIAKOSE,KC(M),Woman,Woman,OpenDataKerala GitHub
2020,Idukki,Nedumkandam,13,PONNAMALA,RANI THOMAS,KC(M),General,General,OpenDataKerala GitHub
2020,Idukki,Elemdesam,1,VANNAPPURAM,ADV.ALBERT JOSE,INC,General,General,OpenDataKerala GitHub
2020,Idukki,Elemdesam,2,MULLARINGADU,RAVI K K,INC,SC,SC,OpenDataKerala GitHub
2020,Idukki,Elemdesam,3,KALIYAR,SHINI SANTHOSH,KC(M)PJJ,Woman,Woman,OpenDataKerala GitHub
2020,Idukki,Elemdesam,4,CHEENIKUZHI,NAISY DENIL,INC,Woman,Woman,OpenDataKerala GitHub
2020,Idukki,Elemdesam,5,UDUMBANNOOR,GIGI SURENDRAN,INC,Woman,Woman,OpenDataKerala GitHub
2020,Idukki,Elemdesam,6,POOMALA,K S JOHN,CPI(M),General,General,OpenDataKerala GitHub
2020,Idukki,Elemdesam,7,VELLIYAMATTOM,TESSYMOL MATHEW,INDEPENDENT,Woman,Woman,OpenDataKerala GitHub
2020,Idukki,Elemdesam,8,KUDAYATHOOR,MINI ANTONY,KC(M),Woman,Woman,OpenDataKerala GitHub
2020,Idukki,Elemdesam,9,ALAKODE,TOMY THOMAS,KC(M)PJJ,General,General,OpenDataKerala GitHub
2020,Idukki,Elemdesam,10,PANNOOR,MATHEW K JOHN,INC,General,General,OpenDataKerala GitHub
2020,Idukki,Elemdesam,11,KARIMANNOOR,ANCY SOJAN,INC,Woman,Woman,OpenDataKerala GitHub
2020,Idukki,Elemdesam,12,VANADAMATTOM,SIBI DAMODARAN,INC,ST,ST,OpenDataKerala GitHub
2020,Idukki,Elemdesam,13,KODIKULAM,DANI MOL VARGHESE,KC(M)PJJ,Woman,Woman,OpenDataKerala GitHub
2020,Idukki,Idukki,1,PAZHAYARIKANDOM,USHA MOHANAN,CPI(M),Woman,Woman,OpenDataKerala GitHub
2020,Idukki,Idukki,2,KANJIKKUZHY,RAJI CHANDRAN,INC,Woman,Woman,OpenDataKerala GitHub
2020,Idukki,Idukki,3,CHURULY,BINOY VARKEY,INC,General,General,OpenDataKerala GitHub
2020,Idukki,Idukki,4,MURICKASSERY,SIBICHEN THOMAS,KC(M),General,General,OpenDataKerala GitHub
2020,Idukki,Idukki,5,PADAMUGHAM,EBY THOMAS,KC(M)PJJ,General,General,OpenDataKerala GitHub
2020,Idukki,Idukki,6,THOPRAMKUDY,JYOLSNA A.J,CPI,Woman,Woman,OpenDataKerala GitHub
2020,Idukki,Idukki,7,KAMAKSHY,JESSY THOMAS,KC(M),Woman,Woman,OpenDataKerala GitHub
2020,Idukki,Idukki,8,THANKAMANY,RINTAMOLE VARGHESE,KC(M)PJJ,Woman,Woman,OpenDataKerala GitHub
2020,Idukki,Idukki,9,MARIYAPURAM,ALICE VARGHESE,NCP,Woman,Woman,OpenDataKerala GitHub
2020,Idukki,Idukki,10,PAINAVU,DITTAJ JOSEPH,CPI(M),General,General,OpenDataKerala GitHub
2020,Idukki,Idukki,11,MOOLAMATTOM,SNEHAN RAVI,INC,SC,SC,OpenDataKerala GitHub
2020,Idukki,Idukki,12,KULAMAVU,SELVARAJAN T.R,INC,ST,ST,OpenDataKerala GitHub
2020,Idukki,Idukki,13,VAZHATHOPE,ANCY THOMAS,INC,Woman,Woman,OpenDataKerala GitHub
2020,Idukki,Kattappana,1,KANCHIYAR,JALAJA VINOD,CPI(M),General,General,OpenDataKerala GitHub
2020,Idukki,Kattappana,2,ERATTAYAR,JOSE SCARIA,KC(M),Woman,Woman,OpenDataKerala GitHub
2020,Idukki,Kattappana,3,CHEMPAKAPPARA,LALACHAN,KC(M),Woman,Woman,OpenDataKerala GitHub
2020,Idukki,Kattappana,4,VANDANMEDU,RENJITHKUMAR NAGAYYA,CPI(M),Woman,Woman,OpenDataKerala GitHub
2020,Idukki,Kattappana,5,KOCHARA,ANNAMMA JOHNSON,CPI(M),General,General,OpenDataKerala GitHub
2020,Idukki,Kattappana,6,KADASIKADAVU,SHINY ROY,INC,General,General,OpenDataKerala GitHub
2020,Idukki,Kattappana,7,CHAKKUPALLAM,KUSUMAM SATHEESH,CPI,General,General,OpenDataKerala GitHub
2020,Idukki,Kattappana,8,ANAVILASAM,SHYLA VINOD,INC,SC,SC,OpenDataKerala GitHub
2020,Idukki,Kattappana,9,KALTHOTTY,RAJALAKSHMI K R,INC,Woman,Woman,OpenDataKerala GitHub
2020,Idukki,Kattappana,10,AYYAPPANCOVIL,SAVITHA BINU,CPI,General,General,OpenDataKerala GitHub
2020,Idukki,Kattappana,11,UPPUTHARA,V P JOHN,CPI(M),Woman,Woman,OpenDataKerala GitHub
2020,Idukki,Kattappana,12,PASUPPARA,NIKSON P,INC,Woman,Woman,OpenDataKerala GitHub
2020,Idukki,Kattappana,13,VALACODE,MANOJ M T,CPI,Woman,Woman,OpenDataKerala GitHub
2020,Idukki,Thodupuzha,1,KUMARAMANGALAM,BINDU SHAJI,CPI,Woman,Woman,OpenDataKerala GitHub
2020,Idukki,Thodupuzha,2,EZHALLOOR,NEETHUMOL FRANCIS,INDEPENDENT,Woman,Woman,OpenDataKerala GitHub
2020,Idukki,Thodupuzha,3,EDAVETTY,E. K. AGINAS,INDEPENDENT,General,General,OpenDataKerala GitHub
2020,Idukki,Thodupuzha,4,THEKKUMBHAGAM,SUNI SABU,INC,Woman,Woman,OpenDataKerala GitHub
2020,Idukki,Thodupuzha,5,MUTTOM,N.K.BIJU,INC,General,General,OpenDataKerala GitHub
2020,Idukki,Thodupuzha,6,THUDANGANADU,GLORY. K.A,KC(M)PJJ,Woman,Woman,OpenDataKerala GitHub
2020,Idukki,Thodupuzha,7,KARIMKUNNAM,TREESA JOSE,KC(M)PJJ,Woman,Woman,OpenDataKerala GitHub
2020,Idukki,Thodupuzha,8,MRALA,LALY JOY,INC,Woman,Woman,OpenDataKerala GitHub
2020,Idukki,Thodupuzha,9,PURAPUZHA,ANNU AUGUSTINE,KC(M)PJJ,Woman,Woman,OpenDataKerala GitHub
2020,Idukki,Thodupuzha,10,VAZHITHALA,JOBY MATHEW,KC(M)PJJ,General,General,OpenDataKerala GitHub
2020,Idukki,Thodupuzha,11,NEDIYASALA,MARTIN JOSEPH,INC,General,General,OpenDataKerala GitHub
2020,Idukki,Thodupuzha,12,ARIKUZHA,JIJO GEORGE,KC(M),General,General,OpenDataKerala GitHub
2020,Idukki,Thodupuzha,13,MANAKKAD,A JAYAN,CPI(M),SC,SC,OpenDataKerala GitHub
2020,Idukki,Azhutha,1,VAGAMON,SRUTHI PRADEEP,CPI,SC Woman,SC Woman,OpenDataKerala GitHub
2020,Idukki,Azhutha,2,ELAPPARA,AFIN ALBERT,INC,General,General,OpenDataKerala GitHub
2020,Idukki,Azhutha,3,THENGAKKAL,MALATHY,CPI,SC Woman,SC Woman,OpenDataKerala GitHub
2020,Idukki,Azhutha,4,CHENKARA,ANASKUMAR. K.K,INC,SC,SC,OpenDataKerala GitHub
2020,Idukki,Azhutha,5,KUMILY,LISAMMA JAMES,CPI(M),Woman,Woman,OpenDataKerala GitHub
2020,Idukki,Azhutha,6,SPRING VALLEY,SHAJI PAINADATH,INC,General,General,OpenDataKerala GitHub
2020,Idukki,Azhutha,7,VANDIPERIYAR,P.M.NOUSHAD,CPI(M),General,General,OpenDataKerala GitHub
2020,Idukki,Azhutha,8,MANCHUMALA,SELVATHAI.R,CPI(M),Woman,Woman,OpenDataKerala GitHub
2020,Idukki,Azhutha,9,PATTUMALA,SABITHA ANTONY,CPI,Woman,Woman,OpenDataKerala GitHub
2020,Idukki,Azhutha,10,PEERMADE,SMITHA MOL,CPI(M),Woman,Woman,OpenDataKerala GitHub
2020,Idukki,Azhutha,11,AMALAGIRI,JOSEPH.O.V,KC(M),General,General,OpenDataKerala GitHub
2020,Idukki,Azhutha,12,PERUVANTHANAM,K.R.VIJAYAN,INC,SC,SC,OpenDataKerala GitHub
2020,Idukki,Azhutha,13,KOKKAYAR,SAJINI JAYAKUMAR,CPI,Woman,Woman,OpenDataKerala GitHub
2020,Ernakulam,Paravur,1,MALLIANKARA,SAJANA SAIMON,CPI(M),Woman,Woman,OpenDataKerala GitHub
2020,Ernakulam,Paravur,2,MOOTHAKUNNAM,K S SANEESH,CPI(M),General,General,OpenDataKerala GitHub
2020,Ernakulam,Paravur,3,GOTHURUTH,NITHA STALIN,CPI(M),Woman,Woman,OpenDataKerala GitHub
2020,Ernakulam,Paravur,4,CHENDAMANGALAM,MANI TEACHER,INC,Woman,Woman,OpenDataKerala GitHub
2020,Ernakulam,Paravur,5,KOTTAYIL KOVILAKAM,BABITHA DILEEPKUMAR,CPI(M),Woman,Woman,OpenDataKerala GitHub
2020,Ernakulam,Paravur,6,MANNAM,KAMALA SADANANDAN,CPI,General,General,OpenDataKerala GitHub
2020,Ernakulam,Paravur,7,CHERIYAPPILLY,GANA ANOOP,CPI(M),Woman,Woman,OpenDataKerala GitHub
2020,Ernakulam,Paravur,8,KOONAMMAVU,ANTONY K V,INC,General,General,OpenDataKerala GitHub
2020,Ernakulam,Paravur,9,KOTTUVALLY,JENCY THOMAS,CPI(M),Woman,Woman,OpenDataKerala GitHub
2020,Ernakulam,Paravur,10,CHATHANADU,C M RAJAGOPAL,INC,General,General,OpenDataKerala GitHub
2020,Ernakulam,Paravur,11,EZHIKKARA,A K MURALEEDHARAN,CPI,SC,SC,OpenDataKerala GitHub
2020,Ernakulam,Paravur,12,PATTANAM,SIMNA SANTHOSH,CPI(M),Woman,Woman,OpenDataKerala GitHub
2020,Ernakulam,Paravur,13,VAVAKKAD,SURESH BABU,CPI,General,General,OpenDataKerala GitHub
2020,Ernakulam,Alangad,1,MANAKKAPADY,V P ANILKUMAR,INC,General,General,OpenDataKerala GitHub
2020,Ernakulam,Alangad,2,KARUMALLOOR,K S SHAHNA,CPI(M),Woman,Woman,OpenDataKerala GitHub
2020,Ernakulam,Alangad,3,VELIYATHUNADU,SMITHA HASEEB,CPI,Woman,Woman,OpenDataKerala GitHub
2020,Ernakulam,Alangad,4,KADUNGALLOOR NORTH,M ANILKUMAR,CPI,SC,SC,OpenDataKerala GitHub
2020,Ernakulam,Alangad,5,KADUNGALLOOR WEST,K R RAMACHANDRAN,BJP,General,General,OpenDataKerala GitHub
2020,Ernakulam,Alangad,6,MUPPATHADAM CENTRAL,P A ABOOBACKER,CPI(M),General,General,OpenDataKerala GitHub
2020,Ernakulam,Alangad,7,MUPPATHADAM SOUTH,TREESA MOLLY,CPI(M),Woman,Woman,OpenDataKerala GitHub
2020,Ernakulam,Alangad,8,PUTHANPALLY,HANSAN MATHEW,INC,General,General,OpenDataKerala GitHub
2020,Ernakulam,Alangad,9,VARAPPUZHA,RANI MATHAI,INC,Woman,Woman,OpenDataKerala GitHub
2020,Ernakulam,Alangad,10,CHIRAKKAKAM,PRIYA BHARATHAN,CPI(M),Woman,Woman,OpenDataKerala GitHub
2020,Ernakulam,Alangad,11,KONGORPPILLY,REMYA THOMAS,CPI(M),Woman,Woman,OpenDataKerala GitHub
2020,Ernakulam,Alangad,12,ALANGAD,M R RADHAKRISHNAN,CPI,General,General,OpenDataKerala GitHub
2020,Ernakulam,Alangad,13,ALANGAD WEST,JAYASREE GOPIKRISHNAN,CPI(M),Woman,Woman,OpenDataKerala GitHub
2020,Ernakulam,Angamaly,1,PALISSERY,RANI POLY,INC,Woman,Woman,OpenDataKerala GitHub
2020,Ernakulam,Angamaly,2,THABORE,LALY ANTU,INC,Woman,Woman,OpenDataKerala GitHub
2020,Ernakulam,Angamaly,3,AYYAMPUZHA,BIJU JOSE KAVUNGA,INC,General,General,OpenDataKerala GitHub
2020,Ernakulam,Angamaly,4,MALAYATTOOR,MANOJ MULLASSERY,INC,General,General,OpenDataKerala GitHub
2020,Ernakulam,Angamaly,5,NADUVATTOM,KOCHUTHRESIA THANKACHAN,INC,Woman,Woman,OpenDataKerala GitHub
2020,Ernakulam,Angamaly,6,MANJAPRA,SARITHA SUNIL,INC,Woman,Woman,OpenDataKerala GitHub
2020,Ernakulam,Angamaly,7,KALADY,MARY DEVASSYKUTTY,INC,Woman,Woman,OpenDataKerala GitHub
2020,Ernakulam,Angamaly,8,PARAPPURAM,K.V ABHIJITH,CPI(M),SC,SC,OpenDataKerala GitHub
2020,Ernakulam,Angamaly,9,KANJOOR,ANCY JIJO,CPI(M),Woman,Woman,OpenDataKerala GitHub
2020,Ernakulam,Angamaly,10,MATTOOR,SIJO CHOWARAN,CPI(M),General,General,OpenDataKerala GitHub
2020,Ernakulam,Angamaly,11,THURAVOOR,CELIA VINNY V,CPI,General,General,OpenDataKerala GitHub
2020,Ernakulam,Angamaly,12,MOOKKANNUR,ADV. M.O GEORGE,INC,General,General,OpenDataKerala GitHub
2020,Ernakulam,Angamaly,13,KARUKUTTY,SHIJI JOY,INC,Woman,Woman,OpenDataKerala GitHub
2020,Ernakulam,Koovappady,1,KOODALAPPADU,RAJESH M K,INC,SC,SC,OpenDataKerala GitHub
2020,Ernakulam,Koovappady,2,KODANADU,ANU ABEESH,INC,Woman,Woman,OpenDataKerala GitHub
2020,Ernakulam,Koovappady,3,KRARIYELI,P R NARAYANAN NAIR,CPI(M),General,General,OpenDataKerala GitHub
2020,Ernakulam,Koovappady,4,VENGOOR,DAISY JAMES,INC,Woman,Woman,OpenDataKerala GitHub
2020,Ernakulam,Koovappady,5,ASAMANNOOR,LATHANJALI MURUKAN,INC,Woman,Woman,OpenDataKerala GitHub
2020,Ernakulam,Koovappady,6,METHALA,SALIM N M,INC,General,General,OpenDataKerala GitHub
2020,Ernakulam,Koovappady,7,KEEZHILLAM,BEENA GOPINATH,CPI(M),Woman,Woman,OpenDataKerala GitHub
2020,Ernakulam,Koovappady,8,PULLUVAZHI,AMBIKA MURALIDHARAN,INC,Woman,Woman,OpenDataKerala GitHub
2020,Ernakulam,Koovappady,9,RAYAMANGALAM,BASIL PAUL,INC,General,General,OpenDataKerala GitHub
2020,Ernakulam,Koovappady,10,MUDAKUZHA,SHOJA ROY,INC,Woman,Woman,OpenDataKerala GitHub
2020,Ernakulam,Koovappady,11,ELAMBAKAPILLY,AJITH KUMAR A T,INC,General,General,OpenDataKerala GitHub
2020,Ernakulam,Koovappady,12,KOOVAPPADY,MOLLY THOMAS,INC,Woman,Woman,OpenDataKerala GitHub
2020,Ernakulam,Koovappady,13,OKKAL,BABU C J,INC,General,General,OpenDataKerala GitHub
2020,Ernakulam,Vazhakulam,1,ERUMATHALA,LISSY SEBASTIAN,INC,Woman,Woman,OpenDataKerala GitHub
2020,Ernakulam,Vazhakulam,2,KEEZHMAD,SHEEJA PULIKKAL,CPI(M),Woman,Woman,OpenDataKerala GitHub
2020,Ernakulam,Vazhakulam,3,MARAMPILLY,SHAJITHA NOUSHAD,IUML,Woman,Woman,OpenDataKerala GitHub
2020,Ernakulam,Vazhakulam,4,VANCHINAD,SHAMEER THUKALIL,INC,General,General,OpenDataKerala GitHub
2020,Ernakulam,Vazhakulam,5,NEDUMTHODU,K M ANWAR ALI,CPI(M),General,General,OpenDataKerala GitHub
2020,Ernakulam,Vazhakulam,6,VENGOLA,ASWATHY RATHISH,Twenty20,Woman,Woman,OpenDataKerala GitHub
2020,Ernakulam,Vazhakulam,7,CHELAKKULAM,SAJANA NESSEER,Twenty20,Woman,Woman,OpenDataKerala GitHub
2020,Ernakulam,Vazhakulam,8,KIZHAKKAMBALAM,LALAN K MATHEWS,Twenty20,General,General,OpenDataKerala GitHub
2020,Ernakulam,Vazhakulam,9,PUKKATTUPADY,RAJU K V,Twenty20,SC,SC,OpenDataKerala GitHub
2020,Ernakulam,Vazhakulam,10,SOUTH VAZHAKULAM,K M SIRAJ,CPI(M),General,General,OpenDataKerala GitHub
2020,Ernakulam,Vazhakulam,11,GANDHINAGAR.,ABIDHA SHEREEF,IUML,Woman,Woman,OpenDataKerala GitHub
2020,Ernakulam,Vazhakulam,12,EDATHALA,ASSIS MOOLAYIL,CPI,General,General,OpenDataKerala GitHub
2020,Ernakulam,Vazhakulam,13,NOCHIMA,SUDHEER MEENTHARAKKAL,CPI(M),General,General,OpenDataKerala GitHub
2020,Ernakulam,Vazhakulam,14,CHOORNIKARA,AJI TEACHER,CPI(M),Woman,Woman,OpenDataKerala GitHub
2020,Ernakulam,Vazhakulam,15,ASOKAPURAM,SATHI GOPI,INC,Woman,Woman,OpenDataKerala GitHub
2020,Ernakulam,Edappally,1,KADAPPURAM,SYAMALA SHIBU,INC,Woman,Woman,OpenDataKerala GitHub
2020,Ernakulam,Edappally,2,KARTTHEDAM,JOSEPH V A,INC,General,General,OpenDataKerala GitHub
2020,Ernakulam,Edappally,3,VALIYAKADAMAKUDY,MANUSANKAR K P,CPI(M),General,General,OpenDataKerala GitHub
2020,Ernakulam,Edappally,4,KOTHAD,TREASA MANUEL,INC,Woman,Woman,OpenDataKerala GitHub
2020,Ernakulam,Edappally,5,HEALTH CENTRE,LISSY VARIATH,INC,Woman,Woman,OpenDataKerala GitHub
2020,Ernakulam,Edappally,6,VALAM,SMITHA STANLEY,INC,Woman,Woman,OpenDataKerala GitHub
2020,Ernakulam,Edappally,7,CHITTOOR,RAJU A A,INC,General,General,OpenDataKerala GitHub
2020,Ernakulam,Edappally,8,MULAVUKAD NORTH,ADV:VIVEK HARIDAS,INC,General,General,OpenDataKerala GitHub
2020,Ernakulam,Edappally,9,PONNARIMANGALAM,SHELMA HAISENT,INC,Woman,Woman,OpenDataKerala GitHub
2020,Ernakulam,Edappally,10,VALLARPADAM,MADHU M R,INC,SC,SC,OpenDataKerala GitHub
2020,Ernakulam,Edappally,11,LIGHT HOUSE,CLARA SIMON,CPI(M),Woman,Woman,OpenDataKerala GitHub
2020,Ernakulam,Edappally,12,PUTHUVYPE,NOUSHAD K H,INC,General,General,OpenDataKerala GitHub
2020,Ernakulam,Edappally,13,MALIPPURAM BEACH,SARITHA SANIL,INC,Woman,Woman,OpenDataKerala GitHub
2020,Ernakulam,Vypin,1,MUNAMBAM,SHENNY FRANCIS,CPI(M),Woman,Woman,OpenDataKerala GitHub
2020,Ernakulam,Vypin,2,PALLIPURAM,THULASI SOMAN,CPI(M),SC Woman,SC Woman,OpenDataKerala GitHub
2020,Ernakulam,Vypin,3,AYYAMPILLY,E K JAYAN,CPI(M),General,General,OpenDataKerala GitHub
2020,Ernakulam,Vypin,4,PAZHANGAD,ADV. P N THANKARAJ,INC,General,General,OpenDataKerala GitHub
2020,Ernakulam,Vypin,5,NAYARAMBALAM EAST,JIJI VINCENT,CPI(M),Woman,Woman,OpenDataKerala GitHub
2020,Ernakulam,Vypin,6,MANATTUPARAMBU,AUGUSTINE MANDOTH,INC,General,General,OpenDataKerala GitHub
2020,Ernakulam,Vypin,7,NJARAKAL,SHILDA REBEIRO,INC,Woman,Woman,OpenDataKerala GitHub
2020,Ernakulam,Vypin,8,ARATTUVAZHI,SUJA VINOD,CPI(M),SC,SC,OpenDataKerala GitHub
2020,Ernakulam,Vypin,9,NAYARAMBALAM WEST,E P SHIBU,CPI(M),General,General,OpenDataKerala GitHub
2020,Ernakulam,Vypin,10,EDAVANAKAD,TREESA CLEETUS,INC,Woman,Woman,OpenDataKerala GitHub
2020,Ernakulam,Vypin,11,KUZHUPPILLY,K A SAJITH,CPI(M),General,General,OpenDataKerala GitHub
2020,Ernakulam,Vypin,12,CHERAI,SANTHINI PRASAD,CPI(M),Woman,Woman,OpenDataKerala GitHub
2020,Ernakulam,Vypin,13,MUNAMBAM BEACH,SUBODHA SHAJI,CPI(M),Woman,Woman,OpenDataKerala GitHub
2020,Ernakulam,Palluruthy,1,KATTIPARAMBU,SINDHU JOSHY,INC,Woman,Woman,OpenDataKerala GitHub
2020,Ernakulam,Palluruthy,2,KUMBALANGHI NORTH,JOBY PANAKKAL,INDEPENDENT,General,General,OpenDataKerala GitHub
2020,Ernakulam,Palluruthy,3,ST.JOSEPH CHAPPEL,METTILDA MICKLE,INC,Woman,Woman,OpenDataKerala GitHub
2020,Ernakulam,Palluruthy,4,KUMBALAM NORTH,JOLLY PAWATHIL,INC,General,General,OpenDataKerala GitHub
2020,Ernakulam,Palluruthy,5,PERUMANA,AFSAL NAMBIARATH,INC,General,General,OpenDataKerala GitHub
2020,Ernakulam,Palluruthy,6,CHEPPANAM,BABY THAMPI,CPI(M),Woman,Woman,OpenDataKerala GitHub
2020,Ernakulam,Palluruthy,7,PANANGAD SOUTH,JOSE VARKEY,INC,General,General,OpenDataKerala GitHub
2020,Ernakulam,Palluruthy,8,KUMBALANGHI SOUTH,SABU THOMAS,CPI(M),General,General,OpenDataKerala GitHub
2020,Ernakulam,Palluruthy,9,KUMBALANGHI CENTRAL,NITHA SUNIL,CPI(M),Woman,Woman,OpenDataKerala GitHub
2020,Ernakulam,Palluruthy,10,CHELLANAM DIVISION,JEMSY BIJU,CPI,Woman,Woman,OpenDataKerala GitHub
2020,Ernakulam,Palluruthy,11,AMBEDKAR COLONY,ARATHI DEVADAS,CPI(M),Woman,Woman,OpenDataKerala GitHub
2020,Ernakulam,Palluruthy,12,KANDAKADAVU,SELVARAJAN,CPI(M),SC,SC,OpenDataKerala GitHub
2020,Ernakulam,Palluruthy,13,KANNAMALI,SHEEBA JACOB,Twenty20,Woman,Woman,OpenDataKerala GitHub
2020,Ernakulam,Mulanthuruthy,1,CHOTTANIKKARA,JULIET T BABY,INC,Woman,Woman,OpenDataKerala GitHub
2020,Ernakulam,Mulanthuruthy,2,ERUVELI,AJI K K,INC,SC,SC,OpenDataKerala GitHub
2020,Ernakulam,Mulanthuruthy,3,MULAMTHURUTHY,JAINY RAJU,INC,Woman,Woman,OpenDataKerala GitHub
2020,Ernakulam,Mulanthuruthy,4,MANEED,P K PRADEEP,INC,General,General,OpenDataKerala GitHub
2020,Ernakulam,Mulanthuruthy,5,ARAKKUNNAM,JYOTHY RAJEEV,KC(J),SC Woman,SC Woman,OpenDataKerala GitHub
2020,Ernakulam,Mulanthuruthy,6,EDAKKATTUVAYAL,BIJU THOMAS,INDEPENDENT,General,General,OpenDataKerala GitHub
2020,Ernakulam,Mulanthuruthy,7,THIRUMARAYUR,JYOTHI BALAN,CPI(M),Woman,Woman,OpenDataKerala GitHub
2020,Ernakulam,Mulanthuruthy,8,AMBALLUR,JALAJA MOHANAN,CPI(M),Woman,Woman,OpenDataKerala GitHub
2020,Ernakulam,Mulanthuruthy,9,KANJIRAMATTAM,BINDU SAJEEV,INC,Woman,Woman,OpenDataKerala GitHub
2020,Ernakulam,Mulanthuruthy,10,PERUMPILLI,SHAJI MADHAVAN,INC,General,General,OpenDataKerala GitHub
2020,Ernakulam,Mulanthuruthy,11,POOTHOTTA,SIGI ANOSH,CPI,Woman,Woman,OpenDataKerala GitHub
2020,Ernakulam,Mulanthuruthy,12,AMEDA,P K SUBRAMANIAN,CPI(M),General,General,OpenDataKerala GitHub
2020,Ernakulam,Mulanthuruthy,13,UDAYAMPEROOR,RAJU P NAIR,INC,General,General,OpenDataKerala GitHub
2020,Ernakulam,Vadavucode,1,PALLIKKARA,ANU S THAMPI (ANU ACHU ),INC,Woman,Woman,OpenDataKerala GitHub
2020,Ernakulam,Vadavucode,2,VEMBILLY,RAZEENA PAREED,Twenty20,General,General,OpenDataKerala GitHub
2020,Ernakulam,Vadavucode,3,PATTIMATTOM,SREEJA ASOKAN,INC,General,General,OpenDataKerala GitHub
2020,Ernakulam,Vadavucode,4,AIRAPURAM,SWATHI RAMYADEV,Twenty20,Woman,Woman,OpenDataKerala GitHub
2020,Ernakulam,Vadavucode,5,MAZHUVANNOOR,K C JAYACHANDRAN,Twenty20,SC,SC,OpenDataKerala GitHub
2020,Ernakulam,Vadavucode,6,KADAYIRIPPU,JOHNY P P,Twenty20,General,General,OpenDataKerala GitHub
2020,Ernakulam,Vadavucode,7,PANCODE,RAKHI P S,Twenty20,Woman,Woman,OpenDataKerala GitHub
2020,Ernakulam,Vadavucode,8,KOLENCHERY,SHIJA REJI,INC,Woman,Woman,OpenDataKerala GitHub
2020,Ernakulam,Vadavucode,9,POOTHRIKKA,RAJAMMA RAJAN,INC,SC Woman,SC Woman,OpenDataKerala GitHub
2020,Ernakulam,Vadavucode,10,THIRUVANIYOOR,BABY VARGHESE,CPI(M),Woman,Woman,OpenDataKerala GitHub
2020,Ernakulam,Vadavucode,11,MATTAKUZHI,OMANA NANDHAKUMAR,INC,Woman,Woman,OpenDataKerala GitHub
2020,Ernakulam,Vadavucode,12,PUTHENCRUZ,JUBLE GEORGE,CPI(M),General,General,OpenDataKerala GitHub
2020,Ernakulam,Vadavucode,13,AMBALAMEDU,T R VISWAPAN,CPI,General,General,OpenDataKerala GitHub
2020,Ernakulam,Kothamangalam,1,KOTTAPPADY,ASHA JAMES,CPI(M),Woman,Woman,OpenDataKerala GitHub
2020,Ernakulam,Kothamangalam,2,BHOOTHATHANKETTU,LISSY JOSEPH,KC(M),Woman,Woman,OpenDataKerala GitHub
2020,Ernakulam,Kothamangalam,3,IDAMALAYAR,VARGHEESE JAMES,INC,General,General,OpenDataKerala GitHub
2020,Ernakulam,Kothamangalam,4,KUTTAMPUZHA,GOPI K K,CPI(M),General,General,OpenDataKerala GitHub
2020,Ernakulam,Kothamangalam,5,KEERAMPARA,JOMI THEKKEKKARA,KC(M)PJJ,General,General,OpenDataKerala GitHub
2020,Ernakulam,Kothamangalam,6,NERIAMANGALAM,KANNAN P M,CPI(M),General,General,OpenDataKerala GitHub
2020,Ernakulam,Kothamangalam,7,KAVANANGAD,KUNJUMON T K,INC,SC,SC,OpenDataKerala GitHub
2020,Ernakulam,Kothamangalam,8,PAINGOTTOOR,ANICE FRANCIS,INC,Woman,Woman,OpenDataKerala GitHub
2020,Ernakulam,Kothamangalam,9,POTHANICAD,SALY IYPE,INC,Woman,Woman,OpenDataKerala GitHub
2020,Ernakulam,Kothamangalam,10,PALLARIMANGALAM,NIZAMOL ISMAIL,IUML,Woman,Woman,OpenDataKerala GitHub
2020,Ernakulam,Kothamangalam,11,VARAPPETTY,DIANA NOBY,INC,Woman,Woman,OpenDataKerala GitHub
2020,Ernakulam,Kothamangalam,12,CHERUVATTOOR,BASHEER PAM,INC,General,General,OpenDataKerala GitHub
2020,Ernakulam,Kothamangalam,13,NELLIKUZHI,MUHAMMED M A,CPI(M),General,General,OpenDataKerala GitHub
2020,Ernakulam,Kothamangalam,14,PINDIMANA,ANU VIJAYANATH,CPI(M),Woman,Woman,OpenDataKerala GitHub
2020,Ernakulam,Pampakuda,1,OORAMANA,KUNJUMOL,KC(J),Woman,Woman,OpenDataKerala GitHub
2020,Ernakulam,Pampakuda,2,PAMPAKUDA,VIJAYAKUMARI P S,KC(J),Woman,Woman,OpenDataKerala GitHub
2020,Ernakulam,Pampakuda,3,MANNATHOOR,LALITHA VIJAYAN,KC(J),Woman,Woman,OpenDataKerala GitHub
2020,Ernakulam,Pampakuda,4,MOONGAMKUNNU,JOSE KURIAKOSE,CPI(M),General,General,OpenDataKerala GitHub
2020,Ernakulam,Pampakuda,5,PALAKKUZHA,ALICE SHAJU,CPI(M),Woman,Woman,OpenDataKerala GitHub
2020,Ernakulam,Pampakuda,6,UPPUKANDAM,SIBI GEORGE,INC,General,General,OpenDataKerala GitHub
2020,Ernakulam,Pampakuda,7,THIRUMARADY,SASI C T,CPI,SC,SC,OpenDataKerala GitHub
2020,Ernakulam,Pampakuda,8,MUTHOLAPURAM,TOJIN JOHN,KC(M),General,General,OpenDataKerala GitHub
2020,Ernakulam,Pampakuda,9,ELANJI,ELSY TOMY,INDEPENDENT,Woman,Woman,OpenDataKerala GitHub
2020,Ernakulam,Pampakuda,10,PERIYAPPURAM,SHEELA BABU,INC,Woman,Woman,OpenDataKerala GitHub
2020,Ernakulam,Pampakuda,11,ANCHELPETTY,KUNJUMON PHILIP,KC(J),General,General,OpenDataKerala GitHub
2020,Ernakulam,Pampakuda,12,MAMALASSERY,ADV. JINSON V PAUL,CPI,General,General,OpenDataKerala GitHub
2020,Ernakulam,Pampakuda,13,RAMAMANGALAM,SMITHA ELDHOSE,CPI,Woman,Woman,OpenDataKerala GitHub
2020,Ernakulam,Parakkadavu,1,ELANTHIKKARA,CHEROOBI CELESTEENA,CPI,Woman,Woman,OpenDataKerala GitHub
2020,Ernakulam,Parakkadavu,2,KUTHIYATHODE,C M VARGHESE,CPI(M),General,General,OpenDataKerala GitHub
2020,Ernakulam,Parakkadavu,3,PARAKKADAVU,RAIJY SIJO,INC,Woman,Woman,OpenDataKerala GitHub
2020,Ernakulam,Parakkadavu,4,PULIYANAM,THARA SAJEEV,CPI(M),Woman,Woman,OpenDataKerala GitHub
2020,Ernakulam,Parakkadavu,5,KURUMASSERY,T V PRADEESH,CPI(M),General,General,OpenDataKerala GitHub
2020,Ernakulam,Parakkadavu,6,VAPPALASSERY,ANNIE KUNJUMON,CPI(M),Woman,Woman,OpenDataKerala GitHub
2020,Ernakulam,Parakkadavu,7,SREEMOOLANAGARAM,SINI JOHNY,INC,Woman,Woman,OpenDataKerala GitHub
2020,Ernakulam,Parakkadavu,8,SREEMOOLANAGARAM SOUTH,ADV. T A SHABEER ALI,CPI(M),General,General,OpenDataKerala GitHub
2020,Ernakulam,Parakkadavu,9,DESOM,AMBILI ASOKAN,INC,Woman,Woman,OpenDataKerala GitHub
2020,Ernakulam,Parakkadavu,10,NEDUMBASSERY,DILEEP KAPRASSERY,INC,General,General,OpenDataKerala GitHub
2020,Ernakulam,Parakkadavu,11,CHENGAMANAD,AMBILY GOPI,CPI(M),Woman,Woman,OpenDataKerala GitHub
2020,Ernakulam,Parakkadavu,12,KUTTIPUZHA,C K KASIM,CPI(M),General,General,OpenDataKerala GitHub
2020,Ernakulam,Parakkadavu,13,PUTHENVELIKKARA,SALEESH V T,CPI(M),SC,SC,OpenDataKerala GitHub
2020,Ernakulam,Muvattupuzha,1,TRIKALATHOOR,REENA SAJI,INC,Woman,Woman,OpenDataKerala GitHub
2020,Ernakulam,Muvattupuzha,2,PAIPRA,RIYAS KHAN,CPI(M),General,General,OpenDataKerala GitHub
2020,Ernakulam,Muvattupuzha,3,MULAVOOR,MUHAMMED,CPI(M),General,General,OpenDataKerala GitHub
2020,Ernakulam,Muvattupuzha,4,ANCHALPETTY,MERCY GEORGE,INC,Woman,Woman,OpenDataKerala GitHub
2020,Ernakulam,Muvattupuzha,5,AYAVANA,SHIVAGO THOMAS,CPI,General,General,OpenDataKerala GitHub
2020,Ernakulam,Muvattupuzha,6,KALLOORKADU,PROF. JOSE AUGUSTINE,KC(M)PJJ,General,General,OpenDataKerala GitHub
2020,Ernakulam,Muvattupuzha,7,MANJALLOOR,JOSSY JOLLY VATTAKUZHI,KC(M)PJJ,Woman,Woman,OpenDataKerala GitHub
2020,Ernakulam,Muvattupuzha,8,AVOLY,K G RADHAKRISHNAN,INC,SC,SC,OpenDataKerala GitHub
2020,Ernakulam,Muvattupuzha,9,ADOOPARAMBU,SIBIL SABU,CPI,Woman,Woman,OpenDataKerala GitHub
2020,Ernakulam,Muvattupuzha,10,ARAKUZHA,BESTIN CHETTOOR,INDEPENDENT,General,General,OpenDataKerala GitHub
2020,Ernakulam,Muvattupuzha,11,MARADY,ADV. BINI SHAIMON,CPI(M),Woman,Woman,OpenDataKerala GitHub
2020,Ernakulam,Muvattupuzha,12,MEKKADAMBU,REMA RAMAKRISHNAN,INC,Woman,Woman,OpenDataKerala GitHub
2020,Ernakulam,Muvattupuzha,13,VALAKOM,SARAMMA JOHN,INC,Woman,Woman,OpenDataKerala GitHub
2020,Thrissur,Chavakkad,1,ANDATHODE,MUHAMMADUNNI,IUML,General,General,OpenDataKerala GitHub
2020,Thrissur,Chavakkad,2,TRIPPATTU,GREESHMA V V,CPI(M),Woman,Woman,OpenDataKerala GitHub
2020,Thrissur,Chavakkad,3,PUNNAYURKULAM,FATHIMA LEENUS,CPI(M),Woman,Woman,OpenDataKerala GitHub
2020,Thrissur,Chavakkad,4,PARAYANGADU,BIJU,CPI(M),General,General,OpenDataKerala GitHub
2020,Thrissur,Chavakkad,5,VYLATHUR,KUNHAHAMMED V M,INC,General,General,OpenDataKerala GitHub
2020,Thrissur,Chavakkad,6,NAYARANGADI,NAFEESAKUTTY,INC,Woman,Woman,OpenDataKerala GitHub
2020,Thrissur,Chavakkad,7,ORUMANAYUR,SHAINY,CPI(M),Woman,Woman,OpenDataKerala GitHub
2020,Thrissur,Chavakkad,8,MUTHAMMAVU,ASHIDA,IUML,Woman,Woman,OpenDataKerala GitHub
2020,Thrissur,Chavakkad,9,ANCHANGADI,SUBRAHMANYAN,IUML,SC,SC,OpenDataKerala GitHub
2020,Thrissur,Chavakkad,10,FOCUS,NAFEESATHUL MISRIYA,INC,Woman,Woman,OpenDataKerala GitHub
2020,Thrissur,Chavakkad,11,EDAKAZHIYUR,SHIHAB A S,NCP,General,General,OpenDataKerala GitHub
2020,Thrissur,Chavakkad,12,EDAKKARA,GISNA,CPI(M),Woman,Woman,OpenDataKerala GitHub
2020,Thrissur,Chavakkad,13,BADERPALLY,KAMARUDHEEN,INC,General,General,OpenDataKerala GitHub
2020,Thrissur,Chowannur,1,KATTAKAMBAL,N K HARIDASAN,CPI(M),General,General,OpenDataKerala GitHub
2020,Thrissur,Chowannur,2,KADAVALLUR,VISWAMBARAN C K,CPI(M),SC,SC,OpenDataKerala GitHub
2020,Thrissur,Chowannur,3,PERUMPILAVU,ASHARAF T K,CPI(M),General,General,OpenDataKerala GitHub
2020,Thrissur,Chowannur,4,THIPPILASSERY,SARIKA V,CPI(M),Woman,Woman,OpenDataKerala GitHub
2020,Thrissur,Chowannur,5,PANNITHADAM,K K MANI,CPI(M),General,General,OpenDataKerala GitHub
2020,Thrissur,Chowannur,6,VELLARAKKAD,JAYALALITHA,CPI(M),Woman,Woman,OpenDataKerala GitHub
2020,Thrissur,Chowannur,7,VELUR,SAPNA,CPI(M),Woman,Woman,OpenDataKerala GitHub
2020,Thrissur,Chowannur,8,KECHERY,ANCY WILLIAMS,CPI(M),Woman,Woman,OpenDataKerala GitHub
2020,Thrissur,Chowannur,9,MATTAM,SARI,CPI,Woman,Woman,OpenDataKerala GitHub
2020,Thrissur,Chowannur,10,KANDANASSERY,PRAMOD K G,CPI(M),General,General,OpenDataKerala GitHub
2020,Thrissur,Chowannur,11,CHOONDAL,T A MUHAMMED SHAFI,NCP,General,General,OpenDataKerala GitHub
2020,Thrissur,Chowannur,12,CHOWANNUR,RAJITHA SHIBU,CPI(M),SC Woman,SC Woman,OpenDataKerala GitHub
2020,Thrissur,Chowannur,13,PORKULAM,SINDHU P S,CPI(M),Woman,Woman,OpenDataKerala GitHub
2020,Thrissur,Chowannur,14,PAZHANJI,T S MANIKANDAN,CPI(M),General,General,OpenDataKerala GitHub
2020,Thrissur,Wadakanchery,1,KONDAYOOR,MANJULA M,INC,Woman,Woman,OpenDataKerala GitHub
2020,Thrissur,Wadakanchery,2,DESAMANGALAM,SUSEELA P,CPI(M),SC Woman,SC Woman,OpenDataKerala GitHub
2020,Thrissur,Wadakanchery,3,VARAVOOR,NAFEESA K.V,CPI(M),General,General,OpenDataKerala GitHub
2020,Thrissur,Wadakanchery,4,MULLURKKARA,NASEEBA M.A,CPI(M),Woman,Woman,OpenDataKerala GitHub
2020,Thrissur,Wadakanchery,5,ATTOOR,ANILA VIJEESH,CPI,Woman,Woman,OpenDataKerala GitHub
2020,Thrissur,Wadakanchery,6,VAZHANI,SREEJA M.K,CPI(M),Woman,Woman,OpenDataKerala GitHub
2020,Thrissur,Wadakanchery,7,MALAKKA,BIJU KRISHNAN,CPI(M),SC,SC,OpenDataKerala GitHub
2020,Thrissur,Wadakanchery,8,THEKKUMKARA,SUNIL KUMAR,CPI(M),General,General,OpenDataKerala GitHub
2020,Thrissur,Wadakanchery,9,CHITTANDA,PUSHPA RADHAKRISHNAN,CPI,Woman,Woman,OpenDataKerala GitHub
2020,Thrissur,Wadakanchery,10,MANGAD,SALIM M.M,INC,General,General,OpenDataKerala GitHub
2020,Thrissur,Wadakanchery,11,ERUMAPETTY,BINOJMASTER,CPI(M),General,General,OpenDataKerala GitHub
2020,Thrissur,Wadakanchery,12,THALI,PREETHI SHAJU,CPI(M),Woman,Woman,OpenDataKerala GitHub
2020,Thrissur,Wadakanchery,13,THALASSERY,DEEPU PRASAD,CPI(M),General,General,OpenDataKerala GitHub
2020,Thrissur,Pazhayannur,1,VALLATHOLE NAGAR,SUCHITHRA M V,CPI(M),SC Woman,SC Woman,OpenDataKerala GitHub
2020,Thrissur,Pazhayannur,2,PAINKULAM,A E GOVINDAN,CPI(M),SC,SC,OpenDataKerala GitHub
2020,Thrissur,Pazhayannur,3,MAYANNUR,P M ANEESH,INC,General,General,OpenDataKerala GitHub
2020,Thrissur,Pazhayannur,4,KANIYARKODE,ASHADEVI N,BJP,Woman,Woman,OpenDataKerala GitHub
2020,Thrissur,Pazhayannur,5,THIRUVILWAMALA,SINDHU S,CPI,Woman,Woman,OpenDataKerala GitHub
2020,Thrissur,Pazhayannur,6,PAZHAYANNUR,K P SREEJAYAN,CPI(M),General,General,OpenDataKerala GitHub
2020,Thrissur,Pazhayannur,7,ELANAD,LATHA SANU,INC,Woman,Woman,OpenDataKerala GitHub
2020,Thrissur,Pazhayannur,8,VADAKKETHARA,GEETHA RADHAKRISHNAN,CPI(M),Woman,Woman,OpenDataKerala GitHub
2020,Thrissur,Pazhayannur,9,PULAKODE,ARUNKUMAR K,CPI,General,General,OpenDataKerala GitHub
2020,Thrissur,Pazhayannur,10,CHELAKODE,PRASANTHI P,CPI(M),Woman,Woman,OpenDataKerala GitHub
2020,Thrissur,Pazhayannur,11,CHELAKKARA,SHIGITHA SUSAN ALEX,CPI(M),Woman,Woman,OpenDataKerala GitHub
2020,Thrissur,Pazhayannur,12,PANJAL,MUHAMMED ASHARAF K M,CPI(M),General,General,OpenDataKerala GitHub
2020,Thrissur,Pazhayannur,13,NEDUMPURA,P M NOUFAL,CPI(M),General,General,OpenDataKerala GitHub
2020,Thrissur,Ollukkara,1,KATTILAPPOOVAM,P R SURESH BABU,CPI(M),General,General,OpenDataKerala GitHub
2020,Thrissur,Ollukkara,2,PATTIKKAD,REMYA RAJESH,CPI(M),Woman,Woman,OpenDataKerala GitHub
2020,Thrissur,Ollukkara,3,PEECHI,RAMESH K K,CPI(M),SC,SC,OpenDataKerala GitHub
2020,Thrissur,Ollukkara,4,MAROTTICHAL,MINI MOL SABU,INC,Woman,Woman,OpenDataKerala GitHub
2020,Thrissur,Ollukkara,5,PONNUKKARA,P S BABU,CPI(M),General,General,OpenDataKerala GitHub
2020,Thrissur,Ollukkara,6,MARATHAKKARA,NANDAN KUNNATH,INC,General,General,OpenDataKerala GitHub
2020,Thrissur,Ollukkara,7,PUTHUR,SINI PRADEEPKUMAR,CPI(M),Woman,Woman,OpenDataKerala GitHub
2020,Thrissur,Ollukkara,8,VALAKKAVU,AISWARYA LINTO,CPI(M),Woman,Woman,OpenDataKerala GitHub
2020,Thrissur,Ollukkara,9,MOORKANIKKARA,AMALRAM T K,CPI(M),General,General,OpenDataKerala GitHub
2020,Thrissur,Ollukkara,10,NADATHARA,K R RAVI,CPI(M),General,General,OpenDataKerala GitHub
2020,Thrissur,Ollukkara,11,KANNARA,FRANCINA SHAJU,CPI(M),Woman,Woman,OpenDataKerala GitHub
2020,Thrissur,Ollukkara,12,CHIRAKKEKODE,SUMINI KAILAS,CPI(M),Woman,Woman,OpenDataKerala GitHub
2020,Thrissur,Ollukkara,13,MADAKKATHARA,UMADEVI,CPI(M),Woman,Woman,OpenDataKerala GitHub
2020,Thrissur,Puzhakkal,1,EDAKKALATHUR,SANTHOSH C A,CPI(M),General,General,OpenDataKerala GitHub
2020,Thrissur,Puzhakkal,2,KAIPARAMBU,LEELA RAMAKRISHNAN,INC,Woman,Woman,OpenDataKerala GitHub
2020,Thrissur,Puzhakkal,3,PERAMANGALAM,SHEELA SUNILKUMAR,CPI(M),Woman,Woman,OpenDataKerala GitHub
2020,Thrissur,Puzhakkal,4,AVANUR,P V BIJU,INC,General,General,OpenDataKerala GitHub
2020,Thrissur,Puzhakkal,5,CHOOLISSERY,SREELAKSHMI,CPI(M),Woman,Woman,OpenDataKerala GitHub
2020,Thrissur,Puzhakkal,6,MULAMKUNNATHUKAVU,RANJU VASUDEVAN,CPI(M),Woman,Woman,OpenDataKerala GitHub
2020,Thrissur,Puzhakkal,7,POOMALA,JESSY SAJAN,INC,Woman,Woman,OpenDataKerala GitHub
2020,Thrissur,Puzhakkal,8,KUNNATHUPEEDIKA,ARUN GOPI,CPI(M),General,General,OpenDataKerala GitHub
2020,Thrissur,Puzhakkal,9,KOLAZHY,O M SHAJU,INC,General,General,OpenDataKerala GitHub
2020,Thrissur,Puzhakkal,10,MUTHUVARA,JYOTHY JOSEPH,KC(M)PJJ,Woman,Woman,OpenDataKerala GitHub
2020,Thrissur,Puzhakkal,11,PURANATTUKARA,T D WILSON,INC,General,General,OpenDataKerala GitHub
2020,Thrissur,Puzhakkal,12,ADAT,SIVARAMAN V S,CPI(M),SC,SC,OpenDataKerala GitHub
2020,Thrissur,Puzhakkal,13,PARAPPUR,ANNIE JOSE,INC,Woman,Woman,OpenDataKerala GitHub
2020,Thrissur,Mullassery,1,MARUTHAYOOR,MINI LEO,KC(M)PJJ,Woman,Woman,OpenDataKerala GitHub
2020,Thrissur,Mullassery,2,PAVARATTY,SHAJAN O J,INC,General,General,OpenDataKerala GitHub
2020,Thrissur,Mullassery,3,CHITTATTUKARA,CHERUPUSHPAM,CPI(M),Woman,Woman,OpenDataKerala GitHub
2020,Thrissur,Mullassery,4,ELAVALLY,LEENA,CPI(M),Woman,Woman,OpenDataKerala GitHub
2020,Thrissur,Mullassery,5,THAMARAPPILLY,LETHY,CPI(M),Woman,Woman,OpenDataKerala GitHub
2020,Thrissur,Mullassery,6,PUVATHUR,SILPA SIVADAS,CPI(M),Woman,Woman,OpenDataKerala GitHub
2020,Thrissur,Mullassery,7,ANNAKARA,BINDHU,CPI(M),Woman,Woman,OpenDataKerala GitHub
2020,Thrissur,Mullassery,8,THANAVEEDHI,NISHA P V,CPI,SC Woman,SC Woman,OpenDataKerala GitHub
2020,Thrissur,Mullassery,9,MULLASSERY,E V PRABEESH,CPI(M),SC,SC,OpenDataKerala GitHub
2020,Thrissur,Mullassery,10,KANNOTH,GRACY JACOB,INC,General,General,OpenDataKerala GitHub
2020,Thrissur,Mullassery,11,KARUVANTHALA,SHAJU,CPI(M),General,General,OpenDataKerala GitHub
2020,Thrissur,Mullassery,12,PADOOR,SATHEESH K A,CPI(M),General,General,OpenDataKerala GitHub
2020,Thrissur,Mullassery,13,THIRUNALLUR,SHARIF CHIRAKKAL,IUML,General,General,OpenDataKerala GitHub
2020,Thrissur,Thalikulam,1,CHETTUVA,NIMISHA K A,CPI(M),Woman,Woman,OpenDataKerala GitHub
2020,Thrissur,Thalikulam,2,AYIRAMKANNI,SURESHKUMAR K B,CPI(M),General,General,OpenDataKerala GitHub
2020,Thrissur,Thalikulam,3,VATANAPPALLY,K C PRASAD,CPI(M),SC,SC,OpenDataKerala GitHub
2020,Thrissur,Thalikulam,4,TALIKULAM,KALA V,CPI(M),Woman,Woman,OpenDataKerala GitHub
2020,Thrissur,Thalikulam,5,THRIPRAYAR,JUBY PRADEEP,CPI(M),Woman,Woman,OpenDataKerala GitHub
2020,Thrissur,Thalikulam,6,VALAPPAD,SHINE C R,CPI(M),General,General,OpenDataKerala GitHub
2020,Thrissur,Thalikulam,7,EDAMUTTAM,VASANTHA DEVALAL,CPI,SC Woman,SC Woman,OpenDataKerala GitHub
2020,Thrissur,Thalikulam,8,KAZHIMBRAM,MALIKA DEVAN,CPI(M),Woman,Woman,OpenDataKerala GitHub
2020,Thrissur,Thalikulam,9,MUTHAKUNNAM,BIJOSH ANANDAN,CPI,General,General,OpenDataKerala GitHub
2020,Thrissur,Thalikulam,10,NAMBIKKADAVU,LINTA SUBHASHCHANDRAN,INC,Woman,Woman,OpenDataKerala GitHub
2020,Thrissur,Thalikulam,11,PATTILAGADI,BHAGEESH POORADAN,BJP,General,General,OpenDataKerala GitHub
2020,Thrissur,Thalikulam,12,POKKACHERI,IBRAHIM PADUVINGAL,CPI(M),General,General,OpenDataKerala GitHub
2020,Thrissur,Thalikulam,13,THIRUMAGALAM,SUDHA K B,CPI(M),Woman,Woman,OpenDataKerala GitHub
2020,Thrissur,Anthikad,1,PALAZHY,SINDHU SIVADAS,CPI,Woman,Woman,OpenDataKerala GitHub
2020,Thrissur,Anthikad,2,MANALUR,C R RAMESH,CPI(M),SC,SC,OpenDataKerala GitHub
2020,Thrissur,Anthikad,3,ARIMPUR,LATHA MOHAN,INC,SC Woman,SC Woman,OpenDataKerala GitHub
2020,Thrissur,Anthikad,4,VELUTHUR,K K SASIDHARAN,CPI(M),General,General,OpenDataKerala GitHub
2020,Thrissur,Anthikad,5,ANTHIKAD,C K KRISHNAKUMAR,CPI,General,General,OpenDataKerala GitHub
2020,Thrissur,Anthikad,6,CHAZHUR,RAJANI THILAKAN,CPI(M),Woman,Woman,OpenDataKerala GitHub
2020,Thrissur,Anthikad,7,CHIRAKKAL,NAJEEB P S,CPI,General,General,OpenDataKerala GitHub
2020,Thrissur,Anthikad,8,PAZHUVIL,K RAMACHANDRAN,CPI,General,General,OpenDataKerala GitHub
2020,Thrissur,Anthikad,9,THANNIYAM,SEENATH MUHAMMADALI,CPI(M),Woman,Woman,OpenDataKerala GitHub
2020,Thrissur,Anthikad,10,KIZHAKKUMMURY,SEENA ANILKUMAR,CPI,Woman,Woman,OpenDataKerala GitHub
2020,Thrissur,Anthikad,11,VADAKKUMMURY,MAYA T B,CPI(M),Woman,Woman,OpenDataKerala GitHub
2020,Thrissur,Anthikad,12,MUTTICHUR,ABDUL JALEEL,CPI(M),General,General,OpenDataKerala GitHub
2020,Thrissur,Anthikad,13,MANGATTUKARA,SELJI SHAJU,INC,Woman,Woman,OpenDataKerala GitHub
2020,Thrissur,Cherpu,1,KODANNUR,JERRY JOSEPH,CPI,Woman,Woman,OpenDataKerala GitHub
2020,Thrissur,Cherpu,2,PALAKKAL,ROSILY JOY,INC,Woman,Woman,OpenDataKerala GitHub
2020,Thrissur,Cherpu,3,VALLISSERY,GEETHA T K,CPI(M),Woman,Woman,OpenDataKerala GitHub
2020,Thrissur,Cherpu,4,PERINCHERY,SUNILKUMAR C K,BJP,General,General,OpenDataKerala GitHub
2020,Thrissur,Cherpu,5,CHATHAKUDAM,SAJEEVAN N T,CPI(M),SC,SC,OpenDataKerala GitHub
2020,Thrissur,Cherpu,6,VALLACHIRA,SOPHY FRANCIS,CPI(M),Woman,Woman,OpenDataKerala GitHub
2020,Thrissur,Cherpu,7,ARATTUPUZHA,VISWANATHAN,BJP,General,General,OpenDataKerala GitHub
2020,Thrissur,Cherpu,8,ETTUMUNA,HASEENA AKBAR,CPI(M),Woman,Woman,OpenDataKerala GitHub
2020,Thrissur,Cherpu,9,CHERPU,SHEELA,INC,SC Woman,SC Woman,OpenDataKerala GitHub
2020,Thrissur,Cherpu,10,CHEVOOR,JERIN JOSE,CPI(M),General,General,OpenDataKerala GitHub
2020,Thrissur,Cherpu,11,AMMADAM,ANITHA,CPI(M),Woman,Woman,OpenDataKerala GitHub
2020,Thrissur,Cherpu,12,THAYAMKULANGARA,UNNIKRISHNAN T N,INC,General,General,OpenDataKerala GitHub
2020,Thrissur,Cherpu,13,PALLIPURAM,A K RADHAKRISHNAN,CPI(M),General,General,OpenDataKerala GitHub
2020,Thrissur,Kodakara,1,THALORE,SHEELA MANOHARAN,CPI(M),Woman,Woman,OpenDataKerala GitHub
2020,Thrissur,Kodakara,2,TRIKKUR,PAULSON THEKKUMPEEDIKA,INC,General,General,OpenDataKerala GitHub
2020,Thrissur,Kodakara,3,KALLUR,MINI DENNY PANOKKARAN,INC,Woman,Woman,OpenDataKerala GitHub
2020,Thrissur,Kodakara,4,PALAPPILLY,SADASIVAN E K,CPI(M),SC,SC,OpenDataKerala GitHub
2020,Thrissur,Kodakara,5,MUPLIYAM,HEMALATHA NANDAKUMAR,CPI(M),Woman,Woman,OpenDataKerala GitHub
2020,Thrissur,Kodakara,6,VARANDARAPPILLY,SHEELA GEORGE,CPI,Woman,Woman,OpenDataKerala GitHub
2020,Thrissur,Kodakara,7,KODALY,ASSAIN T K,CPI(M),General,General,OpenDataKerala GitHub
2020,Thrissur,Kodakara,8,VELLIKKULANGARA,SAJITHA RAJEEVAN,CPI,Woman,Woman,OpenDataKerala GitHub
2020,Thrissur,Kodakara,9,MATTATHUR,RANJITH M R,CPI(M),General,General,OpenDataKerala GitHub
2020,Thrissur,Kodakara,10,PERAMBRA,TESSY FRANCIS,CPI(M),Woman,Woman,OpenDataKerala GitHub
2020,Thrissur,Kodakara,11,KODAKARA,MUKUNDAN V K,CPI(M),General,General,OpenDataKerala GitHub
2020,Thrissur,Kodakara,12,SNEHAPURAM,SATHI SUDHEER,INC,SC Woman,SC Woman,OpenDataKerala GitHub
2020,Thrissur,Kodakara,13,ALAGAPPANAGAR,TESSY P A,CPI(M),Woman,Woman,OpenDataKerala GitHub
2020,Thrissur,Kodakara,14,AMBALLUR,CHANDRAN,CPI,General,General,OpenDataKerala GitHub
2020,Thrissur,Kodakara,15,PUDUKKAD,ALJO P ANTONY,CPI(M),General,General,OpenDataKerala GitHub
2020,Thrissur,Irinjalakuda,1,KARANCHIRA,BASHEER V A,CPI,General,General,OpenDataKerala GitHub
2020,Thrissur,Irinjalakuda,2,KARALAM,MOHANAN VALIYATTIL,CPI,General,General,OpenDataKerala GitHub
2020,Thrissur,Irinjalakuda,3,THOTTIPPAL,P T KISHOR,CPI,General,General,OpenDataKerala GitHub
2020,Thrissur,Irinjalakuda,4,PARAPPOOKARA,REENA FRANCIS,INC,Woman,Woman,OpenDataKerala GitHub
2020,Thrissur,Irinjalakuda,5,NELLAYI,KARTHIKA JAYAN,CPI(M),Woman,Woman,OpenDataKerala GitHub
2020,Thrissur,Irinjalakuda,6,ALATHOOR,KAVITHA SUNIL,CPI(M),Woman,Woman,OpenDataKerala GitHub
2020,Thrissur,Irinjalakuda,7,ANANDAPURAM,SHEENA RAJAN,CPI(M),SC Woman,SC Woman,OpenDataKerala GitHub
2020,Thrissur,Irinjalakuda,8,MURIYAD,VIPIN VINODAN,CPI(M),SC,SC,OpenDataKerala GitHub
2020,Thrissur,Irinjalakuda,9,KAPPARA,LALITHA BALAN,CPI(M),General,General,OpenDataKerala GitHub
2020,Thrissur,Irinjalakuda,10,PULLUR,MINI VARIKKASSERY,CPI,Woman,Woman,OpenDataKerala GitHub
2020,Thrissur,Irinjalakuda,11,KIZHUTHANI,K S RAMESH,CPI(M),General,General,OpenDataKerala GitHub
2020,Thrissur,Irinjalakuda,12,VELLANI,SUNITHA MANOJ,CPI(M),Woman,Woman,OpenDataKerala GitHub
2020,Thrissur,Irinjalakuda,13,KATTOOR,AMITHA MANOJ,CPI(M),Woman,Woman,OpenDataKerala GitHub
2020,Thrissur,Vellangallur,1,EDATHIRINJI,SUDHA DILEEP,CPI,Woman,Woman,OpenDataKerala GitHub
2020,Thrissur,Vellangallur,2,EDAKKULAM,SURESH AMMANATH,CPI(M),General,General,OpenDataKerala GitHub
2020,Thrissur,Vellangallur,3,KALLAMKUNNU,VIJAYALAKSHMI,CPI(M),General,General,OpenDataKerala GitHub
2020,Thrissur,Vellangallur,4,THUMBOOR,TESSY JOY KODIYAN,INC,Woman,Woman,OpenDataKerala GitHub
2020,Thrissur,Vellangallur,5,PATTEPPADAM,ADV. SASIKUMAR EDAPPUZHA,INC,General,General,OpenDataKerala GitHub
2020,Thrissur,Vellangallur,6,PUTHENCHIRA,REMADEVI T.R,NCP,Woman,Woman,OpenDataKerala GitHub
2020,Thrissur,Vellangallur,7,KOMBATHUKADAVU,BEENA SUDHAKARAN,CPI,Woman,Woman,OpenDataKerala GitHub
2020,Thrissur,Vellangallur,8,KARUMATHRA,PRESANNA ANILKUMAR,CPI(M),SC Woman,SC Woman,OpenDataKerala GitHub
2020,Thrissur,Vellangallur,9,KONATHUKUNNU,ASMABI LATHEEF,CPI(M),Woman,Woman,OpenDataKerala GitHub
2020,Thrissur,Vellangallur,10,POOVATHUMKADAVU,K.B. BINOY,CPI,SC,SC,OpenDataKerala GitHub
2020,Thrissur,Vellangallur,11,VELLANGALLUR,UNNIKRISHNAN KUTTIPARAMBIL,CPI(M),General,General,OpenDataKerala GitHub
2020,Thrissur,Vellangallur,12,POOMANGALAM,RANJINI SREEKUMAR,INC,Woman,Woman,OpenDataKerala GitHub
2020,Thrissur,Vellangallur,13,PADIYOOR,RAJESH ASOKAN,CPI(M),General,General,OpenDataKerala GitHub
2020,Thrissur,Mathilakam,1,CHENTHRAPPINNI,M K PHALGUNAN,CPI(M),General,General,OpenDataKerala GitHub
2020,Thrissur,Mathilakam,2,EDATHIRUTHY,NOUMY PRASAD,CPI(M),Woman,Woman,OpenDataKerala GitHub
2020,Thrissur,Mathilakam,3,KAIPAMANGALAM,C S SALEESH,CPI(M),General,General,OpenDataKerala GitHub
2020,Thrissur,Mathilakam,4,PERINJANAM,KAREEM K A,CPI(M),General,General,OpenDataKerala GitHub
2020,Thrissur,Mathilakam,5,MATHILAKAM,SHEEJA BABU,CPI(M),Woman,Woman,OpenDataKerala GitHub
2020,Thrissur,Mathilakam,6,SREENARAYANAPURAM,C K GIRIJA,CPI(M),Woman,Woman,OpenDataKerala GitHub
2020,Thrissur,Mathilakam,7,PANANGAD,MINI SHAJI,CPI(M),Woman,Woman,OpenDataKerala GitHub
2020,Thrissur,Mathilakam,8,EDAVILANGU,ADV. MONISHA LIGIN,INDEPENDENT,Woman,Woman,OpenDataKerala GitHub
2020,Thrissur,Mathilakam,9,ATHANI,K K VALSAMMA TEACHER,CPI,SC Woman,SC Woman,OpenDataKerala GitHub
2020,Thrissur,Mathilakam,10,AZHIKODE,NOUSHAD KARUKAPPADATH,CPI(M),General,General,OpenDataKerala GitHub
2020,Thrissur,Mathilakam,11,ERIYAD,HASFAL K A,CPI(M),General,General,OpenDataKerala GitHub
2020,Thrissur,Mathilakam,12,P VEMBALLUR,SOBHANA SHARNGADHARAN,CPI,Woman,Woman,OpenDataKerala GitHub
2020,Thrissur,Mathilakam,13,KOOLIMUTTAM,HAFSA OPHUR,CPI,Woman,Woman,OpenDataKerala GitHub
2020,Thrissur,Mathilakam,14,KADAPPURAM,R K BABY,CPI(M),General,General,OpenDataKerala GitHub
2020,Thrissur,Mathilakam,15,KOORIKUZHI,V S JINESH,INC,SC,SC,OpenDataKerala GitHub
2020,Thrissur,Mala,1,KALLETTUMKARA,SANDHYA NAISAN,CPI(M),SC,SC,OpenDataKerala GitHub
2020,Thrissur,Mala,2,ALOOR,BINDHU SHAJU,CPI,Woman,Woman,OpenDataKerala GitHub
2020,Thrissur,Mala,3,KAROOR,JOSE MANJOORAN,CPI(M),General,General,OpenDataKerala GitHub
2020,Thrissur,Mala,4,CHAKKAMPARAMBU,GEORGE UA UKKEN,INC,General,General,OpenDataKerala GitHub
2020,Thrissur,Mala,5,ANNAMANADA,O C RAVI,CPI,General,General,OpenDataKerala GitHub
2020,Thrissur,Mala,6,PALISSERY,VINCEY JOSHY,INC,Woman,Woman,OpenDataKerala GitHub
2020,Thrissur,Mala,7,KUZHUR,SILVI XAVIER,INC,Woman,Woman,OpenDataKerala GitHub
2020,Thrissur,Mala,8,KUNDUR,SHIJI YACOB,CPI(M),Woman,Woman,OpenDataKerala GitHub
2020,Thrissur,Mala,9,POOPPATHI,REKHA SHANTI JOSEPH,CPI,Woman,Woman,OpenDataKerala GitHub
2020,Thrissur,Mala,10,POYYA,DOMINIC JOMON,CPI(M),General,General,OpenDataKerala GitHub
2020,Thrissur,Mala,11,MALA,A A ASHRAF,INC,General,General,OpenDataKerala GitHub
2020,Thrissur,Mala,12,ASHTAMICHIRA,GEETHA P A,CPI(M),Woman,Woman,OpenDataKerala GitHub
2020,Thrissur,Mala,13,KOMBODINJAMAKKAL,JUMYLA SHAGEER,CPI(M),Woman,Woman,OpenDataKerala GitHub
2020,Thrissur,Chalakudy,1,ELINJIPRA,M D BAHULEYAN,CPI,General,General,OpenDataKerala GitHub
2020,Thrissur,Chalakudy,2,CHETTIKKULAM,ADV.LIJO JOHN,INC,General,General,OpenDataKerala GitHub
2020,Thrissur,Chalakudy,3,KUTTICHIRA,C VANTONY,INC,General,General,OpenDataKerala GitHub
2020,Thrissur,Chalakudy,4,KANJIRAPPILLY,P P PAULY,INC,General,General,OpenDataKerala GitHub
2020,Thrissur,Chalakudy,5,ATHIRAPPILLY,SHANTY JOSEPH,INC,Woman,Woman,OpenDataKerala GitHub
2020,Thrissur,Chalakudy,6,PUSHPAGIRI,INDIRA PRAKASAN,CPI(M),SC Woman,SC Woman,OpenDataKerala GitHub
2020,Thrissur,Chalakudy,7,CHIRANGARA,SINDHU RAVI,CPI(M),Woman,Woman,OpenDataKerala GitHub
2020,Thrissur,Chalakudy,8,KATTAPPURAM,VENU KANDARUMADATHIL,INC,SC,SC,OpenDataKerala GitHub
2020,Thrissur,Chalakudy,9,ANNANADU,BEENA RAVINDRAN,CPI(M),Woman,Woman,OpenDataKerala GitHub
2020,Thrissur,Chalakudy,10,VYNTHALA,LEENA DAVIS,INC,Woman,Woman,OpenDataKerala GitHub
2020,Thrissur,Chalakudy,11,MURINGOOR,VANAJA DIVAKARAN,INC,Woman,Woman,OpenDataKerala GitHub
2020,Thrissur,Chalakudy,12,POOLANI,RAMYA VIJITH,CPI(M),Woman,Woman,OpenDataKerala GitHub
2020,Thrissur,Chalakudy,13,KUTTIKKADU,JACOB P K,INC,General,General,OpenDataKerala GitHub
2020,Palakkad,Trithala,1,KUMBIDI,SNEHA,CPI(M),SC Woman,SC Woman,OpenDataKerala GitHub
2020,Palakkad,Trithala,2,KOODALLUR,MT GEETHA,INC,Woman,Woman,OpenDataKerala GitHub
2020,Palakkad,Trithala,3,ANGADI,K ANEESH,CPI(M),SC,SC,OpenDataKerala GitHub
2020,Palakkad,Trithala,4,ALOOR,MOHAMMED (MALIYEKKAL BAVA),INC,General,General,OpenDataKerala GitHub
2020,Palakkad,Trithala,5,MEZHATHUR,KRISHNAKUMAR A,CPI(M),General,General,OpenDataKerala GitHub
2020,Palakkad,Trithala,6,THRITHALA,K.V KUBRA SHAJAHAN,CPI(M),Woman,Woman,OpenDataKerala GitHub
2020,Palakkad,Trithala,7,THIRUMITTACODE,M SREELATHA,CPI(M),Woman,Woman,OpenDataKerala GitHub
2020,Palakkad,Trithala,8,KARUKAPUTHUR,SHAREENA TEACHER,CPI(M),Woman,Woman,OpenDataKerala GitHub
2020,Palakkad,Trithala,9,NAGALASSERY,PRIYA PV,CPI(M),SC Woman,SC Woman,OpenDataKerala GitHub
2020,Palakkad,Trithala,10,KOTHACHIRA,ADVOCATE RAJEENA V P,CPI(M),General,General,OpenDataKerala GitHub
2020,Palakkad,Trithala,11,CHALISSERY,P R KUNHUNNI,CPI(M),General,General,OpenDataKerala GitHub
2020,Palakkad,Trithala,12,KAVUKKODE,DHANYA SURENDRAN,CPI(M),Woman,Woman,OpenDataKerala GitHub
2020,Palakkad,Trithala,13,KAPPUR,MUHAMMAD RAVAF,CPI(M),General,General,OpenDataKerala GitHub
2020,Palakkad,Trithala,14,KUMARANELLUR,BALAKRISHNAN,CPI(M),General,General,OpenDataKerala GitHub
2020,Palakkad,Pattambi,1,THIRUVEGAPPURA,SAJITHA VINOD,IUML,Woman,Woman,OpenDataKerala GitHub
2020,Palakkad,Pattambi,2,EDAPPALAM,SARITHA K S,CPI(M),Woman,Woman,OpenDataKerala GitHub
2020,Palakkad,Pattambi,3,KARINGANAD,THASNEEMA ISMAIL,IUML,Woman,Woman,OpenDataKerala GitHub
2020,Palakkad,Pattambi,4,THATHANAMPULLY,MOHAMMED M K,CPI(M),General,General,OpenDataKerala GitHub
2020,Palakkad,Pattambi,5,KULUKKALLUR,BASHEER MASTER,CPI(M),General,General,OpenDataKerala GitHub
2020,Palakkad,Pattambi,6,KOPPAM,GEETHA MANIKANDAN,INC,SC Woman,SC Woman,OpenDataKerala GitHub
2020,Palakkad,Pattambi,7,NADUVATTAM,K A RASHEED,IUML,General,General,OpenDataKerala GitHub
2020,Palakkad,Pattambi,8,KIZHUMURI,SHAFEENA SHUKKUR,INC,Woman,Woman,OpenDataKerala GitHub
2020,Palakkad,Pattambi,9,VADANAMKURUSSI,PRASANNA,CPI(M),Woman,Woman,OpenDataKerala GitHub
2020,Palakkad,Pattambi,10,KARAKKAD,V SAIDALI,CPI(M),General,General,OpenDataKerala GitHub
2020,Palakkad,Pattambi,11,KONDOORKARA,UNNIKRISHNAN P P,INC,SC,SC,OpenDataKerala GitHub
2020,Palakkad,Pattambi,12,KARAKOOTH,MOHAMMED KUTTY P T,INC,General,General,OpenDataKerala GitHub
2020,Palakkad,Pattambi,13,PERUMUDIYOOR,BINDU K,CPI(M),Woman,Woman,OpenDataKerala GitHub
2020,Palakkad,Pattambi,14,PARUTHUR,SHYMA UNNIKRISHNAN,CPI(M),Woman,Woman,OpenDataKerala GitHub
2020,Palakkad,Pattambi,15,KARUVANPADI,P T M FIROS,IUML,General,General,OpenDataKerala GitHub
2020,Palakkad,Ottapalam,1,VALLAPPUZHA,SATHYABHAMA N P,CPI(M),SC Woman,SC Woman,OpenDataKerala GitHub
2020,Palakkad,Ottapalam,2,EZHUVANTHALA,BABU,CPI(M),General,General,OpenDataKerala GitHub
2020,Palakkad,Ottapalam,3,NELLAYA,BASHEER,CPI(M),General,General,OpenDataKerala GitHub
2020,Palakkad,Ottapalam,4,CHALAVARA,MUHAMMAD JABIR P,CPI(M),General,General,OpenDataKerala GitHub
2020,Palakkad,Ottapalam,5,THRIKKADEERI,A PRABHAVATHI,CPI,Woman,Woman,OpenDataKerala GitHub
2020,Palakkad,Ottapalam,6,MANGODE,ASWATHY S,CPI(M),Woman,Woman,OpenDataKerala GitHub
2020,Palakkad,Ottapalam,7,AMBALAPPARA,SURESH MOHANAN V,CPI(M),SC,SC,OpenDataKerala GitHub
2020,Palakkad,Ottapalam,8,VENGASSERY,RADHAKRISHNAN K,CPI(M),General,General,OpenDataKerala GitHub
2020,Palakkad,Ottapalam,9,AKALUR,SOBHANA RAJENDRAPRASAD,CPI(M),Woman,Woman,OpenDataKerala GitHub
2020,Palakkad,Ottapalam,10,LAKKIDI,M RAMAKRISHNAN,CPI(M),General,General,OpenDataKerala GitHub
2020,Palakkad,Ottapalam,11,CHUNANGAD,SMITHA,CPI(M),Woman,Woman,OpenDataKerala GitHub
2020,Palakkad,Ottapalam,12,ANANGANADI,SHAILAJA,CPI(M),Woman,Woman,OpenDataKerala GitHub
2020,Palakkad,Ottapalam,13,PATHAMKULAM,ASEENA,CPI(M),Woman,Woman,OpenDataKerala GitHub
2020,Palakkad,Ottapalam,14,VANIYAMKULAM,KANAKARAJAN,CPI(M),General,General,OpenDataKerala GitHub
2020,Palakkad,Ottapalam,15,KOONATHARA,N P KOMALAM,CPI(M),Woman,Woman,OpenDataKerala GitHub
2020,Palakkad,Ottapalam,16,KAYILIAD,MANOJ,CPI(M),General,General,OpenDataKerala GitHub
2020,Palakkad,Sreekrishnapuram,1,KOTTAPPURAM,SHEEJA T,CPI(M),Woman,Woman,OpenDataKerala GitHub
2020,Palakkad,Sreekrishnapuram,2,KARIMPUZHA,SHEEBA P T,IUML,Woman,Woman,OpenDataKerala GitHub
2020,Palakkad,Sreekrishnapuram,3,ELAMBULASSERY,SUNITHA JOSEPH,CPI(M),Woman,Woman,OpenDataKerala GitHub
2020,Palakkad,Sreekrishnapuram,4,PALLIKURUP,KALLADI UNNIKAMMU,CPI(M),General,General,OpenDataKerala GitHub
2020,Palakkad,Sreekrishnapuram,5,KARAKURSSI,SUMITHA M K,CPI(M),Woman,Woman,OpenDataKerala GitHub
2020,Palakkad,Sreekrishnapuram,6,PULAPPATTA,SREEKUMARI O,CPI(M),Woman,Woman,OpenDataKerala GitHub
2020,Palakkad,Sreekrishnapuram,7,KATAMPAZHIPURAM,SUBRAMANYAN,CPI(M),General,General,OpenDataKerala GitHub
2020,Palakkad,Sreekrishnapuram,8,SREEKRISHNAPURAM,RADHIKA V K,CPI(M),Woman,Woman,OpenDataKerala GitHub
2020,Palakkad,Sreekrishnapuram,9,ESWARAMANGALAM,SAIDALI M,CPI,General,General,OpenDataKerala GitHub
2020,Palakkad,Sreekrishnapuram,10,POOKKOTTUKAVU,AJITH KUMAR S,CPI(M),General,General,OpenDataKerala GitHub
2020,Palakkad,Sreekrishnapuram,11,KALLUVAZHI,JAYAN V T,CPI(M),SC,SC,OpenDataKerala GitHub
2020,Palakkad,Sreekrishnapuram,12,VELLINEZHI,PRAJEESH KUMAR V,CPI(M),General,General,OpenDataKerala GitHub
2020,Palakkad,Sreekrishnapuram,13,THIRUVAZHIYODE,PADMAPRIYA C,CPI(M),SC Woman,SC Woman,OpenDataKerala GitHub
2020,Palakkad,Mannarkkad,1,EDATHANATTUKARA,SHANAVAS MASTER P,IUML,General,General,OpenDataKerala GitHub
2020,Palakkad,Mannarkkad,2,THIRUVIZHAMKUNNU,MANIKANDAN V,INC,SC,SC,OpenDataKerala GitHub
2020,Palakkad,Mannarkkad,3,KOTTOPPADAM,PADUVIL KUNJUMUHAMMED ALIAS MAANU,IUML,General,General,OpenDataKerala GitHub
2020,Palakkad,Mannarkkad,4,PAYYANADAM,V PREETHA,INC,Woman,Woman,OpenDataKerala GitHub
2020,Palakkad,Mannarkkad,5,THENKARA,RAMA SUKUMARAN,CPI(M),Woman,Woman,OpenDataKerala GitHub
2020,Palakkad,Mannarkkad,6,KANJIRAPPUZHA,BIJI TOMY,INC,Woman,Woman,OpenDataKerala GitHub
2020,Palakkad,Mannarkkad,7,PALAKKAYAM,P V KURIAN ALIAS THANKACHAN PARAKKUDIYIL,INC,General,General,OpenDataKerala GitHub
2020,Palakkad,Mannarkkad,8,MEENVALLAM,OMANA RAMACHANDRAN,CPI,SC Woman,SC Woman,OpenDataKerala GitHub
2020,Palakkad,Mannarkkad,9,KARIMBA,C K JAYASREE TEACHER,CPI(M),Woman,Woman,OpenDataKerala GitHub
2020,Palakkad,Mannarkkad,10,THACHAMPARA,AYISHA BANU KAPPIL,NCP,Woman,Woman,OpenDataKerala GitHub
2020,Palakkad,Mannarkkad,11,KOTTIYODE,MUHAMMED ALIAS CHEROOTTY,INC,General,General,OpenDataKerala GitHub
2020,Palakkad,Mannarkkad,12,CHANGALEERI,MUSTHAFA VARODAN,IUML,General,General,OpenDataKerala GitHub
2020,Palakkad,Mannarkkad,13,ARIYOOR,ADV. C K UMMUSALMA,IUML,Woman,Woman,OpenDataKerala GitHub
2020,Palakkad,Mannarkkad,14,CHETHALLUR,THANKAM M,INC,Woman,Woman,OpenDataKerala GitHub
2020,Palakkad,Mannarkkad,15,THACHANATTUKARA,BUSHARA,IUML,Woman,Woman,OpenDataKerala GitHub
2020,Palakkad,Mannarkkad,16,BHEEMANAD,BASHEER THEKKAN,IUML,General,General,OpenDataKerala GitHub
2020,Palakkad,Mannarkkad,17,ALANALLUR,ABDUL SALEEM V,CPI(M),General,General,OpenDataKerala GitHub
2020,Palakkad,Attappady,1,PALOOR,KARTHIYAYANI SENHILKUMAR,CPI,Woman,Woman,OpenDataKerala GitHub
2020,Palakkad,Attappady,2,PUDUR,MARUTHI MURUGAN,CPI,ST Woman,ST Woman,OpenDataKerala GitHub
2020,Palakkad,Attappady,3,CHALAYUR,K K MATHEW,CPI(M),General,General,OpenDataKerala GitHub
2020,Palakkad,Attappady,4,KOTTATHARA,M C GANDHI,INC,SC,SC,OpenDataKerala GitHub
2020,Palakkad,Attappady,5,ANAKKATTI,SANOJ S,CPI,General,General,OpenDataKerala GitHub
2020,Palakkad,Attappady,6,SHOLAYUR,G SHAJU,INC,General,General,OpenDataKerala GitHub
2020,Palakkad,Attappady,7,CHITTOR,SINI MANOJ,CPI,Woman,Woman,OpenDataKerala GitHub
2020,Palakkad,Attappady,8,AGALI,KALIYAMMA,CPI(M),ST Woman,ST Woman,OpenDataKerala GitHub
2020,Palakkad,Attappady,9,KARARA,SUSAMMA BABY,CPI,Woman,Woman,OpenDataKerala GitHub
2020,Palakkad,Attappady,10,JELLIPPARA,MARUTHI RAJAN,CPI(M),ST Woman,ST Woman,OpenDataKerala GitHub
2020,Palakkad,Attappady,11,CHEMMANNUR,SINDHU BABU,NCP,Woman,Woman,OpenDataKerala GitHub
2020,Palakkad,Attappady,12,CHINDAKKI,ESWARY RESAN,INC,ST,ST,OpenDataKerala GitHub
2020,Palakkad,Attappady,13,THAVALAM,MARUTHAN,BJP,ST,ST,OpenDataKerala GitHub
2020,Palakkad,Palakkad,1,PARASSERY,V SETHUMADHAVAN,CPI(M),General,General,OpenDataKerala GitHub
2020,Palakkad,Palakkad,2,KONGAD,V V MOHANAN,CPI(M),SC,SC,OpenDataKerala GitHub
2020,Palakkad,Palakkad,3,VELIKKAD,NASEEMA A P,CPI(M),Woman,Woman,OpenDataKerala GitHub
2020,Palakkad,Palakkad,4,MUNDUR,PRIYA O B,CPI(M),Woman,Woman,OpenDataKerala GitHub
2020,Palakkad,Palakkad,5,KINAVALLUR,SUSHAMA P R,CPI(M),SC Woman,SC Woman,OpenDataKerala GitHub
2020,Palakkad,Palakkad,6,KIZHAKKANCHERIKAVU,THANKAMANI K,CPI(M),SC Woman,SC Woman,OpenDataKerala GitHub
2020,Palakkad,Palakkad,7,PIRAYIRI,MOHAMED IQBAL,IUML,General,General,OpenDataKerala GitHub
2020,Palakkad,Palakkad,8,KODUNTHIRAPPULLY,M NAZEER,CPI(M),General,General,OpenDataKerala GitHub
2020,Palakkad,Palakkad,9,PARLI,AJITH K S,BJP,General,General,OpenDataKerala GitHub
2020,Palakkad,Palakkad,10,THENUR,KALA T A,BJP,Woman,Woman,OpenDataKerala GitHub
2020,Palakkad,Palakkad,11,MANKARA,PRASAD K R,INC,General,General,OpenDataKerala GitHub
2020,Palakkad,Palakkad,12,MANNUR,ABDUL MUTHALIF P S,CPI(M),General,General,OpenDataKerala GitHub
2020,Palakkad,Palakkad,13,KERALASSERY,RAJANI A,CPI(M),Woman,Woman,OpenDataKerala GitHub
2020,Palakkad,Palakkad,14,VADASSERY,NANDINI B,CPI(M),Woman,Woman,OpenDataKerala GitHub
2020,Palakkad,Kuzhalmannam,1,PARUTHIPULLY,BHAGYALATHA,INC,Woman,Woman,OpenDataKerala GitHub
2020,Palakkad,Kuzhalmannam,2,KOTTAYI,KUNCHILAKSHMI K,CPI(M),SC Woman,SC Woman,OpenDataKerala GitHub
2020,Palakkad,Kuzhalmannam,3,PULINELLY,T K DEVADAS,CPI(M),General,General,OpenDataKerala GitHub
2020,Palakkad,Kuzhalmannam,4,CHUNGAMANNAM,SOMADASAN,CPI(M),General,General,OpenDataKerala GitHub
2020,Palakkad,Kuzhalmannam,5,THACHANKKAD,SIDDIK,CPI(M),General,General,OpenDataKerala GitHub
2020,Palakkad,Kuzhalmannam,6,PATHIKKAL,SUBRAMANIAN C,CPI(M),SC,SC,OpenDataKerala GitHub
2020,Palakkad,Kuzhalmannam,7,THANNIRPANDAL,N M INDIRA,CPI(M),SC Woman,SC Woman,OpenDataKerala GitHub
2020,Palakkad,Kuzhalmannam,8,THENKURISSI,LAKSHMIDEVI TEACHER,CPI(M),Woman,Woman,OpenDataKerala GitHub
2020,Palakkad,Kuzhalmannam,9,MANJALOOR,SATHIKUMARI,CPI(M),Woman,Woman,OpenDataKerala GitHub
2020,Palakkad,Kuzhalmannam,10,KULAVANMUKKU,V PANKAJAKSHAN,CPI,General,General,OpenDataKerala GitHub
2020,Palakkad,Kuzhalmannam,11,MALANCHITTY,RAJESHKUMAR MASTER,CPI(M),General,General,OpenDataKerala GitHub
2020,Palakkad,Kuzhalmannam,12,KARADIYAMPARA,SEMEENA NAINAR MUHAMMED,CPI(M),Woman,Woman,OpenDataKerala GitHub
2020,Palakkad,Kuzhalmannam,13,CHULANUR,SAJITHA P,CPI(M),Woman,Woman,OpenDataKerala GitHub
2020,Palakkad,Chittur,1,PALLATHERI,MAHESH J,CPI(M),General,General,OpenDataKerala GitHub
2020,Palakkad,Chittur,2,NEYTHALA,SAROJA K G,INC,Woman,Woman,OpenDataKerala GitHub
2020,Palakkad,Chittur,3,KOZHIPARA,VIJAYAN K,CPI(M),General,General,OpenDataKerala GitHub
2020,Palakkad,Chittur,4,OZHALAPATHY,SINDHU,JD(S),Woman,Woman,OpenDataKerala GitHub
2020,Palakkad,Chittur,5,ERUTHENPATHY,A. BABURAJ,INC,General,General,OpenDataKerala GitHub
2020,Palakkad,Chittur,6,KOZHINJAMPARA,MANI KUMAR N K,JD(S),General,General,OpenDataKerala GitHub
2020,Palakkad,Chittur,7,VANNAMADA,HARI PRASATH V,INC,General,General,OpenDataKerala GitHub
2020,Palakkad,Chittur,8,MEENAKSHIPURAM,SARITHA. K,JD(S),SC Woman,SC Woman,OpenDataKerala GitHub
2020,Palakkad,Chittur,9,VANDITHAVALAM,ADV. V. MURUGADAS,JD(S),General,General,OpenDataKerala GitHub
2020,Palakkad,Chittur,10,KANAKKAMPARA,SATHEESH KUMAR,JD(S),SC,SC,OpenDataKerala GitHub
2020,Palakkad,Chittur,11,NATTUKAL,BINDU VIJAYAN,JD(S),Woman,Woman,OpenDataKerala GitHub
2020,Palakkad,Chittur,12,NALLEPILLY,A. SUJATHA,CPI(M),Woman,Woman,OpenDataKerala GitHub
2020,Palakkad,Chittur,13,KALUKOOTTIYAL,M. SUBAIRATH,CPI(M),Woman,Woman,OpenDataKerala GitHub
2020,Palakkad,Chittur,14,ELAPPULLY,VISALAKSHI,CPI(M),Woman,Woman,OpenDataKerala GitHub
2020,Palakkad,Kollengode,1,KERALAPURAM,SARITHA B,CPI(M),Woman,Woman,OpenDataKerala GitHub
2020,Palakkad,Kollengode,2,PAALATHULLI,SASIKALA C,CPI(M),Woman,Woman,OpenDataKerala GitHub
2020,Palakkad,Kollengode,3,PUTHUNAGARAM TOWN,ANITHA V,CPI(M),SC Woman,SC Woman,OpenDataKerala GitHub
2020,Palakkad,Kollengode,4,PATTANCHERY,NISSAR M,CPI(M),General,General,OpenDataKerala GitHub
2020,Palakkad,Kollengode,5,KANNIMARI,MADHU C,JD(S),General,General,OpenDataKerala GitHub
2020,Palakkad,Kollengode,6,KUTTIPAADAM,MUMTHAZ A,CPI(M),Woman,Woman,OpenDataKerala GitHub
2020,Palakkad,Kollengode,7,GOVINDHAPURAM,KRISHNAN K C,CPI(M),SC,SC,OpenDataKerala GitHub
2020,Palakkad,Kollengode,8,KAMBRATHU CHALLA,JAILAVUDEEN A C,CPI(M),General,General,OpenDataKerala GitHub
2020,Palakkad,Kollengode,9,PAYYILOOR,OMANA SUBRAMANIYAN,CPI(M),Woman,Woman,OpenDataKerala GitHub
2020,Palakkad,Kollengode,10,KOLEENGODE TOWN,SATHYABHAMA CHANDRAN A,CPI(M),SC Woman,SC Woman,OpenDataKerala GitHub
2020,Palakkad,Kollengode,11,PATTATHALACHI,PRAVEEN S,INC,General,General,OpenDataKerala GitHub
2020,Palakkad,Kollengode,12,KARIPPODE,NOORJAHAN A,CPI(M),Woman,Woman,OpenDataKerala GitHub
2020,Palakkad,Kollengode,13,ETHANNUR,CHINNAKUTTAN R,CPI(M),General,General,OpenDataKerala GitHub
2020,Palakkad,Nenmara,1,MUDAPPALLUR,NASEEMA ISHAQ,CPI(M),Woman,Woman,OpenDataKerala GitHub
2020,Palakkad,Nenmara,2,CHITTILANCHERI,PREMALATHA P,CPI(M),Woman,Woman,OpenDataKerala GitHub
2020,Palakkad,Nenmara,3,CHERAMANGALAM,K V PRABHAKARAN,CPI(M),General,General,OpenDataKerala GitHub
2020,Palakkad,Nenmara,4,PALLAVUR,LEELAMANI C,CPI(M),Woman,Woman,OpenDataKerala GitHub
2020,Palakkad,Nenmara,5,PALLASSANA,P S PRAMEELA,CPI(M),Woman,Woman,OpenDataKerala GitHub
2020,Palakkad,Nenmara,6,VATTEKKAD,A RAJAN,CPI(M),General,General,OpenDataKerala GitHub
2020,Palakkad,Nenmara,7,ELAVANCHERI,R SANTHAKUMARAN MASTER,CPI(M),General,General,OpenDataKerala GitHub
2020,Palakkad,Nenmara,8,NEMMARA,SREEJA RAJEEV,CPI(M),Woman,Woman,OpenDataKerala GitHub
2020,Palakkad,Nenmara,9,VITHINASSERI,C SUDHAKARAN,CPI(M),SC,SC,OpenDataKerala GitHub
2020,Palakkad,Nenmara,10,NELLIYAMPATHY,V FAROOK,CPI(M),General,General,OpenDataKerala GitHub
2020,Palakkad,Nenmara,11,AYILOOR,MANJULA SURENDRAN,CPI(M),Woman,Woman,OpenDataKerala GitHub
2020,Palakkad,Nenmara,12,KAYARADI,GOPIKA SHIJU,INC,SC Woman,SC Woman,OpenDataKerala GitHub
2020,Palakkad,Nenmara,13,MANGALAMDAM,SAIDALIKUTTY P H,CPI(M),General,General,OpenDataKerala GitHub
2020,Palakkad,Alathur,1,PAZHAMBALACODE,PUSHPALATHA A,CPI(M),SC Woman,SC Woman,OpenDataKerala GitHub
2020,Palakkad,Alathur,2,TARUR,C VASUDEVAN,CPI,General,General,OpenDataKerala GitHub
2020,Palakkad,Alathur,3,ERIMAYUR,V.V.KUTTYKRISHNAN,CPI(M),General,General,OpenDataKerala GitHub
2020,Palakkad,Alathur,4,KUNISSERY,C RAMAKRISHNAN,CPI(M),SC,SC,OpenDataKerala GitHub
2020,Palakkad,Alathur,5,TRIPPALUR,RAJANI BABU,CPI(M),Woman,Woman,OpenDataKerala GitHub
2020,Palakkad,Alathur,6,ALATHUR,AZAD SULIMAN,CPI(M),General,General,OpenDataKerala GitHub
2020,Palakkad,Alathur,7,KAVASSERY,JAYAKRISHNAN S,CPI(M),General,General,OpenDataKerala GitHub
2020,Palakkad,Alathur,8,MANGALAM,VANAJA RADHAKRISHNAN,CPI(M),Woman,Woman,OpenDataKerala GitHub
2020,Palakkad,Alathur,9,KIZHAKKENCHERY,PREMALATHA V,CPI(M),SC Woman,SC Woman,OpenDataKerala GitHub
2020,Palakkad,Alathur,10,THEKKINKALLA,SUNITHA,CPI(M),Woman,Woman,OpenDataKerala GitHub
2020,Palakkad,Alathur,11,MOOLAMKODE,ALEEMA S,CPI,Woman,Woman,OpenDataKerala GitHub
2020,Palakkad,Alathur,12,VADAKKENCHERY,P.T.RAJANI,CPI(M),Woman,Woman,OpenDataKerala GitHub
2020,Palakkad,Alathur,13,KANNAMBRA,RAJANI RAMADAS,CPI(M),Woman,Woman,OpenDataKerala GitHub
2020,Palakkad,Alathur,14,KARAPPOTTA,SULOCHANA K,CPI(M),General,General,OpenDataKerala GitHub
2020,Palakkad,Alathur,15,PUTHUCODE,K C BINU,CPI(M),General,General,OpenDataKerala GitHub
2020,Palakkad,Malampuzha,1,MUTTIKULANGARA,PRIYA .P,CPI(M),Woman,Woman,OpenDataKerala GitHub
2020,Palakkad,Malampuzha,2,RAILWAY COLONY,L. INDIRA,CPI(M),General,General,OpenDataKerala GitHub
2020,Palakkad,Malampuzha,3,AKATHETHARA,K C JAYABALAN,CPI,General,General,OpenDataKerala GitHub
2020,Palakkad,Malampuzha,4,MANTHAKKAD,KANJANA SUDHEVAN,CPI(M),Woman,Woman,OpenDataKerala GitHub
2020,Palakkad,Malampuzha,5,MALAMPUZHA,THOMAS VAZHAPPALLIL,CPI(M),General,General,OpenDataKerala GitHub
2020,Palakkad,Malampuzha,6,KANNOD,PRATHUSHKUMAR .G,INC,General,General,OpenDataKerala GitHub
2020,Palakkad,Malampuzha,7,VALAYAR,SUNDHARI.K,CPI(M),SC Woman,SC Woman,OpenDataKerala GitHub
2020,Palakkad,Malampuzha,8,PUDUSSERY,BIJOY .V,CPI(M),General,General,OpenDataKerala GitHub
2020,Palakkad,Malampuzha,9,KOTTEKKAD,SOBHANA R,CPI(M),Woman,Woman,OpenDataKerala GitHub
2020,Palakkad,Malampuzha,10,MARUTHARODE,RAJALAKSHMY K,CPI(M),Woman,Woman,OpenDataKerala GitHub
2020,Palakkad,Malampuzha,11,KARINKARAPULLY,SUJATHA .M,CPI(M),Woman,Woman,OpenDataKerala GitHub
2020,Palakkad,Malampuzha,12,KODUMBU,KOMALAM .K,CPI(M),Woman,Woman,OpenDataKerala GitHub
2020,Palakkad,Malampuzha,13,PUDUPARIYARAM,SATHEESH.K,CPI(M),SC,SC,OpenDataKerala GitHub
2020,Malappuram,Nilambur,1,EDIVANNA,SEENATH NOUSHAD,IUML,Woman,Woman,OpenDataKerala GitHub
2020,Malappuram,Nilambur,2,PANANKAYAM,MARIAMMA,INC,Woman,Woman,OpenDataKerala GitHub
2020,Malappuram,Nilambur,3,POTHUKAL,PRADEESH M,CPI(M),SC,SC,OpenDataKerala GitHub
2020,Malappuram,Nilambur,4,PALEMADU,SOMASUNDARAN,CPI(M),General,General,OpenDataKerala GitHub
2020,Malappuram,Nilambur,5,MARUTHA,PATHUMMA ISMAYIL,IUML,Woman,Woman,OpenDataKerala GitHub
2020,Malappuram,Nilambur,6,VAZHIKKADAVU,BABU ELAKKADAN,IUML,ST,ST,OpenDataKerala GitHub
2020,Malappuram,Nilambur,7,MANIMOOLI,ANIJA SEBASTIAN,KC(M),Woman,Woman,OpenDataKerala GitHub
2020,Malappuram,Nilambur,8,EDAKKARA,PUSHPAVALLY,INC,Woman,Woman,OpenDataKerala GitHub
2020,Malappuram,Nilambur,9,KARAPPURAM,SAJNA ABDURAHMAN,IUML,Woman,Woman,OpenDataKerala GitHub
2020,Malappuram,Nilambur,10,PALANKARA,RASHEED VALAPRA,INC,General,General,OpenDataKerala GitHub
2020,Malappuram,Nilambur,11,PALLIKKUTH,SURESH C.K,INC,General,General,OpenDataKerala GitHub
2020,Malappuram,Nilambur,12,CHUNGATHARA,SUSAMMA MATHAI,CPI(M),Woman,Woman,OpenDataKerala GitHub
2020,Malappuram,Nilambur,13,ERANHIMANGADU,SAHIL,CPI(M),General,General,OpenDataKerala GitHub
2020,Malappuram,Wandoor,1,VADAPURAM,JESSY ITTY,INC,Woman,Woman,OpenDataKerala GitHub
2020,Malappuram,Wandoor,2,NADUVATH,SHOBHANA C,CPI(M),Woman,Woman,OpenDataKerala GitHub
2020,Malappuram,Wandoor,3,WANDOOR,K . K SAJITHA,INDEPENDENT,Woman,Woman,OpenDataKerala GitHub
2020,Malappuram,Wandoor,4,KARAD,RAVEENDRAN THUMBETHODIKA,CPI(M),General,General,OpenDataKerala GitHub
2020,Malappuram,Wandoor,5,VANNIYAMBALAM,K.C KUNHIMUHAMMED,INC,General,General,OpenDataKerala GitHub
2020,Malappuram,Wandoor,6,PORUR,N.A MUBARAK,INC,General,General,OpenDataKerala GitHub
2020,Malappuram,Wandoor,7,CHATHANGOTTUPURAM,SIVASANKARAN V,INC,General,General,OpenDataKerala GitHub
2020,Malappuram,Wandoor,8,CHEMBRASERI,SULAIKHA THONDIYIL T,IUML,Woman,Woman,OpenDataKerala GitHub
2020,Malappuram,Wandoor,9,PANDIKKAD,MUHAMMED ASHRAF MANCHERI,INC,General,General,OpenDataKerala GitHub
2020,Malappuram,Wandoor,10,VALLUVANGAD,SUNILKUMAR. E,IUML,SC,SC,OpenDataKerala GitHub
2020,Malappuram,Wandoor,11,ELAMKOOR,AJITHA NANNATTUPURATH,INC,Woman,Woman,OpenDataKerala GitHub
2020,Malappuram,Wandoor,12,THRIKKALANGODE,HASKAR ALI V V,IUML,General,General,OpenDataKerala GitHub
2020,Malappuram,Wandoor,13,KARAKKUNNU,RANJIMA P,IUML,SC Woman,SC Woman,OpenDataKerala GitHub
2020,Malappuram,Wandoor,14,THIRUVALI,KOMALAVALLY A,CPI(M),Woman,Woman,OpenDataKerala GitHub
2020,Malappuram,Wandoor,15,MAMPAD,SHAMEENA KANHIRALA,IUML,Woman,Woman,OpenDataKerala GitHub
2020,Malappuram,Kondotty,1,KARAD,VIMALA PARAKANDATHIL,CPI(M),Woman,Woman,OpenDataKerala GitHub
2020,Malappuram,Kondotty,2,KAKKOVE,K T RASEENA TEACHER,IUML,Woman,Woman,OpenDataKerala GitHub
2020,Malappuram,Kondotty,3,VAZHAKKAD,ADAM CHERUVATTOOR,INC,General,General,OpenDataKerala GitHub
2020,Malappuram,Kondotty,4,EDAVANNAPPARA,ABOOBACKER P,IUML,General,General,OpenDataKerala GitHub
2020,Malappuram,Kondotty,5,OLAVATTOOR,GOPALAN K,IUML,SC,SC,OpenDataKerala GitHub
2020,Malappuram,Kondotty,6,MUTHUVALLOOR,SHEEJA PAPPADAN,IUML,Woman,Woman,OpenDataKerala GitHub
2020,Malappuram,Kondotty,7,THAVANUR,MUHSILA SHAHEED,IUML,Woman,Woman,OpenDataKerala GitHub
2020,Malappuram,Kondotty,8,NOONJALLUR,SALAH M,CPI(M),General,General,OpenDataKerala GitHub
2020,Malappuram,Kondotty,9,KOTTAPPURAM,MUJEEB RAHMAN K P,INC,General,General,OpenDataKerala GitHub
2020,Malappuram,Kondotty,10,KARIPPUR,BINDU,IUML,General,General,OpenDataKerala GitHub
2020,Malappuram,Kondotty,11,PUTHURPALLIKKAL,KAMARBAN K,IUML,Woman,Woman,OpenDataKerala GitHub
2020,Malappuram,Kondotty,12,PALLIKKAL,ABDU SHUKOOR V P,IUML,General,General,OpenDataKerala GitHub
2020,Malappuram,Kondotty,13,PAINGOTTUR,ABDU RAHIMAN A K,INC,General,General,OpenDataKerala GitHub
2020,Malappuram,Kondotty,14,CHELEMBRA,FATHIMA BEEVI,IUML,Woman,Woman,OpenDataKerala GitHub
2020,Malappuram,Kondotty,15,AYIKKARAPPADI,RUBEENA RAFI,IUML,Woman,Woman,OpenDataKerala GitHub
2020,Malappuram,Kondotty,16,KANNAMVETTIKKAVU,SHAJINI UNNI,IUML,SC Woman,SC Woman,OpenDataKerala GitHub
2020,Malappuram,Kondotty,17,PUTHUKKODU,CHANDRIKA CHALARI,CPI(M),Woman,Woman,OpenDataKerala GitHub
2020,Malappuram,Areacode,1,KIZHUPARAMBU,RATNAKUMARI P,INC,Woman,Woman,OpenDataKerala GitHub
2020,Malappuram,Areacode,2,VETTILAPPARA,BEENA VINCENT,KC(M),Woman,Woman,OpenDataKerala GitHub
2020,Malappuram,Areacode,3,MAITHRA,JAMEELA AYOOB,IUML,Woman,Woman,OpenDataKerala GitHub
2020,Malappuram,Areacode,4,OTHAYI,AJITH C,IUML,SC Woman,SC Woman,OpenDataKerala GitHub
2020,Malappuram,Areacode,5,EDAVANNA,SUNEERA SAMAD,INC,Woman,Woman,OpenDataKerala GitHub
2020,Malappuram,Areacode,6,PANNIPPARA,P.RUKHIYA SHAMSU,IUML,Woman,Woman,OpenDataKerala GitHub
2020,Malappuram,Areacode,7,CHENGARA,ABDU RAHIMAN MALIYEKKAL,CMP,General,General,OpenDataKerala GitHub
2020,Malappuram,Areacode,8,PULPATTA,HARIDAS PULPATTA,INC,General,General,OpenDataKerala GitHub
2020,Malappuram,Areacode,9,THRIPPANACHI,VALAPRA KOMUKUTTY,IUML,General,General,OpenDataKerala GitHub
2020,Malappuram,Areacode,10,KAVANOOR,MUJEEB RAHMAN,IUML,General,General,OpenDataKerala GitHub
2020,Malappuram,Areacode,11,KUZHIMANNA,AMINA KUTTY MC,INC,Woman,Woman,OpenDataKerala GitHub
2020,Malappuram,Areacode,12,KIZHISSHERI,EANUDHEEN KUTTY MC,IUML,General,General,OpenDataKerala GitHub
2020,Malappuram,Areacode,13,VELLERI,UMMU SALMA PT,IUML,Woman,Woman,OpenDataKerala GitHub
2020,Malappuram,Areacode,14,AREACODE,SHIBIL LAL,INC,SC,SC,OpenDataKerala GitHub
2020,Malappuram,Areacode,15,OMANOOR,GAFOOR HAJI KC,IUML,General,General,OpenDataKerala GitHub
2020,Malappuram,Areacode,16,CHEACODE,P.A.M ASLAM MASTER,INC,General,General,OpenDataKerala GitHub
2020,Malappuram,Malappuram,1,MORAYUR,SAFIYA,IUML,General,General,OpenDataKerala GitHub
2020,Malappuram,Malappuram,2,VALLUVAMBRAM,SUBAIDA MUSLIYARAKATH,WPI,Woman,Woman,OpenDataKerala GitHub
2020,Malappuram,Malappuram,3,ARAVANKARA,ABDURAHIMAN,IUML,General,General,OpenDataKerala GitHub
2020,Malappuram,Malappuram,4,POOKKOTTOOR,PRAKASAN,IUML,SC,SC,OpenDataKerala GitHub
2020,Malappuram,Malappuram,5,IRUMBUZHI,ABDUL BASHEER P B,IUML,General,General,OpenDataKerala GitHub
2020,Malappuram,Malappuram,6,ANAKKAYAM,K M MOHAMED ALI MASTER,IUML,General,General,OpenDataKerala GitHub
2020,Malappuram,Malappuram,7,PANDALLOOR,MUHSINATH,INC,Woman,Woman,OpenDataKerala GitHub
2020,Malappuram,Malappuram,8,UMMATHUR,ABDUL BASHEER M T,IUML,General,General,OpenDataKerala GitHub
2020,Malappuram,Malappuram,9,VALIYAD,REJULA PELATHODI,IUML,Woman,Woman,OpenDataKerala GitHub
2020,Malappuram,Malappuram,10,CHENGOTTUR,ABDUL JALEEL P,INC,General,General,OpenDataKerala GitHub
2020,Malappuram,Malappuram,11,CHAPPANANGADI,RABIYA KUNHIMUHAMED,IUML,Woman,Woman,OpenDataKerala GitHub
2020,Malappuram,Malappuram,12,PUTHUR,SULAIKHA V,IUML,Woman,Woman,OpenDataKerala GitHub
2020,Malappuram,Malappuram,13,OTHUKKUNGAL,A K MEHNAZ,IUML,Woman,Woman,OpenDataKerala GitHub
2020,Malappuram,Malappuram,14,MATTATHUR,ASHIFA THASNI,IUML,Woman,Woman,OpenDataKerala GitHub
2020,Malappuram,Malappuram,15,ARIMBRA,FAYIZA MOHAMMED RAFI,INC,Woman,Woman,OpenDataKerala GitHub
2020,Malappuram,Perinthalmanna,1,NENMINI,KUNNAMKULATH VANAJA,INC,Woman,Woman,OpenDataKerala GitHub
2020,Malappuram,Perinthalmanna,2,CHEMMANIYODE,MUNSHIR U,IUML,General,General,OpenDataKerala GitHub
2020,Malappuram,Perinthalmanna,3,MELATTUR,V.KAMALAM,CPI(M),Woman,Woman,OpenDataKerala GitHub
2020,Malappuram,Perinthalmanna,4,KARYAVATTOM,GIRIJA,IUML,SC Woman,SC Woman,OpenDataKerala GitHub
2020,Malappuram,Perinthalmanna,5,VETTATHUR,MOHAMMED NAYEEM,INC,General,General,OpenDataKerala GitHub
2020,Malappuram,Perinthalmanna,6,ARAKKUPARAMBA,ADV.A.K MUSTHAFA,IUML,General,General,OpenDataKerala GitHub
2020,Malappuram,Perinthalmanna,7,THAZHEKKODE,PRABEENA HABEEB,IUML,Woman,Woman,OpenDataKerala GitHub
2020,Malappuram,Perinthalmanna,8,ALIPARAMBA,P.K. AYAMU,IUML,General,General,OpenDataKerala GitHub
2020,Malappuram,Perinthalmanna,9,ANAMANGADU,GIRIJA TEACHER,INDEPENDENT,Woman,Woman,OpenDataKerala GitHub
2020,Malappuram,Perinthalmanna,10,KUNNAKKAVU,SHOUKATH ALI,IUML,General,General,OpenDataKerala GitHub
2020,Malappuram,Perinthalmanna,11,ELAMKULAM,N. VASUDEVAN,CPI(M),SC,SC,OpenDataKerala GitHub
2020,Malappuram,Perinthalmanna,12,PULAMANTHOLE,UMMUSALMA,INDEPENDENT,Woman,Woman,OpenDataKerala GitHub
2020,Malappuram,Perinthalmanna,13,KURUVAMBALAM,RAJEENA,INDEPENDENT,Woman,Woman,OpenDataKerala GitHub
2020,Malappuram,Perinthalmanna,14,PARIYAPURAM,VINCY JUDITH C J,KC(J),Woman,Woman,OpenDataKerala GitHub
2020,Malappuram,Perinthalmanna,15,THIRURKKAD,ADV.NAJMA THABSHEERA T,IUML,Woman,Woman,OpenDataKerala GitHub
2020,Malappuram,Perinthalmanna,16,ANGADIPPURAM,DILEEP .K,CPI(M),General,General,OpenDataKerala GitHub
2020,Malappuram,Perinthalmanna,17,PATTIKKAD,ABDUL AZEEZ,IUML,General,General,OpenDataKerala GitHub
2020,Malappuram,Mankada,1,KOOTTILANGADI,SHABEEBA THORAPPA,IUML,Woman,Woman,OpenDataKerala GitHub
2020,Malappuram,Mankada,2,VALLIKKAPATTA,JAFAR VELLEKKATTU,IUML,General,General,OpenDataKerala GitHub
2020,Malappuram,Mankada,3,KOZHIKKOTTUPARAMBA,SHARAFUDHEEN C T,CPI(M),General,General,OpenDataKerala GitHub
2020,Malappuram,Mankada,4,MANKADA,T ABDUL KAREEM,IUML,General,General,OpenDataKerala GitHub
2020,Malappuram,Mankada,5,VADAKKANGARA,T K SASEENDRAN,INC,SC,SC,OpenDataKerala GitHub
2020,Malappuram,Mankada,6,PUZHAKATTIRI,ASMABI,IUML,Woman,Woman,OpenDataKerala GitHub
2020,Malappuram,Mankada,7,KADUNGAPURAM,BINDU,INC,Woman,Woman,OpenDataKerala GitHub
2020,Malappuram,Mankada,8,KULATHUR,RAHMATHUNNISA,IUML,Woman,Woman,OpenDataKerala GitHub
2020,Malappuram,Mankada,9,VENGADU,SHARAFUDHEEN P,CPI(M),General,General,OpenDataKerala GitHub
2020,Malappuram,Mankada,10,PANG,K V JUVAIRIYA TEACHER,IUML,Woman,Woman,OpenDataKerala GitHub
2020,Malappuram,Mankada,11,PADAPARMBA,MOHAMED KUTTY,INC,General,General,OpenDataKerala GitHub
2020,Malappuram,Mankada,12,MAKKARAPARAMBA,FOUSIYA,IUML,Woman,Woman,OpenDataKerala GitHub
2020,Malappuram,Mankada,13,KURUVA,JAMEELA N,IUML,Woman,Woman,OpenDataKerala GitHub
2020,Malappuram,Kuttippuram,1,RANDATHANI,SABIRA EDATHADATHIL,IUML,Woman,Woman,OpenDataKerala GitHub
2020,Malappuram,Kuttippuram,2,CHELAKKUTH,MANZOORALI PALAMADATHIL,INC,General,General,OpenDataKerala GitHub
2020,Malappuram,Kuttippuram,3,MELMURI,O.K.ZUBAIR,IUML,General,General,OpenDataKerala GitHub
2020,Malappuram,Kuttippuram,4,KAREKKAD,P.V.NASIBUDHEEN,IUML,General,General,OpenDataKerala GitHub
2020,Malappuram,Kuttippuram,5,VADAKKUMPURAM,FATHIMA FARSANA.P,IUML,Woman,Woman,OpenDataKerala GitHub
2020,Malappuram,Kuttippuram,6,EDAYUR,BUSHARA,CPI(M),Woman,Woman,OpenDataKerala GitHub
2020,Malappuram,Kuttippuram,7,POOKKATTIRI,AYISHA CHITTAKATH,IUML,Woman,Woman,OpenDataKerala GitHub
2020,Malappuram,Kuttippuram,8,VALIYAKUNNU,K.M.MUHAMMED ABDU RAHIMAN,IUML,General,General,OpenDataKerala GitHub
2020,Malappuram,Kuttippuram,9,VENDALLUR,ABDUL NOOR,INC,General,General,OpenDataKerala GitHub
2020,Malappuram,Kuttippuram,10,KOLAKKAD,VASEEMA VELERI,IUML,Woman,Woman,OpenDataKerala GitHub
2020,Malappuram,Kuttippuram,11,KAZHUTHALLOOR,SAHEER MASTER,IUML,General,General,OpenDataKerala GitHub
2020,Malappuram,Kuttippuram,12,NADUVATTAM,THESLIYA CHANGARATH,CPI(M),Woman,Woman,OpenDataKerala GitHub
2020,Malappuram,Kuttippuram,13,ATHAVANAD,K T AZAD ALI,IUML,General,General,OpenDataKerala GitHub
2020,Malappuram,Kuttippuram,14,KURUMBATHOOR,RIMSHANIMOL,INC,Woman,Woman,OpenDataKerala GitHub
2020,Malappuram,Kuttippuram,15,PUTHANATHANI,SREEDHARAN K C,INC,SC,SC,OpenDataKerala GitHub
2020,Malappuram,Kuttippuram,16,KADUNGATHUKUNDU,SAHIRA CHAKKUNGAL,IUML,Woman,Woman,OpenDataKerala GitHub
2020,Malappuram,Vengara,1,PUKAYOOR,ABDUL AZEEZ,IUML,General,General,OpenDataKerala GitHub
2020,Malappuram,Vengara,2,KANNAMANGALAM,ABOOBACKER PULIKKAL,IUML,General,General,OpenDataKerala GitHub
2020,Malappuram,Vengara,3,CHERUR,NABEELA A,IUML,Woman,Woman,OpenDataKerala GitHub
2020,Malappuram,Vengara,4,KUTTALOOR,RADHA,INC,Woman,Woman,OpenDataKerala GitHub
2020,Malappuram,Vengara,5,KARATHODE,BENZEERA M,IUML,Woman,Woman,OpenDataKerala GitHub
2020,Malappuram,Vengara,6,PALANI,SAFIYA K,IUML,Woman,Woman,OpenDataKerala GitHub
2020,Malappuram,Vengara,7,PARAPPUR,NAZAR PARAPPUR,INC,General,General,OpenDataKerala GitHub
2020,Malappuram,Vengara,8,PUTHUPARAMBU,JASEENA,IUML,Woman,Woman,OpenDataKerala GitHub
2020,Malappuram,Vengara,9,EDARIKKODE,SAKEENA P,IUML,Woman,Woman,OpenDataKerala GitHub
2020,Malappuram,Vengara,10,VALAKKULAM,IRFANA SAYID,INC,Woman,Woman,OpenDataKerala GitHub
2020,Malappuram,Vengara,11,THENNALA,MANI,IUML,SC,SC,OpenDataKerala GitHub
2020,Malappuram,Vengara,12,KACHERIPADI,SUHIJABI,IUML,Woman,Woman,OpenDataKerala GitHub
2020,Malappuram,Vengara,13,VENGARA,ABDUL AZEEZ,IUML,General,General,OpenDataKerala GitHub
2020,Malappuram,Vengara,14,KOORIYADU,P P SAFEER BABU,INC,General,General,OpenDataKerala GitHub
2020,Malappuram,Vengara,15,V.K PADI,ABDUL RASHEED,IUML,General,General,OpenDataKerala GitHub
2020,Malappuram,Tirurangadi,1,KADALUNDI NAGARAM,BABURAJ POKKADAVATH,CPI(M),General,General,OpenDataKerala GitHub
2020,Malappuram,Tirurangadi,2,THENHIPALAM,BINDU PT,INC,Woman,Woman,OpenDataKerala GitHub
2020,Malappuram,Tirurangadi,3,UNIVERSITY,SHAREEFA AZEEZ MEDAPPIL,IUML,Woman,Woman,OpenDataKerala GitHub
2020,Malappuram,Tirurangadi,4,KAKKATHADAM,RAMLA PUTTEKATT,IUML,Woman,Woman,OpenDataKerala GitHub
2020,Malappuram,Tirurangadi,5,KOLLANCHINA,SAJITHA K T,IUML,Woman,Woman,OpenDataKerala GitHub
2020,Malappuram,Tirurangadi,6,PARAMBILPEEDIKA,FOUSIYA C.C,IUML,Woman,Woman,OpenDataKerala GitHub
2020,Malappuram,Tirurangadi,7,PADIKKAL,VEEKSHANAM MUHAMMED,INC,General,General,OpenDataKerala GitHub
2020,Malappuram,Tirurangadi,8,VELIMUKKU,JAFAR SHAREEF M,IUML,General,General,OpenDataKerala GitHub
2020,Malappuram,Tirurangadi,9,PARAKADAVU,AYYAPPAN C T,IUML,SC,SC,OpenDataKerala GitHub
2020,Malappuram,Tirurangadi,10,KUNDOOR,SUHRA SHIHAB OLLAKKAN,IUML,Woman,Woman,OpenDataKerala GitHub
2020,Malappuram,Tirurangadi,11,NANNAMBRA,P P ANITHA,INC,Woman,Woman,OpenDataKerala GitHub
2020,Malappuram,Tirurangadi,12,KODINHI,ALI (ODIYIL PEECHU),IUML,General,General,OpenDataKerala GitHub
2020,Malappuram,Tirurangadi,13,KALIYATTAMUKKU,STAR MUHAMMED P,IUML,General,General,OpenDataKerala GitHub
2020,Malappuram,Tirurangadi,14,KODAKKAD,ANEESH VALIYATOOR,CPI(M),General,General,OpenDataKerala GitHub
2020,Malappuram,Tirurangadi,15,ARIYALLUR,SATHI THOTTUNGAL,CPI,Woman,Woman,OpenDataKerala GitHub
2020,Malappuram,Tanur,1,OZHUR,T. MOIDEEN KUTTY (BAVU),CPI(M),General,General,OpenDataKerala GitHub
2020,Malappuram,Tanur,2,AYYAYA,V.K.JALEEL MASTER,IUML,General,General,OpenDataKerala GitHub
2020,Malappuram,Tanur,3,PERUMANNA,POTHUVATH FATHIMA,IUML,Woman,Woman,OpenDataKerala GitHub
2020,Malappuram,Tanur,4,KLARI,SAJITHA NAZER,IUML,Woman,Woman,OpenDataKerala GitHub
2020,Malappuram,Tanur,5,KADUNGATHUKUNDU,P.C. ASHRAF,IUML,General,General,OpenDataKerala GitHub
2020,Malappuram,Tanur,6,THUVVAKKADU,NASEEJA,IUML,Woman,Woman,OpenDataKerala GitHub
2020,Malappuram,Tanur,7,VARANAKKARA,MOHAMED IQBAL,IUML,General,General,OpenDataKerala GitHub
2020,Malappuram,Tanur,8,KURUKKOL,ZAINABA CHENATH,IUML,Woman,Woman,OpenDataKerala GitHub
2020,Malappuram,Tanur,9,THALAKKADATHUR,P.H.KUNHAYISHA KUTTY,INC,Woman,Woman,OpenDataKerala GitHub
2020,Malappuram,Tanur,10,PONMUNDAM,NIYAS T.,IUML,General,General,OpenDataKerala GitHub
2020,Malappuram,Tanur,11,VAILATHUR,NIDHIN DAS N.V.,IUML,SC,SC,OpenDataKerala GitHub
2020,Malappuram,Tanur,12,PAKARA,ABIDA,IUML,Woman,Woman,OpenDataKerala GitHub
2020,Malappuram,Tanur,13,VATTATHANI,K. SALMA,IUML,Woman,Woman,OpenDataKerala GitHub
2020,Malappuram,Tanur,14,NIRAMARUTHUR,POLAT ABDUL NAZER,CPI(M),General,General,OpenDataKerala GitHub
2020,Malappuram,Tanur,15,KALADU,PREMA K.,CPI(M),Woman,Woman,OpenDataKerala GitHub
2020,Malappuram,Tanur,16,MOOLAKKAL,KADERKUTTY VISARATH,CPI(M),General,General,OpenDataKerala GitHub
2020,Malappuram,Tirur,1,PARAVANNA,THANKAMANI V,CPI(M),Woman,Woman,OpenDataKerala GitHub
2020,Malappuram,Tirur,2,VETTOM,ABDU NASSER P P,CPI(M),General,General,OpenDataKerala GitHub
2020,Malappuram,Tirur,3,THALAKKAD,SAINUDHEEN U,CPI(M),General,General,OpenDataKerala GitHub
2020,Malappuram,Tirur,4,KUTTUR,ISMAIL T,CPI(M),General,General,OpenDataKerala GitHub
2020,Malappuram,Tirur,5,KAITHAKARA,T V RAMSHEEDA TEACHER,IUML,Woman,Woman,OpenDataKerala GitHub
2020,Malappuram,Tirur,6,EDAKULAM,MOHAMED KOYA,IUML,General,General,OpenDataKerala GitHub
2020,Malappuram,Tirur,7,THIRUNAVAYA,ANNE GOTLIPH,INC,Woman,Woman,OpenDataKerala GitHub
2020,Malappuram,Tirur,8,POOZHIKUNNU,P KUMARAN,CPI(M),General,General,OpenDataKerala GitHub
2020,Malappuram,Tirur,9,ALATHIYUR,K USHA,CPI(M),Woman,Woman,OpenDataKerala GitHub
2020,Malappuram,Tirur,10,CHAMRAVATTAM,V P HAMZA,IUML,General,General,OpenDataKerala GitHub
2020,Malappuram,Tirur,11,PUTHUPALLI,PREETHA,CPI(M),Woman,Woman,OpenDataKerala GitHub
2020,Malappuram,Tirur,12,PURATHUR,ANITHA K,CPI(M),Woman,Woman,OpenDataKerala GitHub
2020,Malappuram,Tirur,13,MANGALAM,PEETHAMBARAN,CPI(M),SC,SC,OpenDataKerala GitHub
2020,Malappuram,Tirur,14,KOOTAYI,SALEENA K P,CPI(M),Woman,Woman,OpenDataKerala GitHub
2020,Malappuram,Tirur,15,VAKKAD,FOUSIYA NAZAR,INC,Woman,Woman,OpenDataKerala GitHub
2020,Malappuram,Ponnani,1,TAVANUR,SHEEJA,CPI(M),Woman,Woman,OpenDataKerala GitHub
2020,Malappuram,Ponnani,2,TRIKKANAPURAM,AKBAR,IUML,General,General,OpenDataKerala GitHub
2020,Malappuram,Ponnani,3,KANDANAKAM,PRAKASAN KALADY,INC,SC,SC,OpenDataKerala GitHub
2020,Malappuram,Ponnani,4,EDAPAL CHUNGAM,C RAMAKRISHNAN,CPI(M),General,General,OpenDataKerala GitHub
2020,Malappuram,Ponnani,5,KUTTYPALA,SHEREEFA C V,CPI(M),Woman,Woman,OpenDataKerala GitHub
2020,Malappuram,Ponnani,6,VATTAMKULAM,SUMITHRA,IUML,SC Woman,SC Woman,OpenDataKerala GitHub
2020,Malappuram,Ponnani,7,KALADITHARA,N R ANEESH,CPI(M),General,General,OpenDataKerala GitHub
2020,Malappuram,Ponnani,8,KOLOLOMBA,GAYATHRI R,CPI(M),Woman,Woman,OpenDataKerala GitHub
2020,Malappuram,Ponnani,9,THUYYAM,P MURALEEDARAN,CPI(M),General,General,OpenDataKerala GitHub
2020,Malappuram,Ponnani,10,EDAPAL,RADHIKA P V,CPI(M),Woman,Woman,OpenDataKerala GitHub
2020,Malappuram,Ponnani,11,POTHANUR,E K DILEESH,CPI(M),General,General,OpenDataKerala GitHub
2020,Malappuram,Ponnani,12,KALADI,M JAYASREE,CPI(M),Woman,Woman,OpenDataKerala GitHub
2020,Malappuram,Ponnani,13,MARAVANCHERI,PREMALATHA,CPI,Woman,Woman,OpenDataKerala GitHub
2020,Malappuram,Perumpadappa,1,PURANGU,K C SHIHAB,IUML,General,General,OpenDataKerala GitHub
2020,Malappuram,Perumpadappa,2,PANAMPAD,ADV. E SINDHU,CPI(M),Woman,Woman,OpenDataKerala GitHub
2020,Malappuram,Perumpadappa,3,ALAMCODE,T RAMADAS MASTER,CPI(M),General,General,OpenDataKerala GitHub
2020,Malappuram,Perumpadappa,4,KOKOOR,REESA PRAKASH,INC,Woman,Woman,OpenDataKerala GitHub
2020,Malappuram,Perumpadappa,5,PALLIKKARA,JAMEELA MANAF,IUML,Woman,Woman,OpenDataKerala GitHub
2020,Malappuram,Perumpadappa,6,MOOKKUTHALA,ASHALATHA,CPI(M),Woman,Woman,OpenDataKerala GitHub
2020,Malappuram,Perumpadappa,7,CHANGARAMKULAM,KARUNAKARAN V V,CPI(M),General,General,OpenDataKerala GitHub
2020,Malappuram,Perumpadappa,8,PERUMPADAPPA,P RAMSHAD,INC,General,General,OpenDataKerala GitHub
2020,Malappuram,Perumpadappa,9,AYIROOR,SAUDHAMINI,CPI,Woman,Woman,OpenDataKerala GitHub
2020,Malappuram,Perumpadappa,10,PALAPPETTY,RAMSHEENA ALUNGAL,CPI(M),Woman,Woman,OpenDataKerala GitHub
2020,Malappuram,Perumpadappa,11,VELIYANCODE,THAJUNEESA,CPI(M),Woman,Woman,OpenDataKerala GitHub
2020,Malappuram,Perumpadappa,12,MARANCHERY,NOORUDHEEN POZHATH,INC,General,General,OpenDataKerala GitHub
2020,Malappuram,Perumpadappa,13,ERAMANGALAM,AJAYAN PUTHANPURAKKAL,CPI(M),SC,SC,OpenDataKerala GitHub
2020,Malappuram,Kalikavu,1,MAILAMPARA,SIBY VARGHESE,INC,Woman,Woman,OpenDataKerala GitHub
2020,Malappuram,Kalikavu,2,CHULLIYODE,RAJAN K,CPI(M),SC,SC,OpenDataKerala GitHub
2020,Malappuram,Kalikavu,3,CHOKKAD,RASIYA SAINUDHEEN,CPI,Woman,Woman,OpenDataKerala GitHub
2020,Malappuram,Kalikavu,4,ADAKKAKKUND,THANKAMMU K,INC,Woman,Woman,OpenDataKerala GitHub
2020,Malappuram,Kalikavu,5,THARISH,PATTIKKADAN SHAILESH,CPI(M),General,General,OpenDataKerala GitHub
2020,Malappuram,Kalikavu,6,KARUVARAKUNDU,P SREEJA TEACHER,IUML,Woman,Woman,OpenDataKerala GitHub
2020,Malappuram,Kalikavu,7,ANJILANGADI,JAMSHEENA TEACHER,INC,Woman,Woman,OpenDataKerala GitHub
2020,Malappuram,Kalikavu,8,EDAPPATTA,CK BASHEER,IUML,General,General,OpenDataKerala GitHub
2020,Malappuram,Kalikavu,9,TUVVUR,LATHEEF M,IUML,General,General,OpenDataKerala GitHub
2020,Malappuram,Kalikavu,10,VELLAYUR,A K MOHAMMED ALI,INC,General,General,OpenDataKerala GitHub
2020,Malappuram,Kalikavu,11,KALIKAVU,NAZEEMA BEEGAM,IUML,Woman,Woman,OpenDataKerala GitHub
2020,Malappuram,Kalikavu,12,MADAMBAM,RAFEEKA MATTATHOOR,IUML,Woman,Woman,OpenDataKerala GitHub
2020,Malappuram,Kalikavu,13,AMARAMBALAM SOUTH,BIJUMON PM,CPI(M),General,General,OpenDataKerala GitHub
2020,Malappuram,Kalikavu,14,KARULAI,SHAREEFA K,CPI(M),General,General,OpenDataKerala GitHub
2020,Kozhikode,Vadakara,1,CHOMBAL,KOTTAYIL RADHAKRISHNAN,INC,General,General,OpenDataKerala GitHub
2020,Kozhikode,Vadakara,2,AZHIYUR,BINDU V P,JD(S),Woman,Woman,OpenDataKerala GitHub
2020,Kozhikode,Vadakara,3,KALLAMALA,ASISH.S,CPI(M),General,General,OpenDataKerala GitHub
2020,Kozhikode,Vadakara,4,KUNNUMMAKKARA,SANTHOSH KUMAR V K,LJD,General,General,OpenDataKerala GitHub
2020,Kozhikode,Vadakara,5,NELLACHERI,NUSAIBA MOTTEMMAL,IUML,Woman,Woman,OpenDataKerala GitHub
2020,Kozhikode,Vadakara,6,ORKKATTERI,GOPALAN A K,RMPI,General,General,OpenDataKerala GitHub
2020,Kozhikode,Vadakara,7,KARTHIKAPPALLI,SOUMYA K P,CPI,Woman,Woman,OpenDataKerala GitHub
2020,Kozhikode,Vadakara,8,VAIKKILASSERY,GEETHA MOHAN,RMPI,Woman,Woman,OpenDataKerala GitHub
2020,Kozhikode,Vadakara,9,CHORODE,K.P GIRIJA,CPI(M),Woman,Woman,OpenDataKerala GitHub
2020,Kozhikode,Vadakara,10,MUTTUNGAL,SYAMALA KRISHNARPPITHAM,IUML,SC,SC,OpenDataKerala GitHub
2020,Kozhikode,Vadakara,11,VELLIKULANGARA,SASIKALA DINESAN,CPI(M),Woman,Woman,OpenDataKerala GitHub
2020,Kozhikode,Vadakara,12,MADAPPALLI,SATHIYAN K.M,CPI(M),General,General,OpenDataKerala GitHub
2020,Kozhikode,Vadakara,13,KANNUKKARA,AJITHA P.P,CPI(M),Woman,Woman,OpenDataKerala GitHub
2020,Kozhikode,Tuneri,1,IRINGANNUR,A.DANIYA,CPI(M),Woman,Woman,OpenDataKerala GitHub
2020,Kozhikode,Tuneri,2,PARAKKADAVU,A K UMESH,IUML,SC,SC,OpenDataKerala GitHub
2020,Kozhikode,Tuneri,3,KALLUNIRA,CP AMBUJAM,CPI(M),Woman,Woman,OpenDataKerala GitHub
2020,Kozhikode,Tuneri,4,NEDUMPARAMB,INDIRA KK,CPI(M),Woman,Woman,OpenDataKerala GitHub
2020,Kozhikode,Tuneri,5,VANIMAL,SUHARA T,IUML,Woman,Woman,OpenDataKerala GitHub
2020,Kozhikode,Tuneri,6,CHERUMOTH,NAJMAYASSAR,INC,Woman,Woman,OpenDataKerala GitHub
2020,Kozhikode,Tuneri,7,NADAPURAM,C H NAJMABEEVI,IUML,Woman,Woman,OpenDataKerala GitHub
2020,Kozhikode,Tuneri,8,KALLACHI,RAJEENDRAN KAPPALLI,CPI,General,General,OpenDataKerala GitHub
2020,Kozhikode,Tuneri,9,KUMMAMKODE,SAJEEVAN VAKKEEL,INC,General,General,OpenDataKerala GitHub
2020,Kozhikode,Tuneri,10,AROOR,BINDU PUTHIYOTTIL,CPI(M),Woman,Woman,OpenDataKerala GitHub
2020,Kozhikode,Tuneri,11,PURAMERI,KP VANAJA,CPI(M),General,General,OpenDataKerala GitHub
2020,Kozhikode,Tuneri,12,TUNERI,JIMESH T,CPI(M),General,General,OpenDataKerala GitHub
2020,Kozhikode,Tuneri,13,EDACHERI,T K ARAVINDAKSHAN,CPI(M),General,General,OpenDataKerala GitHub
2020,Kozhikode,Kunnummal,1,NARIPPATTA,VISWANATHAN T P,INC,General,General,OpenDataKerala GitHub
2020,Kozhikode,Kunnummal,2,MULLAMBATH,MUHAMMAD KAKAKTTIL,CPI(M),General,General,OpenDataKerala GitHub
2020,Kozhikode,Kunnummal,3,KAYAKKODY,N K LEELA,CPI(M),Woman,Woman,OpenDataKerala GitHub
2020,Kozhikode,Kunnummal,4,DEVARKOVIL,VAHEEDA,IUML,Woman,Woman,OpenDataKerala GitHub
2020,Kozhikode,Kunnummal,5,KARINGAD,GEETHA RAJAN,CPI(M),Woman,Woman,OpenDataKerala GitHub
2020,Kozhikode,Kunnummal,6,KAVILUMPARA,K P CHANDRI,CPI(M),Woman,Woman,OpenDataKerala GitHub
2020,Kozhikode,Kunnummal,7,MARUTHOMKARA,K O DINESAN,CPI(M),General,General,OpenDataKerala GitHub
2020,Kozhikode,Kunnummal,8,KUTTIADI,SHAMEENA K K,INC,Woman,Woman,OpenDataKerala GitHub
2020,Kozhikode,Kunnummal,9,VELOM,T V KUNHIKANNAN,INC,SC,SC,OpenDataKerala GitHub
2020,Kozhikode,Kunnummal,10,CHERAPURAM,K C MUJEEB RAHMAN,IUML,General,General,OpenDataKerala GitHub
2020,Kozhikode,Kunnummal,11,URATH,LEEBA SUNIL,INC,Woman,Woman,OpenDataKerala GitHub
2020,Kozhikode,Kunnummal,12,MOKERI,KAIRALI K,CPI(M),Woman,Woman,OpenDataKerala GitHub
2020,Kozhikode,Thodannur,1,PONMERI,P.M.LEENA,CPI(M),Woman,Woman,OpenDataKerala GitHub
2020,Kozhikode,Thodannur,2,KADAMERI,C.H.MOIDU MASTER,IUML,General,General,OpenDataKerala GitHub
2020,Kozhikode,Thodannur,3,AYANCHERI,M.M.NASHEEDA,IUML,Woman,Woman,OpenDataKerala GitHub
2020,Kozhikode,Thodannur,4,THIRUVALLOOR,C.P.VISWANATHAN,INC,General,General,OpenDataKerala GitHub
2020,Kozhikode,Thodannur,5,VELLUKKARA,P.C.SHEEBA,INC,Woman,Woman,OpenDataKerala GitHub
2020,Kozhikode,Thodannur,6,MANIYOOR,SREEJA PULLAROOL,CPI(M),Woman,Woman,OpenDataKerala GitHub
2020,Kozhikode,Thodannur,7,KURUNTHODI,SREELATHA.M,LJD,Woman,Woman,OpenDataKerala GitHub
2020,Kozhikode,Thodannur,8,PALAYADU,K.T.RAGHAVAN,CPI,SC,SC,OpenDataKerala GitHub
2020,Kozhikode,Thodannur,9,THODANNUR,VALLIL SANTHA,NCP,Woman,Woman,OpenDataKerala GitHub
2020,Kozhikode,Thodannur,10,CHEMMARATHUR,RANJINI VELLACHERI,INC,Woman,Woman,OpenDataKerala GitHub
2020,Kozhikode,Thodannur,11,KUTTOTH,SUBEESH PUTHIYEDUTH,CPI(M),General,General,OpenDataKerala GitHub
2020,Kozhikode,Thodannur,12,MEYYANNUR,O.M.BABU,CPI(M),General,General,OpenDataKerala GitHub
2020,Kozhikode,Thodannur,13,VILYAPPALI,M.K.RAFEEQ,IUML,General,General,OpenDataKerala GitHub
2020,Kozhikode,Melady,1,PALLIKKARA,SREENIVASAN,CPI(M),General,General,OpenDataKerala GitHub
2020,Kozhikode,Melady,2,PAYYOLI ANGADI,BALAN MP,INC,SC,SC,OpenDataKerala GitHub
2020,Kozhikode,Melady,3,VILAYATTUR,ASHIDA,IUML,Woman,Woman,OpenDataKerala GitHub
2020,Kozhikode,Melady,4,MANJHAKKULAM,MANJAKULAM NARAYANAN,CPI(M),General,General,OpenDataKerala GitHub
2020,Kozhikode,Melady,5,CHANGARAMVALLY,NISHITHA K.K,LJD,Woman,Woman,OpenDataKerala GitHub
2020,Kozhikode,Melady,6,MEPPAYUR,REMYA A.P,CPI(M),Woman,Woman,OpenDataKerala GitHub
2020,Kozhikode,Melady,7,KOZHUKKALLUR,PRASANNA P,CPI(M),Woman,Woman,OpenDataKerala GitHub
2020,Kozhikode,Melady,8,NADUVATHUR,SUNITHA BABU,NCP,Woman,Woman,OpenDataKerala GitHub
2020,Kozhikode,Melady,9,KEEZHARIYUR,RAVINDRAN M M,CPI(M),General,General,OpenDataKerala GitHub
2020,Kozhikode,Melady,10,IRINGATH,LEENA,CPI(M),Woman,Woman,OpenDataKerala GitHub
2020,Kozhikode,Melady,11,PURAKKAD,RAJEEVAN KOTALOOR,INC,General,General,OpenDataKerala GitHub
2020,Kozhikode,Melady,12,THIKKODI,SURESH CHANGADATH,CPI(M),General,General,OpenDataKerala GitHub
2020,Kozhikode,Melady,13,THRIKKOTTUR,RAMLA P.V,IUML,Woman,Woman,OpenDataKerala GitHub
2020,Kozhikode,Perambra,1,AVALA,AJITHA K,CPI,Woman,Woman,OpenDataKerala GitHub
2020,Kozhikode,Perambra,2,ERAVATTOR,LISI K K,CPI(M),Woman,Woman,OpenDataKerala GitHub
2020,Kozhikode,Perambra,3,KADIYANGAD,ASHRAF P T,IUML,General,General,OpenDataKerala GitHub
2020,Kozhikode,Perambra,4,PALERI,VAHEEDA PAREMMAL,IUML,Woman,Woman,OpenDataKerala GitHub
2020,Kozhikode,Perambra,5,CHANGAROTH,K K VINODAN,INC,General,General,OpenDataKerala GitHub
2020,Kozhikode,Perambra,6,MUTHUKAD,N P BABU,CPI(M),General,General,OpenDataKerala GitHub
2020,Kozhikode,Perambra,7,CHAKKITTAPARA,GIRIJA SASI,INC,Woman,Woman,OpenDataKerala GitHub
2020,Kozhikode,Perambra,8,KOOTHALI,SANATHANA BABU C,CPI(M),SC,SC,OpenDataKerala GitHub
2020,Kozhikode,Perambra,9,PERAMBRA,SASIKUMAR,CPI(M),General,General,OpenDataKerala GitHub
2020,Kozhikode,Perambra,10,KAYANNA,RAJITHA P K,CPI(M),Woman,Woman,OpenDataKerala GitHub
2020,Kozhikode,Perambra,11,NOCHAD,PRABHAVATHI,CPI(M),Woman,Woman,OpenDataKerala GitHub
2020,Kozhikode,Perambra,12,KALPATHUR,PATHUMMA C K,CPI(M),Woman,Woman,OpenDataKerala GitHub
2020,Kozhikode,Perambra,13,CHERUVANNUR,SAJEEVAN K,LJD,General,General,OpenDataKerala GitHub
2020,Kozhikode,Balussery,1,KARUVANNUR,TM SASI,CPI,General,General,OpenDataKerala GitHub
2020,Kozhikode,Balussery,2,KOTTUR,VK ANITHA,CPI(M),Woman,Woman,OpenDataKerala GitHub
2020,Kozhikode,Balussery,3,VAKAYAD,NAFEESA,LJD,Woman,Woman,OpenDataKerala GitHub
2020,Kozhikode,Balussery,4,KOORACHUNDU,HASEENA VK,INDEPENDENT,Woman,Woman,OpenDataKerala GitHub
2020,Kozhikode,Balussery,5,PANANGAD,SAHEER KP,CPI(M),General,General,OpenDataKerala GitHub
2020,Kozhikode,Balussery,6,THALAYAD,LEEBA KP,IUML,SC Woman,SC Woman,OpenDataKerala GitHub
2020,Kozhikode,Balussery,7,KINALOOR,RAMLA V,NCP,Woman,Woman,OpenDataKerala GitHub
2020,Kozhikode,Balussery,8,EKAROOL,VANAJA MK,CPI(M),Woman,Woman,OpenDataKerala GitHub
2020,Kozhikode,Balussery,9,POONOOR,SAJIDA P,IUML,Woman,Woman,OpenDataKerala GitHub
2020,Kozhikode,Balussery,10,SIVAPURAM,ET BINOY,INC,General,General,OpenDataKerala GitHub
2020,Kozhikode,Balussery,11,BALUSSERI,CK RAJEEVAN,INC,SC,SC,OpenDataKerala GitHub
2020,Kozhikode,Balussery,12,KOKKALLUR,SABIDA DB,CPI(M),Woman,Woman,OpenDataKerala GitHub
2020,Kozhikode,Balussery,13,ULLIYERI,P SHAJI,CPI(M),General,General,OpenDataKerala GitHub
2020,Kozhikode,Balussery,14,KANNUR,SURESH BABU,INDEPENDENT,General,General,OpenDataKerala GitHub
2020,Kozhikode,Balussery,15,NADUVANNUR,JALEEL MK,IUML,General,General,OpenDataKerala GitHub
2020,Kozhikode,Panthalayani,1,KADALOOR,SUHARA KADAR,IUML,Woman,Woman,OpenDataKerala GitHub
2020,Kozhikode,Panthalayani,2,CHINGAPURAM,JEEVANANDAN,CPI(M),General,General,OpenDataKerala GitHub
2020,Kozhikode,Panthalayani,3,MOODADI,CHAITHRA VIJAYAN K,CPI,Woman,Woman,OpenDataKerala GitHub
2020,Kozhikode,Panthalayani,4,ARIKKULAM,RAJILA T.M,CPI(M),Woman,Woman,OpenDataKerala GitHub
2020,Kozhikode,Panthalayani,5,KARAYAD,ABINEESH K,CPI(M),General,General,OpenDataKerala GitHub
2020,Kozhikode,Panthalayani,6,MODAKKALLUR,BINDU MADATHIL,CPI(M),Woman,Woman,OpenDataKerala GitHub
2020,Kozhikode,Panthalayani,7,ATHOLI,SUDHA KAPPIL,CPI(M),Woman,Woman,OpenDataKerala GitHub
2020,Kozhikode,Panthalayani,8,THIRUVANGOOR,SHEEBA SREEDHARAN,LJD,Woman,Woman,OpenDataKerala GitHub
2020,Kozhikode,Panthalayani,9,VENGALAM,P BABURAJ,CPI(M),General,General,OpenDataKerala GitHub
2020,Kozhikode,Panthalayani,10,KAPPAD,MOIDEEN KOYA M.P,IUML,General,General,OpenDataKerala GitHub
2020,Kozhikode,Panthalayani,11,CHEMANCHERY,BINDU SOMAN,CPI(M),Woman,Woman,OpenDataKerala GitHub
2020,Kozhikode,Panthalayani,12,EDAKKULAM,K T M KOYA,NCP,General,General,OpenDataKerala GitHub
2020,Kozhikode,Panthalayani,13,MELUR,E.K JUBEESH,CPI(M),SC,SC,OpenDataKerala GitHub
2020,Kozhikode,Chelannur,1,CHEEKILODE,HARIDASAN E,NCP,General,General,OpenDataKerala GitHub
2020,Kozhikode,Chelannur,2,NANMINDA,KAVITHA VADAKKEDATH,CPI(M),SC Woman,SC Woman,OpenDataKerala GitHub
2020,Kozhikode,Chelannur,3,PUNNASSERY,MOHANAN K,INC,General,General,OpenDataKerala GitHub
2020,Kozhikode,Chelannur,4,PANNIKKOTTOOR,SHIHANA RARAPPENKANDI,INL,Woman,Woman,OpenDataKerala GitHub
2020,Kozhikode,Chelannur,5,NARIKKUNNI,SARJAS K,LJD,General,General,OpenDataKerala GitHub
2020,Kozhikode,Chelannur,6,KAKKUR,JOSNA S V,CPI(M),SC Woman,SC Woman,OpenDataKerala GitHub
2020,Kozhikode,Chelannur,7,CHELANNUR,AYISHABI,IUML,Woman,Woman,OpenDataKerala GitHub
2020,Kozhikode,Chelannur,8,PALATH,SHEENA CHERUVATH,CPI(M),Woman,Woman,OpenDataKerala GitHub
2020,Kozhikode,Chelannur,9,KAKKODI,SUJA ASHOKAN,CPI(M),Woman,Woman,OpenDataKerala GitHub
2020,Kozhikode,Chelannur,10,MORIKKARA,SUNILKUMAR K P,CPI(M),General,General,OpenDataKerala GitHub
2020,Kozhikode,Chelannur,11,OLOPPARA,N FASIL,CPI(M),General,General,OpenDataKerala GitHub
2020,Kozhikode,Chelannur,12,PARAMBATH,I P GEETHA,CPI(M),Woman,Woman,OpenDataKerala GitHub
2020,Kozhikode,Chelannur,13,ANNASSERY,RAMACHANDRAN T M,CPI(M),SC,SC,OpenDataKerala GitHub
2020,Kozhikode,Koduvally,1,KATTIPPARA,NIDHEESH KALLULLATHODE,CPI(M),General,General,OpenDataKerala GitHub
2020,Kozhikode,Koduvally,2,ENGAPUZHA,K P SUNEER,IUML,General,General,OpenDataKerala GitHub
2020,Kozhikode,Koduvally,3,MALAPURAM,KUTTIYAMMA MANI,CPI(M),Woman,Woman,OpenDataKerala GitHub
2020,Kozhikode,Koduvally,4,KAITHAPOYIL,BUSHRA SHAFI,IUML,Woman,Woman,OpenDataKerala GitHub
2020,Kozhikode,Koduvally,5,NELLIPOYIL,ROY KUNNAPALLIL,INC,General,General,OpenDataKerala GitHub
2020,Kozhikode,Koduvally,6,ANAKAMPOIL,THOMAS (BABU) KALATHOOR,INC,General,General,OpenDataKerala GitHub
2020,Kozhikode,Koduvally,7,KOODARANHI,HELEN FRANCIS,KC(M),Woman,Woman,OpenDataKerala GitHub
2020,Kozhikode,Koduvally,8,THIRUVAMBADY,BIJU ENNARMANNIL,INC,SC,SC,OpenDataKerala GitHub
2020,Kozhikode,Koduvally,9,KODANCHERY,JOBY JOSEOH,INC,Woman,Woman,OpenDataKerala GitHub
2020,Kozhikode,Koduvally,10,KOODATHAI,T MAHAROOF,CPI(M),General,General,OpenDataKerala GitHub
2020,Kozhikode,Koduvally,11,OMASSERY,SHAHANA S P,IUML,Woman,Woman,OpenDataKerala GitHub
2020,Kozhikode,Koduvally,12,PULLALOOR,SHILNA SHIJU,INC,Woman,Woman,OpenDataKerala GitHub
2020,Kozhikode,Koduvally,13,MADAVOOR,SALEENA K K,IUML,Woman,Woman,OpenDataKerala GitHub
2020,Kozhikode,Koduvally,14,KIZHAKKOTH,SHIJI M ORALAKKOTTU,IUML,Woman,Woman,OpenDataKerala GitHub
2020,Kozhikode,Koduvally,15,ELETTIL,T M RADHAKRISHNAN,INC,General,General,OpenDataKerala GitHub
2020,Kozhikode,Koduvally,16,PARAPPANPOYIL,ASHRAF MASTER K M,IUML,General,General,OpenDataKerala GitHub
2020,Kozhikode,Koduvally,17,THACHAMPOYIL,SUMA RAJESH,INC,Woman,Woman,OpenDataKerala GitHub
2020,Kozhikode,Koduvally,18,KOLIKKAL,A K KOUSAR,IUML,General,General,OpenDataKerala GitHub
2020,Kozhikode,Kunnamangalam,1,KURUVATTUR,T K MEENA,CPI(M),Woman,Woman,OpenDataKerala GitHub
2020,Kozhikode,Kunnamangalam,2,KUNNAMANGALAM,ARIYIL ALAVI,IUML,General,General,OpenDataKerala GitHub
2020,Kozhikode,Kunnamangalam,3,CHETHUKADAVU,SHIYOLAL N,CPI(M),General,General,OpenDataKerala GitHub
2020,Kozhikode,Kunnamangalam,4,KATTANGAL,MUMTHAZ E,IUML,Woman,Woman,OpenDataKerala GitHub
2020,Kozhikode,Kunnamangalam,5,CHATHAMANGALAM,SIVADASAN NAIR,CPI(M),General,General,OpenDataKerala GitHub
2020,Kozhikode,Kunnamangalam,6,KODIYATHUR,NADEERA M K,IUML,Woman,Woman,OpenDataKerala GitHub
2020,Kozhikode,Kunnamangalam,7,KARASSERY,M A SOUDHA,INC,Woman,Woman,OpenDataKerala GitHub
2020,Kozhikode,Kunnamangalam,8,KUMARANELLOOR,RAJITHA N,LJD,Woman,Woman,OpenDataKerala GitHub
2020,Kozhikode,Kunnamangalam,9,PANNIKODE,ADV.K P SUFIYAN,INC,General,General,OpenDataKerala GitHub
2020,Kozhikode,Kunnamangalam,10,CHERUVADI,ZUHARA K V,IUML,Woman,Woman,OpenDataKerala GitHub
2020,Kozhikode,Kunnamangalam,11,MAVOOR,MIMOONA K,INC,Woman,Woman,OpenDataKerala GitHub
2020,Kozhikode,Kunnamangalam,12,CHEROOPPA,RAJITHA SATHYAN,INC,SC Woman,SC Woman,OpenDataKerala GitHub
2020,Kozhikode,Kunnamangalam,13,CHERUKULATHOOR,MADHAVAN NAMBIAR T P,CPI(M),General,General,OpenDataKerala GitHub
2020,Kozhikode,Kunnamangalam,14,POOVATTUPARAMBA,N.ABOOBACKER,INC,General,General,OpenDataKerala GitHub
2020,Kozhikode,Kunnamangalam,15,PERUMANNA,SHYAMALA PARASSERI,CPI(M),Woman,Woman,OpenDataKerala GitHub
2020,Kozhikode,Kunnamangalam,16,PAYYADIMEETHAL,K AJITHA,CPI(M),Woman,Woman,OpenDataKerala GitHub
2020,Kozhikode,Kunnamangalam,17,KUTTIKKATTOOR,ASWATHI K P,INDEPENDENT,SC,SC,OpenDataKerala GitHub
2020,Kozhikode,Kunnamangalam,18,PAINGOTUPURAM,BABURAJ(BABU NELLOOLI),INC,General,General,OpenDataKerala GitHub
2020,Kozhikode,Kunnamangalam,19,POLOOR,M JAYAPRAKASAN,NCP,General,General,OpenDataKerala GitHub
2020,Kozhikode,Kozhikode,1,IRINGALLUR,N M SHIBU,CPI(M),SC,SC,OpenDataKerala GitHub
2020,Kozhikode,Kozhikode,2,PALAZHI,SAIDALI,INL,General,General,OpenDataKerala GitHub
2020,Kozhikode,Kozhikode,3,PANTHEERANKAVU,SHEENA A,CPI(M),Woman,Woman,OpenDataKerala GitHub
2020,Kozhikode,Kozhikode,4,KODALNADAKAVU,SUJITH KANHOLI,INC,General,General,OpenDataKerala GitHub
2020,Kozhikode,Kozhikode,5,MANAKKADAVU,PUSHPALATHA K,CPI(M),Woman,Woman,OpenDataKerala GitHub
2020,Kozhikode,Kozhikode,6,OLAVANNA,RAMLA PUTHALATH,CPI(M),Woman,Woman,OpenDataKerala GitHub
2020,Kozhikode,Kozhikode,7,ODUMBRA,RAVINDRAN PARASSERI,CPI(M),General,General,OpenDataKerala GitHub
2020,Kozhikode,Kozhikode,8,CHALIYAM,ZAINUL ABIDEEN THANGAL,IUML,General,General,OpenDataKerala GitHub
2020,Kozhikode,Kozhikode,9,VADAKKUMBAD,SINDHU PRADEEP,CPI(M),General,General,OpenDataKerala GitHub
2020,Kozhikode,Kozhikode,10,MANNUR,SAILAJA T K,CPI(M),Woman,Woman,OpenDataKerala GitHub
2020,Kozhikode,Kozhikode,11,KADALUNDI,SAJITHA POOKKADAN,CPI(M),Woman,Woman,OpenDataKerala GitHub
2020,Kozhikode,Kozhikode,12,VATTAPPARAMBA,RESHMA,INC,Woman,Woman,OpenDataKerala GitHub
2020,Kozhikode,Kozhikode,13,KADUKKABASAR,LUBAINA BASHEER,IUML,Woman,Woman,OpenDataKerala GitHub
2020,Wayanad,Mananthavady,1,PERIYA,SALMA KASMI,IUML,Woman,Woman,OpenDataKerala GitHub
2020,Wayanad,Mananthavady,2,VALAD,JOICY KALARKANI,INC,Woman,Woman,OpenDataKerala GitHub
2020,Wayanad,Mananthavady,3,THALAPUZHA,ABDUL AZEES,INC,General,General,OpenDataKerala GitHub
2020,Wayanad,Mananthavady,4,KARTIKULAM,VIMALA B M,CPI(M),ST Woman,ST Woman,OpenDataKerala GitHub
2020,Wayanad,Mananthavady,5,THIRUNELLY,A K JAYABARATHI,CPI(M),Woman,Woman,OpenDataKerala GitHub
2020,Wayanad,Mananthavady,6,THONICHAL,INDIRA PREMACHANDRAN,CPI(M),Woman,Woman,OpenDataKerala GitHub
2020,Wayanad,Mananthavady,7,PALLIKKAL,JUSTINE BABY,CPI(M),General,General,OpenDataKerala GitHub
2020,Wayanad,Mananthavady,8,KALLODY,K V VIJOL,CPI(M),General,General,OpenDataKerala GitHub
2020,Wayanad,Mananthavady,9,THARUVANA,AMEEN P K,IUML,General,General,OpenDataKerala GitHub
2020,Wayanad,Mananthavady,10,KATTAYAD,BALAN VALLARIMAL,IUML,ST,ST,OpenDataKerala GitHub
2020,Wayanad,Mananthavady,11,VELLAMUNDA,KALYANI P,CPI(M),ST Woman,ST Woman,OpenDataKerala GitHub
2020,Wayanad,Mananthavady,12,THETTAMALA,P CHANDRAN,INC,General,General,OpenDataKerala GitHub
2020,Wayanad,Mananthavady,13,THONDERNAD,RAMYA THARESH,CPI(M),Woman,Woman,OpenDataKerala GitHub
2020,Wayanad,Sulthan Bathery,1,MEENANGADY,BEENA VIJAYAN,CPI(M),Woman,Woman,OpenDataKerala GitHub
2020,Wayanad,Sulthan Bathery,2,KOLAGAPPARA,LATHA SASI,CPI(M),Woman,Woman,OpenDataKerala GitHub
2020,Wayanad,Sulthan Bathery,3,AMBUKUTHI,P K SATHAR,CPI(M),General,General,OpenDataKerala GitHub
2020,Wayanad,Sulthan Bathery,4,NAMBIKOLLY,M A ASSAINAR,IUML,General,General,OpenDataKerala GitHub
2020,Wayanad,Sulthan Bathery,5,KALLOOR,PUSHAPA ANOOP,INC,Woman,Woman,OpenDataKerala GitHub
2020,Wayanad,Sulthan Bathery,6,MUTHANGA,MANI C,INC,ST,ST,OpenDataKerala GitHub
2020,Wayanad,Sulthan Bathery,7,CHEERAL,PRASANNA SASEENDRAN,INC,Woman,Woman,OpenDataKerala GitHub
2020,Wayanad,Sulthan Bathery,8,KOLIYADI,EDACKAL MOHANAN,INC,General,General,OpenDataKerala GitHub
2020,Wayanad,Sulthan Bathery,9,CHULLIODE,AMBILI SUDHI,CPI(M),ST Woman,ST Woman,OpenDataKerala GitHub
2020,Wayanad,Sulthan Bathery,10,THOMATTUCHAL,A S VIJAYA,INC,ST Woman,ST Woman,OpenDataKerala GitHub
2020,Wayanad,Sulthan Bathery,11,AMBALAVAYAL,ANISH B NAIR,CPI(M),General,General,OpenDataKerala GitHub
2020,Wayanad,Sulthan Bathery,12,KUMBALERY,GLADIS SCARIYA,CPI(M),Woman,Woman,OpenDataKerala GitHub
2020,Wayanad,Sulthan Bathery,13,KRISHNAGIRI,ASSAINAR,CPI(M),General,General,OpenDataKerala GitHub
2020,Wayanad,Kalpetta,1,PADINJARATHARA,ASMA K K,IUML,Woman,Woman,OpenDataKerala GitHub
2020,Wayanad,Kalpetta,2,KOTTATHARA,P K ABDURAHIMAN,INC,General,General,OpenDataKerala GitHub
2020,Wayanad,Kalpetta,3,VENGAPPALLY,JOSE PARAPPURAM,CPI(M),General,General,OpenDataKerala GitHub
2020,Wayanad,Kalpetta,4,MADAKKIMALA,AYISHABI,IUML,Woman,Woman,OpenDataKerala GitHub
2020,Wayanad,Kalpetta,5,MUTTIL,CHANDRIKA KRISHNAN,INC,Woman,Woman,OpenDataKerala GitHub
2020,Wayanad,Kalpetta,6,THRIKKAIPPATTA,ARUNDEV,INC,SC,SC,OpenDataKerala GitHub
2020,Wayanad,Kalpetta,7,MUPPAINAD,FOUSIYA BASHEER,IUML,Woman,Woman,OpenDataKerala GitHub
2020,Wayanad,Kalpetta,8,ARAPETTA,JASHEER PALLIVAYAL,INC,General,General,OpenDataKerala GitHub
2020,Wayanad,Kalpetta,9,CHOORALMALA,RAGHAVAN C ARUNAMALA,CPI(M),ST,ST,OpenDataKerala GitHub
2020,Wayanad,Kalpetta,10,MEPPADI,NASEEMA TEACHER,IUML,Woman,Woman,OpenDataKerala GitHub
2020,Wayanad,Kalpetta,11,CHARITTY,ELSY GEORGE,CPI(M),General,General,OpenDataKerala GitHub
2020,Wayanad,Kalpetta,12,VYTHIRI,USHAKUMARI,CPI(M),Woman,Woman,OpenDataKerala GitHub
2020,Wayanad,Kalpetta,13,POZHUTHANA,LAKSHMI KELU,IUML,ST Woman,ST Woman,OpenDataKerala GitHub
2020,Wayanad,Kalpetta,14,THARIODE,SHIBU PAUL,CPI,General,General,OpenDataKerala GitHub
2020,Wayanad,Panamaram,1,ANJUKUNNU,KUNHAMMED,IUML,General,General,OpenDataKerala GitHub
2020,Wayanad,Panamaram,2,PAKKAM,NIKHILA P ANTONY,CPI(M),Woman,Woman,OpenDataKerala GitHub
2020,Wayanad,Panamaram,3,ANAPPARA,MERCY BENNY,INC,Woman,Woman,OpenDataKerala GitHub
2020,Wayanad,Panamaram,4,PADICHIRA,GIRIJA KRISHNAN,INC,ST Woman,ST Woman,OpenDataKerala GitHub
2020,Wayanad,Panamaram,5,MULLANKOLLI,ADV. P D SAJI,INC,General,General,OpenDataKerala GitHub
2020,Wayanad,Panamaram,6,PULPALLY,RAJANI CHANDRAN,INC,ST Woman,ST Woman,OpenDataKerala GitHub
2020,Wayanad,Panamaram,7,IRULAM,KALESH SATHYALAYAM,CPI,General,General,OpenDataKerala GitHub
2020,Wayanad,Panamaram,8,VAKERY,E K BALAKRISHNAN,CPI(M),General,General,OpenDataKerala GitHub
2020,Wayanad,Panamaram,9,KENICHIRA,LOVELY SHAJU,INC,Woman,Woman,OpenDataKerala GitHub
2020,Wayanad,Panamaram,10,NADAVAYAL,ANNAKUTTY UNNIKUNNEL,INC,Woman,Woman,OpenDataKerala GitHub
2020,Wayanad,Panamaram,11,POOTHADI,NITHYA BIJUKUMAR,INC,Woman,Woman,OpenDataKerala GitHub
2020,Wayanad,Panamaram,12,PACHILAKKAD,MANI T,IUML,ST,ST,OpenDataKerala GitHub
2020,Wayanad,Panamaram,13,KANIYAMBATTA,ABDUL GAFOOR K K,IUML,General,General,OpenDataKerala GitHub
2020,Wayanad,Panamaram,14,PANAMARAM,SAJESH SEBASTIAN,CPI(M),General,General,OpenDataKerala GitHub
2020,Kannur,Payyannur,1,KARIVELLUR,APPUKUTTAN M V,CPI(M),General,General,OpenDataKerala GitHub
2020,Kannur,Payyannur,2,PERALAM,PANKAJAKSHI P,CPI(M),Woman,Woman,OpenDataKerala GitHub
2020,Kannur,Payyannur,3,CHOORAL,LISSY ELIYAS,CPI(M),Woman,Woman,OpenDataKerala GitHub
2020,Kannur,Payyannur,4,PADIYOTCHAL,DAMODARAN MASTER K,CPI(M),General,General,OpenDataKerala GitHub
2020,Kannur,Payyannur,5,PULINGOME,POULOSE A C,KC(M)PJJ,General,General,OpenDataKerala GitHub
2020,Kannur,Payyannur,6,PRAPPOIL,NASEERA K P,CPI(M),Woman,Woman,OpenDataKerala GitHub
2020,Kannur,Payyannur,7,PERITHATTA,RAJANI MOHAN,CPI(M),Woman,Woman,OpenDataKerala GitHub
2020,Kannur,Payyannur,8,VELLORA,CHANDRAKANTH K R,CPI,SC,SC,OpenDataKerala GitHub
2020,Kannur,Payyannur,9,MATHAMANGALAM,ADV. RAMESAN K P,CPI(M),General,General,OpenDataKerala GitHub
2020,Kannur,Payyannur,10,KANKOL,VALSALA P V,CPI(M),Woman,Woman,OpenDataKerala GitHub
2020,Kannur,Payyannur,11,KUNHIMANGALAM,REENA K P,CPI(M),Woman,Woman,OpenDataKerala GitHub
2020,Kannur,Payyannur,12,KUNNARU,DEEBU M V,CPI(M),General,General,OpenDataKerala GitHub
2020,Kannur,Payyannur,13,RAMANTHALI,VALSALA A,CPI(M),Woman,Woman,OpenDataKerala GitHub
2020,Kannur,Thalipparamba,1,THERTHALLY,P M MOHANAN,CPI(M),General,General,OpenDataKerala GitHub
2020,Kannur,Thalipparamba,2,ALAKODE,P PREMALATHA,CPI(M),Woman,Woman,OpenDataKerala GitHub
2020,Kannur,Thalipparamba,3,UDAYAGIRI,SARITHA JOSE,INC,Woman,Woman,OpenDataKerala GitHub
2020,Kannur,Thalipparamba,4,KAPPIMALA,GIRIJAMONEY,INC,Woman,Woman,OpenDataKerala GitHub
2020,Kannur,Thalipparamba,5,KARUVANCHAL,VAHEEDA M P,IUML,Woman,Woman,OpenDataKerala GitHub
2020,Kannur,Thalipparamba,6,NADUVIL,JOSHY KANDATHIL,INC,General,General,OpenDataKerala GitHub
2020,Kannur,Thalipparamba,7,CHUZHALI,N NARAYANAN,CPI(M),General,General,OpenDataKerala GitHub
2020,Kannur,Thalipparamba,8,CHENGALAYI,KOYYAM JANARDHANAN,INC,General,General,OpenDataKerala GitHub
2020,Kannur,Thalipparamba,9,KURUMATHUR,SABITHA C M,CPI(M),Woman,Woman,OpenDataKerala GitHub
2020,Kannur,Thalipparamba,10,PANNIYOOR,P P SHANOJ,CPI(M),SC,SC,OpenDataKerala GitHub
2020,Kannur,Thalipparamba,11,PATTUVAM,ANAKKEEL CHANDRAN,CPI(M),General,General,OpenDataKerala GitHub
2020,Kannur,Thalipparamba,12,PARIYARAM,MALLIKA E C,CPI(M),Woman,Woman,OpenDataKerala GitHub
2020,Kannur,Thalipparamba,13,KUTTYERI,C M KRISHNAN,CPI(M),General,General,OpenDataKerala GitHub
2020,Kannur,Thalipparamba,14,KADANNAPALLI,VALSALA C I,CPI(M),Woman,Woman,OpenDataKerala GitHub
2020,Kannur,Thalipparamba,15,EDAKKOM,SHEEJA KAIPRATH,CPI(M),Woman,Woman,OpenDataKerala GitHub
2020,Kannur,Thalipparamba,16,CHAPPARAPADAVU,UNAISE ERUVATTY,IUML,General,General,OpenDataKerala GitHub
2020,Kannur,Irikkur,1,KUDIANMALA,SOJAN KARAMAYIL,INC,Woman,Woman,OpenDataKerala GitHub
2020,Kannur,Irikkur,2,CHANDANAKAMPARA,RAGHAVAN.P.R.,INC,Woman,Woman,OpenDataKerala GitHub
2020,Kannur,Irikkur,3,NUCHIYAD,GEORGE JOSEPH,INC,Woman,Woman,OpenDataKerala GitHub
2020,Kannur,Irikkur,4,VATTIYAMTHODU,CHACKO PALACKALODY,INC,Woman,Woman,OpenDataKerala GitHub
2020,Kannur,Irikkur,5,ULIKKAL,LISSY.O.S.,KC(J),General,General,OpenDataKerala GitHub
2020,Kannur,Irikkur,6,PADIYOOR,ANITHA.K.,CPI(M),General,General,OpenDataKerala GitHub
2020,Kannur,Irikkur,7,IRIKKUR,YASARA.C.V.N.,IUML,General,General,OpenDataKerala GitHub
2020,Kannur,Irikkur,8,PERUVALATHUPARAMBU,PRASANNA.M.P.,CPI(M),General,General,OpenDataKerala GitHub
2020,Kannur,Irikkur,9,MALAPATTAM,ROBERT GEORGE,CPI(M),Woman,Woman,OpenDataKerala GitHub
2020,Kannur,Irikkur,10,KUTTIATTUR,LIJI.M.K.,CPI(M),General,General,OpenDataKerala GitHub
2020,Kannur,Irikkur,11,CHATTUKAARA,MUNEER.P.K.,CPI(M),Woman,Woman,OpenDataKerala GitHub
2020,Kannur,Irikkur,12,MAYYIL,M. V. OMANA,CPI(M),General,General,OpenDataKerala GitHub
2020,Kannur,Irikkur,13,KAYARALAM,RESHMA.K.P.,CPI(M),ST,ST,OpenDataKerala GitHub
2020,Kannur,Irikkur,14,PAYYAVOOR,THOMAS(JAMES THURUTHEL),INC,Woman,Woman,OpenDataKerala GitHub
2020,Kannur,Kannur,1,AZHEEKKAL,ABDUL NIZAR VAIPARAMBA,CPI,General,General,OpenDataKerala GitHub
2020,Kannur,Kannur,2,VALAPATTANAM,K P THAHIRA,IUML,Woman,Woman,OpenDataKerala GitHub
2020,Kannur,Kannur,3,ILLIPURAM,PRACHITHRA K V,IUML,Woman,Woman,OpenDataKerala GitHub
2020,Kannur,Kannur,4,KARIKKANKULAM,P SREEJA,CPI(M),Woman,Woman,OpenDataKerala GitHub
2020,Kannur,Kannur,5,MANKADAVU,P M SUJAYA,CPI(M),Woman,Woman,OpenDataKerala GitHub
2020,Kannur,Kannur,6,PAPPINISSERY CENTRAL,AJITHA P V,CPI(M),Woman,Woman,OpenDataKerala GitHub
2020,Kannur,Kannur,7,KATTAMBALLY,SATHISHAN K V,CPI(M),General,General,OpenDataKerala GitHub
2020,Kannur,Kannur,8,PUTHIYA THERU,SATHI V K,CPI(M),Woman,Woman,OpenDataKerala GitHub
2020,Kannur,Kannur,9,CHIRAKKAL,K C JISHA,CPI(M),General,General,OpenDataKerala GitHub
2020,Kannur,Kannur,10,ALAVIL,CHANDRAMOHANAN P O,INC,General,General,OpenDataKerala GitHub
2020,Kannur,Kannur,11,ARAMKOTTAM,RIMIL K,CPI(M),General,General,OpenDataKerala GitHub
2020,Kannur,Kannur,12,MEENKUNNU,P PRASEETHA,CPI(M),Woman,Woman,OpenDataKerala GitHub
2020,Kannur,Kannur,13,VANKULATH VAYAL,SAJEEVAN C H,CPI(M),SC,SC,OpenDataKerala GitHub
2020,Kannur,Edakkad,1,KAMBIL,SHAMEEMA T V,IUML,Woman,Woman,OpenDataKerala GitHub
2020,Kannur,Edakkad,2,KOLACHERI,C M PRASEEHA TEACHER,INC,Woman,Woman,OpenDataKerala GitHub
2020,Kannur,Edakkad,3,KANHIRODE,BINDU K,INC,Woman,Woman,OpenDataKerala GitHub
2020,Kannur,Edakkad,4,THALAMUNDA,MUMTHAS K,CPI(M),Woman,Woman,OpenDataKerala GitHub
2020,Kannur,Edakkad,5,IRIVERI,ADV. M C SAJEESH,CPI,General,General,OpenDataKerala GitHub
2020,Kannur,Edakkad,6,MAKRERI,C SANJANA,CPI(M),Woman,Woman,OpenDataKerala GitHub
2020,Kannur,Edakkad,7,MAVILAYI,BALAGOPALAN K P,CPI(M),General,General,OpenDataKerala GitHub
2020,Kannur,Edakkad,8,KADAMBUR,PRADEEPKUMAR K V,INC,SC,SC,OpenDataKerala GitHub
2020,Kannur,Edakkad,9,KADACHIRA,K V JAYARAJAN,INC,General,General,OpenDataKerala GitHub
2020,Kannur,Edakkad,10,CHALA,E K SURESHAN,CPI(M),General,General,OpenDataKerala GitHub
2020,Kannur,Edakkad,11,CHEMBILODE,P K ANITHA,CPI(M),Woman,Woman,OpenDataKerala GitHub
2020,Kannur,Edakkad,12,MOWANCHERRY,PRAMEELA P K,CPI(M),Woman,Woman,OpenDataKerala GitHub
2020,Kannur,Edakkad,13,KANACHERRY,K V KABEER,IUML,General,General,OpenDataKerala GitHub
2020,Kannur,Thalassery,1,ANJARAKANDY,M RAMESHAN,CPI(M),General,General,OpenDataKerala GitHub
2020,Kannur,Thalassery,2,MUZHAPPALA,P M MOHANAN MASTER,CPI(M),General,General,OpenDataKerala GitHub
2020,Kannur,Thalassery,3,VENGAD,C P ANITHA,CPI(M),Woman,Woman,OpenDataKerala GitHub
2020,Kannur,Thalassery,4,PADUVILAYI,REJI C,CPI(M),SC,SC,OpenDataKerala GitHub
2020,Kannur,Thalassery,5,PATHIRIYAD,MURIKOLI PAVITHRAN,CPI(M),General,General,OpenDataKerala GitHub
2020,Kannur,Thalassery,6,ERUVATTY,NISSAR T,CPI(M),General,General,OpenDataKerala GitHub
2020,Kannur,Thalassery,7,VADAKKUMPAD,P R VASANTHAN MASTER,CPI(M),General,General,OpenDataKerala GitHub
2020,Kannur,Thalassery,8,ERANHOLI,MANJUSHA K D,CPI(M),Woman,Woman,OpenDataKerala GitHub
2020,Kannur,Thalassery,9,NEW MAHE,N REJITHA PRATHEEP,CPI,Woman,Woman,OpenDataKerala GitHub
2020,Kannur,Thalassery,10,DHARMADAM,SEEMA P,CPI(M),Woman,Woman,OpenDataKerala GitHub
2020,Kannur,Thalassery,11,KOODAKKADAVU,ROJA T V,CPI(M),Woman,Woman,OpenDataKerala GitHub
2020,Kannur,Thalassery,12,MUZHAPPILANGAD,FARSHANA K T,CPI(M),Woman,Woman,OpenDataKerala GitHub
2020,Kannur,Thalassery,13,PALAYAD,BYJU N T,CPI(M),General,General,OpenDataKerala GitHub
2020,Kannur,Thalassery,14,PINARAYI,SAJITHA C M,CPI(M),Woman,Woman,OpenDataKerala GitHub
2020,Kannur,Kuthuparamba,1,VATTIPRAM,P K BASHEER,CPI(M),General,General,OpenDataKerala GitHub
2020,Kannur,Kuthuparamba,2,KANDAMKUNNU,O GANGADHARAN,CPI(M),General,General,OpenDataKerala GitHub
2020,Kannur,Kuthuparamba,3,MANANTHERI,R SHEELA,CPI(M),Woman,Woman,OpenDataKerala GitHub
2020,Kannur,Kuthuparamba,4,CHITTARIPARAMBA,P V SURENDRAN,CPI,General,General,OpenDataKerala GitHub
2020,Kannur,Kuthuparamba,5,POYILOOR,SHYRINA P,LJD,Woman,Woman,OpenDataKerala GitHub
2020,Kannur,Kuthuparamba,6,KOLAVALLOOR,V P SANTHA,CPI(M),Woman,Woman,OpenDataKerala GitHub
2020,Kannur,Kuthuparamba,7,KADAVATHOOR,P K ALI,IUML,General,General,OpenDataKerala GitHub
2020,Kannur,Kuthuparamba,8,PUTHOOR,SADIQUE K P,IUML,General,General,OpenDataKerala GitHub
2020,Kannur,Kuthuparamba,9,CHENDAYAD,CHANDRIKA,LJD,Woman,Woman,OpenDataKerala GitHub
2020,Kannur,Kuthuparamba,10,MUTHIYANGA,ROJA P,CPI(M),Woman,Woman,OpenDataKerala GitHub
2020,Kannur,Kuthuparamba,11,PATTIAM,T DAMODARAN,CPI(M),ST,ST,OpenDataKerala GitHub
2020,Kannur,Kuthuparamba,12,KOTTAYAM,DEEPA T K,CPI(M),Woman,Woman,OpenDataKerala GitHub
2020,Kannur,Kuthuparamba,13,MANGATTIDAM,LIJISHA K,CPI(M),Woman,Woman,OpenDataKerala GitHub
2020,Kannur,Iritty,1,PATTANNUR,K.C.RAJASREE,CPI(M),Woman,Woman,OpenDataKerala GitHub
2020,Kannur,Iritty,2,MADATHIL,K.N.PADMAVATHI,CPI(M),Woman,Woman,OpenDataKerala GitHub
2020,Kannur,Iritty,3,VALLITHODE,ADV.HAMEED.K,CPI(M),General,General,OpenDataKerala GitHub
2020,Kannur,Iritty,4,CHARAL,MARY (MARY REJI),INC,Woman,Woman,OpenDataKerala GitHub
2020,Kannur,Iritty,5,ANGADIKKADAVU,JOLLY JOHN,KC(M)PJJ,Woman,Woman,OpenDataKerala GitHub
2020,Kannur,Iritty,6,KEEZHPALLY,SHOBHA.V.,INC,ST,ST,OpenDataKerala GitHub
2020,Kannur,Iritty,7,VELIMANAM,K.VELAYUDAN,INC,General,General,OpenDataKerala GitHub
2020,Kannur,Iritty,8,EDOOR,SHIJI NADUPARAMBIL,INC,Woman,Woman,OpenDataKerala GitHub
2020,Kannur,Iritty,9,ALAYAD,P.SANEESH,CPI(M),General,General,OpenDataKerala GitHub
2020,Kannur,Iritty,10,THILLENKERY,NAJEEDA SADIK.M.K,IUML,Woman,Woman,OpenDataKerala GitHub
2020,Kannur,Iritty,11,KEEZHALLUR,SUSMITHA.M,CPI(M),Woman,Woman,OpenDataKerala GitHub
2020,Kannur,Iritty,12,EDAYANNUR,SHIJU EDAYANNUR,INC,General,General,OpenDataKerala GitHub
2020,Kannur,Iritty,13,KOODALI,M.RATHEESH,CPI(M),General,General,OpenDataKerala GitHub
2020,Kannur,Peravoor,1,PALA,BYJU VARGHESE,INC,General,General,OpenDataKerala GitHub
2020,Kannur,Peravoor,2,ADAKKATHODU,MARYKUTTY JOHNSON,KC(M),Woman,Woman,OpenDataKerala GitHub
2020,Kannur,Peravoor,3,AMBAYATHODU,SUNEENDRAN K N,CPI(M),General,General,OpenDataKerala GitHub
2020,Kannur,Peravoor,4,KOTTIYOOR,INDIRA SREEDHARAN,INC,Woman,Woman,OpenDataKerala GitHub
2020,Kannur,Peravoor,5,KELAKAM,MAIDHILIY REMANAN,CPI(M),Woman,Woman,OpenDataKerala GitHub
2020,Kannur,Peravoor,6,KOLAKKADU,PAL GOPALAN,INC,ST,ST,OpenDataKerala GitHub
2020,Kannur,Peravoor,7,PERAVOOR,PREETHA DINESAN,CPI,Woman,Woman,OpenDataKerala GitHub
2020,Kannur,Peravoor,8,KOLAYAD,A T K MUHAMMED,CPI(M),General,General,OpenDataKerala GitHub
2020,Kannur,Peravoor,9,ALACHEREI,REENA NARAYANAN,CPI(M),Woman,Woman,OpenDataKerala GitHub
2020,Kannur,Peravoor,10,KANHILERI,SHIHAB PATTARI,CPI(M),General,General,OpenDataKerala GitHub
2020,Kannur,Peravoor,11,MALUR,PREMI PREMAN,CPI(M),Woman,Woman,OpenDataKerala GitHub
2020,Kannur,Peravoor,12,MURINGODI,PREETHILATHA M,CPI(M),Woman,Woman,OpenDataKerala GitHub
2020,Kannur,Peravoor,13,MUZHAKKUNNU,K SUDHAKARAN,CPI(M),General,General,OpenDataKerala GitHub
2020,Kannur,Kalliasseri,1,MADAYI,C P MUHAMMED RAFEEQ,CPI(M),General,General,OpenDataKerala GitHub
2020,Kannur,Kalliasseri,2,CHERUTHAZHAM,K M SHOBHA,CPI(M),Woman,Woman,OpenDataKerala GitHub
2020,Kannur,Kalliasseri,3,PILATHARA,A V RAVINDRAN,CPI(M),General,General,OpenDataKerala GitHub
2020,Kannur,Kalliasseri,4,EZHOME,D VIMALA,CPI(M),Woman,Woman,OpenDataKerala GitHub
2020,Kannur,Kalliasseri,5,PAZHAYANGADI,PADMINI K,CPI(M),Woman,Woman,OpenDataKerala GitHub
2020,Kannur,Kalliasseri,6,CHERUKUNNU,RESHMA PARAGAN,CPI,Woman,Woman,OpenDataKerala GitHub
2020,Kannur,Kalliasseri,7,KANNAPURAM,PREMA SURENDRAN,CPI(M),Woman,Woman,OpenDataKerala GitHub
2020,Kannur,Kalliasseri,8,IRINAVE,K PREETHA,CPI(M),Woman,Woman,OpenDataKerala GitHub
2020,Kannur,Kalliasseri,9,KALLIASSERI,P P SHAJIR,CPI(M),General,General,OpenDataKerala GitHub
2020,Kannur,Kalliasseri,10,NARATH,NIKETH NARATH,INC,General,General,OpenDataKerala GitHub
2020,Kannur,Kalliasseri,11,KANNADIPARAMBA,RASHEEDA T,IUML,Woman,Woman,OpenDataKerala GitHub
2020,Kannur,Kalliasseri,12,MATTOOL SOUTH,EBRAHIM KUTTY HAJI K K,IUML,General,General,OpenDataKerala GitHub
2020,Kannur,Kalliasseri,13,MATTOOL NORTH,VIJESH O,INC,SC,SC,OpenDataKerala GitHub
2020,Kannur,Kalliasseri,14,PUTHIYANGADI,C H MUSTHAFA,IUML,General,General,OpenDataKerala GitHub
2020,Kannur,Panoor,1,PULLYODE,RAMESH KANDOTH,CPI(M),General,General,OpenDataKerala GitHub
2020,Kannur,Panoor,2,KADIRUR,SHEEJA KARAY,CPI(M),Woman,Woman,OpenDataKerala GitHub
2020,Kannur,Panoor,3,CHUNDANGAPOYIL,RAMLA T T,CPI(M),Woman,Woman,OpenDataKerala GitHub
2020,Kannur,Panoor,4,VALLIAYI,YOOSAF K P,INL,General,General,OpenDataKerala GitHub
2020,Kannur,Panoor,5,MOKERI,PRASEETHA N,CPI(M),Woman,Woman,OpenDataKerala GitHub
2020,Kannur,Panoor,6,CHAMBAD,K P SASIDHARAN,CPI(M),General,General,OpenDataKerala GitHub
2020,Kannur,Panoor,7,PANNIANNUR,SHILAJA A,CPI(M),Woman,Woman,OpenDataKerala GitHub
2020,Kannur,Panoor,8,MEKKUNNU,SRINILA SREEJITH,CPI(M),Woman,Woman,OpenDataKerala GitHub
2020,Kannur,Panoor,9,KANJIRATHIN KEEZHIL,KHALID A K,CPI(M),General,General,OpenDataKerala GitHub
2020,Kannur,Panoor,10,CHOKLI,THEERTHA ANOOP,CPI(M),Woman,Woman,OpenDataKerala GitHub
2020,Kannur,Panoor,11,NIDUMBRAM,NIKHIL K K,CPI(M),SC,SC,OpenDataKerala GitHub
2020,Kannur,Panoor,12,MANEKKARA,SATHI P,CPI,Woman,Woman,OpenDataKerala GitHub
2020,Kannur,Panoor,13,PONNIAM,SANTHOSH P V,CPI(M),General,General,OpenDataKerala GitHub
2020,Kasargode,Manjeshwar,1,KUNJATHUR,SHAFA FAROOK CHECK POST,IUML,Woman,Woman,OpenDataKerala GitHub
2020,Kasargode,Manjeshwar,2,BADAJE,N. ABDUL HAMEED,SDPI,General,General,OpenDataKerala GitHub
2020,Kasargode,Manjeshwar,3,VORKADY,MOIDEENKUNHI,CPI(M),General,General,OpenDataKerala GitHub
2020,Kasargode,Manjeshwar,4,MULIGADDE,SAROJA R BALLAL,BJP,Woman,Woman,OpenDataKerala GitHub
2020,Kasargode,Manjeshwar,5,PERMUDE,CHANDRAVATHI T N,BJP,Woman,Woman,OpenDataKerala GitHub
2020,Kasargode,Manjeshwar,6,ENMAKAJE,ANIL KUMAR,BJP,General,General,OpenDataKerala GitHub
2020,Kasargode,Manjeshwar,7,PERLA,K BATTU SHETTY,BJP,General,General,OpenDataKerala GitHub
2020,Kasargode,Manjeshwar,8,PUTHIGE,CHANDRAVATHI M,CPI(M),General,General,OpenDataKerala GitHub
2020,Kasargode,Manjeshwar,9,ICHILANGODU,FATHIMATH ZUHRA,IUML,Woman,Woman,OpenDataKerala GitHub
2020,Kasargode,Manjeshwar,10,BANDIYODU,ASHOKA K,IUML,SC,SC,OpenDataKerala GitHub
2020,Kasargode,Manjeshwar,11,NAYABAZAR,SHAMEENA TEACHER,IUML,Woman,Woman,OpenDataKerala GitHub
2020,Kasargode,Manjeshwar,12,MAJEERPALLA,RADHAKRISHNA K V,BJP,General,General,OpenDataKerala GitHub
2020,Kasargode,Manjeshwar,13,KADAMBAR,ASHWINI M L,BJP,Woman,Woman,OpenDataKerala GitHub
2020,Kasargode,Manjeshwar,14,UPPALA,MOHAMMED HANIF P K,IUML,General,General,OpenDataKerala GitHub
2020,Kasargode,Manjeshwar,15,MANJESHWAR,SHAMSEENA A,IUML,Woman,Woman,OpenDataKerala GitHub
2020,Kasargode,Kasaragod,1,ARIKKADY,ASHRAF KARLA,IUML,General,General,OpenDataKerala GitHub
2020,Kasargode,Kasaragod,2,KUMBLA,PREMA SHETTY,BJP,Woman,Woman,OpenDataKerala GitHub
2020,Kasargode,Kasaragod,3,MOGRAL,ZEENATH NAZEER KALLANGAI,IUML,Woman,Woman,OpenDataKerala GitHub
2020,Kasargode,Kasaragod,4,ERIYAL,P A ASHRAF ALI,INC,General,General,OpenDataKerala GitHub
2020,Kasargode,Kasaragod,5,ULIYATHADKA,JAMEELA AHMED,INC,Woman,Woman,OpenDataKerala GitHub
2020,Kasargode,Kasaragod,6,NEERCHAL,JAYANTHI,BJP,Woman,Woman,OpenDataKerala GitHub
2020,Kasargode,Kasaragod,7,PERDALA,ASHWINI K M,BJP,Woman,Woman,OpenDataKerala GitHub
2020,Kasargode,Kasaragod,8,EDANEER,C V JAMES,INC,General,General,OpenDataKerala GitHub
2020,Kasargode,Kasaragod,9,CHERKALA,SAKEENA ABDULLA HAJI,IUML,Woman,Woman,OpenDataKerala GitHub
2020,Kasargode,Kasaragod,10,CHENGALA,MOHAMMED HANEEFA C A,IUML,General,General,OpenDataKerala GitHub
2020,Kasargode,Kasaragod,11,BENDICHAL,KADEEJATH SAMEEMA K A,IUML,Woman,Woman,OpenDataKerala GitHub
2020,Kasargode,Kasaragod,12,KALANAD,KALABHAVAN RAJU,IUML,SC,SC,OpenDataKerala GitHub
2020,Kasargode,Kasaragod,13,CHEMNAD,BADARUL MUNEER N A,IUML,General,General,OpenDataKerala GitHub
2020,Kasargode,Kasaragod,14,CIVIL STATION,SAIMA C A,IUML,Woman,Woman,OpenDataKerala GitHub
2020,Kasargode,Kasaragod,15,RAMDAS NAGAR,SUKUMARA,BJP,General,General,OpenDataKerala GitHub
2020,Kasargode,Kanhangad,1,UDUMA,VIJAYAN M,CPI(M),General,General,OpenDataKerala GitHub
2020,Kasargode,Kanhangad,2,KARIPODY,RAJENDRAN K V,CPI(M),SC,SC,OpenDataKerala GitHub
2020,Kasargode,Kanhangad,3,PANAYAL,V GEETHA,CPI(M),Woman,Woman,OpenDataKerala GitHub
2020,Kasargode,Kanhangad,4,PAKKAM,MANIKANDAN K,CPI(M),General,General,OpenDataKerala GitHub
2020,Kasargode,Kanhangad,5,PERIYA,ADV. M K BABURAJAN,INC,General,General,OpenDataKerala GitHub
2020,Kasargode,Kanhangad,6,PULLUR,SEETHA K,CPI(M),Woman,Woman,OpenDataKerala GitHub
2020,Kasargode,Kanhangad,7,MADIKAI,K V SREELATHA,CPI,Woman,Woman,OpenDataKerala GitHub
2020,Kasargode,Kanhangad,8,AMBALATHUKARA,M ABDUL RAHMAN,CPI(M),General,General,OpenDataKerala GitHub
2020,Kasargode,Kanhangad,9,VELLIKOTH,A DAMODARAN,CPI,General,General,OpenDataKerala GitHub
2020,Kasargode,Kanhangad,10,AJANUR,LAKSHMI THAMBAN,CMP(CC),Woman,Woman,OpenDataKerala GitHub
2020,Kasargode,Kanhangad,11,CHITHARI,PUSHPA,CPI(M),Woman,Woman,OpenDataKerala GitHub
2020,Kasargode,Kanhangad,12,PALLIKARE,SHAKEELA BASHEER,IUML,Woman,Woman,OpenDataKerala GitHub
2020,Kasargode,Kanhangad,13,PALAKUNNU,PUSHPA SREEDHARAN,INC,Woman,Woman,OpenDataKerala GitHub
2020,Kasargode,Nileshwar,1,THURUTHI,SUNITHA VAZHAVALAPPIL,CPI,Woman,Woman,OpenDataKerala GitHub
2020,Kasargode,Nileshwar,2,CHERUVATHUR,VALLI K,INC,Woman,Woman,OpenDataKerala GitHub
2020,Kasargode,Nileshwar,3,KLAIKKODE,KUNHIRAMAN M,CPI(M),SC,SC,OpenDataKerala GitHub
2020,Kasargode,Nileshwar,4,KAYYUR,SHEEBA P B,CPI(M),Woman,Woman,OpenDataKerala GitHub
2020,Kasargode,Nileshwar,5,CHEEMENI,MADHAVAN MANIYARA,CPI(M),General,General,OpenDataKerala GitHub
2020,Kasargode,Nileshwar,6,KODAKKAD,P K LAKSHMI,CPI(M),Woman,Woman,OpenDataKerala GitHub
2020,Kasargode,Nileshwar,7,PILICODE,M V SUJATHA,CPI(M),Woman,Woman,OpenDataKerala GitHub
2020,Kasargode,Nileshwar,8,UDINOOR,M SUMESH,CPI(M),General,General,OpenDataKerala GitHub
2020,Kasargode,Nileshwar,9,TRIKKARIPUR TOWN,C CHANDRAMATHI,INC,Woman,Woman,OpenDataKerala GitHub
2020,Kasargode,Nileshwar,10,OLAVARA,NAJEEB T S,IUML,General,General,OpenDataKerala GitHub
2020,Kasargode,Nileshwar,11,VELLAP,MUHAMMED SUHAIB V P P,IUML,General,General,OpenDataKerala GitHub
2020,Kasargode,Nileshwar,12,VALIYAPARAMBA,ANILKUMAR K,CPI(M),General,General,OpenDataKerala GitHub
2020,Kasargode,Nileshwar,13,PADNE,RADILA T,INC,Woman,Woman,OpenDataKerala GitHub
2020,Kasargode,Karadka,1,MOVVAR,NALINI K,BJP,Woman,Woman,OpenDataKerala GitHub
2020,Kasargode,Karadka,2,KUMBADAJE,RAVI PRASAD N,BJP,ST,ST,OpenDataKerala GitHub
2020,Kasargode,Karadka,3,BELLUR,YASHODA.N,BJP,Woman,Woman,OpenDataKerala GitHub
2020,Kasargode,Karadka,4,ADHUR,SMITHA PRIYARANJAN,INC,Woman,Woman,OpenDataKerala GitHub
2020,Kasargode,Karadka,5,DELAMPADY,VASANTHI GOPALAN,CPI(M),Woman,Woman,OpenDataKerala GitHub
2020,Kasargode,Karadka,6,ADOOR,CHANIYA NAIK,CPI(M),General,General,OpenDataKerala GitHub
2020,Kasargode,Karadka,7,BANDADUKKA,KRISHNAN.B,INC,SC,SC,OpenDataKerala GitHub
2020,Kasargode,Karadka,8,KUTTIKOL,SAVITHA P,CPI(M),Woman,Woman,OpenDataKerala GitHub
2020,Kasargode,Karadka,9,BEDAKAM,SAVITHRIBALAN,CPI(M),Woman,Woman,OpenDataKerala GitHub
2020,Kasargode,Karadka,10,KUNDAMKUZHY,K.RAMANI,CPI(M),Woman,Woman,OpenDataKerala GitHub
2020,Kasargode,Karadka,11,PERLADUKKAM,B.K.NARAYANAN,CPI(M),General,General,OpenDataKerala GitHub
2020,Kasargode,Karadka,12,MULIYAR,M. KUNHAMBU NAMBIAR,INC,General,General,OpenDataKerala GitHub
2020,Kasargode,Karadka,13,KARADUKKA,SIGI MATHEW,CPI(M),General,General,OpenDataKerala GitHub
2020,Kasargode,Parappa,1,KODOM,SREELATHA P.V.,CPI(M),Woman,Woman,OpenDataKerala GitHub
2020,Kasargode,Parappa,2,KALLAR,JOSE MAVELIL,INC,General,General,OpenDataKerala GitHub
2020,Kasargode,Parappa,3,PANATHADY,ARUN RANGATHAMALE,CPI(M),General,General,OpenDataKerala GitHub
2020,Kasargode,Parappa,4,PANATHUR,PADMAKUMARI,CPI(M),Woman,Woman,OpenDataKerala GitHub
2020,Kasargode,Parappa,5,MALOM,SHOBY JOSEPH,INC,General,General,OpenDataKerala GitHub
2020,Kasargode,Parappa,6,KOTTAMALA,NARAYANI.P.D.,INC,ST Woman,ST Woman,OpenDataKerala GitHub
2020,Kasargode,Parappa,7,CHITTARIKKAL,JOSE KUTHIYATHOTTIL,INC,General,General,OpenDataKerala GitHub
2020,Kasargode,Parappa,8,KAMBALLOOR,ANNAMMA MATHEW,INC,Woman,Woman,OpenDataKerala GitHub
2020,Kasargode,Parappa,9,ELERI,RAJESH.A.V.,CPI(M),ST,ST,OpenDataKerala GitHub
2020,Kasargode,Parappa,10,PARAPPA,P.V.CHANDRAN,CPI(M),General,General,OpenDataKerala GitHub
2020,Kasargode,Parappa,11,KINANOOR,M.LAKSHMI,CPI(M),Woman,Woman,OpenDataKerala GitHub
2020,Kasargode,Parappa,12,BALAL,REKHA.C,INC,Woman,Woman,OpenDataKerala GitHub
2020,Kasargode,Parappa,13,KALICHANADUKKAM,BHUPESH.K,CPI,General,General,OpenDataKerala GitHub
2020,Kasargode,Parappa,14,BELUR,RAJANI KRISHNAN,CPI(M),Woman,Woman,OpenDataKerala GitHub
