Year,Corporation,Ward_No,Ward_Name,Winning_Candidate,Party,Category,Reservation_Status,Source
2020,,,,,,,,
2015,,,,,,,,
2010,,,,,,,,
2025,,,,,,,,
2010,Thiruvananthapuram,1,KAZHAKUTTOM,SREEREKHA R,SJ(D),SC Woman,SC Woman,OpenDataKerala GitHub
2010,Thiruvananthapuram,2,CHANTHAVILA,MOHANAN NAIR K,INC,General,General,OpenDataKerala GitHub
2010,Thiruvananthapuram,3,KAATTAYIKONAM,VINOD G,CPI(M),General,General,OpenDataKerala GitHub
2010,Thiruvananthapuram,4,SREEKARIYAM,VIJAYAKUMAR,INDEPENDENT,General,General,OpenDataKerala GitHub
2010,Thiruvananthapuram,5,CHERUVAIKKAL,SINI V R,CMP,Woman,Woman,OpenDataKerala GitHub
2010,Thiruvananthapuram,6,ULLOOR,CHITHRA SHAJI,CPI(M),Woman,Woman,OpenDataKerala GitHub
2010,Thiruvananthapuram,7,EDAVACODE,PADMAKUMAR V S,CPI(M),General,General,OpenDataKerala GitHub
2010,Thiruvananthapuram,8,CHELLAMANGALAM,SHEELA K S,CPI(M),Woman,Woman,OpenDataKerala GitHub
2010,Thiruvananthapuram,9,CHEMPAZHANTHY,ALAMCODE SURENDRAN,INC,SC,SC,OpenDataKerala GitHub
2010,Thiruvananthapuram,10,POWDIKONAM,CHANDRALEKHA S,CPI(M),Woman,Woman,OpenDataKerala GitHub
2010,Thiruvananthapuram,11,NJANDOORKONAM,VIMALAKUMARI S,CPI,Woman,Woman,OpenDataKerala GitHub
2010,Thiruvananthapuram,12,KINAVOOR,SARASAMMA C,INC,Woman,Woman,OpenDataKerala GitHub
2010,Thiruvananthapuram,13,MANNANTHALA,VANAJA RAJENDRABABU,INC,Woman,Woman,OpenDataKerala GitHub
2010,Thiruvananthapuram,14,NALANCHIRA,JOHNSON JOSEPH,INC,General,General,OpenDataKerala GitHub
2010,Thiruvananthapuram,15,KESAVADASAPURAM,GEORGE LUICE,INC,General,General,OpenDataKerala GitHub
2010,Thiruvananthapuram,16,MEDICAL COLLEGE,SREEKUMAR G S,INC,SC,SC,OpenDataKerala GitHub
2010,Thiruvananthapuram,17,PATTOM,MURUKESHAN K,INC,General,General,OpenDataKerala GitHub
2010,Thiruvananthapuram,18,MUTTADA,ADV. CHANDRIKA K,CPI(M),General,General,OpenDataKerala GitHub
2010,Thiruvananthapuram,19,KUDAPPANAKUNNU,MURUKAN S,CPI(M),General,General,OpenDataKerala GitHub
2010,Thiruvananthapuram,20,PATHIRAPPALLY,KASTHURI M S,CPI(M),Woman,Woman,OpenDataKerala GitHub
2010,Thiruvananthapuram,21,CHETTIVILAKAM,SREEJA V K,CPI,Woman,Woman,OpenDataKerala GitHub
2010,Thiruvananthapuram,22,SASTHAMANGALAM,SURESHKUMAR G,INC,General,General,OpenDataKerala GitHub
2010,Thiruvananthapuram,23,KOWDIAR,SATHIKUMARI S,INC,Woman,Woman,OpenDataKerala GitHub
2010,Thiruvananthapuram,24,KURAVANKONAM,SHYAMKUMAR P,RSP,General,General,OpenDataKerala GitHub
2010,Thiruvananthapuram,25,NANTHANCODE,LEELAMMA TEACHER,INC,Woman,Woman,OpenDataKerala GitHub
2010,Thiruvananthapuram,26,KUNNUKUZHI,MERYPUSHPAM A,INC,Woman,Woman,OpenDataKerala GitHub
2010,Thiruvananthapuram,27,PALAYAM,RAJAN P PADMANABHAN NADAR,Con(S),General,General,OpenDataKerala GitHub
2010,Thiruvananthapuram,28,THYCAUD,MADHAVADAS G,CMP,General,General,OpenDataKerala GitHub
2010,Thiruvananthapuram,29,VAZHUTHACAUD,SURESH KUMAR K,INC,General,General,OpenDataKerala GitHub
2010,Thiruvananthapuram,30,KANJIRAMPARA,VASANTHAKUMARI S,CPI(M),Woman,Woman,OpenDataKerala GitHub
2010,Thiruvananthapuram,31,PEROORKADA,PROF.CHANDRA J,CPI(M),Woman,Woman,OpenDataKerala GitHub
2010,Thiruvananthapuram,32,THURUTHUMMOOLA,PRASANNA VIJAYAN,INC,Woman,Woman,OpenDataKerala GitHub
2010,Thiruvananthapuram,33,NETTAYAM,RAJEEV M R,BJP,General,General,OpenDataKerala GitHub
2010,Thiruvananthapuram,34,KACHANI,REMA P,CPI(M),Woman,Woman,OpenDataKerala GitHub
2010,Thiruvananthapuram,35,VAZHOTTUKONAM,PADMAKUMARI S,INC,Woman,Woman,OpenDataKerala GitHub
2010,Thiruvananthapuram,36,VATTIYOORKAVU,SREELEKHA T K,CPI(M),Woman,Woman,OpenDataKerala GitHub
2010,Thiruvananthapuram,37,KODUNGANOOR,SHEENA G S,INC,SC Woman,SC Woman,OpenDataKerala GitHub
2010,Thiruvananthapuram,38,P T P NAGAR,HAPPYKUMAR G,CPI,General,General,OpenDataKerala GitHub
2010,Thiruvananthapuram,39,PANGODE,GEETHAKUMARI A,CPI(M),Woman,Woman,OpenDataKerala GitHub
2010,Thiruvananthapuram,40,THIRUMALA,RAJESH P R,CPI(M),General,General,OpenDataKerala GitHub
2010,Thiruvananthapuram,41,VALIYAVILA,RADHA N,CPI(M),SC Woman,SC Woman,OpenDataKerala GitHub
2010,Thiruvananthapuram,42,POOJAPPURA,MAHESWARAN NAIR K,INC,General,General,OpenDataKerala GitHub
2010,Thiruvananthapuram,43,VALIYASALA,HARSHAN P,CPI(M),General,General,OpenDataKerala GitHub
2010,Thiruvananthapuram,44,JAGATHY,SHEEJA MADHU,BJP,Woman,Woman,OpenDataKerala GitHub
2010,Thiruvananthapuram,45,KARAMANA,JAYASREE S,CPI(M),Woman,Woman,OpenDataKerala GitHub
2010,Thiruvananthapuram,46,ARANNOOR,JAYALEKSHMI R,CPI(M),Woman,Woman,OpenDataKerala GitHub
2010,Thiruvananthapuram,47,MUDAVANMUGAL,CHANDRALEKHA O S,INC,Woman,Woman,OpenDataKerala GitHub
2010,Thiruvananthapuram,48,THRIKKANNAPURAM,SUCHITHAKUMARI C,CPI(M),Woman,Woman,OpenDataKerala GitHub
2010,Thiruvananthapuram,49,NEMOM,SUDHA M S,INC,Woman,Woman,OpenDataKerala GitHub
2010,Thiruvananthapuram,50,PONNUMANGALAM,GOPAN M R,BJP,General,General,OpenDataKerala GitHub
2010,Thiruvananthapuram,51,PUNNAKKAMUGAL,PRAVEENA R V,CPI(M),Woman,Woman,OpenDataKerala GitHub
2010,Thiruvananthapuram,52,PAPPANAMCODE,RATHI DEVI S,CPI(M),Woman,Woman,OpenDataKerala GitHub
2010,Thiruvananthapuram,53,ESTATE,BEENA O,INC,Woman,Woman,OpenDataKerala GitHub
2010,Thiruvananthapuram,54,NEDUMCAUD,PUSHPALATHA S,CPI(M),General,General,OpenDataKerala GitHub
2010,Thiruvananthapuram,55,KALADY,KRISHNAN KUTTY K,INC,SC,SC,OpenDataKerala GitHub
2010,Thiruvananthapuram,56,MELAMCODE,ADV. SINDHU C,CPI(M),Woman,Woman,OpenDataKerala GitHub
2010,Thiruvananthapuram,57,PUNCHAKKARI,SUKKARNO A J,CPI(M),General,General,OpenDataKerala GitHub
2010,Thiruvananthapuram,58,POONKULAM,SUSEELA S,CPI(M),Woman,Woman,OpenDataKerala GitHub
2010,Thiruvananthapuram,59,VENGANOOR,SUKUMARI H,CPI(M),Woman,Woman,OpenDataKerala GitHub
2010,Thiruvananthapuram,60,MULLOOR,OMANA C,INC,Woman,Woman,OpenDataKerala GitHub
2010,Thiruvananthapuram,61,KOTTAPPURAM,SADANANDAN THAI,INC,SC,SC,OpenDataKerala GitHub
2010,Thiruvananthapuram,62,VIZHINJAM,GLADIS ALEX,INC,Woman,Woman,OpenDataKerala GitHub
2010,Thiruvananthapuram,63,HARBAR,SUDHEER KHAN K H,INC,General,General,OpenDataKerala GitHub
2010,Thiruvananthapuram,64,VELLAR,NEDUMAM MOHANAN,INC,General,General,OpenDataKerala GitHub
2010,Thiruvananthapuram,65,THIRUVALLAM,KRISHNA VENI A G,INC,Woman,Woman,OpenDataKerala GitHub
2010,Thiruvananthapuram,66,POONTHURA,SHERLY J,CPI(M),Woman,Woman,OpenDataKerala GitHub
2010,Thiruvananthapuram,67,AMBALATHARA,MUJEEB REHMAN A,SJ(D),General,General,OpenDataKerala GitHub
2010,Thiruvananthapuram,68,KAMALESWARAM,RESHMI M B,JSS,Woman,Woman,OpenDataKerala GitHub
2010,Thiruvananthapuram,69,KALIPPANKULAM,VIJAYAN M,CPI(M),General,General,OpenDataKerala GitHub
2010,Thiruvananthapuram,70,ATTUKAL,JAYAN C,CPI(M),SC,SC,OpenDataKerala GitHub
2010,Thiruvananthapuram,71,CHALA,USHA SATHEESH,CPI,SC Woman,SC Woman,OpenDataKerala GitHub
2010,Thiruvananthapuram,72,MANACAUD,SASIKUMARAN NAIR P,INC,General,General,OpenDataKerala GitHub
2010,Thiruvananthapuram,73,KURYATHI,MOHANAN NAIR B,BJP,General,General,OpenDataKerala GitHub
2010,Thiruvananthapuram,74,PUTHENPALLY,SALIM S,CPI(M),General,General,OpenDataKerala GitHub
2010,Thiruvananthapuram,75,MANIKYAVILAKAM,SURESH KUMAR R,INDEPENDENT,General,General,OpenDataKerala GitHub
2010,Thiruvananthapuram,76,BEEMAPALLY EAST,MUHAMMED IQBAL,CPI(M),General,General,OpenDataKerala GitHub
2010,Thiruvananthapuram,77,BEEMAPALLY,PETRICIA,IUML,Woman,Woman,OpenDataKerala GitHub
2010,Thiruvananthapuram,78,MUTTATHARA,RAJENDRAN B,CPI(M),General,General,OpenDataKerala GitHub
2010,Thiruvananthapuram,79,SREEVARAHAM,VIJAYAKUMAR S,CPI,General,General,OpenDataKerala GitHub
2010,Thiruvananthapuram,80,FORT,UDAYALEKSHMY S,INDEPENDENT,Woman,Woman,OpenDataKerala GitHub
2010,Thiruvananthapuram,81,THAMPANOOR,HARIKUMAR R,INC,General,General,OpenDataKerala GitHub
2010,Thiruvananthapuram,82,VANCHIYUR,SAROJAM P S,SJ(D),Woman,Woman,OpenDataKerala GitHub
2010,Thiruvananthapuram,83,SREEKANDESWARAM,RAJENDRAN NAIR,BJP,General,General,OpenDataKerala GitHub
2010,Thiruvananthapuram,84,PERUMTHANNI,PADMAKUMAR P,INC,General,General,OpenDataKerala GitHub
2010,Thiruvananthapuram,85,PALKULANGARA,ASHOK KUMAR P,BJP,General,General,OpenDataKerala GitHub
2010,Thiruvananthapuram,86,CHACKAI,SANTHINI S,CPI(M),Woman,Woman,OpenDataKerala GitHub
2010,Thiruvananthapuram,87,VALIYATHURA,TONY OLIVER,INC,General,General,OpenDataKerala GitHub
2010,Thiruvananthapuram,88,VALLAKKADAVU,SHAJIDA NAZAR,CPI(M),General,General,OpenDataKerala GitHub
2010,Thiruvananthapuram,89,SANGHUMUGHAM,LATHA MANKESHKAR G,CPI,SC Woman,SC Woman,OpenDataKerala GitHub
2010,Thiruvananthapuram,90,VETTUCAUD,BOSCO D SILVA,CPI(M),General,General,OpenDataKerala GitHub
2010,Thiruvananthapuram,91,KARIKKAKOM,SURESHKUMAR,CPI(M),General,General,OpenDataKerala GitHub
2010,Thiruvananthapuram,92,KADAKAMPALLY,GOPAKUMAR P K,CPI(M),General,General,OpenDataKerala GitHub
2010,Thiruvananthapuram,93,PETTAH,SRUTHY B,RSP,Woman,Woman,OpenDataKerala GitHub
2010,Thiruvananthapuram,94,KANNAMMOOLA,KUMARI PADMANABHAN,CMP,Woman,Woman,OpenDataKerala GitHub
2010,Thiruvananthapuram,95,ANAMUGHAM,AJITHKUMAR N,CPI,General,General,OpenDataKerala GitHub
2010,Thiruvananthapuram,96,AKKULAM,SURESH KUMAR S,INC,General,General,OpenDataKerala GitHub
2010,Thiruvananthapuram,97,KULATHOOR,VASANTHA SUKUMARAN,CPI(M),Woman,Woman,OpenDataKerala GitHub
2010,Thiruvananthapuram,98,ATTIPRA,SOBHA SIVADATH,CPI(M),Woman,Woman,OpenDataKerala GitHub
2010,Thiruvananthapuram,99,POUNDKADAVU,JOLLY DAVID,CPI(M),Woman,Woman,OpenDataKerala GitHub
2010,Thiruvananthapuram,100,PALLITHURA,JERALD SILVA,CPI(M),General,General,OpenDataKerala GitHub
2010,Kollam,1,MARUTHADI,ALPHONSE PHILIP,INC,General,General,OpenDataKerala GitHub
2010,Kollam,2,SAKTHIKULANGARA,S. MEENAKUMARI,RSP,Woman,Woman,OpenDataKerala GitHub
2010,Kollam,3,MEENATHCHERI,STANLY VINCENT,RSP(B),General,General,OpenDataKerala GitHub
2010,Kollam,4,KAVANAD,G.MURALI BABU,INC,General,General,OpenDataKerala GitHub
2010,Kollam,5,VALLIKEEZHU,JAYAN.S,CPI(M),General,General,OpenDataKerala GitHub
2010,Kollam,6,KUREEPUZHA,MAYA GOPIKRISHNAN,INC,Woman,Woman,OpenDataKerala GitHub
2010,Kollam,7,MULAMKADAKAM,MAYA GANESH,INC,SC Woman,SC Woman,OpenDataKerala GitHub
2010,Kollam,8,THEVALLY,K.GOPINATHAN,RSP,SC,SC,OpenDataKerala GitHub
2010,Kollam,9,VADAKKUMBHAGAM,HONEY,CPI,Woman,Woman,OpenDataKerala GitHub
2010,Kollam,10,ASRAMAM,P.SREEKUMARI,RSP,Woman,Woman,OpenDataKerala GitHub
2010,Kollam,11,ULIYAKOVIL,ULIYAKOVIL SASI,CPI,General,General,OpenDataKerala GitHub
2010,Kollam,12,PUNNATHANAM,PROF.S.SULABHA,CPI(M),Woman,Woman,OpenDataKerala GitHub
2010,Kollam,13,KADAPPAKKADA,O.JAYASHRI,INC,Woman,Woman,OpenDataKerala GitHub
2010,Kollam,14,PUNNAMOODU,ADV.V. RAJENDRA BABU,CPI(M),General,General,OpenDataKerala GitHub
2010,Kollam,15,KOIKKAL,S. SREEKUMAR,INC,General,General,OpenDataKerala GitHub
2010,Kollam,16,PALAKADAVU,G.SATHEESH KUMAR,INDEPENDENT,General,General,OpenDataKerala GitHub
2010,Kollam,17,MANGADU,ADV.G. LALU,CPI,General,General,OpenDataKerala GitHub
2010,Kollam,18,ARUNOOTTIMANGALAM,ASHA BIJU,CPI(M),Woman,Woman,OpenDataKerala GitHub
2010,Kollam,19,CHATHINAMKULAM,LEELAMMA,RSP,Woman,Woman,OpenDataKerala GitHub
2010,Kollam,20,KARIKODU,SUJA KRISHNAN,CPI(M),Woman,Woman,OpenDataKerala GitHub
2010,Kollam,21,COLLEGE DIVISION,AJITHA.G,CPI(M),Woman,Woman,OpenDataKerala GitHub
2010,Kollam,22,PALKULANGARA,GEETHAKUMARI.S,CPI(M),Woman,Woman,OpenDataKerala GitHub
2010,Kollam,23,KILIKOLLOOR,LAILAKUMARI. T,INC,General,General,OpenDataKerala GitHub
2010,Kollam,24,PUNTHALATHAZHAM,S. BINDU,INC,Woman,Woman,OpenDataKerala GitHub
2010,Kollam,25,MULLUVILA,PRASANNA VIJAYAN,CPI,Woman,Woman,OpenDataKerala GitHub
2010,Kollam,26,PALATHARA,S.R. BINDHU,INC,Woman,Woman,OpenDataKerala GitHub
2010,Kollam,27,MANAKKADU,NASEEMA SHIHAB,CPI(M),Woman,Woman,OpenDataKerala GitHub
2010,Kollam,28,KAYYALAKKAL,MAJIDA VAHAB,IUML,Woman,Woman,OpenDataKerala GitHub
2010,Kollam,29,KOOTTIKKADA,M. KAMALUDEEN,PDP,General,General,OpenDataKerala GitHub
2010,Kollam,30,VALATHUNGAL,T. CHITHRA,CPI(M),Woman,Woman,OpenDataKerala GitHub
2010,Kollam,31,AKKOLIL,B. VASANTHAKUMARI,CPI(M),Woman,Woman,OpenDataKerala GitHub
2010,Kollam,32,THEKKUMBHAGAM,BINU. M.J,RSP,General,General,OpenDataKerala GitHub
2010,Kollam,33,ERAVIPURAM,S. ASHOK KUMAR,CPI(M),General,General,OpenDataKerala GitHub
2010,Kollam,34,KOLLOORVILA,HAMSATH BEEVI,INC,Woman,Woman,OpenDataKerala GitHub
2010,Kollam,35,PALLIMUKKU,N. NOUSHAD,RSP,General,General,OpenDataKerala GitHub
2010,Kollam,36,AYATHIL,M. NOUSHAD,CPI(M),General,General,OpenDataKerala GitHub
2010,Kollam,37,AMMAN NADA,PREM USHAR,JSS,General,General,OpenDataKerala GitHub
2010,Kollam,38,VADAKKEVILA,P.K. LEKSHMIKUTTY,CPI,Woman,Woman,OpenDataKerala GitHub
2010,Kollam,39,PATTATHANAM,SINDHU. L,INC,SC Woman,SC Woman,OpenDataKerala GitHub
2010,Kollam,40,BHARANIKKAV,HEMA CHANDRABHANU,CPI,Woman,Woman,OpenDataKerala GitHub
2010,Kollam,41,THEKKEVILA,ADV.K.P. SAJINATH,CPI(M),General,General,OpenDataKerala GitHub
2010,Kollam,42,MUNDAKKAL,R. PRASANNA KUMAR,CPI(M),General,General,OpenDataKerala GitHub
2010,Kollam,43,UDAYA MARTHANDAPURAM,SANTHINI SUBHADEVAN,INC,Woman,Woman,OpenDataKerala GitHub
2010,Kollam,44,CONTONMENT,C.V. ANIL KUMAR,INC,General,General,OpenDataKerala GitHub
2010,Kollam,45,THAMARAKULAM,PRASANNA EARNEST,CPI(M),Woman,Woman,OpenDataKerala GitHub
2010,Kollam,46,PALLITHOTTAM,N. TOMY,CPI,General,General,OpenDataKerala GitHub
2010,Kollam,47,PORT,GEORGE.D.KATTIL,INC,General,General,OpenDataKerala GitHub
2010,Kollam,48,KAIKKULANGARA,R. ROBIN,CPI(M),General,General,OpenDataKerala GitHub
2010,Kollam,49,CUTCHERY,G. ANANDAN,CPI(M),General,General,OpenDataKerala GitHub
2010,Kollam,50,TANGASERY,J. STANLY,CPI(M),General,General,OpenDataKerala GitHub
2010,Kollam,51,PUNNATHALA,KARUMALIL DR. UDAYA SUKUMARAN,INC,General,General,OpenDataKerala GitHub
2010,Kollam,52,THIRUMULLAVARAM,REKHA UNNIKRISHNAN,INDEPENDENT,Woman,Woman,OpenDataKerala GitHub
2010,Kollam,53,RAMANKULANGARA,N. JANARDHANAN,CPI(M),SC,SC,OpenDataKerala GitHub
2010,Kollam,54,VATTAKAYAL,MINI HARIKUMAR,RSP,Woman,Woman,OpenDataKerala GitHub
2010,Kollam,55,KANNIMEL,VIMALA PHILIP,INC,Woman,Woman,OpenDataKerala GitHub
2010,Ernakulam,1,FORTKOCHI,ADV. ANTONY KUREETHARA,INDEPENDENT,General,General,OpenDataKerala GitHub
2010,Ernakulam,2,KALVATHY,T K ASHRAF,IUML,General,General,OpenDataKerala GitHub
2010,Ernakulam,3,EARAVELI,K M RAHIM,INC,General,General,OpenDataKerala GitHub
2010,Ernakulam,4,KARIPPALAM,K A SIYAD,INC,General,General,OpenDataKerala GitHub
2010,Ernakulam,5,MATTANCHERY,B A RAJILA,IUML,Woman,Woman,OpenDataKerala GitHub
2010,Ernakulam,6,KOCHANGADI,M H M ASHARAF,INDEPENDENT,General,General,OpenDataKerala GitHub
2010,Ernakulam,7,CHERALAYI,SHYAMALA S PRABHU,BJP,General,General,OpenDataKerala GitHub
2010,Ernakulam,8,PANAYAPPILLY,T K BABU,INDEPENDENT,General,General,OpenDataKerala GitHub
2010,Ernakulam,9,CHAKKAMADOM,A H NIYAS,CPI(M),General,General,OpenDataKerala GitHub
2010,Ernakulam,10,KARUVELIPPADY,P S PRAKASH,CPI(M),General,General,OpenDataKerala GitHub
2010,Ernakulam,11,THOPPUMPADY,CELINE PETER,INC,Woman,Woman,OpenDataKerala GitHub
2010,Ernakulam,12,THAREBHAGAM,R THYAGARAJAN,INC,General,General,OpenDataKerala GitHub
2010,Ernakulam,13,KADEBHAGAM,V A SRIJITH,CPI(M),General,General,OpenDataKerala GitHub
2010,Ernakulam,14,THAZHUPPU,MUMTHAZ TEACHER,CPI(M),Woman,Woman,OpenDataKerala GitHub
2010,Ernakulam,15,EADAKOCHI NORTH,KARMILY ANTONY,INC,Woman,Woman,OpenDataKerala GitHub
2010,Ernakulam,16,EDAKOCHI SOUTH,P D SURESH,INC,General,General,OpenDataKerala GitHub
2010,Ernakulam,17,PERUMBADAPPU,K R PREMAKUMAR,INC,General,General,OpenDataKerala GitHub
2010,Ernakulam,18,KONAM,SHYMOL,CPI(M),Woman,Woman,OpenDataKerala GitHub
2010,Ernakulam,19,PALLURUTHY-KACHERIPADY,ADV. SUNILA SELVEN,CPI(M),Woman,Woman,OpenDataKerala GitHub
2010,Ernakulam,20,NAMBYAPURAM,THAMBI SUBRAMANYAM,INC,General,General,OpenDataKerala GitHub
2010,Ernakulam,21,PULLARDESAM,ADV.K N SUNILKUMAR,CPI(M),General,General,OpenDataKerala GitHub
2010,Ernakulam,22,MUNDAMVELLY,MARY CALESTA PRAKASHAN,INC,Woman,Woman,OpenDataKerala GitHub
2010,Ernakulam,23,MANASSERRY,A C CLARANCE,INC,General,General,OpenDataKerala GitHub
2010,Ernakulam,24,MOOLAMKUZHY,SHYLA THADEVOUSE,INC,Woman,Woman,OpenDataKerala GitHub
2010,Ernakulam,25,CHULLICKAL,VICTORIA LAWRENCE,INC,Woman,Woman,OpenDataKerala GitHub
2010,Ernakulam,26,NAZRETH,SHIJI ROY,INC,Woman,Woman,OpenDataKerala GitHub
2010,Ernakulam,27,FORTKOCHI VELI,K J SOHAN,SJ(D),General,General,OpenDataKerala GitHub
2010,Ernakulam,28,AMARAVATHY,P S RAJAM,CPI(M),Woman,Woman,OpenDataKerala GitHub
2010,Ernakulam,29,ISLAND NORTH,BENEDICT FERNANDEZ (BENNY),CPI(M),General,General,OpenDataKerala GitHub
2010,Ernakulam,30,ISLAND SOUTH,N VENUGOPAL,INC,General,General,OpenDataKerala GitHub
2010,Ernakulam,31,VADUTHALA WEST,ADV. LESLIE STEPHEN,INC,General,General,OpenDataKerala GitHub
2010,Ernakulam,32,VADUTHALA EAST,ASHA PAYAS,CPI(M),Woman,Woman,OpenDataKerala GitHub
2010,Ernakulam,33,ELAMAKKARA NORTH,ADV. M ANILKUMAR,CPI(M),General,General,OpenDataKerala GitHub
2010,Ernakulam,34,PUTHUKKALAVATTAM,SEENA TEACHER,INC,Woman,Woman,OpenDataKerala GitHub
2010,Ernakulam,35,PONEKKARA,PIOUS JOSEPH,INC,General,General,OpenDataKerala GitHub
2010,Ernakulam,36,KUNNUMPURAM,M P MAHESH KUMAR,CPI(M),General,General,OpenDataKerala GitHub
2010,Ernakulam,37,EDAPPALLY,V N SAROJINI,INC,Woman,Woman,OpenDataKerala GitHub
2010,Ernakulam,38,DHEVANKULANGARA,REMA GOPAKUMAR,INC,Woman,Woman,OpenDataKerala GitHub
2010,Ernakulam,39,KARUKAPPILLI,AGIE TEACHER,INC,Woman,Woman,OpenDataKerala GitHub
2010,Ernakulam,40,MAMANGALAM,MINIMOL V K,INC,Woman,Woman,OpenDataKerala GitHub
2010,Ernakulam,41,PADIVATTAM,M B MURALEDHARAN,INC,General,General,OpenDataKerala GitHub
2010,Ernakulam,42,VENNALA,C D VALSALAKUMARI,INDEPENDENT,Woman,Woman,OpenDataKerala GitHub
2010,Ernakulam,43,PALARIVATTAM,GEOJY KURIKOTT,CPI,General,General,OpenDataKerala GitHub
2010,Ernakulam,44,KARANAKKODAM,T J VINOD,INC,General,General,OpenDataKerala GitHub
2010,Ernakulam,45,THAMMANAM,K K ABOO,CPI(M),General,General,OpenDataKerala GitHub
2010,Ernakulam,46,CHAKKARAPARAMBU,ADV. N A SHAFEEQ,CPI(M),General,General,OpenDataKerala GitHub
2010,Ernakulam,47,CHALIKKAVATTAM,A R PADMADAS,INC,General,General,OpenDataKerala GitHub
2010,Ernakulam,48,PONNURUNNI EAST,K V MANOJ,CPI(M),General,General,OpenDataKerala GitHub
2010,Ernakulam,49,VYTTILA,SUNITHA DIXON,INC,Woman,Woman,OpenDataKerala GitHub
2010,Ernakulam,50,CHAMBAKKARA,DR. SAILAJA,INDEPENDENT,Woman,Woman,OpenDataKerala GitHub
2010,Ernakulam,51,POONITHURA,MERCY TEACHER,INC,Woman,Woman,OpenDataKerala GitHub
2010,Ernakulam,52,VYTTILA JANATHA,RETNAMMA RAJU,INC,SC Woman,SC Woman,OpenDataKerala GitHub
2010,Ernakulam,53,PONNURUNNI,SOUMYA N S,INC,SC Woman,SC Woman,OpenDataKerala GitHub
2010,Ernakulam,54,ELAMKULAM,SOJAN ANTONY,CPI(M),General,General,OpenDataKerala GitHub
2010,Ernakulam,55,GIRINAGAR,SUJA ROY,INC,Woman,Woman,OpenDataKerala GitHub
2010,Ernakulam,56,PANAMPILLI NAGAR,M N BHAMA PADMANABHAN,INC,Woman,Woman,OpenDataKerala GitHub
2010,Ernakulam,57,KADAVANTHRA,ESSY JOSEPH,KC(M),Woman,Woman,OpenDataKerala GitHub
2010,Ernakulam,58,KONTHURUTHY,GRACY ANTONY,KC(M),Woman,Woman,OpenDataKerala GitHub
2010,Ernakulam,59,THEVARA,P R RANISH,CPI(M),SC,SC,OpenDataKerala GitHub
2010,Ernakulam,60,PERUMANUR,ELIZABETH TEACHER,INC,Woman,Woman,OpenDataKerala GitHub
2010,Ernakulam,61,RAVIPURAM,SOUMINI JAIN,INC,Woman,Woman,OpenDataKerala GitHub
2010,Ernakulam,62,ERNAKULAM SOUTH,BHADRA,INC,General,General,OpenDataKerala GitHub
2010,Ernakulam,63,GANDHI NAGAR,K J JACOB,CPI(M),General,General,OpenDataKerala GitHub
2010,Ernakulam,64,KATHRIKADAVU,TONY CHAMMANY,INC,General,General,OpenDataKerala GitHub
2010,Ernakulam,65,KALOOR SOUTH,GRACY JOSEPH,INC,Woman,Woman,OpenDataKerala GitHub
2010,Ernakulam,66,ERNAKULAM CENTRAL,SUDHA DILIPKUMAR,BJP,Woman,Woman,OpenDataKerala GitHub
2010,Ernakulam,67,ERNAKULAM NORTH,LINO JACOB,INC,General,General,OpenDataKerala GitHub
2010,Ernakulam,68,AYYAPPANKAVU,MINI DILIP,INC,Woman,Woman,OpenDataKerala GitHub
2010,Ernakulam,69,THRIKKANARVATTOM,T N CHANDRIKA,SJ(D),Woman,Woman,OpenDataKerala GitHub
2010,Ernakulam,70,KALOOR NORTH,PATHUKUTTY ASHRAF,IUML,Woman,Woman,OpenDataKerala GitHub
2010,Ernakulam,71,ELAMAKKARA SOUTH,SAJINI JAYACHANDRAN,CPI(M),Woman,Woman,OpenDataKerala GitHub
2010,Ernakulam,72,POTTAKUZHY,C A SHAKEER,CPI,General,General,OpenDataKerala GitHub
2010,Ernakulam,73,PACHALAM,DELINA PINHEIRO,INC,Woman,Woman,OpenDataKerala GitHub
2010,Ernakulam,74,THATTAZHAM,MANIKANDARAJAN P S,INC,General,General,OpenDataKerala GitHub
2010,Thrissur,1,PUNKUNNAM,GIRIJA RAJAN,BJP,SC Woman,SC Woman,OpenDataKerala GitHub
2010,Thrissur,2,KUTTANKULANGARA,K K VAIDEHI (MOLY),INC,Woman,Woman,OpenDataKerala GitHub
2010,Thrissur,3,PATTURAIKAL,ADV. SMINI SHEEJO,INC,Woman,Woman,OpenDataKerala GitHub
2010,Thrissur,4,VIYYUR,RANJINI UNNIKRISHNAN (OMANA),INC,Woman,Woman,OpenDataKerala GitHub
2010,Thrissur,5,PERINGAVU,N A GOPAKUMAR,INC,General,General,OpenDataKerala GitHub
2010,Thrissur,6,RAMAVARMAPURAM,M C GRACY,CPI(M),Woman,Woman,OpenDataKerala GitHub
2010,Thrissur,7,KUTTUMUKKU,PREETHY SOBHANAN,INC,Woman,Woman,OpenDataKerala GitHub
2010,Thrissur,8,VILLADAM,DAVY SILAS,INC,General,General,OpenDataKerala GitHub
2010,Thrissur,9,CHEROOR,ADV. SUBI BABU,INC,Woman,Woman,OpenDataKerala GitHub
2010,Thrissur,10,MUKKATTUKARA,REKHA SURENDRAN,SJ(D),SC Woman,SC Woman,OpenDataKerala GitHub
2010,Thrissur,11,GANDHI NAGAR,RAJAN J PALLAN,INC,General,General,OpenDataKerala GitHub
2010,Thrissur,12,CHEMBUKKAVU,PROF. ANNAM JOHN,INC,Woman,Woman,OpenDataKerala GitHub
2010,Thrissur,13,KIZHAKUMPATTUKARA,BAIJU VARGHESE,INC,General,General,OpenDataKerala GitHub
2010,Thrissur,14,PARAVATTANI,M L ROSY,SJ(D),Woman,Woman,OpenDataKerala GitHub
2010,Thrissur,15,OLLUKARA,SYAMALA MURALEEDHARAN,INC,Woman,Woman,OpenDataKerala GitHub
2010,Thrissur,16,NETTISSERI,M K VARGHEESE,INC,General,General,OpenDataKerala GitHub
2010,Thrissur,17,MULLAKKARA,P U HAMZA,INC,General,General,OpenDataKerala GitHub
2010,Thrissur,18,MANNUTHY,JAYASREE BHASKARAN,INC,Woman,Woman,OpenDataKerala GitHub
2010,Thrissur,19,KRISHNAPURAM,DR. M USMAN SAHIB,INDEPENDENT,General,General,OpenDataKerala GitHub
2010,Thrissur,20,KALATHODU,I P PAUL,INC,General,General,OpenDataKerala GitHub
2010,Thrissur,21,NADATHARA,KIRAN C LAZAR,INC,General,General,OpenDataKerala GitHub
2010,Thrissur,22,CHELAKOTTUKARA,SUSAN BABY,INC,Woman,Woman,OpenDataKerala GitHub
2010,Thrissur,23,MISSION QUARTERS,LINI HAPPY,INC,Woman,Woman,OpenDataKerala GitHub
2010,Thrissur,24,VALARKAVU,C K SUBRAMANIAN (KANNAN),INC,SC,SC,OpenDataKerala GitHub
2010,Thrissur,25,KURIYACHIRA,BILSY BABU KALLARAKKAL,INC,Woman,Woman,OpenDataKerala GitHub
2010,Thrissur,26,ANCHERI,SATHEESH APPUKUTTAN,INC,SC,SC,OpenDataKerala GitHub
2010,Thrissur,27,KUTTANELLUR,BINDHU KUMARAN,INC,Woman,Woman,OpenDataKerala GitHub
2010,Thrissur,28,PADAVARADU,SURESHINI SURESH,CPI(M),Woman,Woman,OpenDataKerala GitHub
2010,Thrissur,29,EDAKUNNI,JAYA MUTHIPEEDIKA,INC,Woman,Woman,OpenDataKerala GitHub
2010,Thrissur,30,THAIKATTUSSERY,K S SANTHOSH,INC,General,General,OpenDataKerala GitHub
2010,Thrissur,31,OLLUR,JOHN KANJIRATHINGAL,KC,General,General,OpenDataKerala GitHub
2010,Thrissur,32,CHIYYARAM SOUTH,KAROLI JOSHWA,INC,Woman,Woman,OpenDataKerala GitHub
2010,Thrissur,33,CHIYYARAM NORTH,MINI JOSHY,CPI(M),Woman,Woman,OpenDataKerala GitHub
2010,Thrissur,34,KANNAMKULANGARA,MUKESH KULAPARAMBIL,INDEPENDENT,General,General,OpenDataKerala GitHub
2010,Thrissur,35,PALLIKULAM,ADV. NANCY AKKARAPATTY,INC,Woman,Woman,OpenDataKerala GitHub
2010,Thrissur,36,THEKKINKADU,PULLAT SARALADEVI,INC,Woman,Woman,OpenDataKerala GitHub
2010,Thrissur,37,KOTTAPPURAM,K GIREESH KUMAR,INC,General,General,OpenDataKerala GitHub
2010,Thrissur,38,POOTHOLE,SARAMMA ROBSON,CPI,Woman,Woman,OpenDataKerala GitHub
2010,Thrissur,39,KOKKALA,VINOD POLLENCHERY,INDEPENDENT,General,General,OpenDataKerala GitHub
2010,Thrissur,40,VADUKKARA,SADHANANDHAN VAZHAPPULLY,INC,General,General,OpenDataKerala GitHub
2010,Thrissur,41,KOORKANCHERY,K M SIDHARTHAN,INC,General,General,OpenDataKerala GitHub
2010,Thrissur,42,KANIMANGALAM,JAYAPRAKAS POOVATHINGAL,INC,General,General,OpenDataKerala GitHub
2010,Thrissur,43,PANAMUKKU,P A VARGHESE,INC,General,General,OpenDataKerala GitHub
2010,Thrissur,44,NEDUPUZHA,P A PURUSHOTHAMAN,CPI(M),General,General,OpenDataKerala GitHub
2010,Thrissur,45,KARIATTUKARA,LALI JAMES,INC,Woman,Woman,OpenDataKerala GitHub
2010,Thrissur,46,CHETTUPUZHA,SUNANDA GOPALAKRISHNAN,INC,Woman,Woman,OpenDataKerala GitHub
2010,Thrissur,47,PULLAZHI,K RAMANATHAN,INC,General,General,OpenDataKerala GitHub
2010,Thrissur,48,OLARI,ADV. M K MUKUNDHAN,INC,General,General,OpenDataKerala GitHub
2010,Thrissur,49,ELTHURUTH,REENA JOY,KC(M),Woman,Woman,OpenDataKerala GitHub
2010,Thrissur,50,LALOOR,FRANCIS CHALISSERY,INC,General,General,OpenDataKerala GitHub
2010,Thrissur,51,ARANATTUKARA,FRANCIS THERATTIL,INDEPENDENT,General,General,OpenDataKerala GitHub
2010,Thrissur,52,KANATTUKARA,C S SRINIVAS,INC,General,General,OpenDataKerala GitHub
2010,Thrissur,53,AYYANTHOLE,ADV. M P SRINIVASAN,CPI(M),General,General,OpenDataKerala GitHub
2010,Thrissur,54,CIVIL STATION,VALSALA BABURAJ,INC,Woman,Woman,OpenDataKerala GitHub
2010,Thrissur,55,PUTHURKARA,P V SAROJINI,INC,Woman,Woman,OpenDataKerala GitHub
2010,Kozhikode,1,ELATHUR,JUGAL BABU C M,INC,General,General,OpenDataKerala GitHub
2010,Kozhikode,2,CHETTIKULAM,NISHA K,CPI(M),Woman,Woman,OpenDataKerala GitHub
2010,Kozhikode,3,ERANHIKKAL,HAJARA M P,CPI(M),Woman,Woman,OpenDataKerala GitHub
2010,Kozhikode,4,PUTHUR,RADHAKRISHNAN MASTER M,CPI(M),General,General,OpenDataKerala GitHub
2010,Kozhikode,5,MOKAVOOR,LIMNA SURESH,NCP,Woman,Woman,OpenDataKerala GitHub
2010,Kozhikode,6,KUNDOOPARAMBA,MANJU CHANDRAN,CPI(M),Woman,Woman,OpenDataKerala GitHub
2010,Kozhikode,7,KARUVISSERY,SUDHEER V,CPI(M),General,General,OpenDataKerala GitHub
2010,Kozhikode,8,MALAPARAMBA,PROF.ABDUL LATHEEF P T,CPI(M),General,General,OpenDataKerala GitHub
2010,Kozhikode,9,THADAMBATTUTHAZHAM,SADASIVAN O,CPI(M),General,General,OpenDataKerala GitHub
2010,Kozhikode,10,VENGERI,SREEDHARAN M,CPI(M),General,General,OpenDataKerala GitHub
2010,Kozhikode,11,POOLAKKADAVU,JANAMMA KUNHUNNUNY,CPI(M),Woman,Woman,OpenDataKerala GitHub
2010,Kozhikode,12,PAROPADI,SHOBITHA K C,INC,Woman,Woman,OpenDataKerala GitHub
2010,Kozhikode,13,CIVILSTATION,SATHYANATHAN K,INC,General,General,OpenDataKerala GitHub
2010,Kozhikode,14,CHEVARAMBALAM,PADMAJA K T,CPI(M),Woman,Woman,OpenDataKerala GitHub
2010,Kozhikode,15,VELLIMADUKUNNU,BALAGOPALAN K,INC,General,General,OpenDataKerala GitHub
2010,Kozhikode,16,MOOZHIKKAL,HAMEED M P,CPI(M),General,General,OpenDataKerala GitHub
2010,Kozhikode,17,CHELAVOOR,SHINOJ KUMAR P,INC,General,General,OpenDataKerala GitHub
2010,Kozhikode,18,MAYANAD,AMINA TEACHER KALATHIL,IUML,Woman,Woman,OpenDataKerala GitHub
2010,Kozhikode,19,MEDICAL COLLEGE SOUTH,SOMAN E M,CPI(M),General,General,OpenDataKerala GitHub
2010,Kozhikode,20,MEDICAL COLLEGE,MOHANAN M,CPI(M),General,General,OpenDataKerala GitHub
2010,Kozhikode,21,CHEVAYOOR,VIDYA BALAKRISHNAN,INC,Woman,Woman,OpenDataKerala GitHub
2010,Kozhikode,22,KOVOOR,MEERA DARSAK,CPI(M),Woman,Woman,OpenDataKerala GitHub
2010,Kozhikode,23,NELLIKKODE,DEVAKI K,CPI(M),Woman,Woman,OpenDataKerala GitHub
2010,Kozhikode,24,KUDILTHODE,ANITHA KRISHNANUNNI,INC,Woman,Woman,OpenDataKerala GitHub
2010,Kozhikode,25,KOTTOOLI,ANITHA RAJAN,NCP,Woman,Woman,OpenDataKerala GitHub
2010,Kozhikode,26,PARAYENCHERI,RAVINDRAN K,CPI(M),General,General,OpenDataKerala GitHub
2010,Kozhikode,27,PUTHIYARA,SREEKUMAR K,INC,General,General,OpenDataKerala GitHub
2010,Kozhikode,28,KUTHIRAVATTAM,CHEMBIL VIVEKANANDAN,CPI(M),General,General,OpenDataKerala GitHub
2010,Kozhikode,29,POTTAMMAL,PROF.A K PREMAJAM,CPI(M),Woman,Woman,OpenDataKerala GitHub
2010,Kozhikode,30,KOMMERI,KAVITHA ARUN,INDEPENDENT,Woman,Woman,OpenDataKerala GitHub
2010,Kozhikode,31,KUTTIYILTHAZHAM,KOYAMOIDEEN T P,CPI(M),General,General,OpenDataKerala GitHub
2010,Kozhikode,32,POKKUNNU,BEERAN KOYA K T,IUML,General,General,OpenDataKerala GitHub
2010,Kozhikode,33,KINASSERY,SREEVALLI C P,IUML,SC Woman,SC Woman,OpenDataKerala GitHub
2010,Kozhikode,34,MANKAVU,SOUDAMINI TEACHER K,INC,Woman,Woman,OpenDataKerala GitHub
2010,Kozhikode,35,AZHCHAVATTOM,MOYINKUTTY N C,SJ(D),General,General,OpenDataKerala GitHub
2010,Kozhikode,36,KALLAI,SUDHAMANI M C,INC,Woman,Woman,OpenDataKerala GitHub
2010,Kozhikode,37,PANNIYANKARA,ADV. ANVAR A V,IUML,General,General,OpenDataKerala GitHub
2010,Kozhikode,38,MEENCHANTHA,USHADEVI TEACHER,INC,Woman,Woman,OpenDataKerala GitHub
2010,Kozhikode,39,THIRUVANNUR,AYISHABI PANDIKASALA,IUML,Woman,Woman,OpenDataKerala GitHub
2010,Kozhikode,40,AREEKKAD NORTH,SALMA RAHMAN,CPI(M),Woman,Woman,OpenDataKerala GitHub
2010,Kozhikode,41,AREEKKAD,NABEESA SAIDU,CPI(M),Woman,Woman,OpenDataKerala GitHub
2010,Kozhikode,42,NALLALAM,SABITHA KODI T,IUML,SC Woman,SC Woman,OpenDataKerala GitHub
2010,Kozhikode,43,KOLATHARA,ZAREENA C,CPI(M),Woman,Woman,OpenDataKerala GitHub
2010,Kozhikode,44,KUNDAYITHODU,GIRIJA HARIDAS,CPI(M),Woman,Woman,OpenDataKerala GitHub
2010,Kozhikode,45,CHERUVANNUR EAST,SREEJA HAREESH,CPI(M),Woman,Woman,OpenDataKerala GitHub
2010,Kozhikode,46,CHERUVANNUR WEST,MOIDEEN KOYA T,CPI(M),General,General,OpenDataKerala GitHub
2010,Kozhikode,47,BEYPORE PORT,JALAJA P,CPI(M),Woman,Woman,OpenDataKerala GitHub
2010,Kozhikode,48,BEYPORE,THOTTUNGAL RAJANI,CPI(M),Woman,Woman,OpenDataKerala GitHub
2010,Kozhikode,49,MARAD,PONNATH DEVARAJAN,CPI(M),General,General,OpenDataKerala GitHub
2010,Kozhikode,50,NADUVATTOM,PRASEEJA V,CPI(M),Woman,Woman,OpenDataKerala GitHub
2010,Kozhikode,51,PUNCHAPPADAM,HYDARALI P V,CPI(M),General,General,OpenDataKerala GitHub
2010,Kozhikode,52,ARAKKINAR,SAIFUNEESA K K,IUML,Woman,Woman,OpenDataKerala GitHub
2010,Kozhikode,53,MATHOTTAM,HASSAN T,CPI(M),General,General,OpenDataKerala GitHub
2010,Kozhikode,54,KAPPAKKAL,AVARAN P V,IUML,General,General,OpenDataKerala GitHub
2010,Kozhikode,55,PAYYANAKKAL,MUSAFER AHAMED,CPI(M),General,General,OpenDataKerala GitHub
2010,Kozhikode,56,CHAKKUMKADAVU,SWAMINADHAN M K,CPI(M),General,General,OpenDataKerala GitHub
2010,Kozhikode,57,MUKHADAR,BRAZEELIA SHAMSUDHEEN,INL,Woman,Woman,OpenDataKerala GitHub
2010,Kozhikode,58,KUTTICHIRA,ABDULLA KOYA K P,IUML,General,General,OpenDataKerala GitHub
2010,Kozhikode,59,CHALAPPURAM,ADV. M T PADMA,INC,Woman,Woman,OpenDataKerala GitHub
2010,Kozhikode,60,PALAYAM,ZACHARIA P HUSSAIN,INC,General,General,OpenDataKerala GitHub
2010,Kozhikode,61,VALIYANGADI,POTTANGADI KISHEN CHAND,SJ(D),General,General,OpenDataKerala GitHub
2010,Kozhikode,62,MOONNALINGAL,JEAN MOSES,SJ(D),Woman,Woman,OpenDataKerala GitHub
2010,Kozhikode,63,THIRUTHIYAD,BHARADWAJ O M,CPI(M),SC,SC,OpenDataKerala GitHub
2010,Kozhikode,64,ERANHIPALAM,SINI K,CPI(M),Woman,Woman,OpenDataKerala GitHub
2010,Kozhikode,65,NADAKKAVU,ARANGIL KAMALA REGHUNATH,SJ(D),Woman,Woman,OpenDataKerala GitHub
2010,Kozhikode,66,VELLAYIL,MUHAMMED ALI K,IUML,General,General,OpenDataKerala GitHub
2010,Kozhikode,67,THOPPAYIL,SUJAN T,CPI(M),General,General,OpenDataKerala GitHub
2010,Kozhikode,68,CHAKKORATHUKULAM,RENUKA DEVI C K,CPI(M),Woman,Woman,OpenDataKerala GitHub
2010,Kozhikode,69,KARAPARAMBA,POOLAKKAL SREEKUMAR,INC,General,General,OpenDataKerala GitHub
2010,Kozhikode,70,EAST HILL,KRISHNADAS THAVUNDAPURATH,INC,General,General,OpenDataKerala GitHub
2010,Kozhikode,71,ATHANIKKAL,SATHYABHAMA C S,INC,Woman,Woman,OpenDataKerala GitHub
2010,Kozhikode,72,WEST HILL,SALIM C P,INC,General,General,OpenDataKerala GitHub
2010,Kozhikode,73,EDAKKAD,BABU RAJ K V,CPI(M),General,General,OpenDataKerala GitHub
2010,Kozhikode,74,PUTHIYANGADI,SOUDABI T K,IUML,Woman,Woman,OpenDataKerala GitHub
2010,Kozhikode,75,PUTHIYAPPA,MOHANDAS V K,CPI(M),General,General,OpenDataKerala GitHub
2015,Thiruvananthapuram,2,CHANDAVILA,BINDHU S,INC,Woman,Woman,OpenDataKerala GitHub
2015,Thiruvananthapuram,3,KATTAYIKONAM,SINDHU SASI,CPI(M),General,General,OpenDataKerala GitHub
2015,Thiruvananthapuram,4,SREEKARIYAM,LATHA KUMARI N S,INDEPENDENT,Woman,Woman,OpenDataKerala GitHub
2015,Thiruvananthapuram,5,CHERUVAIKAL,ALATHARA ANIL KUMAR,INC,General,General,OpenDataKerala GitHub
2015,Thiruvananthapuram,6,ULLOOR,JOHNSON JOSEPH,INC,General,General,OpenDataKerala GitHub
2015,Thiruvananthapuram,7,EDAVACODE,V SALINI,CPI(M),Woman,Woman,OpenDataKerala GitHub
2015,Thiruvananthapuram,8,CHELLAMANGALAM,SUDHARSANAN C,CPI(M),General,General,OpenDataKerala GitHub
2015,Thiruvananthapuram,9,CHEMPAZHANTHY,SHEELA K S,CPI(M),Woman,Woman,OpenDataKerala GitHub
2015,Thiruvananthapuram,10,POWDIKONAM,NARAYANA MANGALAM RAJENDRAN,BJP,General,General,OpenDataKerala GitHub
2015,Thiruvananthapuram,11,NJANDOORKONAM,PRADEEP KUMAR A,BJP,General,General,OpenDataKerala GitHub
2015,Thiruvananthapuram,12,KINAVOOR,SEELAS K,INC,SC,SC,OpenDataKerala GitHub
2015,Thiruvananthapuram,13,MANNANTHALA,ANIL KUMAR N,CPI(M),General,General,OpenDataKerala GitHub
2015,Thiruvananthapuram,14,NALANCHIRA,THRESIAMMA THOMAS,INC,Woman,Woman,OpenDataKerala GitHub
2015,Thiruvananthapuram,15,KESAVADASAPURAM,STEPHY J GEORGE,INC,Woman,Woman,OpenDataKerala GitHub
2015,Thiruvananthapuram,16,MEDICAL COLLEGE,SINDHU S S,CPI(M),Woman,Woman,OpenDataKerala GitHub
2015,Thiruvananthapuram,17,PATTOM,REMYA REMESH S R,BJP,SC Woman,SC Woman,OpenDataKerala GitHub
2015,Thiruvananthapuram,18,MUTTADA,R GEETHA GOPAL,CPI(M),Woman,Woman,OpenDataKerala GitHub
2015,Thiruvananthapuram,19,KUDAPPANAKUNNU,ANITHA S,INC,Woman,Woman,OpenDataKerala GitHub
2015,Thiruvananthapuram,20,PATHIRAPALLY,KRISHNANKUTTY NAIR V,BJP,General,General,OpenDataKerala GitHub
2015,Thiruvananthapuram,21,CHETTIVILAKAM,R DINESH KUMAR,BJP,General,General,OpenDataKerala GitHub
2015,Thiruvananthapuram,22,SASTHAMANGALAM,BINDU SREEKUMAR,CPI(M),Woman,Woman,OpenDataKerala GitHub
2015,Thiruvananthapuram,23,KOWDIAR,MURALEEDHARAN K,INC,SC,SC,OpenDataKerala GitHub
2015,Thiruvananthapuram,24,KURAVANKONAM,MAYA R S,RSP,Woman,Woman,OpenDataKerala GitHub
2015,Thiruvananthapuram,25,NANTHENCODE,PALAYAM RAJAN,Con(S),General,General,OpenDataKerala GitHub
2015,Thiruvananthapuram,26,KUNNUKUZHY,BINU I P,CPI(M),General,General,OpenDataKerala GitHub
2015,Thiruvananthapuram,27,PALAYAM,AISHABAKER,CPI(M),Woman,Woman,OpenDataKerala GitHub
2015,Thiruvananthapuram,28,THYCAUD,VIDYA MOHAN M A,CPI(M),Woman,Woman,OpenDataKerala GitHub
2015,Thiruvananthapuram,29,VAZHUTHACAUD,ADV. RAKHI RAVIKUMAR,CPI,Woman,Woman,OpenDataKerala GitHub
2015,Thiruvananthapuram,30,KANJIRAMPARA,KANJIRAMPARA RAVI,CPI(M),General,General,OpenDataKerala GitHub
2015,Thiruvananthapuram,31,PEROORKADA,ANIL KUMAR P S,CPI(M),General,General,OpenDataKerala GitHub
2015,Thiruvananthapuram,32,THURUTHUMMMOOLA,VIJAYAKUMAR V,BJP,General,General,OpenDataKerala GitHub
2015,Thiruvananthapuram,33,NETTAYAM,RAJI MOL P,CPI(M),General,General,OpenDataKerala GitHub
2015,Thiruvananthapuram,34,KACHANI,BALAN T,CPI(M),General,General,OpenDataKerala GitHub
2015,Thiruvananthapuram,35,VAZHOTTUKONAM,HELEN G (RANI VIKRAMAN),CPI(M),General,General,OpenDataKerala GitHub
2015,Thiruvananthapuram,36,VATTIYOORKAVU,S HARISANKAR,BJP,General,General,OpenDataKerala GitHub
2015,Thiruvananthapuram,37,KODUGANOOR,KODUNGANOOR HARI,BJP,General,General,OpenDataKerala GitHub
2015,Thiruvananthapuram,38,PTP NAGAR,KOMALA KUMARY,BJP,Woman,Woman,OpenDataKerala GitHub
2015,Thiruvananthapuram,39,PANGODE,S MADHUSOODANAN NAIR,BJP,General,General,OpenDataKerala GitHub
2015,Thiruvananthapuram,40,THIRUMALA,MANJU P V,BJP,Woman,Woman,OpenDataKerala GitHub
2015,Thiruvananthapuram,41,VALIYAVILA,GIRIKUMAR,BJP,General,General,OpenDataKerala GitHub
2015,Thiruvananthapuram,42,POOJAPPURA,DR. B VIJAYALEKSHMI,BJP,Woman,Woman,OpenDataKerala GitHub
2015,Thiruvananthapuram,43,VALIYASALA,LAKSHMI M,BJP,SC Woman,SC Woman,OpenDataKerala GitHub
2015,Thiruvananthapuram,44,JAGATHY,SHEEJA MADHU,BJP,General,General,OpenDataKerala GitHub
2015,Thiruvananthapuram,45,KARAMANA,KARAMANA AJITH,BJP,General,General,OpenDataKerala GitHub
2015,Thiruvananthapuram,46,ARANOOR,S UNNIKRISHNAN,CPI(M),General,General,OpenDataKerala GitHub
2015,Thiruvananthapuram,47,MUDAVANMUGHAL,GOPAKUMAR V,CPI(M),General,General,OpenDataKerala GitHub
2015,Thiruvananthapuram,48,THRIKANNAPURAM,ANIL KUMAR K,BJP,General,General,OpenDataKerala GitHub
2015,Thiruvananthapuram,49,NEMOM,M R GOPAN,BJP,General,General,OpenDataKerala GitHub
2015,Thiruvananthapuram,50,PONNUMANGALAM,SHAFEERA BEEGUM S,CPI(M),Woman,Woman,OpenDataKerala GitHub
2015,Thiruvananthapuram,51,PUNNAKKAMUGHAL,R P SIVAJI,CPI(M),General,General,OpenDataKerala GitHub
2015,Thiruvananthapuram,52,PAPPANAMCODE,ASHA NATH G S,BJP,SC,SC,OpenDataKerala GitHub
2015,Thiruvananthapuram,53,ESTATE,VIJAYAN A,CPI(M),General,General,OpenDataKerala GitHub
2015,Thiruvananthapuram,54,NEDUMCAUD,S PUSHPALATHA,CPI(M),Woman,Woman,OpenDataKerala GitHub
2015,Thiruvananthapuram,55,KALADY,MANJU G S,BJP,Woman,Woman,OpenDataKerala GitHub
2015,Thiruvananthapuram,56,MELAMCODE,R SANIL KUMAR,BJP,General,General,OpenDataKerala GitHub
2015,Thiruvananthapuram,57,PUNCHAKARI,A G KRISHNAVENI,RSP,Woman,Woman,OpenDataKerala GitHub
2015,Thiruvananthapuram,58,POONKULAM,C SATHYAN,CPI(M),General,General,OpenDataKerala GitHub
2015,Thiruvananthapuram,59,VENGANOOR,SANTHOSH KUMAR P,BJP,SC,SC,OpenDataKerala GitHub
2015,Thiruvananthapuram,60,MULLOOR,C OMANA,INC,General,General,OpenDataKerala GitHub
2015,Thiruvananthapuram,61,KOTTAPPURAM,SHINI W,CPI,Woman,Woman,OpenDataKerala GitHub
2015,Thiruvananthapuram,62,VIZHINJAM,N A RASHEED,CPI(M),General,General,OpenDataKerala GitHub
2015,Thiruvananthapuram,63,HARBAR,NISSA BEEVI,INC,Woman,Woman,OpenDataKerala GitHub
2015,Thiruvananthapuram,64,VELLAR,JYOTHI SATHEESAN,BJP,Woman,Woman,OpenDataKerala GitHub
2015,Thiruvananthapuram,65,THIRUVALLAM,NEDUMOM V MOHANAN,INC,General,General,OpenDataKerala GitHub
2015,Thiruvananthapuram,66,POONTHURA,PETER SOLOMAN,KC(M),General,General,OpenDataKerala GitHub
2015,Thiruvananthapuram,67,AMBALATHARA,GEETHA KUMARY S,CPI(M),Woman,Woman,OpenDataKerala GitHub
2015,Thiruvananthapuram,68,KAMALESWARAM,V GIRI,BJP,General,General,OpenDataKerala GitHub
2015,Thiruvananthapuram,69,KALIPPANKULAM,RASIA BEEGUM,CPI(M),Woman,Woman,OpenDataKerala GitHub
2015,Thiruvananthapuram,70,ATTUKAL,BEENA R C,BJP,Woman,Woman,OpenDataKerala GitHub
2015,Thiruvananthapuram,71,CHALA,S K P RAMESH,BJP,General,General,OpenDataKerala GitHub
2015,Thiruvananthapuram,72,MANACAUD,SIMI JYOTHISH,BJP,Woman,Woman,OpenDataKerala GitHub
2015,Thiruvananthapuram,73,KURIYATHY,BEENA MURUGAN,BJP,SC Woman,SC Woman,OpenDataKerala GitHub
2015,Thiruvananthapuram,74,PUTHENPALLY,NOORJAHAN S,CPI(M),Woman,Woman,OpenDataKerala GitHub
2015,Thiruvananthapuram,75,MANIKAVILAKAM,PRIYA BIJU,INDEPENDENT,SC Woman,SC Woman,OpenDataKerala GitHub
2015,Thiruvananthapuram,76,BEEMAPALLY EAST,SAJEENA TEACHER,IUML,Woman,Woman,OpenDataKerala GitHub
2015,Thiruvananthapuram,77,BEEMAPALLY,BEEMAPALLY RASHEED,IUML,General,General,OpenDataKerala GitHub
2015,Thiruvananthapuram,78,MUTTATHARA,ANJU S R,CPI(M),Woman,Woman,OpenDataKerala GitHub
2015,Thiruvananthapuram,79,SREEVARAHAM,MINI R,BJP,Woman,Woman,OpenDataKerala GitHub
2015,Thiruvananthapuram,80,FORT,R SURESH,BJP,General,General,OpenDataKerala GitHub
2015,Thiruvananthapuram,81,THAMPANOOR,M V JAYALEKSHMI,CPI(M),Woman,Woman,OpenDataKerala GitHub
2015,Thiruvananthapuram,82,VANCHIYOOR,VANCHIYOOR P BABU,CPI(M),General,General,OpenDataKerala GitHub
2015,Thiruvananthapuram,83,SREEKANTESWARAM,KOMALAVALLY,BJP,Woman,Woman,OpenDataKerala GitHub
2015,Thiruvananthapuram,84,PERUNTHANNI,CHINCHU,BJP,Woman,Woman,OpenDataKerala GitHub
2015,Thiruvananthapuram,85,PALKULANGARA,S VIJAYAKUMARI,BJP,Woman,Woman,OpenDataKerala GitHub
2015,Thiruvananthapuram,86,CHAKKAI,K SREEKUMAR,CPI(M),General,General,OpenDataKerala GitHub
2015,Thiruvananthapuram,87,VALIYATHURA,SHEEBA PATRICK,INC,Woman,Woman,OpenDataKerala GitHub
2015,Thiruvananthapuram,88,VALLAKKADAVU,SHAJITHA NAZAR,CPI(M),Woman,Woman,OpenDataKerala GitHub
2015,Thiruvananthapuram,89,SANGHUMUGHAM,SOLOMON VETTUKAD,CPI,General,General,OpenDataKerala GitHub
2015,Thiruvananthapuram,90,VETTUCAUD,MARY LILLY RAJAD,INC,Woman,Woman,OpenDataKerala GitHub
2015,Thiruvananthapuram,91,KARIKKAKAM,HIMA SIJI,BJP,Woman,Woman,OpenDataKerala GitHub
2015,Thiruvananthapuram,92,KADAKAMPALLY,K SOBHA RANI,CPI(M),Woman,Woman,OpenDataKerala GitHub
2015,Thiruvananthapuram,93,PETTAH,ANIL KUMAR D,INC,General,General,OpenDataKerala GitHub
2015,Thiruvananthapuram,94,KANNANMOOLA,SATHEESH KUMAR R,INDEPENDENT,General,General,OpenDataKerala GitHub
2015,Thiruvananthapuram,95,ANAMUGHAM,KARISHMA M A,CPI,SC Woman,SC Woman,OpenDataKerala GitHub
2015,Thiruvananthapuram,96,AKKULAM,V R SINI,CMP(CC),Woman,Woman,OpenDataKerala GitHub
2015,Thiruvananthapuram,97,KULATHOOR,SIVADATH S,CPI(M),General,General,OpenDataKerala GitHub
2015,Thiruvananthapuram,98,ATTIPRA,SUNI CHANDRAN,BJP,SC,SC,OpenDataKerala GitHub
2015,Thiruvananthapuram,99,POWNDUKADAVU,MEDAYIL VIKRAMAN,CPI(M),General,General,OpenDataKerala GitHub
2015,Thiruvananthapuram,100,PALLITHURA,PRATHIBHA JAYAKUMAR,INC,Woman,Woman,OpenDataKerala GitHub
2015,Kollam,1,MARUTHADI,SONISHA,INC,SC Woman,SC Woman,OpenDataKerala GitHub
2015,Kollam,2,SAKTHIKULANGARA,MEENAKUMARI,RSP,Woman,Woman,OpenDataKerala GitHub
2015,Kollam,3,MEENATHUCHERY,JANET (HONEY),CPI(M),Woman,Woman,OpenDataKerala GitHub
2015,Kollam,4,KAVANAD,RAJALEKSHMI CHANDRAN,CPI,Woman,Woman,OpenDataKerala GitHub
2015,Kollam,5,VALLIKEEZHU,TINTU BALAN,CPI(M),SC Woman,SC Woman,OpenDataKerala GitHub
2015,Kollam,6,KUREEPUZHA WEST,S RAJMOHANAN,CPI(M),General,General,OpenDataKerala GitHub
2015,Kollam,7,KUREEPUZHA,AJITHKUMAR B,INC,General,General,OpenDataKerala GitHub
2015,Kollam,8,NEERAVIL,B ANILKUMAR,INC,General,General,OpenDataKerala GitHub
2015,Kollam,9,ANCHALUMMOODU,ADV.M.S GOPAKUMAR,RSP,General,General,OpenDataKerala GitHub
2015,Kollam,10,KADAVOOR,T R SANTHOSH KUMAR,CPI,General,General,OpenDataKerala GitHub
2015,Kollam,11,MATHILIL,PRASANTH,RSP,General,General,OpenDataKerala GitHub
2015,Kollam,12,THEVALLY,SHYLAJA B,BJP,Woman,Woman,OpenDataKerala GitHub
2015,Kollam,13,VADAKKUMBHAGAM,HONEY,CPI,General,General,OpenDataKerala GitHub
2015,Kollam,14,ASRAMAM,RAVINDRAN P,CPI(M),General,General,OpenDataKerala GitHub
2015,Kollam,15,ULIYAKOVIL,CHINTHA L SAJITH,CPI,Woman,Woman,OpenDataKerala GitHub
2015,Kollam,16,ULIYAKOVIL EAST,AD. V RAJENDRABABU,CPI(M),General,General,OpenDataKerala GitHub
2015,Kollam,17,KADAPPAKADA,N MOHANAN,CPI,SC,SC,OpenDataKerala GitHub
2015,Kollam,18,KOIKAL,J MEENULAL,INC,Woman,Woman,OpenDataKerala GitHub
2015,Kollam,19,KALLUMTHAZHAM,VIJAYALEKSHMI J,CPI,Woman,Woman,OpenDataKerala GitHub
2015,Kollam,20,MANGADU,VIJAYA FRANCIS,CPI,Woman,Woman,OpenDataKerala GitHub
2015,Kollam,21,ARUNOOTTIMANGALAM,S PRASANNAN,CPI(M),General,General,OpenDataKerala GitHub
2015,Kollam,22,CHATHINAKULAM,A NIZAR,SDPI,General,General,OpenDataKerala GitHub
2015,Kollam,23,KARIKODU,M A SATHAR,CPI(M),General,General,OpenDataKerala GitHub
2015,Kollam,24,COLLEGE DIVISION,S GEETHA KUMARI,CPI(M),General,General,OpenDataKerala GitHub
2015,Kollam,25,PALKULANGARA,K BABU,CPI(M),General,General,OpenDataKerala GitHub
2015,Kollam,26,AMMANNADA,CHANDRIKA DEVI,CPI(M),Woman,Woman,OpenDataKerala GitHub
2015,Kollam,27,VADAKKEVILA,PREM USHAR,JSS,General,General,OpenDataKerala GitHub
2015,Kollam,28,PALLIMUKKU,SALEENA,RSP,Woman,Woman,OpenDataKerala GitHub
2015,Kollam,29,AYATHIL,SARITHA S,CPI(M),Woman,Woman,OpenDataKerala GitHub
2015,Kollam,30,KILIKOLLOOR,T LAILA KUMARI,INC,Woman,Woman,OpenDataKerala GitHub
2015,Kollam,31,PUNTHALATHAZHAM,SATHEESH S,CPI,General,General,OpenDataKerala GitHub
2015,Kollam,32,PALATHARA,S R BINDHU,INC,Woman,Woman,OpenDataKerala GitHub
2015,Kollam,33,MANAKKADU,N SAHRUDAYAN,CPI(M),SC,SC,OpenDataKerala GitHub
2015,Kollam,34,KOLLORVILA,M SALIM,CPI(M),General,General,OpenDataKerala GitHub
2015,Kollam,35,KAYYALAKKAL,M NOUSHAD,CPI(M),General,General,OpenDataKerala GitHub
2015,Kollam,36,VALATHUNGAL,S SUJA,CPI,Woman,Woman,OpenDataKerala GitHub
2015,Kollam,37,AAKKOLIL,V S PRIYADARSANAN,CPI(M),General,General,OpenDataKerala GitHub
2015,Kollam,38,THEKKUMBHAGAM,BABY XAVIER,CPI(M),Woman,Woman,OpenDataKerala GitHub
2015,Kollam,39,ERAVIPURAM,V GIRIJA KUMARY,CPI(M),Woman,Woman,OpenDataKerala GitHub
2015,Kollam,40,BHARANIKAVU,ADV. J SAIJU,CPI,General,General,OpenDataKerala GitHub
2015,Kollam,41,THEKKEVILA,SANDHYA BAIJU,CPI(M),Woman,Woman,OpenDataKerala GitHub
2015,Kollam,42,MUNDAKKAL,GIRIJA SUNDARAN,CPI(M),Woman,Woman,OpenDataKerala GitHub
2015,Kollam,43,PATTATHANAM,DEEPA THOMAS,CPI(M),Woman,Woman,OpenDataKerala GitHub
2015,Kollam,44,CANTONMENT,REENA SEBASTIAN,INC,Woman,Woman,OpenDataKerala GitHub
2015,Kollam,45,UDAYAMARTHANDAPURAM,SANTHINI SUBHADEVAN,INC,Woman,Woman,OpenDataKerala GitHub
2015,Kollam,46,THAMARAKULAM,A K HAFEEZ,INC,General,General,OpenDataKerala GitHub
2015,Kollam,47,PALLITHOTTAM,ADV. VINITHA VINCENT,CPI,Woman,Woman,OpenDataKerala GitHub
2015,Kollam,48,PORT,BERLIN,INC,Woman,Woman,OpenDataKerala GitHub
2015,Kollam,49,KACHERY,K VALSALA KUMARY,CPI(M),Woman,Woman,OpenDataKerala GitHub
2015,Kollam,50,KAIKULANGARA,ADV.SHEEBA ANTONY,CPI(M),Woman,Woman,OpenDataKerala GitHub
2015,Kollam,51,THANGASSERY,KARUMALIL K UDAYA SUKUMARAN,INC,Woman,Woman,OpenDataKerala GitHub
2015,Kollam,52,THIRUMULLAVARAM,SURESH KUMAR V,BJP,General,General,OpenDataKerala GitHub
2015,Kollam,53,MULAMKADAKAM,ANEPPIL DR.D SUJITH,CPI(M),General,General,OpenDataKerala GitHub
2015,Kollam,54,ALATTUKAVU,P J RAJENDRAN,CPI(M),General,General,OpenDataKerala GitHub
2015,Kollam,55,KANNIMEL,S JAYAN,CPI(M),General,General,OpenDataKerala GitHub
2015,Ernakulam,1,FORT KOCHI,SHINY MATHEW,INC,Woman,Woman,OpenDataKerala GitHub
2015,Ernakulam,2,KALVATHY,ZEENATH RASHEED,INDEPENDENT,Woman,Woman,OpenDataKerala GitHub
2015,Ernakulam,3,EARAVELY,SHAMEENA A R,INC,Woman,Woman,OpenDataKerala GitHub
2015,Ernakulam,4,KARIPPALAM,BINDU LEVIN,CPI(M),Woman,Woman,OpenDataKerala GitHub
2015,Ernakulam,5,MATTANCHERY,ASHRAF T K (SHARAF),IUML,General,General,OpenDataKerala GitHub
2015,Ernakulam,6,KOCHANGADI,SUNITHA ASHRAF,INDEPENDENT,Woman,Woman,OpenDataKerala GitHub
2015,Ernakulam,7,CHERALAYI,SHYAMALA S PRABHU,BJP,Woman,Woman,OpenDataKerala GitHub
2015,Ernakulam,8,PANAYAPPILLY,JAYANTHI PREMNATH,CPI(ML),Woman,Woman,OpenDataKerala GitHub
2015,Ernakulam,9,CHAKKAMADOM,SANEESHA AJEEB,CPI(M),Woman,Woman,OpenDataKerala GitHub
2015,Ernakulam,10,KARUVELIPPADY,VALSALA S,CPI(M),Woman,Woman,OpenDataKerala GitHub
2015,Ernakulam,11,THOPPUMPADY,KUNJACHAN K K,INC,General,General,OpenDataKerala GitHub
2015,Ernakulam,12,THAREBHAGAM,PREETHY K H,INDEPENDENT,SC Woman,SC Woman,OpenDataKerala GitHub
2015,Ernakulam,13,KADEBHAGAM,HEMA PRAHLADAN,INC,Woman,Woman,OpenDataKerala GitHub
2015,Ernakulam,14,THAZHUPPU,SHAMSUDHEEN T K,INDEPENDENT,General,General,OpenDataKerala GitHub
2015,Ernakulam,15,EDAKOCHI NORTH,BAISIL K J,Con(S),General,General,OpenDataKerala GitHub
2015,Ernakulam,16,EDAKOCHI SOUTH,PRATHIBHA ANSARI,CPI(M),Woman,Woman,OpenDataKerala GitHub
2015,Ernakulam,17,PERUMBADAPPU,JALAJAMANI,INC,Woman,Woman,OpenDataKerala GitHub
2015,Ernakulam,18,KONAM,PREMAKUMAR K R,INC,General,General,OpenDataKerala GitHub
2015,Ernakulam,19,PALLURUTHY-KACHERIPADY,THAMPI SUBRAMANIAN,INC,General,General,OpenDataKerala GitHub
2015,Ernakulam,20,NAMBYAPURAM,GEETHA PRABHAKARAN,INDEPENDENT,Woman,Woman,OpenDataKerala GitHub
2015,Ernakulam,21,PULLARDESAM,ADV. SUNILA SELVEN,CPI(M),Woman,Woman,OpenDataKerala GitHub
2015,Ernakulam,22,MUNDAMVELLY,PRAKASHAN K J,INC,General,General,OpenDataKerala GitHub
2015,Ernakulam,23,MANASSERY,JOSEMARY,INC,Woman,Woman,OpenDataKerala GitHub
2015,Ernakulam,24,MOOLAMKUZHY,PRAKASH P S,CPI(M),General,General,OpenDataKerala GitHub
2015,Ernakulam,25,CHULLICKAL,ANTONY FRANCIS,CPI(M),General,General,OpenDataKerala GitHub
2015,Ernakulam,26,NASRATHU,ANTONY K J,CPI(M),General,General,OpenDataKerala GitHub
2015,Ernakulam,27,FORTKOCHI VELI,SHEEBALAL,JD(S),Woman,Woman,OpenDataKerala GitHub
2015,Ernakulam,28,AMARAVATHY,BENEDICT FERNANDUS,CPI(M),General,General,OpenDataKerala GitHub
2015,Ernakulam,29,ISLAND NORTH,MALINI BIJU,INC,Woman,Woman,OpenDataKerala GitHub
2015,Ernakulam,30,ISLAND SOUTH,SHAKRITHA SURESHBABU,INC,Woman,Woman,OpenDataKerala GitHub
2015,Ernakulam,31,VADUTHALA WEST,DELINA PINHEIRO,INC,Woman,Woman,OpenDataKerala GitHub
2015,Ernakulam,32,VADUTHALA EAST,SUNIL O P,CPI(M),General,General,OpenDataKerala GitHub
2015,Ernakulam,33,ELAMAKKARA NORTH,BEENA MAHESH,CPI(M),Woman,Woman,OpenDataKerala GitHub
2015,Ernakulam,34,PUTHUKKALAVATTAM,RAVIKUTTAN K K,CPI(M),SC,SC,OpenDataKerala GitHub
2015,Ernakulam,35,PONEKKARA,ELIZABETH SEBASTIAN,CPI(M),Woman,Woman,OpenDataKerala GitHub
2015,Ernakulam,36,KUNNUMPURAM,JAGATHAMBIKA,CPI(M),Woman,Woman,OpenDataKerala GitHub
2015,Ernakulam,37,EDAPPALLY,RADHAKRISHNAN P G,INC,General,General,OpenDataKerala GitHub
2015,Ernakulam,38,DHEVANKULANGARA,VIJAYAKUMAR,INC,General,General,OpenDataKerala GitHub
2015,Ernakulam,40,MAMANGALAM,JOSEPH ALEX,INC,General,General,OpenDataKerala GitHub
2015,Ernakulam,41,PADIVATTAM,VALSALA KUMARI C D,CPI(M),Woman,Woman,OpenDataKerala GitHub
2015,Ernakulam,42,VENNALA,MURALEEDHARAN M B,INC,General,General,OpenDataKerala GitHub
2015,Ernakulam,43,PALARIVATTAM,ADV. MINIMOL V K,INC,Woman,Woman,OpenDataKerala GitHub
2015,Ernakulam,44,KARANAKKODAM,JESSY JACOB,INC,Woman,Woman,OpenDataKerala GitHub
2015,Ernakulam,45,THAMMANAM,AJI FRANCIS,CPI(M),Woman,Woman,OpenDataKerala GitHub
2015,Ernakulam,46,CHAKKARAPARAMBU,NASEEMA P M,INC,Woman,Woman,OpenDataKerala GitHub
2015,Ernakulam,47,CHALIKKAVATTAM,SIMI V R,CPI(M),Woman,Woman,OpenDataKerala GitHub
2015,Ernakulam,48,PONNURUNNI EAST,NISHA T R,CPI(M),Woman,Woman,OpenDataKerala GitHub
2015,Ernakulam,49,VYTTILA,SHINE P S,CPI(M),General,General,OpenDataKerala GitHub
2015,Ernakulam,50,CHAMBAKKARA,CHANDRAN V P,CPI(M),General,General,OpenDataKerala GitHub
2015,Ernakulam,51,POONITHURA,SABU A B,INC,General,General,OpenDataKerala GitHub
2015,Ernakulam,52,VYTTILA JANATHA,BAIJU YESUDAS,INDEPENDENT,General,General,OpenDataKerala GitHub
2015,Ernakulam,53,PONNURUNNI,RAJEEV K CHANDRASEKHARAN,CPI(M),General,General,OpenDataKerala GitHub
2015,Ernakulam,54,ELAMKULAM,SOUMINI JAIN,INC,Woman,Woman,OpenDataKerala GitHub
2015,Ernakulam,55,GIRINAGAR,MARTIN P D,INC,General,General,OpenDataKerala GitHub
2015,Ernakulam,56,PANAMPILLI NAGAR,ANTONY PAINUTHARA,INC,General,General,OpenDataKerala GitHub
2015,Ernakulam,57,KADAVANTHRA,JOSEPH P J,KC(M),General,General,OpenDataKerala GitHub
2015,Ernakulam,58,KONTHURUTHY,PETER C K,INDEPENDENT,General,General,OpenDataKerala GitHub
2015,Ernakulam,59,THEVARA,ELIZABETH TEACHER,INDEPENDENT,Woman,Woman,OpenDataKerala GitHub
2015,Ernakulam,60,PERUMANUR,FRANCIS K X,INC,General,General,OpenDataKerala GitHub
2015,Ernakulam,61,RAVIPURAM,DAVID PARAMBITHARA,INC,General,General,OpenDataKerala GitHub
2015,Ernakulam,62,ERNAKULAM SOUTH,KRISHNA KUMAR K V P,INC,General,General,OpenDataKerala GitHub
2015,Ernakulam,63,GANDHI NAGAR,POORNIMA NARAYAN,CPI(M),Woman,Woman,OpenDataKerala GitHub
2015,Ernakulam,64,KATHRIKADAVU,GRACY JOSEPH,INC,Woman,Woman,OpenDataKerala GitHub
2015,Ernakulam,65,KALOOR SOUTH,ARISTOTTIL M G,INC,General,General,OpenDataKerala GitHub
2015,Ernakulam,66,ERNAKULAM CENTRAL,SUDHA DILEEP KUMAR,BJP,General,General,OpenDataKerala GitHub
2015,Ernakulam,67,ERNAKULAM NORTH,GRACY BABU JACOB,INC,Woman,Woman,OpenDataKerala GitHub
2015,Ernakulam,68,AYYAPPANKAVU,DEEPAK JOY,INC,General,General,OpenDataKerala GitHub
2015,Ernakulam,69,THRIKKANARVATTOM,HAMSAKUNJU K M,NCP,General,General,OpenDataKerala GitHub
2015,Ernakulam,70,KALOOR NORTH,HARRIS P M,IUML,General,General,OpenDataKerala GitHub
2015,Ernakulam,71,ELAMAKKARA SOUTH,SUDHEER V R,INC,General,General,OpenDataKerala GitHub
2015,Ernakulam,72,POTTAKUZHY,JIMINI,CPI,SC Woman,SC Woman,OpenDataKerala GitHub
2015,Ernakulam,73,PACHALAM,ALBERT AMBALATHINGAL,INC,General,General,OpenDataKerala GitHub
2015,Ernakulam,74,THATTAZHAM,ANSA JAMES,INC,Woman,Woman,OpenDataKerala GitHub
2015,Thrissur,1,PUNKUNNAM,V RAVUNNI,BJP,General,General,OpenDataKerala GitHub
2015,Thrissur,2,KUTTANKULANGARA,LALITHAMBIKA I,BJP,Woman,Woman,OpenDataKerala GitHub
2015,Thrissur,3,PATTURAIKAL,JOHN DANIEL,INC,General,General,OpenDataKerala GitHub
2015,Thrissur,4,VIYYUR,BYJU K V,INC,General,General,OpenDataKerala GitHub
2015,Thrissur,5,PERINGAVU,PRASEEJA GOPAKUMAR,INC,Woman,Woman,OpenDataKerala GitHub
2015,Thrissur,6,RAMAVARMAPURAM,ADVT V K SURESHKUMAR,CPI(M),General,General,OpenDataKerala GitHub
2015,Thrissur,7,KUTTUMUKKU,P KRISHNANKUTTY MASTER,CPI(M),General,General,OpenDataKerala GitHub
2015,Thrissur,8,VILLADAM,SANTHA K M,CPI,Woman,Woman,OpenDataKerala GitHub
2015,Thrissur,9,CHEROOR,PREMAKUMARAN,CPI(M),General,General,OpenDataKerala GitHub
2015,Thrissur,10,MUKKATTUKARA,JOHNY E D,CPI(M),General,General,OpenDataKerala GitHub
2015,Thrissur,11,GANDHI NAGAR,ADV SUBI BABU,INC,Woman,Woman,OpenDataKerala GitHub
2015,Thrissur,12,CHEMBUKKAVU,K MAHESH,BJP,General,General,OpenDataKerala GitHub
2015,Thrissur,13,KIZHAKUMPATTUKARA,GEETHA B,INC,SC Woman,SC Woman,OpenDataKerala GitHub
2015,Thrissur,14,PARAVATTANI,ANOOP K K,CPI(M),SC,SC,OpenDataKerala GitHub
2015,Thrissur,15,OLLUKARA,SATHEESH CHANDRAN,CPI(M),SC,SC,OpenDataKerala GitHub
2015,Thrissur,16,NETTISSERI,M R ROSILY,INC,Woman,Woman,OpenDataKerala GitHub
2015,Thrissur,17,MULLAKKARA,BEENA P K,CPI(M),Woman,Woman,OpenDataKerala GitHub
2015,Thrissur,18,MANNUTHY,ADV A S RAMADASAN,CPI(M),General,General,OpenDataKerala GitHub
2015,Thrissur,19,KRISHNAPURAM,BEENA MURALI,CPI,Woman,Woman,OpenDataKerala GitHub
2015,Thrissur,20,KALATHODU,M L ROSY,INDEPENDENT,Woman,Woman,OpenDataKerala GitHub
2015,Thrissur,21,NADATHARA,SHEEBA BABU,JD(S),Woman,Woman,OpenDataKerala GitHub
2015,Thrissur,22,CHELAKOTTUKARA,T R SANTHOSH,INC,General,General,OpenDataKerala GitHub
2015,Thrissur,23,MISSION QUARTERS,GEORGE CHANDY,INC,General,General,OpenDataKerala GitHub
2015,Thrissur,24,VALARKAVU,JAYA MUTHIPEEDIKA,INC,Woman,Woman,OpenDataKerala GitHub
2015,Thrissur,25,KURIYACHIRA,SHOMY FRANCIS,INC,General,General,OpenDataKerala GitHub
2015,Thrissur,26,ANCHERI,SURESHINI SURESH,CPI(M),Woman,Woman,OpenDataKerala GitHub
2015,Thrissur,27,KUTTANELLUR,SASIDHARAN M N,CPI(M),General,General,OpenDataKerala GitHub
2015,Thrissur,28,PADAVARADU,VARGHESE KANDAMKULATHY,CPI(M),General,General,OpenDataKerala GitHub
2015,Thrissur,29,EDAKUNNI,PAULY C P,INDEPENDENT,General,General,OpenDataKerala GitHub
2015,Thrissur,30,THAIKATTUSSERY,BINDHU KUTTAN,INC,SC Woman,SC Woman,OpenDataKerala GitHub
2015,Thrissur,31,OLLUR,KAROLI JOSHWA,INC,Woman,Woman,OpenDataKerala GitHub
2015,Thrissur,32,CHIYYARAM SOUTH,RAPHY JOSE P (KUTTY RAPHY),INDEPENDENT,General,General,OpenDataKerala GitHub
2015,Thrissur,33,CHIYYARAM NORTH,JACOB PULIKOTTIL,INDEPENDENT,General,General,OpenDataKerala GitHub
2015,Thrissur,34,KANNAMKULANGARA,VINSHY ARUNKUMAR,BJP,Woman,Woman,OpenDataKerala GitHub
2015,Thrissur,35,PALLIKULAM,RAJAN J PALLAN,INC,General,General,OpenDataKerala GitHub
2015,Thrissur,36,THEKKINKADU,M S SAMPOORNA,BJP,General,General,OpenDataKerala GitHub
2015,Thrissur,37,KOTTAPPURAM,POORNIMA SURESH,BJP,Woman,Woman,OpenDataKerala GitHub
2015,Thrissur,38,POOTHOLE,P SUKUMARAN,CMP(SC),General,General,OpenDataKerala GitHub
2015,Thrissur,39,KOKKALA,AJITHA JAYARAJAN,CPI(M),Woman,Woman,OpenDataKerala GitHub
2015,Thrissur,40,VADUKKARA,JYOTHILAKSHMI P C,CPI(M),Woman,Woman,OpenDataKerala GitHub
2015,Thrissur,41,KOORKANCHERY,GREESHMA AJAYGHOSH,CPI(M),Woman,Woman,OpenDataKerala GitHub
2015,Thrissur,42,KANIMANGALAM,AJITHA VIJAYAN,CPI,Woman,Woman,OpenDataKerala GitHub
2015,Thrissur,43,PANAMUKKU,SHEENA CHANDRAN,INC,Woman,Woman,OpenDataKerala GitHub
2015,Thrissur,44,NEDUPUZHA,SHEEBA PAULSON,CPI(M),Woman,Woman,OpenDataKerala GitHub
2015,Thrissur,45,KARIATTUKARA,FRANCIS CHALISSERY,INC,General,General,OpenDataKerala GitHub
2015,Thrissur,46,CHETTUPUZHA,ADV M K MUKUNDAN,INC,General,General,OpenDataKerala GitHub
2015,Thrissur,47,PULLAZHI,RAJANI VIJAYAKUMAR,CPI(M),Woman,Woman,OpenDataKerala GitHub
2015,Thrissur,48,OLARI,C B GEETHA,INC,Woman,Woman,OpenDataKerala GitHub
2015,Thrissur,49,ELTHURUTH,ANOOP DAVIS CADA,CPI(M),General,General,OpenDataKerala GitHub
2015,Thrissur,50,LALOOR,LALI JAMES,INC,Woman,Woman,OpenDataKerala GitHub
2015,Thrissur,51,ARANATTUKARA,PRINCY RAJU,INC,Woman,Woman,OpenDataKerala GitHub
2015,Thrissur,52,KANATTUKARA,SUNITHA VINOD,CPI(M),Woman,Woman,OpenDataKerala GitHub
2015,Thrissur,53,AYYANTHOLE,VALSALA BABURAJ,INC,Woman,Woman,OpenDataKerala GitHub
2015,Thrissur,54,CIVIL STATION,A PRASAD,INC,General,General,OpenDataKerala GitHub
2015,Thrissur,55,PUTHURKARA,ADV M P SRINIVASAN,CPI(M),General,General,OpenDataKerala GitHub
2015,Kozhikode,1,ELATHUR,RAHIYA V,INC,Woman,Woman,OpenDataKerala GitHub
2015,Kozhikode,2,CHETTIKULAM,KRISHNAN KALLARAM KETTIL,CPI(M),General,General,OpenDataKerala GitHub
2015,Kozhikode,3,ERANHIKKAL,M RADHAKRISHNAN MASTER,CPI(M),General,General,OpenDataKerala GitHub
2015,Kozhikode,4,PUTHUR,KATTADATH HAJARA,CPI(M),Woman,Woman,OpenDataKerala GitHub
2015,Kozhikode,5,MOKAVUR,NAMBOL PARAMBATH PADMANABHAN,NCP,General,General,OpenDataKerala GitHub
2015,Kozhikode,6,KUNDOOPARAMB,SHIMJITH T S,CPI(M),General,General,OpenDataKerala GitHub
2015,Kozhikode,7,KARUVISSERY,LATHA M M,CPI(M),Woman,Woman,OpenDataKerala GitHub
2015,Kozhikode,8,MALAPARAMB,K C SHOBITHA,INC,Woman,Woman,OpenDataKerala GitHub
2015,Kozhikode,9,THADAMBATTU THAZHAM,K RETHI DEVI,CPI(M),Woman,Woman,OpenDataKerala GitHub
2015,Kozhikode,10,VENGERI,RAJANI U,CPI(M),Woman,Woman,OpenDataKerala GitHub
2015,Kozhikode,11,POOLAKKADAVU,BIJULAL P,CPI(M),General,General,OpenDataKerala GitHub
2015,Kozhikode,12,PAROPPADI,P.M.SURESH BABU,INC,General,General,OpenDataKerala GitHub
2015,Kozhikode,13,CIVIL STATION,JISHA GIREESH,BJP,SC Woman,SC Woman,OpenDataKerala GitHub
2015,Kozhikode,14,CHEVARAMBALAM,E PRASANTH KUMAR,BJP,General,General,OpenDataKerala GitHub
2015,Kozhikode,15,VELLIMADUKUNNU,PRAMEELA BALAGOPAL,INC,Woman,Woman,OpenDataKerala GitHub
2015,Kozhikode,16,MOOZHIKKAL,P K SALINI,CPI(M),Woman,Woman,OpenDataKerala GitHub
2015,Kozhikode,17,CHELAVOOR,ADV.SARANYA O,INC,Woman,Woman,OpenDataKerala GitHub
2015,Kozhikode,18,MAYANAD,PRABHEESH KUMAR K S,CPI(M),General,General,OpenDataKerala GitHub
2015,Kozhikode,19,MEDICAL COLLEGE SOUTH,M M PADMAVATHY,CPI(M),Woman,Woman,OpenDataKerala GitHub
2015,Kozhikode,20,MEDICAL COLLEGE,SHEREENA VIJAYAN K,CPI(M),Woman,Woman,OpenDataKerala GitHub
2015,Kozhikode,21,CHEVAYUR,ADV.VIDYA BALAKRISHNAN,INC,General,General,OpenDataKerala GitHub
2015,Kozhikode,22,KOVOOR,MEERA DARSAK,CPI(M),Woman,Woman,OpenDataKerala GitHub
2015,Kozhikode,23,NELLIKKODE,M P SURESH,CPI(M),General,General,OpenDataKerala GitHub
2015,Kozhikode,24,KUDILTHOD,V T SATHYAN,CPI(M),General,General,OpenDataKerala GitHub
2015,Kozhikode,25,KOTTOOLI,K T SUSHAJ,CPI(M),General,General,OpenDataKerala GitHub
2015,Kozhikode,26,PARAYANCHERI,ANITHA RAJAN,NCP,Woman,Woman,OpenDataKerala GitHub
2015,Kozhikode,27,PUTHIYARA,M SALEENA,CPI(M),Woman,Woman,OpenDataKerala GitHub
2015,Kozhikode,28,KUTHIRAVATTAM,SHAMEENA,CPI(M),Woman,Woman,OpenDataKerala GitHub
2015,Kozhikode,29,POTTAMMAL,M P RADHAKRISHNAN,CPI(M),SC,SC,OpenDataKerala GitHub
2015,Kozhikode,30,KOMMERI,M C ANIL KUMAR,CPI(M),General,General,OpenDataKerala GitHub
2015,Kozhikode,31,KUTTIYIL THAZHAM,RAMANI M P,CPI(M),Woman,Woman,OpenDataKerala GitHub
2015,Kozhikode,32,POKKUNNU,SHIMNA N M,CPI(M),Woman,Woman,OpenDataKerala GitHub
2015,Kozhikode,33,KINASSERY,K.T.BEERANKOYA,IUML,General,General,OpenDataKerala GitHub
2015,Kozhikode,34,MANKAVU,MANAKKAL SASI,INC,General,General,OpenDataKerala GitHub
2015,Kozhikode,35,AYCHAVATTAM,SHAHEEDA P P,CPI(M),Woman,Woman,OpenDataKerala GitHub
2015,Kozhikode,36,KALLAI,SUDHAMANI.M.C,INC,General,General,OpenDataKerala GitHub
2015,Kozhikode,37,PANNIYANKARA,NIRMALA,INDEPENDENT,Woman,Woman,OpenDataKerala GitHub
2015,Kozhikode,38,MEENCHANTHA,NAMBIDI NARAYANAN,BJP,General,General,OpenDataKerala GitHub
2015,Kozhikode,39,THIRUVANNUR,AYISHABI PANDIKASALA,IUML,General,General,OpenDataKerala GitHub
2015,Kozhikode,40,AREEKAD NORTH,K.M.RAFEEQ,CPI(M),General,General,OpenDataKerala GitHub
2015,Kozhikode,41,AREEKAD,SAYED MOHAMMED SHAMEEL,INDEPENDENT,General,General,OpenDataKerala GitHub
2015,Kozhikode,42,NALLALAM,M.KUNHAMUTTY,IUML,General,General,OpenDataKerala GitHub
2015,Kozhikode,43,KOLATHARA,MULLAVEETTIL MOIDEEN,CPI(M),General,General,OpenDataKerala GitHub
2015,Kozhikode,44,KUNDAYITHODE,P.C.RAJAN,CPI(M),General,General,OpenDataKerala GitHub
2015,Kozhikode,45,CHERUVANNUR EAST,M.SREEJA HARISH,CPI(M),General,General,OpenDataKerala GitHub
2015,Kozhikode,46,CHERUVANNUR WEST,PRAMEELA,CPI(M),Woman,Woman,OpenDataKerala GitHub
2015,Kozhikode,47,BEYPUR PORT,N.SATHEESH KUMAR,BJP,General,General,OpenDataKerala GitHub
2015,Kozhikode,48,BEYPUR,ANILKUMAR T,BJP,General,General,OpenDataKerala GitHub
2015,Kozhikode,49,MARADU,SHYMA P,BJP,Woman,Woman,OpenDataKerala GitHub
2015,Kozhikode,50,NADUVATTAM,PRAKASAN,CPI(M),General,General,OpenDataKerala GitHub
2015,Kozhikode,51,PUNCHAPPADAM,M GIRIJA,CPI(M),Woman,Woman,OpenDataKerala GitHub
2015,Kozhikode,52,ARAKKINAR,P P BEERANKOYA,CPI(M),General,General,OpenDataKerala GitHub
2015,Kozhikode,53,MATHOTTAM,SHANIYA P K,CPI(M),Woman,Woman,OpenDataKerala GitHub
2015,Kozhikode,54,KAPPAKKAL,ADV C K ZEENATH,CPI(M),Woman,Woman,OpenDataKerala GitHub
2015,Kozhikode,55,PAYYANAKKAL,NAJMA K,CPI(M),Woman,Woman,OpenDataKerala GitHub
2015,Kozhikode,56,CHAKKUMKADAVU,P ANITHA,CPI(M),Woman,Woman,OpenDataKerala GitHub
2015,Kozhikode,57,MUKHADAR,C ABDURAHIMAN,IUML,General,General,OpenDataKerala GitHub
2015,Kozhikode,58,KUTTICHIRA,SREEKALA C P,IUML,SC Woman,SC Woman,OpenDataKerala GitHub
2015,Kozhikode,59,CHALAPPURAM,ADV P M NIYAS,INC,General,General,OpenDataKerala GitHub
2015,Kozhikode,60,PALAYAM,USHADEVI TEACHER,INC,Woman,Woman,OpenDataKerala GitHub
2015,Kozhikode,61,VALIYANGADI,JAYASREE KIRTHI,JD(U),Woman,Woman,OpenDataKerala GitHub
2015,Kozhikode,62,MOONNALINGAL,ADV THOMAS MATHEW,JD(U),General,General,OpenDataKerala GitHub
2015,Kozhikode,63,THIRUTHIYAD,LALITHA PRABHA T V,CPI(M),Woman,Woman,OpenDataKerala GitHub
2015,Kozhikode,64,ERANHIPPALAM,BIJURAJ T C,CPI(M),General,General,OpenDataKerala GitHub
2015,Kozhikode,65,NADAKKAVU,POTTANGADI KISHENCHAND,JD(U),General,General,OpenDataKerala GitHub
2015,Kozhikode,66,VELLAYIL,SOUFIYA ANEESH,IUML,Woman,Woman,OpenDataKerala GitHub
2015,Kozhikode,67,THOPPAYIL,AYISHABI R V,CPI(M),Woman,Woman,OpenDataKerala GitHub
2015,Kozhikode,68,CHAKKAROTHUKULAM,THOTTATHIL RAVINDRAN,CPI(M),General,General,OpenDataKerala GitHub
2015,Kozhikode,69,KARAPPARAMB,NAVYA HARIDAS,BJP,Woman,Woman,OpenDataKerala GitHub
2015,Kozhikode,70,EAST HILL,BEENA RAJAN THATTARAKAL,INDEPENDENT,Woman,Woman,OpenDataKerala GitHub
2015,Kozhikode,71,ATHANIKKAL,K V BABURAJ,CPI(M),General,General,OpenDataKerala GitHub
2015,Kozhikode,72,WESTHILL,ASHA SASANKAN,CPI,Woman,Woman,OpenDataKerala GitHub
2015,Kozhikode,73,EDAKKAD,M SREEJA,CPI(M),Woman,Woman,OpenDataKerala GitHub
2015,Kozhikode,74,PUTHIYANGADI,K K RAFEEK,CPI(M),General,General,OpenDataKerala GitHub
2015,Kozhikode,75,PUTHIYAPPA,K NISHA,CPI(M),Woman,Woman,OpenDataKerala GitHub
2015,Kannur,1,PALLIYAMMOOLA,JEMINI,INC,Woman,Woman,OpenDataKerala GitHub
2015,Kannur,2,KUNNAV,K. JAYADEVAN,CPI(M),General,General,OpenDataKerala GitHub
2015,Kannur,3,KOKKENPARA,RATHI.K,CPI(M),Woman,Woman,OpenDataKerala GitHub
2015,Kannur,4,PALLIKUNNU,T K VASANTHA,INC,Woman,Woman,OpenDataKerala GitHub
2015,Kannur,5,TALAP,SHAMNA. P,IUML,SC Woman,SC Woman,OpenDataKerala GitHub
2015,Kannur,6,UDAYAMKUNNU,C.K. VINOD,INC,General,General,OpenDataKerala GitHub
2015,Kannur,7,PODIKUNDU,T . RAVEENDRAN,CPI(M),General,General,OpenDataKerala GitHub
2015,Kannur,8,KOTTALI,V.G. VINITHA,CPI(M),SC Woman,SC Woman,OpenDataKerala GitHub
2015,Kannur,9,ATHAZHAKUNNU,SREEJA.K,INC,Woman,Woman,OpenDataKerala GitHub
2015,Kannur,10,KAKKAD,K.P.A. SALEEM,IUML,General,General,OpenDataKerala GitHub
2015,Kannur,11,THULICHERI,M.V. SAHADEVAN,CPI(M),General,General,OpenDataKerala GitHub
2015,Kannur,12,KAKKAD NORTH,REVIKRISHNAN .V,CPI(M),General,General,OpenDataKerala GitHub
2015,Kannur,13,SADULIPALLI,ASHRAF T.K,INDEPENDENT,General,General,OpenDataKerala GitHub
2015,Kannur,14,PALLIPRAM,ERAMULLAN. C,IUML,General,General,OpenDataKerala GitHub
2015,Kannur,15,VARAM,M.K. DANESH BABU,INC,SC,SC,OpenDataKerala GitHub
2015,Kannur,16,VALIYANNUR,K.ROJA,CPI(M),Woman,Woman,OpenDataKerala GitHub
2015,Kannur,17,CHELORA,K.KAMALAKSHI,CPI(M),Woman,Woman,OpenDataKerala GitHub
2015,Kannur,18,MACHERI,K.P. SAJITH,CPI(M),General,General,OpenDataKerala GitHub
2015,Kannur,19,PALLIPPOIL,K.PRAKASHAN MASTER,INC,General,General,OpenDataKerala GitHub
2015,Kannur,20,KAAPAD,M.P BHASKARAN,CPI(M),General,General,OpenDataKerala GitHub
2015,Kannur,21,ELAYAVOOR NORTH,V. JYOTHILAKSHMI,CPI(M),Woman,Woman,OpenDataKerala GitHub
2015,Kannur,22,ELAYAVOOR SOUTH,PREMAJA.P,CPI(M),Woman,Woman,OpenDataKerala GitHub
2015,Kannur,23,MUNDAYAD,SHAHINA MOIDEEN,INC,Woman,Woman,OpenDataKerala GitHub
2015,Kannur,24,EDACHOVVA,VELLORA RAJAN,CPI,General,General,OpenDataKerala GitHub
2015,Kannur,25,ATHIRAKAM,THAIKKANDY MURALEEDHARAN,INDEPENDENT,General,General,OpenDataKerala GitHub
2015,Kannur,26,KAPPICHERI,PRAMOD.K,CPI(M),General,General,OpenDataKerala GitHub
2015,Kannur,27,MELECHOVVA,E.P. LATHA,CPI(M),Woman,Woman,OpenDataKerala GitHub
2015,Kannur,28,THAZHECHOVVA,S. SHAHEEDA,CPI(M),Woman,Woman,OpenDataKerala GitHub
2015,Kannur,29,KEEZHUTHALLI,SEENA K.P,INC,Woman,Woman,OpenDataKerala GitHub
2015,Kannur,30,THILANOOR,M.RAJEEVAN,CPI(M),General,General,OpenDataKerala GitHub
2015,Kannur,31,AATTADAPPA,PREMI . T,CPI(M),Woman,Woman,OpenDataKerala GitHub
2015,Kannur,32,CHALA,PREETHA P.K,INC,Woman,Woman,OpenDataKerala GitHub
2015,Kannur,33,EDAKKAD,T PRASANTH,CPI(M),General,General,OpenDataKerala GitHub
2015,Kannur,34,EZHARA,M.P. MUHAMMADALI,IUML,General,General,OpenDataKerala GitHub
2015,Kannur,35,ALINGEEL,K.K BHARATHI,INC,Woman,Woman,OpenDataKerala GitHub
2015,Kannur,36,KEEZHUNNA,SUMA BALAKRISHNAN,INC,Woman,Woman,OpenDataKerala GitHub
2015,Kannur,37,THOTTADA,AJITHA A.P,CPI(M),Woman,Woman,OpenDataKerala GitHub
2015,Kannur,38,ADIKADALAYI,M.K SHAJI,CPI,General,General,OpenDataKerala GitHub
2015,Kannur,39,KURUVA,N.BALAKRISHNAN,CPI(M),General,General,OpenDataKerala GitHub
2015,Kannur,40,PADANNA,ASHA T,CPI(M),Woman,Woman,OpenDataKerala GitHub
2015,Kannur,41,VETHILAPPALI,ADV. T.O. MOHANAN,INC,General,General,OpenDataKerala GitHub
2015,Kannur,42,NEERCHAAL,MEENAZ THAMMITTON,IUML,Woman,Woman,OpenDataKerala GitHub
2015,Kannur,43,ARAKKAL,RASHEEDA MAHALIL,IUML,Woman,Woman,OpenDataKerala GitHub
2015,Kannur,44,CHOVVA,M.P. ANIL KUMAR,CPI(M),General,General,OpenDataKerala GitHub
2015,Kannur,45,THANA,SHAFEEQUE.M,IUML,General,General,OpenDataKerala GitHub
2015,Kannur,46,SOUTH BAZAR,BEENA. E,CPI(M),Woman,Woman,OpenDataKerala GitHub
2015,Kannur,47,TEMPLE,AMRITHA RAMAKRISHNAN,INC,Woman,Woman,OpenDataKerala GitHub
2015,Kannur,48,THAYETHERU,ADV.LISHA DEEPAK,INC,Woman,Woman,OpenDataKerala GitHub
2015,Kannur,49,KASANAKOTTA,C. ZEENATH,IUML,General,General,OpenDataKerala GitHub
2015,Kannur,50,AYIKKARA,C. SAMEER,IUML,General,General,OpenDataKerala GitHub
2015,Kannur,51,KANATHOOR,ADV. P.INDIRA,INC,Woman,Woman,OpenDataKerala GitHub
2015,Kannur,52,THALIKKAVU,RANJITH.R,INC,General,General,OpenDataKerala GitHub
2015,Kannur,53,PAYYAMBALAM,O.RADHA,INC,Woman,Woman,OpenDataKerala GitHub
2015,Kannur,54,CHALAD,CHATHOTH NASARATH,IUML,Woman,Woman,OpenDataKerala GitHub
2015,Kannur,55,PANJIKKAYIL,RAGESH.P.K,INDEPENDENT,General,General,OpenDataKerala GitHub
2020,Thiruvananthapuram,1,KAZHAKUTTOM,KAVITHA L S,CPI(M),Woman,Woman,OpenDataKerala GitHub
2020,Thiruvananthapuram,2,CHANDAVILA,M BINU,CPI,SC,SC,OpenDataKerala GitHub
2020,Thiruvananthapuram,3,KATTAYIKONAM,D RAMESAN,CPI(M),General,General,OpenDataKerala GitHub
2020,Thiruvananthapuram,4,SREEKARIYAM,STANLEY D'CRUZ,CPI(M),General,General,OpenDataKerala GitHub
2020,Thiruvananthapuram,5,CHERUVAIKAL,BINDHU S R,BJP,Woman,Woman,OpenDataKerala GitHub
2020,Thiruvananthapuram,6,ULLOOR,ATHIRA L S,CPI(M),SC Woman,SC Woman,OpenDataKerala GitHub
2020,Thiruvananthapuram,7,EDAVACODE,L S SAJU,CPI(M),General,General,OpenDataKerala GitHub
2020,Thiruvananthapuram,8,CHELLAMANGALAM,GAYATHRI DEVI C,BJP,Woman,Woman,OpenDataKerala GitHub
2020,Thiruvananthapuram,9,CHEMPAZHANTHY,CHEMPAZHANTHY UDAYAN,BJP,General,General,OpenDataKerala GitHub
2020,Thiruvananthapuram,10,POWDIKONAM,ARCHANA MANIKANTAN (ARCHANA G NAIR),BJP,Woman,Woman,OpenDataKerala GitHub
2020,Thiruvananthapuram,11,NJANDOORKONAM,ASHA BABU,CPI,SC Woman,SC Woman,OpenDataKerala GitHub
2020,Thiruvananthapuram,12,KINAVOOR,SURAKUMARI R,JSS,Woman,Woman,OpenDataKerala GitHub
2020,Thiruvananthapuram,13,MANNANTHALA,VANAJA RAJENDRA BABU,INC,Woman,Woman,OpenDataKerala GitHub
2020,Thiruvananthapuram,14,NALANCHIRA,JOHNSON JOSEPH,INC,General,General,OpenDataKerala GitHub
2020,Thiruvananthapuram,15,KESAVADASAPURAM,ADV. AMSU VAMADEVAN,CPI(M),General,General,OpenDataKerala GitHub
2020,Thiruvananthapuram,16,MEDICAL COLLEGE,D R ANIL,CPI(M),General,General,OpenDataKerala GitHub
2020,Thiruvananthapuram,17,PATTOM,P K RAJU,CPI,General,General,OpenDataKerala GitHub
2020,Thiruvananthapuram,18,MUTTADA,AJITH RAVEENDRAN,CPI(M),SC,SC,OpenDataKerala GitHub
2020,Thiruvananthapuram,19,KUDAPPANAKUNNU,JAYACHANDRAN NAIR S,CPI(M),General,General,OpenDataKerala GitHub
2020,Thiruvananthapuram,20,PATHIRAPALLY,KASTHURI M S,CPI(M),Woman,Woman,OpenDataKerala GitHub
2020,Thiruvananthapuram,21,CHETTIVILAKAM,V MEENA DINESH,BJP,Woman,Woman,OpenDataKerala GitHub
2020,Thiruvananthapuram,22,SASTHAMANGALAM,S MADHUSOODANAN NAIR,BJP,General,General,OpenDataKerala GitHub
2020,Thiruvananthapuram,23,KOWDIAR,SATHI KUMARI S,INC,Woman,Woman,OpenDataKerala GitHub
2020,Thiruvananthapuram,24,KURAVANKONAM,P SYAM KUMAR,RSP,General,General,OpenDataKerala GitHub
2020,Thiruvananthapuram,25,NANTHENCODE,DR. REENA K S,CPI(M),Woman,Woman,OpenDataKerala GitHub
2020,Thiruvananthapuram,26,KUNNUKUZHY,MARY PUSHPAM A,INC,Woman,Woman,OpenDataKerala GitHub
2020,Thiruvananthapuram,27,PALAYAM,PALAYAM RAJAN,Con(S),General,General,OpenDataKerala GitHub
2020,Thiruvananthapuram,28,THYCAUD,G MADHAVADAS,CPI(M),SC,SC,OpenDataKerala GitHub
2020,Thiruvananthapuram,29,VAZHUTHACAUD,ADV. RAKHI RAVIKUMAR,CPI,General,General,OpenDataKerala GitHub
2020,Thiruvananthapuram,30,KANJIRAMPARA,SUMI BALU,BJP,Woman,Woman,OpenDataKerala GitHub
2020,Thiruvananthapuram,31,PEROORKADA,P JAMEELA SREEDHARAN,CPI(M),Woman,Woman,OpenDataKerala GitHub
2020,Thiruvananthapuram,32,THURUTHUMMMOOLA,RAJALEKSHMI O,BJP,Woman,Woman,OpenDataKerala GitHub
2020,Thiruvananthapuram,33,NETTAYAM,NANDA BHARGAV,BJP,General,General,OpenDataKerala GitHub
2020,Thiruvananthapuram,34,KACHANI,P REMA,CPI(M),Woman,Woman,OpenDataKerala GitHub
2020,Thiruvananthapuram,35,VAZHOTTUKONAM,RANI VIKRAMAN (HELEN.G),CPI(M),Woman,Woman,OpenDataKerala GitHub
2020,Thiruvananthapuram,36,VATTIYOORKAVU,PARVATHY I M,CPI(M),Woman,Woman,OpenDataKerala GitHub
2020,Thiruvananthapuram,37,KODUGANOOR,PADMA S (SARITHA.S),BJP,Woman,Woman,OpenDataKerala GitHub
2020,Thiruvananthapuram,38,PTP NAGAR,ADV. V.G.GIRIKUMAR,BJP,General,General,OpenDataKerala GitHub
2020,Thiruvananthapuram,39,PANGODE,PADMALEKHA O,BJP,Woman,Woman,OpenDataKerala GitHub
2020,Thiruvananthapuram,40,THIRUMALA,K ANIL KUMAR,BJP,General,General,OpenDataKerala GitHub
2020,Thiruvananthapuram,41,VALIYAVILA,DEVIMA P S,BJP,Woman,Woman,OpenDataKerala GitHub
2020,Thiruvananthapuram,42,POOJAPPURA,V V RAJESH,BJP,General,General,OpenDataKerala GitHub
2020,Thiruvananthapuram,43,VALIYASALA,S KRISHNAKUMAR (SUNIL),CPI(M),General,General,OpenDataKerala GitHub
2020,Thiruvananthapuram,44,JAGATHY,SHEEJA MADHU,BJP,Woman,Woman,OpenDataKerala GitHub
2020,Thiruvananthapuram,45,KARAMANA,MANJU G S,BJP,Woman,Woman,OpenDataKerala GitHub
2020,Thiruvananthapuram,46,ARANOOR,BINDHU MENON L R,CPI(M),Woman,Woman,OpenDataKerala GitHub
2020,Thiruvananthapuram,47,MUDAVANMUGHAL,ARYA RAJENDRAN S,CPI(M),Woman,Woman,OpenDataKerala GitHub
2020,Thiruvananthapuram,48,THRIKANNAPURAM,JAYALEKSHMI P S,BJP,Woman,Woman,OpenDataKerala GitHub
2020,Thiruvananthapuram,49,NEMOM,DEEPIKA U,BJP,SC Woman,SC Woman,OpenDataKerala GitHub
2020,Thiruvananthapuram,50,PONNUMANGALAM,M R GOPAN,BJP,General,General,OpenDataKerala GitHub
2020,Thiruvananthapuram,51,PUNNAKKAMUGHAL,MANJU P V,BJP,Woman,Woman,OpenDataKerala GitHub
2020,Thiruvananthapuram,52,PAPPANAMCODE,ASHA NATH G S,BJP,Woman,Woman,OpenDataKerala GitHub
2020,Thiruvananthapuram,53,ESTATE,SOUMYA L,BJP,SC Woman,SC Woman,OpenDataKerala GitHub
2020,Thiruvananthapuram,54,NEDUMCAUD,KARAMANA AJITH,BJP,General,General,OpenDataKerala GitHub
2020,Thiruvananthapuram,55,KALADY,V SIVAKUMAR,BJP,General,General,OpenDataKerala GitHub
2020,Thiruvananthapuram,56,MELAMCODE,SREEDEVI S K,BJP,Woman,Woman,OpenDataKerala GitHub
2020,Thiruvananthapuram,57,PUNCHAKARI,D SIVANKUTTY,CPI(M),General,General,OpenDataKerala GitHub
2020,Thiruvananthapuram,58,POONKULAM,V PRAMEELA,CPI(M),Woman,Woman,OpenDataKerala GitHub
2020,Thiruvananthapuram,59,VENGANOOR,SINDHU VIJAYAN,JD(S),Woman,Woman,OpenDataKerala GitHub
2020,Thiruvananthapuram,60,MULLOOR,C OMANA,INC,Woman,Woman,OpenDataKerala GitHub
2020,Thiruvananthapuram,61,KOTTAPPURAM,PANIADIMA J,INDEPENDENT,General,General,OpenDataKerala GitHub
2020,Thiruvananthapuram,62,VIZHINJAM,SAMEERA S MIKHDAD,CPI(M),Woman,Woman,OpenDataKerala GitHub
2020,Thiruvananthapuram,63,HARBAR,NISSAMUDEEN M,INDEPENDENT,General,General,OpenDataKerala GitHub
2020,Thiruvananthapuram,64,VELLAR,NEDUMOM V MOHANAN,BJP,General,General,OpenDataKerala GitHub
2020,Thiruvananthapuram,65,THIRUVALLAM,SATHYAVATHI V,BJP,Woman,Woman,OpenDataKerala GitHub
2020,Thiruvananthapuram,66,POONTHURA,MARY JIPSY,INDEPENDENT,Woman,Woman,OpenDataKerala GitHub
2020,Thiruvananthapuram,67,AMBALATHARA,V S SULOCHANAN,CPI,General,General,OpenDataKerala GitHub
2020,Thiruvananthapuram,68,KAMALESWARAM,VIJAYAKUMARI V,CPI(M),Woman,Woman,OpenDataKerala GitHub
2020,Thiruvananthapuram,69,KALIPPANKULAM,D SAJULAL,CPI(M),General,General,OpenDataKerala GitHub
2020,Thiruvananthapuram,70,ATTUKAL,R UNNIKRISHNAN,CPI(M),General,General,OpenDataKerala GitHub
2020,Thiruvananthapuram,71,CHALA,SIMI JEOTHISH,BJP,Woman,Woman,OpenDataKerala GitHub
2020,Thiruvananthapuram,72,MANACAUD,K K SURESH,BJP,SC,SC,OpenDataKerala GitHub
2020,Thiruvananthapuram,73,KURIYATHY,B MOHNAN NAIR,BJP,General,General,OpenDataKerala GitHub
2020,Thiruvananthapuram,74,PUTHENPALLY,S SALIM,CPI(M),General,General,OpenDataKerala GitHub
2020,Thiruvananthapuram,75,MANIKAVILAKAM,S M BASHEER,INL,General,General,OpenDataKerala GitHub
2020,Thiruvananthapuram,76,BEEMAPALLY EAST,SUDHEER J,CPI(M),General,General,OpenDataKerala GitHub
2020,Thiruvananthapuram,77,BEEMAPALLY,MILANI PEREIRA,IUML,Woman,Woman,OpenDataKerala GitHub
2020,Thiruvananthapuram,78,MUTTATHARA,B. RAJENDRAN,CPI(M),General,General,OpenDataKerala GitHub
2020,Thiruvananthapuram,79,SREEVARAHAM,S. VIJAYAKUMAR,CPI,General,General,OpenDataKerala GitHub
2020,Thiruvananthapuram,80,FORT,JANAKI AMMAL. S,BJP,Woman,Woman,OpenDataKerala GitHub
2020,Thiruvananthapuram,81,THAMPANOOR,HARIKUMAR. C,CPI,SC,SC,OpenDataKerala GitHub
2020,Thiruvananthapuram,82,VANCHIYOOR,GAYATHRI BABU,CPI(M),Woman,Woman,OpenDataKerala GitHub
2020,Thiruvananthapuram,83,SREEKANTESWARAM,P. RAJENDRAN NAIR,BJP,General,General,OpenDataKerala GitHub
2020,Thiruvananthapuram,84,PERUNTHANNI,P. PADMAKUMAR,INC,General,General,OpenDataKerala GitHub
2020,Thiruvananthapuram,85,PALKULANGARA,P. ASOK KUMAR,BJP,General,General,OpenDataKerala GitHub
2020,Thiruvananthapuram,86,CHAKKAI,ADV. M. SANTHA,CPI(M),SC Woman,SC Woman,OpenDataKerala GitHub
2020,Thiruvananthapuram,87,VALIYATHURA,IRENE TR.,CPI,General,General,OpenDataKerala GitHub
2020,Thiruvananthapuram,88,VALLAKKADAVU,SHAJITHA NAZAR,CPI(M),General,General,OpenDataKerala GitHub
2020,Thiruvananthapuram,89,SANGHUMUGHAM,SERAPHINE FREDY,INC,Woman,Woman,OpenDataKerala GitHub
2020,Thiruvananthapuram,90,VETTUCAUD,CLINUSROZARIO L,CPI(M),General,General,OpenDataKerala GitHub
2020,Thiruvananthapuram,91,KARIKKAKAM,D.G. KUMARAN,BJP,General,General,OpenDataKerala GitHub
2020,Thiruvananthapuram,92,KADAKAMPALLY,GOPAKUMAR P. K,CPI(M),General,General,OpenDataKerala GitHub
2020,Thiruvananthapuram,93,PETTAH,C. S.SUJA DEVI,CPI(M),Woman,Woman,OpenDataKerala GitHub
2020,Thiruvananthapuram,94,KANNANMOOLA,SARANYA S.S,CPI(M),Woman,Woman,OpenDataKerala GitHub
2020,Thiruvananthapuram,95,ANAMUGHAM,AJITH KUMAR N,CPI,General,General,OpenDataKerala GitHub
2020,Thiruvananthapuram,96,AKKULAM,SURESH KUMAR. S,INC,General,General,OpenDataKerala GitHub
2020,Thiruvananthapuram,97,KULATHOOR,NAJA B,CPI(M),Woman,Woman,OpenDataKerala GitHub
2020,Thiruvananthapuram,98,ATTIPRA,SREEDEVI A,CPI(M),Woman,Woman,OpenDataKerala GitHub
2020,Thiruvananthapuram,99,POWNDUKADAVU,JISHA JOHN,CPI(M),Woman,Woman,OpenDataKerala GitHub
2020,Thiruvananthapuram,100,PALLITHURA,MEDAYIL VIKRAMAN,CPI(M),General,General,OpenDataKerala GitHub
2020,Kollam,1,MARUTHADI,SUMI M,INC,Woman,Woman,OpenDataKerala GitHub
2020,Kollam,2,SAKTHIKULANGARA,M PUSHPANGADAN,RSP,General,General,OpenDataKerala GitHub
2020,Kollam,3,MEENATHUCHERY,DEEPU GANGADHARAN B,RSP,SC,SC,OpenDataKerala GitHub
2020,Kollam,4,KAVANAD,KOLLAM MADHU,CPI,General,General,OpenDataKerala GitHub
2020,Kollam,5,VALLIKEEZHU,S JAYAN,CPI(M),General,General,OpenDataKerala GitHub
2020,Kollam,6,KUREEPUZHA WEST,SREELATHA S,CPI(M),Woman,Woman,OpenDataKerala GitHub
2020,Kollam,7,KUREEPUZHA,GIRIJA THULASI,CPI(M),Woman,Woman,OpenDataKerala GitHub
2020,Kollam,8,NEERAVIL,SINDHURANI L,CPI(M),Woman,Woman,OpenDataKerala GitHub
2020,Kollam,9,ANCHALUMMOODU,SWARNAMMA S,RSP,Woman,Woman,OpenDataKerala GitHub
2020,Kollam,10,KADAVOOR,GIRIJA SANTHOSH,CPI,Woman,Woman,OpenDataKerala GitHub
2020,Kollam,11,MATHILIL,TELSA THOMAS,RSP,Woman,Woman,OpenDataKerala GitHub
2020,Kollam,12,THEVALLY,SHYLAJA B,BJP,General,General,OpenDataKerala GitHub
2020,Kollam,13,VADAKKUMBHAGAM,HONEY,CPI,Woman,Woman,OpenDataKerala GitHub
2020,Kollam,14,ASRAMAM,S SAJITHANAND,BJP,Woman,Woman,OpenDataKerala GitHub
2020,Kollam,15,ULIYAKOVIL,ABHILASH T R,BJP,General,General,OpenDataKerala GitHub
2020,Kollam,16,ULIYAKOVIL EAST,AMBILY,CPI(M),Woman,Woman,OpenDataKerala GitHub
2020,Kollam,17,KADAPPAKADA,KRIPA VINOD,BJP,Woman,Woman,OpenDataKerala GitHub
2020,Kollam,18,KOIKAL,SANTHOSH V,CPI(M),General,General,OpenDataKerala GitHub
2020,Kollam,19,KALLUMTHAZHAM,SABU B,CPI,General,General,OpenDataKerala GitHub
2020,Kollam,20,MANGADU,T G GIREESH,BJP,General,General,OpenDataKerala GitHub
2020,Kollam,21,ARUNOOTTIMANGALAM,ASHA BIJU,CPI(M),Woman,Woman,OpenDataKerala GitHub
2020,Kollam,22,CHATHINAKULAM,KRISHNENDU,SDPI,SC Woman,SC Woman,OpenDataKerala GitHub
2020,Kollam,23,KARIKODU,SUJA KRISHNAN,CPI(M),Woman,Woman,OpenDataKerala GitHub
2020,Kollam,24,COLLEGE DIVISION,S.GEETHAKUMARI,CPI(M),Woman,Woman,OpenDataKerala GitHub
2020,Kollam,25,PALKULANGARA,ARATHY S,CPI(M),Woman,Woman,OpenDataKerala GitHub
2020,Kollam,26,AMMANNADA,PREM USHAR,JSS(RB),General,General,OpenDataKerala GitHub
2020,Kollam,27,VADAKKEVILA,SREEDEVI AMMA S,INC,Woman,Woman,OpenDataKerala GitHub
2020,Kollam,28,PALLIMUKKU,M SAJEEV,CPI(M),General,General,OpenDataKerala GitHub
2020,Kollam,29,AYATHIL,ADV. G UDAYAKUMAR,CPI(M),General,General,OpenDataKerala GitHub
2020,Kollam,30,KILIKOLLOOR,NOUSHAD A,CPI,General,General,OpenDataKerala GitHub
2020,Kollam,31,PUNTHALATHAZHAM,PRIJI V,CPI,Woman,Woman,OpenDataKerala GitHub
2020,Kollam,32,PALATHARA,ANEESH KUMAR A,BJP,General,General,OpenDataKerala GitHub
2020,Kollam,33,MANAKKADU,NAZEEMA SHIHAB,CPI(M),Woman,Woman,OpenDataKerala GitHub
2020,Kollam,34,KOLLORVILA,HAMSATH BEEVI,INC,Woman,Woman,OpenDataKerala GitHub
2020,Kollam,35,KAYYALAKKAL,MEHARUNNISA M,CPI(M),Woman,Woman,OpenDataKerala GitHub
2020,Kollam,36,VALATHUNGAL,SUJA,CPI,General,General,OpenDataKerala GitHub
2020,Kollam,37,AAKKOLIL,MAYA S BALU,CPI(M),Woman,Woman,OpenDataKerala GitHub
2020,Kollam,38,THEKKUMBHAGAM,SUNIL JOSE,INC,General,General,OpenDataKerala GitHub
2020,Kollam,39,ERAVIPURAM,PRIYADARSANAN V S,CPI(M),General,General,OpenDataKerala GitHub
2020,Kollam,40,BHARANIKAVU,SAVITHA DEVI S,CPI,SC Woman,SC Woman,OpenDataKerala GitHub
2020,Kollam,41,THEKKEVILA,T P ABHIMANYU,CPI(M),General,General,OpenDataKerala GitHub
2020,Kollam,42,MUNDAKKAL,KURUVILA JOSEPH,INC,General,General,OpenDataKerala GitHub
2020,Kollam,43,PATTATHANAM,NIZAMUDEEN. M H,CPI(M),General,General,OpenDataKerala GitHub
2020,Kollam,44,CANTONMENT,ADV . A K SAVAD,CPI(M),General,General,OpenDataKerala GitHub
2020,Kollam,45,UDAYAMARTHANDAPURAM,SAJEEV SOMAN,CPI,General,General,OpenDataKerala GitHub
2020,Kollam,46,THAMARAKULAM,PRASANNA EARNEST,CPI(M),Woman,Woman,OpenDataKerala GitHub
2020,Kollam,47,PALLITHOTTAM,N TOMY,CPI,General,General,OpenDataKerala GitHub
2020,Kollam,48,PORT,GEORGE D KATTIL,INC,General,General,OpenDataKerala GitHub
2020,Kollam,49,KACHERY,SOMARAJAN G,CPI(M),General,General,OpenDataKerala GitHub
2020,Kollam,50,KAIKULANGARA,MINIMOL G R,CPI(M),SC,SC,OpenDataKerala GitHub
2020,Kollam,51,THANGASSERY,STANLEY J,CPI(M),General,General,OpenDataKerala GitHub
2020,Kollam,52,THIRUMULLAVARAM,PAVITHRA U,CPI(M),Woman,Woman,OpenDataKerala GitHub
2020,Kollam,53,MULAMKADAKAM,SETHULEKSHMY J,CPI(M),Woman,Woman,OpenDataKerala GitHub
2020,Kollam,54,ALATTUKAVU,ASHA A,CPI(M),Woman,Woman,OpenDataKerala GitHub
2020,Kollam,55,KANNIMEL,ASWATHY A,CPI(M),Woman,Woman,OpenDataKerala GitHub
2020,Ernakulam,1,FORT KOCHI,ANTONY KUREETHARA,INC,General,General,OpenDataKerala GitHub
2020,Ernakulam,2,KALVATHY,T K ASHRAF,INDEPENDENT,General,General,OpenDataKerala GitHub
2020,Ernakulam,3,EARAVELY,ISMUDHEEN M,CPI(M),General,General,OpenDataKerala GitHub
2020,Ernakulam,4,KARIPPALAM,K.A MANAF,INC,General,General,OpenDataKerala GitHub
2020,Ernakulam,5,MATTANCHERY,ANSIYA K A,CPI,Woman,Woman,OpenDataKerala GitHub
2020,Ernakulam,6,KOCHANGADI,M.H.M ASHRAF,CPI(M),General,General,OpenDataKerala GitHub
2020,Ernakulam,7,CHERALAYI,RAGHURAMA PAI J,BJP,General,General,OpenDataKerala GitHub
2020,Ernakulam,8,PANAYAPPILLY,SANIL MON J,INDEPENDENT,General,General,OpenDataKerala GitHub
2020,Ernakulam,9,CHAKKAMADOM,HABEEBULLA M,CPI(M),General,General,OpenDataKerala GitHub
2020,Ernakulam,10,KARUVELIPPADY,BASTINE BABU,INC,General,General,OpenDataKerala GitHub
2020,Ernakulam,11,THOPPUMPADY,SHEEBA DUROM,INC,Woman,Woman,OpenDataKerala GitHub
2020,Ernakulam,12,THAREBHAGAM,SONY K FRANCIS,CPI(M),General,General,OpenDataKerala GitHub
2020,Ernakulam,13,KADEBHAGAM,V A SRIJITH,CPI(M),General,General,OpenDataKerala GitHub
2020,Ernakulam,14,THAZHUPPU,LAILADAS,IUML,Woman,Woman,OpenDataKerala GitHub
2020,Ernakulam,15,EDAKOCHI NORTH,JEEJA TENSON,INC,Woman,Woman,OpenDataKerala GitHub
2020,Ernakulam,16,EDAKOCHI SOUTH,ABILASH THOPPIL,INC,General,General,OpenDataKerala GitHub
2020,Ernakulam,17,PERUMBADAPPU,C.N RENJITH MASTER,CPI,General,General,OpenDataKerala GitHub
2020,Ernakulam,18,KONAM,ADV. ASWATHY VALSAN,CPI(M),Woman,Woman,OpenDataKerala GitHub
2020,Ernakulam,19,PALLURUTHY-KACHERIPADY,P R RACHANA,CPI(M),Woman,Woman,OpenDataKerala GitHub
2020,Ernakulam,20,NAMBYAPURAM,P.S.VIJU,CPI(M),General,General,OpenDataKerala GitHub
2020,Ernakulam,21,PULLARDESAM,C.R SUDHEER,CPI(M),General,General,OpenDataKerala GitHub
2020,Ernakulam,22,MUNDAMVELLY,MARY CALESTA PRAKASHAN,CMP,Woman,Woman,OpenDataKerala GitHub
2020,Ernakulam,23,MANASSERY,K.P ANTONY,INDEPENDENT,General,General,OpenDataKerala GitHub
2020,Ernakulam,24,MOOLAMKUZHY,SHYLA THADEVOUSE,INC,Woman,Woman,OpenDataKerala GitHub
2020,Ernakulam,25,CHULLICKAL,REDINA ANTONY,CPI(M),Woman,Woman,OpenDataKerala GitHub
2020,Ernakulam,26,NASRATHU,SHEEBA LAL,JD(S),Woman,Woman,OpenDataKerala GitHub
2020,Ernakulam,27,FORTKOCHI VELI,BENEDICT FERNANDEZ,CPI(M),General,General,OpenDataKerala GitHub
2020,Ernakulam,28,AMARAVATHY,PRIYA P.A,BJP,Woman,Woman,OpenDataKerala GitHub
2020,Ernakulam,29,ISLAND NORTH,PADMAKUMARI T,BJP,General,General,OpenDataKerala GitHub
2020,Ernakulam,30,ISLAND SOUTH,TIBIN DEVASSY,INC,General,General,OpenDataKerala GitHub
2020,Ernakulam,31,VADUTHALA WEST,HENRY AUSTIN,INC,General,General,OpenDataKerala GitHub
2020,Ernakulam,32,VADUTHALA EAST,BINDHU MANI,CPI(M),SC Woman,SC Woman,OpenDataKerala GitHub
2020,Ernakulam,33,ELAMAKKARA NORTH,ANILKUMAR M,CPI(M),General,General,OpenDataKerala GitHub
2020,Ernakulam,34,PUTHUKKALAVATTAM,SEENA,INC,Woman,Woman,OpenDataKerala GitHub
2020,Ernakulam,35,PONEKKARA,PIUS JOSEPH,INC,General,General,OpenDataKerala GitHub
2020,Ernakulam,36,KUNNUMPURAM,JAGADAMBIKA(AMBIKA SUDARSAN),CPI(M),General,General,OpenDataKerala GitHub
2020,Ernakulam,37,EDAPPALLY,DEEPA VARMA,CPI(M),Woman,Woman,OpenDataKerala GitHub
2020,Ernakulam,38,DHEVANKULANGARA,SANTHA VIJAYAN,INC,Woman,Woman,OpenDataKerala GitHub
2020,Ernakulam,39,KARUKAPPILLI,ADV. DEEPTHI MARY VARGHESE,INC,Woman,Woman,OpenDataKerala GitHub
2020,Ernakulam,40,MAMANGALAM,MINIMOL V K,INC,Woman,Woman,OpenDataKerala GitHub
2020,Ernakulam,41,PADIVATTAM,R RATHEESH,CPI(M),General,General,OpenDataKerala GitHub
2020,Ernakulam,42,VENNALA,C.D VALSALA KUMARI,CPI(M),Woman,Woman,OpenDataKerala GitHub
2020,Ernakulam,43,PALARIVATTAM,GEOJY KURIKODE,CPI,General,General,OpenDataKerala GitHub
2020,Ernakulam,44,KARANAKKODAM,GEORGE NANATTU,CPI(M),General,General,OpenDataKerala GitHub
2020,Ernakulam,45,THAMMANAM,SAKEER THAMMANAM,INC,General,General,OpenDataKerala GitHub
2020,Ernakulam,46,CHAKKARAPARAMBU,K B HARSHAL,CPI(M),General,General,OpenDataKerala GitHub
2020,Ernakulam,47,CHALIKKAVATTAM,A.R PADMADAS,INC,General,General,OpenDataKerala GitHub
2020,Ernakulam,48,PONNURUNNI EAST,ADV. DIPIN DILEEP,CPI(M),General,General,OpenDataKerala GitHub
2020,Ernakulam,49,VYTTILA,SUNITHA DIXON,RSP,Woman,Woman,OpenDataKerala GitHub
2020,Ernakulam,50,CHAMBAKKARA,DR.SAILAJA T.K,CPI(M),Woman,Woman,OpenDataKerala GitHub
2020,Ernakulam,51,POONITHURA,MERCY TEACHER,INC,Woman,Woman,OpenDataKerala GitHub
2020,Ernakulam,52,VYTTILA JANATHA,SONY JOSEPH,INC,Woman,Woman,OpenDataKerala GitHub
2020,Ernakulam,53,PONNURUNNI,C.D BINDU,CPI(M),Woman,Woman,OpenDataKerala GitHub
2020,Ernakulam,54,ELAMKULAM,ANTONY PAINUTHARA,INC,General,General,OpenDataKerala GitHub
2020,Ernakulam,55,GIRINAGAR,MALINI KURUP,INC,Woman,Woman,OpenDataKerala GitHub
2020,Ernakulam,56,PANAMPILLI NAGAR,ANJANA TEACHER,INC,Woman,Woman,OpenDataKerala GitHub
2020,Ernakulam,57,KADAVANTHRA,SUJA LONAPPAN,KC(M)PJJ,Woman,Woman,OpenDataKerala GitHub
2020,Ernakulam,58,KONTHURUTHY,BENCY BENNY,INC,Woman,Woman,OpenDataKerala GitHub
2020,Ernakulam,59,THEVARA,P.R.RANISH,CPI(M),General,General,OpenDataKerala GitHub
2020,Ernakulam,60,PERUMANUR,LATHIKA K.P,CPI(M),SC Woman,SC Woman,OpenDataKerala GitHub
2020,Ernakulam,61,RAVIPURAM,S SASIKALA,CPI(M),Woman,Woman,OpenDataKerala GitHub
2020,Ernakulam,62,ERNAKULAM SOUTH,PADMAJA S MENON,BJP,Woman,Woman,OpenDataKerala GitHub
2020,Ernakulam,63,GANDHI NAGAR,BINDU SIVAN,CPI(M),General,General,OpenDataKerala GitHub
2020,Ernakulam,64,KATHRIKADAVU,ARISTOTTIL M.G,INC,General,General,OpenDataKerala GitHub
2020,Ernakulam,65,KALOOR SOUTH,RAJANI MANI,INC,Woman,Woman,OpenDataKerala GitHub
2020,Ernakulam,66,ERNAKULAM CENTRAL,SUDHA DILIPKUMAR,BJP,Woman,Woman,OpenDataKerala GitHub
2020,Ernakulam,67,ERNAKULAM NORTH,MANU JACOB,INC,General,General,OpenDataKerala GitHub
2020,Ernakulam,68,AYYAPPANKAVU,MINI DILEEP,INC,Woman,Woman,OpenDataKerala GitHub
2020,Ernakulam,69,THRIKKANARVATTOM,KAJAL SALIM,INDEPENDENT,Woman,Woman,OpenDataKerala GitHub
2020,Ernakulam,70,KALOOR NORTH,ASHITHA YAHIYA,CPI(M),Woman,Woman,OpenDataKerala GitHub
2020,Ernakulam,71,ELAMAKKARA SOUTH,SAJINI JAYACHANDRAN,CPI(M),Woman,Woman,OpenDataKerala GitHub
2020,Ernakulam,72,POTTAKUZHY,SHAKEER C A,CPI,General,General,OpenDataKerala GitHub
2020,Ernakulam,73,PACHALAM,MINI VIVERA,INC,Woman,Woman,OpenDataKerala GitHub
2020,Ernakulam,74,THATTAZHAM,V V PRAVEEN,CPI(M),SC,SC,OpenDataKerala GitHub
2020,Thrissur,1,PUNKUNNAM,DR. V. AATHIRA,BJP,Woman,Woman,OpenDataKerala GitHub
2020,Thrissur,2,KUTTANKULANGARA,SURESH A K,INC,General,General,OpenDataKerala GitHub
2020,Thrissur,3,PATTURAIKAL,RADHIKA.N.V.,BJP,SC Woman,SC Woman,OpenDataKerala GitHub
2020,Thrissur,4,VIYYUR,RENYA BYJU,INC,Woman,Woman,OpenDataKerala GitHub
2020,Thrissur,5,PERINGAVU,N A GOPAKUMAR,INC,General,General,OpenDataKerala GitHub
2020,Thrissur,6,RAMAVARMAPURAM,RAJASREE GOPAN,CPI(M),Woman,Woman,OpenDataKerala GitHub
2020,Thrissur,7,KUTTUMUKKU,RADHIKA.M.V.,CPI(M),Woman,Woman,OpenDataKerala GitHub
2020,Thrissur,8,VILLADAM,I.SATHEESHKUMAR,CPI,General,General,OpenDataKerala GitHub
2020,Thrissur,9,CHEROOR,ADV VILLI,INC,Woman,Woman,OpenDataKerala GitHub
2020,Thrissur,10,MUKKATTUKARA,SUBHI SUKUMAR,CPI(M),Woman,Woman,OpenDataKerala GitHub
2020,Thrissur,11,GANDHI NAGAR,RAJAN.J.PALLAN,INC,General,General,OpenDataKerala GitHub
2020,Thrissur,12,CHEMBUKKAVU,REJI JOY,INC,Woman,Woman,OpenDataKerala GitHub
2020,Thrissur,13,KIZHAKUMPATTUKARA,JOHN DANIEL,INC,General,General,OpenDataKerala GitHub
2020,Thrissur,14,PARAVATTANI,SHEEBA JOY,CPI(M),Woman,Woman,OpenDataKerala GitHub
2020,Thrissur,15,OLLUKARA,SYAMALA MURALEEDHARAN,INC,Woman,Woman,OpenDataKerala GitHub
2020,Thrissur,16,NETTISSERI,M.K.VARGHESE,INDEPENDENT,General,General,OpenDataKerala GitHub
2020,Thrissur,17,MULLAKKARA,ADV. T.A.ANEES AHAMMAD,CPI(M),General,General,OpenDataKerala GitHub
2020,Thrissur,18,MANNUTHY,RESHMA HEMAGE,CPI(M),Woman,Woman,OpenDataKerala GitHub
2020,Thrissur,19,KRISHNAPURAM,BEENA MURALI,CPI,General,General,OpenDataKerala GitHub
2020,Thrissur,20,KALATHODU,M.L.ROSY,INDEPENDENT,General,General,OpenDataKerala GitHub
2020,Thrissur,21,NADATHARA,SHEEBA BABU,JD(S),General,General,OpenDataKerala GitHub
2020,Thrissur,22,CHELAKOTTUKARA,MERCY AJI,INC,Woman,Woman,OpenDataKerala GitHub
2020,Thrissur,23,MISSION QUARTERS,LEELA VARGHESE,INC,Woman,Woman,OpenDataKerala GitHub
2020,Thrissur,24,VALARKAVU,E.V.SUNILRAJ,INC,General,General,OpenDataKerala GitHub
2020,Thrissur,25,KURIYACHIRA,NIMMY RAPPAI,INC,Woman,Woman,OpenDataKerala GitHub
2020,Thrissur,26,ANCHERI,VARGHESE KANDAMKULATHY,CPI(M),General,General,OpenDataKerala GitHub
2020,Thrissur,27,KUTTANELLUR,SYAMALA VENUGOPAL,CPI(M),Woman,Woman,OpenDataKerala GitHub
2020,Thrissur,28,PADAVARADU,NEETHU DILEESH,CPI(M),Woman,Woman,OpenDataKerala GitHub
2020,Thrissur,29,EDAKUNNI,CAROLIN JERISH PERINCHERY,KC(M),Woman,Woman,OpenDataKerala GitHub
2020,Thrissur,30,THAIKATTUSSERY,C.P.PAULY,INDEPENDENT,General,General,OpenDataKerala GitHub
2020,Thrissur,31,OLLUR,SANOJ.K.PAUL,INC,General,General,OpenDataKerala GitHub
2020,Thrissur,32,CHIYYARAM SOUTH,LIMNA MANOJ,INDEPENDENT,Woman,Woman,OpenDataKerala GitHub
2020,Thrissur,33,CHIYYARAM NORTH,ANCY JACOB PULIKOTTIL,INC,Woman,Woman,OpenDataKerala GitHub
2020,Thrissur,34,KANNAMKULANGARA,MUKESH K B,INC,General,General,OpenDataKerala GitHub
2020,Thrissur,35,PALLIKULAM,SINDHU ANTO,INC,Woman,Woman,OpenDataKerala GitHub
2020,Thrissur,36,THEKKINKADU,POORNIMA SURESH,BJP,Woman,Woman,OpenDataKerala GitHub
2020,Thrissur,37,KOTTAPPURAM,NIJI.K.G.,BJP,SC Woman,SC Woman,OpenDataKerala GitHub
2020,Thrissur,38,POOTHOLE,SARAMMA ROBSON,CPI,Woman,Woman,OpenDataKerala GitHub
2020,Thrissur,39,KOKKALA,VINOD POLLANCHERY,BJP,General,General,OpenDataKerala GitHub
2020,Thrissur,40,VADUKKARA,P V ANILKUMAR,CPI(M),SC,SC,OpenDataKerala GitHub
2020,Thrissur,41,KOORKANCHERY,VINESH THAYYIL,INC,General,General,OpenDataKerala GitHub
2020,Thrissur,42,KANIMANGALAM,JAYAPRAKAS POOVATHINGAL,INC,General,General,OpenDataKerala GitHub
2020,Thrissur,43,PANAMUKKU,RAHULNATH A R,CPI(M),General,General,OpenDataKerala GitHub
2020,Thrissur,44,NEDUPUZHA,ABBY VARGHESE,INC,General,General,OpenDataKerala GitHub
2020,Thrissur,45,KARIATTUKARA,LALI JAMES,INC,Woman,Woman,OpenDataKerala GitHub
2020,Thrissur,46,CHETTUPUZHA,ADV. REGEENA JIPSON,INDEPENDENT,Woman,Woman,OpenDataKerala GitHub
2020,Thrissur,47,PULLAZHI,K RAMANADHAN,INC,General,General,OpenDataKerala GitHub
2020,Thrissur,48,OLARI,SREELAL SREEDHAR,INC,SC,SC,OpenDataKerala GitHub
2020,Thrissur,49,ELTHURUTH,SAJITHA SHIBU,CPI(M),Woman,Woman,OpenDataKerala GitHub
2020,Thrissur,50,LALOOR,P.K.SHAJAN,CPI(M),General,General,OpenDataKerala GitHub
2020,Thrissur,51,ARANATTUKARA,ANOOP DAVIS CADA,CPI(M),General,General,OpenDataKerala GitHub
2020,Thrissur,52,KANATTUKARA,P SUKUMARAN,CPI(M),General,General,OpenDataKerala GitHub
2020,Thrissur,53,AYYANTHOLE,N.PRASAD,BJP,General,General,OpenDataKerala GitHub
2020,Thrissur,54,CIVIL STATION,SUNITHA VINU,INC,Woman,Woman,OpenDataKerala GitHub
2020,Thrissur,55,PUTHURKARA,MAPHY DELSON,INC,Woman,Woman,OpenDataKerala GitHub
2020,Kozhikode,1,ELATHUR,MANOHARAN,INC,General,General,OpenDataKerala GitHub
2020,Kozhikode,2,CHETTIKULAM,SHIJINA O P,CPI(M),SC Woman,SC Woman,OpenDataKerala GitHub
2020,Kozhikode,3,ERANHIKKAL,EDAVAZHI PEEDIKAYIL SAFEENA,CPI(M),Woman,Woman,OpenDataKerala GitHub
2020,Kozhikode,4,PUTHUR,V P MANOJ,CPI(M),General,General,OpenDataKerala GitHub
2020,Kozhikode,5,MOKAVUR,S M THUSHARA,NCP,Woman,Woman,OpenDataKerala GitHub
2020,Kozhikode,6,KUNDOOPARAMB,K REEJA,CPI(M),Woman,Woman,OpenDataKerala GitHub
2020,Kozhikode,7,KARUVISSERY,VARUN BHASKER,CPI(M),General,General,OpenDataKerala GitHub
2020,Kozhikode,8,MALAPARAMB,K P RAJESH KUMAR,INC,General,General,OpenDataKerala GitHub
2020,Kozhikode,9,THADAMBATTU THAZHAM,P P NIKHIL,CPI(M),SC,SC,OpenDataKerala GitHub
2020,Kozhikode,10,VENGERI,O SADASHIVAN,CPI(M),General,General,OpenDataKerala GitHub
2020,Kozhikode,11,POOLAKKADAVU,FENISHA.K.SANTHOSH,CPI(M),SC Woman,SC Woman,OpenDataKerala GitHub
2020,Kozhikode,12,PAROPPADI,K C SHOBITHA,INC,Woman,Woman,OpenDataKerala GitHub
2020,Kozhikode,13,CIVIL STATION,M N PRAVEEN,CPI(M),General,General,OpenDataKerala GitHub
2020,Kozhikode,14,CHEVARAMBALAM,SARITHA P,BJP,Woman,Woman,OpenDataKerala GitHub
2020,Kozhikode,15,VELLIMADUKUNNU,T K CHANDRAN,INDEPENDENT,General,General,OpenDataKerala GitHub
2020,Kozhikode,16,MOOZHIKKAL,M P HAMEED,CPI(M),General,General,OpenDataKerala GitHub
2020,Kozhikode,17,CHELAVOOR,ADV. C.M.JAMSHEER,CPI(M),General,General,OpenDataKerala GitHub
2020,Kozhikode,18,MAYANAD,SMITHA.A,CPI(M),Woman,Woman,OpenDataKerala GitHub
2020,Kozhikode,19,MEDICAL COLLEGE SOUTH,E.M.SOMAN,CPI(M),General,General,OpenDataKerala GitHub
2020,Kozhikode,20,MEDICAL COLLEGE,K.MOHANAN,CPI(M),General,General,OpenDataKerala GitHub
2020,Kozhikode,21,CHEVAYUR,DR.AJITHA.P.N,INC,Woman,Woman,OpenDataKerala GitHub
2020,Kozhikode,22,KOVOOR,SURESHKUMAR.T,CPI(M),General,General,OpenDataKerala GitHub
2020,Kozhikode,23,NELLIKKODE,SUJATHA KOODATHINGAL,CPI(M),Woman,Woman,OpenDataKerala GitHub
2020,Kozhikode,24,KUDILTHOD,V.PRASANNA,CPI(M),Woman,Woman,OpenDataKerala GitHub
2020,Kozhikode,25,KOTTOOLI,DR.S. JAYASREE,CPI(M),Woman,Woman,OpenDataKerala GitHub
2020,Kozhikode,26,PARAYANCHERI,K.T.SUSHAJ,CPI(M),General,General,OpenDataKerala GitHub
2020,Kozhikode,27,PUTHIYARA,RANEESH.T,BJP,General,General,OpenDataKerala GitHub
2020,Kozhikode,28,KUTHIRAVATTAM,ANILKUMAR.M.C,CPI(M),General,General,OpenDataKerala GitHub
2020,Kozhikode,29,POTTAMMAL,DR. BEENA PHILIP (BEENA TEACHER),CPI(M),Woman,Woman,OpenDataKerala GitHub
2020,Kozhikode,30,KOMMERI,KAVITHA ARUN,INDEPENDENT,Woman,Woman,OpenDataKerala GitHub
2020,Kozhikode,31,KUTTIYIL THAZHAM,M.P.SURESH,CPI(M),General,General,OpenDataKerala GitHub
2020,Kozhikode,32,POKKUNNU,ESSA AHAMMED K,CPI(M),General,General,OpenDataKerala GitHub
2020,Kozhikode,33,KINASSERY,SAHIDA SULAIMAN,IUML,Woman,Woman,OpenDataKerala GitHub
2020,Kozhikode,34,MANKAVU,OMANA MADHU,INC,Woman,Woman,OpenDataKerala GitHub
2020,Kozhikode,35,AYCHAVATTAM,N C MOYINKUTTY,INDEPENDENT,General,General,OpenDataKerala GitHub
2020,Kozhikode,36,KALLAI,SUDHAMANI.M.C,INC,Woman,Woman,OpenDataKerala GitHub
2020,Kozhikode,37,PANNIYANKARA,K NIRMALA,INDEPENDENT,General,General,OpenDataKerala GitHub
2020,Kozhikode,38,MEENCHANTHA,REMYA SANTHOSH,BJP,Woman,Woman,OpenDataKerala GitHub
2020,Kozhikode,39,THIRUVANNUR,AYISABI PANDIKASALA,IUML,Woman,Woman,OpenDataKerala GitHub
2020,Kozhikode,40,AREEKAD NORTH,RAFEENA ANWAR,CPI(M),Woman,Woman,OpenDataKerala GitHub
2020,Kozhikode,41,AREEKAD,AJEEBA BEEVI,INDEPENDENT,Woman,Woman,OpenDataKerala GitHub
2020,Kozhikode,42,NALLALAM,MIMOONA TEACHER,INDEPENDENT,General,General,OpenDataKerala GitHub
2020,Kozhikode,43,KOLATHARA,T.K.PREMALATHA,CPI(M),General,General,OpenDataKerala GitHub
2020,Kozhikode,44,KUNDAYITHODE,M.P.SHAHARBAN,CPI(M),Woman,Woman,OpenDataKerala GitHub
2020,Kozhikode,45,CHERUVANNUR EAST,P.SHEEBA,CPI(M),Woman,Woman,OpenDataKerala GitHub
2020,Kozhikode,46,CHERUVANNUR WEST,P.C.RAJAN,CPI(M),General,General,OpenDataKerala GitHub
2020,Kozhikode,47,BEYPUR PORT,M GIRIJA TEACHER,CPI(M),Woman,Woman,OpenDataKerala GitHub
2020,Kozhikode,48,BEXYPUR,THOTTUNGAL RAJANI,CPI(M),Woman,Woman,OpenDataKerala GitHub
2020,Kozhikode,49,MARADU,SURESAN K,CPI(M),General,General,OpenDataKerala GitHub
2020,Kozhikode,50,NADUVATTAM,KRISHNA KUMARI,CPI(M),Woman,Woman,OpenDataKerala GitHub
2020,Kozhikode,51,PUNCHAPPADAM,RAJEEV K,CPI(M),General,General,OpenDataKerala GitHub
2020,Kozhikode,52,ARAKKINAR,SHEMEENA T K,CPI(M),Woman,Woman,OpenDataKerala GitHub
2020,Kozhikode,53,MATHOTTAM,MUHAMMED NAVAS,CPI(M),General,General,OpenDataKerala GitHub
2020,Kozhikode,54,KAPPAKKAL,MUSAFAR AHAMMED,CPI(M),General,General,OpenDataKerala GitHub
2020,Kozhikode,55,PAYYANAKKAL,N JAYASHEELA,CPI(M),Woman,Woman,OpenDataKerala GitHub
2020,Kozhikode,56,CHAKKUMKADAVU,M.BIJULAL,CPI(M),General,General,OpenDataKerala GitHub
2020,Kozhikode,57,MUKHADAR,MUHSINA P,Con(S),Woman,Woman,OpenDataKerala GitHub
2020,Kozhikode,58,KUTTICHIRA,K.MOIDEEN KOYA,IUML,General,General,OpenDataKerala GitHub
2020,Kozhikode,59,CHALAPPURAM,P.USHADEVI TEACHER,INC,Woman,Woman,OpenDataKerala GitHub
2020,Kozhikode,60,PALAYAM,P K NASAR,CPI,General,General,OpenDataKerala GitHub
2020,Kozhikode,61,VALIYANGADI,S.K.ABOOBACKER,INC,General,General,OpenDataKerala GitHub
2020,Kozhikode,62,MOONNALINGAL,K.RAMLATH,IUML,Woman,Woman,OpenDataKerala GitHub
2020,Kozhikode,63,THIRUTHIYAD,P.DIVAKARAN,CPI(M),General,General,OpenDataKerala GitHub
2020,Kozhikode,64,ERANHIPPALAM,REKHA.C,CPI(M),Woman,Woman,OpenDataKerala GitHub
2020,Kozhikode,65,NADAKKAVU,ALPHONSA MATHEW,INC,Woman,Woman,OpenDataKerala GitHub
2020,Kozhikode,66,VELLAYIL,SOUFIYA ANEESH,IUML,General,General,OpenDataKerala GitHub
2020,Kozhikode,67,THOPPAYIL,C.P.SULAIMAN,CPI(M),General,General,OpenDataKerala GitHub
2020,Kozhikode,68,CHAKKAROTHUKULAM,ANURADHA THAYAT,BJP,Woman,Woman,OpenDataKerala GitHub
2020,Kozhikode,69,KARAPPARAMB,NAVYA HARIDAS,BJP,General,General,OpenDataKerala GitHub
2020,Kozhikode,70,EAST HILL,N.SIVAPRASAD,BJP,General,General,OpenDataKerala GitHub
2020,Kozhikode,71,ATHANIKKAL,C.S.SATHYABHAMA,BJP,Woman,Woman,OpenDataKerala GitHub
2020,Kozhikode,72,WESTHILL,M.K.MAHESH,CPI(M),General,General,OpenDataKerala GitHub
2020,Kozhikode,73,EDAKKAD,T.MURALEEDHARAN,CPI(M),General,General,OpenDataKerala GitHub
2020,Kozhikode,74,PUTHIYANGADI,PRASEENA.P,CPI(M),Woman,Woman,OpenDataKerala GitHub
2020,Kozhikode,75,PUTHIYAPPA,V.K.MOHAN DAS,CPI(M),General,General,OpenDataKerala GitHub
2020,Kannur,1,PALLIYAMMOOLA,ADV. MARTIN GEORGE,INC,General,General,OpenDataKerala GitHub
2020,Kannur,2,KUNNAV,K SEETHA,CPI(M),Woman,Woman,OpenDataKerala GitHub
2020,Kannur,3,KOKKENPARA,A KUNHAMBU,CPI(M),SC,SC,OpenDataKerala GitHub
2020,Kannur,4,PALLIKUNNU,V K SHYJU,BJP,General,General,OpenDataKerala GitHub
2020,Kannur,5,TALAP,BEEBI P P,IUML,Woman,Woman,OpenDataKerala GitHub
2020,Kannur,6,UDAYAMKUNNU,ADV: INDIRA P,INC,Woman,Woman,OpenDataKerala GitHub
2020,Kannur,7,PODIKUNDU,SUKANYA N,CPI(M),Woman,Woman,OpenDataKerala GitHub
2020,Kannur,8,KOTTALI,T RAVEENDRAN,CPI(M),General,General,OpenDataKerala GitHub
2020,Kannur,9,ATHAZHAKUNNU,KOOKKIRI RAJESH,INC,General,General,OpenDataKerala GitHub
2020,Kannur,10,KAKKAD,P KOULATH,IUML,Woman,Woman,OpenDataKerala GitHub
2020,Kannur,11,THULICHERI,SUNISHA C,INC,Woman,Woman,OpenDataKerala GitHub
2020,Kannur,12,KAKKAD NORTH,PANAYAN USHA,IUML,SC Woman,SC Woman,OpenDataKerala GitHub
2020,Kannur,13,SADULIPALLI,M SAKUNDALA,IUML,SC Woman,SC Woman,OpenDataKerala GitHub
2020,Kannur,14,PALLIPRAM,A UMAIBA,IUML,Woman,Woman,OpenDataKerala GitHub
2020,Kannur,15,VARAM,SREEJA ARAMBAN,INC,Woman,Woman,OpenDataKerala GitHub
2020,Kannur,16,VALIYANNUR,ABDUL RAZAK K P,IUML,General,General,OpenDataKerala GitHub
2020,Kannur,17,CHELORA,PRADEEPAN K,CPI(M),General,General,OpenDataKerala GitHub
2020,Kannur,18,MACHERI,SREELATHA V K,INC,Woman,Woman,OpenDataKerala GitHub
2020,Kannur,19,PALLIPPOIL,MINI ANILKUMAR,INC,Woman,Woman,OpenDataKerala GitHub
2020,Kannur,20,KAAPAD,K NIRMALA,CPI(M),Woman,Woman,OpenDataKerala GitHub
2020,Kannur,21,ELAYAVOOR NORTH,P P VALSALAN,CPI(M),General,General,OpenDataKerala GitHub
2020,Kannur,22,ELAYAVOOR SOUTH,DHANESH MOHAN,CPI(M),General,General,OpenDataKerala GitHub
2020,Kannur,23,MUNDAYAD,SHAHINA MOIDEEN,INC,General,General,OpenDataKerala GitHub
2020,Kannur,24,EDACHOVVA,N USHA,CPI,Woman,Woman,OpenDataKerala GitHub
2020,Kannur,25,ATHIRAKAM,E T SAVITHRI,CPI(M),Woman,Woman,OpenDataKerala GitHub
2020,Kannur,26,KAPPICHERI,K M SARASA,CPI(M),Woman,Woman,OpenDataKerala GitHub
2020,Kannur,27,MELECHOVVA,PRAKASHAN PAYYANADAN,INC,General,General,OpenDataKerala GitHub
2020,Kannur,28,THAZHECHOVVA,S SHAHEEDA,CPI(M),General,General,OpenDataKerala GitHub
2020,Kannur,29,KEEZHUTHALLI,P K SAJESH KUMAR,INC,General,General,OpenDataKerala GitHub
2020,Kannur,30,THILANOOR,K P RAJANI,CPI(M),Woman,Woman,OpenDataKerala GitHub
2020,Kannur,31,AATTADAPPA,V BALAKRISHNAN,INC,General,General,OpenDataKerala GitHub
2020,Kannur,32,CHALA,ADV. T O MOHANAN,INC,General,General,OpenDataKerala GitHub
2020,Kannur,33,EDAKKAD,K V SAVITHA,CPI(M),Woman,Woman,OpenDataKerala GitHub
2020,Kannur,34,EZHARA,FIROZA HASHIM,IUML,Woman,Woman,OpenDataKerala GitHub
2020,Kannur,35,ALINGEEL,RAGESH P K,INC,General,General,OpenDataKerala GitHub
2020,Kannur,36,KEEZHUNNA,KRISHNAKUMAR P V,INC,General,General,OpenDataKerala GitHub
2020,Kannur,37,THOTTADA,BIJOY THAYYIL,INC,General,General,OpenDataKerala GitHub
2020,Kannur,38,ADIKADALAYI,ANITHA K V,CPI,Woman,Woman,OpenDataKerala GitHub
2020,Kannur,39,KURUVA,K N MINI,CPI(M),Woman,Woman,OpenDataKerala GitHub
2020,Kannur,40,PADANNA,SAYED ZIYAD THANGAL,IUML,General,General,OpenDataKerala GitHub
2020,Kannur,41,VETHILAPPALI,ASEEMA C H,INC,Woman,Woman,OpenDataKerala GitHub
2020,Kannur,42,NEERCHAAL,MUSLIH MADATHIL,IUML,General,General,OpenDataKerala GitHub
2020,Kannur,43,ARAKKAL,ASHRAF CHITTULLI,IUML,General,General,OpenDataKerala GitHub
2020,Kannur,44,CHOVVA,C M PADMAJA,CPI(M),Woman,Woman,OpenDataKerala GitHub
2020,Kannur,45,THANA,K SHABEENA,IUML,Woman,Woman,OpenDataKerala GitHub
2020,Kannur,46,SOUTH BAZAR,ADV P K ANVER,CPI(M),General,General,OpenDataKerala GitHub
2020,Kannur,47,TEMPLE,M P RAJESH,INC,General,General,OpenDataKerala GitHub
2020,Kannur,48,THAYETHERU,SURESH BABU ELAYAVOOR,INC,General,General,OpenDataKerala GitHub
2020,Kannur,49,KASANAKOTTA,SHAMEEMA TEACHER,IUML,Woman,Woman,OpenDataKerala GitHub
2020,Kannur,50,AYIKKARA,K M SABIRA TEACHER,IUML,Woman,Woman,OpenDataKerala GitHub
2020,Kannur,51,KANATHOOR,SURESH K,INDEPENDENT,General,General,OpenDataKerala GitHub
2020,Kannur,52,THALIKKAVU,ADV. CHITHIRA SASIDHARAN,CPI(M),Woman,Woman,OpenDataKerala GitHub
2020,Kannur,53,PAYYAMBALAM,P V JAYASOORYAN,INC,General,General,OpenDataKerala GitHub
2020,Kannur,54,CHALAD,K P RASHID,IUML,General,General,OpenDataKerala GitHub
2020,Kannur,55,PANJIKKAYIL,ANITHA K P,INC,Woman,Woman,OpenDataKerala GitHub
