Year,District,Municipality,Ward_No,Ward_Name,Winning_Candidate,Party,Category,Reservation_Status,Source
2015,Thiruvananthapuram,Varkala,1,VILAKKULAM,ABDUL SAMAD A,CPI(M),General,General,OpenDataKerala GitHub
2015,Thiruvananthapuram,Varkala,2,IDAPPARAMBU,S JAYASREE,INC,Woman,Woman,OpenDataKerala GitHub
2015,Thiruvananthapuram,Varkala,3,JANATHAMUKKU,SULEKHA S,CPI(M),SC Woman,SC Woman,OpenDataKerala GitHub
2015,Thiruvananthapuram,Varkala,4,KARUNILAKODU,SAJITH ROY,CPI(M),General,General,OpenDataKerala GitHub
2015,Thiruvananthapuram,Varkala,5,KALLAZHI,A SISUPALAN,CPI(M),General,General,OpenDataKerala GitHub
2015,Thiruvananthapuram,Varkala,6,PULLANNIKODE,Y SHAJAHAN,INDEPENDENT,General,General,OpenDataKerala GitHub
2015,Thiruvananthapuram,Varkala,7,AYANIKKUZHIVILA,RAJI SUNIL,CPI(M),Woman,Woman,OpenDataKerala GitHub
2015,Thiruvananthapuram,Varkala,8,KANNAMBA,S PRADEEP,INC,General,General,OpenDataKerala GitHub
2015,Thiruvananthapuram,Varkala,9,NADAYARA,AYSHA BEEVI,INC,Woman,Woman,OpenDataKerala GitHub
2015,Thiruvananthapuram,Varkala,10,KANWASRAMAM,ADV. BIJU K R,CPI(M),SC,SC,OpenDataKerala GitHub
2015,Thiruvananthapuram,Varkala,11,CHALUVILA,G. SUNIL KUMAR,BJP,General,General,OpenDataKerala GitHub
2015,Thiruvananthapuram,Varkala,12,KALLAMKONAM,K PRAKASH,CPI(M),General,General,OpenDataKerala GitHub
2015,Thiruvananthapuram,Varkala,13,CHERUMKUNNAM,LATHIKA SATHYAN,CPI(M),Woman,Woman,OpenDataKerala GitHub
2015,Thiruvananthapuram,Varkala,14,SIVAGIRI,PRASAD S,INC,SC,SC,OpenDataKerala GitHub
2015,Thiruvananthapuram,Varkala,15,TEACHERSCOLONY,ADV: NEETHU MOHAN,RSP,Woman,Woman,OpenDataKerala GitHub
2015,Thiruvananthapuram,Varkala,16,RAGHUNATHAPURAM,PARAPPURAM A HABEEBULLA,INC,General,General,OpenDataKerala GitHub
2015,Thiruvananthapuram,Varkala,17,PUTHENCHANTHA,BABU G,INC,General,General,OpenDataKerala GitHub
2015,Thiruvananthapuram,Varkala,18,THACHANKONAM,JEYANTHI T,CPI(M),SC Woman,SC Woman,OpenDataKerala GitHub
2015,Thiruvananthapuram,Varkala,19,RAMANTHALI,ANIJO S,CPI(M),General,General,OpenDataKerala GitHub
2015,Thiruvananthapuram,Varkala,20,PANAYIL,JASEENA HASHIM,INC,Woman,Woman,OpenDataKerala GitHub
2015,Thiruvananthapuram,Varkala,21,VALLAKKADAVU,SALIM,INDEPENDENT,General,General,OpenDataKerala GitHub
2015,Thiruvananthapuram,Varkala,22,PERUMKULAM,BINDHU HARIDAS,CPI(M),SC Woman,SC Woman,OpenDataKerala GitHub
2015,Thiruvananthapuram,Varkala,23,KOTTUMOOLA,SHIJIMOL M,CPI,Woman,Woman,OpenDataKerala GitHub
2015,Thiruvananthapuram,Varkala,24,MAITHANAM,LISSY,CPI(M),Woman,Woman,OpenDataKerala GitHub
2015,Thiruvananthapuram,Varkala,25,MUNCIPAL OFFICE,SUBHA BHADRAN,CPI(M),Woman,Woman,OpenDataKerala GitHub
2015,Thiruvananthapuram,Varkala,26,HOSPITAL,BINDHU S,CPI(M),Woman,Woman,OpenDataKerala GitHub
2015,Thiruvananthapuram,Varkala,27,TEMPLE,SWAPNA SHEKHAR,BJP,General,General,OpenDataKerala GitHub
2015,Thiruvananthapuram,Varkala,28,PAPANASAM,GEETHA HEMACHANDRAN,CPI(M),Woman,Woman,OpenDataKerala GitHub
2015,Thiruvananthapuram,Varkala,29,PARAYIL,C KRISHNA KUMAR,INC,General,General,OpenDataKerala GitHub
2015,Thiruvananthapuram,Varkala,30,MUNDAYIL,P UNNIKRISHNAN NAIR,CPI(M),General,General,OpenDataKerala GitHub
2015,Thiruvananthapuram,Varkala,31,JAWAHAR PARK,S BINDHU,CPI(M),Woman,Woman,OpenDataKerala GitHub
2015,Thiruvananthapuram,Varkala,32,PUNNAMOODU,PRIYA GOPAN,BJP,Woman,Woman,OpenDataKerala GitHub
2015,Thiruvananthapuram,Varkala,33,KURAKKANNI,A R RAGASREE,INC,Woman,Woman,OpenDataKerala GitHub
2015,Thiruvananthapuram,Attingal,1,KOCHUVILA,D IMAMUDEEN,CPI,General,General,OpenDataKerala GitHub
2015,Thiruvananthapuram,Attingal,2,ALAMCODE,RUKHAINATH A,CPI(M),Woman,Woman,OpenDataKerala GitHub
2015,Thiruvananthapuram,Attingal,3,POOVANPARA,REJI S,CPI(M),Woman,Woman,OpenDataKerala GitHub
2015,Thiruvananthapuram,Attingal,4,L M S,K S SANTHOSH KUMAR,CPI(M),General,General,OpenDataKerala GitHub
2015,Thiruvananthapuram,Attingal,5,KARICHIYIL,P SYAMALA AMMA,CPI(M),Woman,Woman,OpenDataKerala GitHub
2015,Thiruvananthapuram,Attingal,6,THACHOORKUNNU,M K SURESH,CPI(M),General,General,OpenDataKerala GitHub
2015,Thiruvananthapuram,Attingal,7,ARATTUKADAVU,GEETHAKUMARI,INC,Woman,Woman,OpenDataKerala GitHub
2015,Thiruvananthapuram,Attingal,8,AVANAVANCHERI,SOBHANAKUMARI,INC,SC Woman,SC Woman,OpenDataKerala GitHub
2015,Thiruvananthapuram,Attingal,9,GRAMAM,GAYATHRIDEVI,CPI(M),Woman,Woman,OpenDataKerala GitHub
2015,Thiruvananthapuram,Attingal,10,VELAMKONAM,PRADEEP M,CPI(M),General,General,OpenDataKerala GitHub
2015,Thiruvananthapuram,Attingal,11,KACHERI,C PRADEEP,CPI(M),General,General,OpenDataKerala GitHub
2015,Thiruvananthapuram,Attingal,12,MANOMOHANAVILASAM,AVANAVANCHERY RAJU,CPI,General,General,OpenDataKerala GitHub
2015,Thiruvananthapuram,Attingal,13,AMBALAMMUKKU,T R KOMALAKUMARI,CPI(M),Woman,Woman,OpenDataKerala GitHub
2015,Thiruvananthapuram,Attingal,14,CHITTATTINKARA,THAHIR M,CPI(M),General,General,OpenDataKerala GitHub
2015,Thiruvananthapuram,Attingal,15,VALIYAKUNNU,SOBHANA K,CPI(M),Woman,Woman,OpenDataKerala GitHub
2015,Thiruvananthapuram,Attingal,16,SEEVELIKONAM,PRINCE RAJ S K,INC,General,General,OpenDataKerala GitHub
2015,Thiruvananthapuram,Attingal,17,MUNNUMUKKU,M ANILKUMAR,INC,General,General,OpenDataKerala GitHub
2015,Thiruvananthapuram,Attingal,18,ATTAKKULAM,S SREELATHA,BJP,Woman,Woman,OpenDataKerala GitHub
2015,Thiruvananthapuram,Attingal,19,PARVATHYPURAM,SREEDEVI K,BJP,Woman,Woman,OpenDataKerala GitHub
2015,Thiruvananthapuram,Attingal,20,KANJIRAMKONAM,MINI O S,CPI(M),Woman,Woman,OpenDataKerala GitHub
2015,Thiruvananthapuram,Attingal,21,RAMACHAMVILA,REKHA R S,CPI(M),Woman,Woman,OpenDataKerala GitHub
2015,Thiruvananthapuram,Attingal,22,CHERUVALLIMUKKU,G THULASEEDHARAN PILLAI,CPI(M),General,General,OpenDataKerala GitHub
2015,Thiruvananthapuram,Attingal,23,KODUMON,M S MANJU,CPI(M),Woman,Woman,OpenDataKerala GitHub
2015,Thiruvananthapuram,Attingal,24,PALACE,R S PRASANTH,INC,General,General,OpenDataKerala GitHub
2015,Thiruvananthapuram,Attingal,25,KUNNATHU,S SHEEJA,CPI(M),Woman,Woman,OpenDataKerala GitHub
2015,Thiruvananthapuram,Attingal,26,TOWN,SANTHOSH S,BJP,General,General,OpenDataKerala GitHub
2015,Thiruvananthapuram,Attingal,27,PACHAMKULAM,N PADMANABHAN,BJP,General,General,OpenDataKerala GitHub
2015,Thiruvananthapuram,Attingal,28,THOTTAVARAM,ADV. C J RAJESHKUMAR,CPI(M),General,General,OpenDataKerala GitHub
2015,Thiruvananthapuram,Attingal,29,KOTTIYODE,P S VEENA,CPI(M),Woman,Woman,OpenDataKerala GitHub
2015,Thiruvananthapuram,Attingal,30,TOWNHALL,S JAMEELA,CPI(M),SC Woman,SC Woman,OpenDataKerala GitHub
2015,Thiruvananthapuram,Attingal,31,MELATTINGAL,R RAJU,CPI(M),SC,SC,OpenDataKerala GitHub
2015,Thiruvananthapuram,Nedumangad,1,KALLUVARAMBU,GEETHA B,BJP,Woman,Woman,OpenDataKerala GitHub
2015,Thiruvananthapuram,Nedumangad,2,IRINCHAYAM,S RAVEENDRAN,INC,General,General,OpenDataKerala GitHub
2015,Thiruvananthapuram,Nedumangad,3,KUSARKODE,R MADHU,CPI(M),General,General,OpenDataKerala GitHub
2015,Thiruvananthapuram,Nedumangad,4,ULIYOOR,B SATHEESAN,CPI(M),General,General,OpenDataKerala GitHub
2015,Thiruvananthapuram,Nedumangad,5,MANAKODE,VINODINI,BJP,SC Woman,SC Woman,OpenDataKerala GitHub
2015,Thiruvananthapuram,Nedumangad,6,NETTA,K J BINU,INC,General,General,OpenDataKerala GitHub
2015,Thiruvananthapuram,Nedumangad,7,NAGARIKUNNU,K RAVEENDRAN,CPI(M),General,General,OpenDataKerala GitHub
2015,Thiruvananthapuram,Nedumangad,8,KACHERI,T ARJUNAN,INC,General,General,OpenDataKerala GitHub
2015,Thiruvananthapuram,Nedumangad,9,TOWN,J KRISHNAKUMAR,CPI(M),General,General,OpenDataKerala GitHub
2015,Thiruvananthapuram,Nedumangad,10,MOOTHAMKONAM,T R SURESH,CPI(M),General,General,OpenDataKerala GitHub
2015,Thiruvananthapuram,Nedumangad,11,KODIPPURAM,R SUNIL,CPI(M),SC,SC,OpenDataKerala GitHub
2015,Thiruvananthapuram,Nedumangad,12,KOLLAMKAVU,LISSY VIJAYAN,CPI(M),Woman,Woman,OpenDataKerala GitHub
2015,Thiruvananthapuram,Nedumangad,13,PULIPPARA,CHETTACHAL SAHADEVAN,CPI(M),General,General,OpenDataKerala GitHub
2015,Thiruvananthapuram,Nedumangad,14,VANDA,SUMAYYA MANOJ,BJP,Woman,Woman,OpenDataKerala GitHub
2015,Thiruvananthapuram,Nedumangad,15,MUGHAVOOR,SANGEETHA RAJESH,BJP,Woman,Woman,OpenDataKerala GitHub
2015,Thiruvananthapuram,Nedumangad,16,KORALIYODU,N R BAIJU,CPI(M),General,General,OpenDataKerala GitHub
2015,Thiruvananthapuram,Nedumangad,17,PATHINARAMKALLU,VATTAPPARA CHANDRAN,INC,General,General,OpenDataKerala GitHub
2015,Thiruvananthapuram,Nedumangad,18,MANNOORKONAM,CHITHRALEKHA S P,CPI(M),Woman,Woman,OpenDataKerala GitHub
2015,Thiruvananthapuram,Nedumangad,19,VALIYAMALA,P HARIKESAN NAIR,CPI(M),General,General,OpenDataKerala GitHub
2015,Thiruvananthapuram,Nedumangad,20,THARATTA,O S SHEELA,INC,Woman,Woman,OpenDataKerala GitHub
2015,Thiruvananthapuram,Nedumangad,21,IDAMALA,T LALITHA,INC,Woman,Woman,OpenDataKerala GitHub
2015,Thiruvananthapuram,Nedumangad,22,PADAVALLIKONAM,ANOOP P S,INC,General,General,OpenDataKerala GitHub
2015,Thiruvananthapuram,Nedumangad,23,KANNARAMKODU,GEETHAKUMARI K,CPI(M),Woman,Woman,OpenDataKerala GitHub
2015,Thiruvananthapuram,Nedumangad,24,PARANDODE,C SABU,CPI(M),General,General,OpenDataKerala GitHub
2015,Thiruvananthapuram,Nedumangad,25,MANCHA,A SHAJI,CPI,General,General,OpenDataKerala GitHub
2015,Thiruvananthapuram,Nedumangad,26,T H S WARD,ROSALA J,INC,Woman,Woman,OpenDataKerala GitHub
2015,Thiruvananthapuram,Nedumangad,27,PERUMALA,VEENA P PRASAD,CPI(M),SC Woman,SC Woman,OpenDataKerala GitHub
2015,Thiruvananthapuram,Nedumangad,28,MARKET WARD,FATHIMA N,INDEPENDENT,Woman,Woman,OpenDataKerala GitHub
2015,Thiruvananthapuram,Nedumangad,29,PARAMUTTAM,HASEENA BEEVI R,INC,Woman,Woman,OpenDataKerala GitHub
2015,Thiruvananthapuram,Nedumangad,30,PATHAMKALLU,ADV. S NOORJI,INC,Woman,Woman,OpenDataKerala GitHub
2015,Thiruvananthapuram,Nedumangad,31,KOPPAM,S RAHIYANATHU BEEVI,CPI(M),Woman,Woman,OpenDataKerala GitHub
2015,Thiruvananthapuram,Nedumangad,32,SANNAGAR WARD,P RAJEEV,CPI(M),General,General,OpenDataKerala GitHub
2015,Thiruvananthapuram,Nedumangad,33,ARASUPARAMBU,P G PREMACHANDRAN,CPI(M),General,General,OpenDataKerala GitHub
2015,Thiruvananthapuram,Nedumangad,34,PERAYATHUKONAM,AJITHAKUMARI L F,INDEPENDENT,Woman,Woman,OpenDataKerala GitHub
2015,Thiruvananthapuram,Nedumangad,35,PARIYARAM,LALITHAMBIKA O,CPI(M),Woman,Woman,OpenDataKerala GitHub
2015,Thiruvananthapuram,Nedumangad,36,CHIRAKKANI,BINDHU G S,CPI(M),Woman,Woman,OpenDataKerala GitHub
2015,Thiruvananthapuram,Nedumangad,37,POONKUMOODU,GEETHA JAYAN,INC,Woman,Woman,OpenDataKerala GitHub
2015,Thiruvananthapuram,Nedumangad,38,TOWER WARD,BINU M S,INC,SC,SC,OpenDataKerala GitHub
2015,Thiruvananthapuram,Nedumangad,39,POOVATHOOR,LEKHA S,CPI,Woman,Woman,OpenDataKerala GitHub
2015,Thiruvananthapuram,Neyyattinkara,1,ARALUMMOODU,A SALIM,INC,General,General,OpenDataKerala GitHub
2015,Thiruvananthapuram,Neyyattinkara,2,PUTHANAMBALAM,ANITHA K,INDEPENDENT,Woman,Woman,OpenDataKerala GitHub
2015,Thiruvananthapuram,Neyyattinkara,3,MOONNUKALLINMOODU,USHA L,CPI(M),Woman,Woman,OpenDataKerala GitHub
2015,Thiruvananthapuram,Neyyattinkara,4,KOOTTAPPANA,LALITHA,INC,Woman,Woman,OpenDataKerala GitHub
2015,Thiruvananthapuram,Neyyattinkara,5,PALLIVILAKAM,K C JAYASEELY,CPI(M),Woman,Woman,OpenDataKerala GitHub
2015,Thiruvananthapuram,Neyyattinkara,6,PUNNAKKADU,C SAJU,INDEPENDENT,General,General,OpenDataKerala GitHub
2015,Thiruvananthapuram,Neyyattinkara,7,KALATHUVILA,MURUKAN P,CPI(M),General,General,OpenDataKerala GitHub
2015,Thiruvananthapuram,Neyyattinkara,8,VADAKODU,SUDHA V,CPI(M),Woman,Woman,OpenDataKerala GitHub
2015,Thiruvananthapuram,Neyyattinkara,9,MUTTAKKADU,JYOTHI VARGHES,INC,General,General,OpenDataKerala GitHub
2015,Thiruvananthapuram,Neyyattinkara,10,ELAVANIKKARA,S SATHI KUMAR,CPI(M),General,General,OpenDataKerala GitHub
2015,Thiruvananthapuram,Neyyattinkara,11,MAMPAZHAKKARA,JAYA DALI M V,CPI(M),Woman,Woman,OpenDataKerala GitHub
2015,Thiruvananthapuram,Neyyattinkara,12,MULLARAVILA,S S SWAPNA JITH,BJP,SC,SC,OpenDataKerala GitHub
2015,Thiruvananthapuram,Neyyattinkara,13,PERUMPAZHUTHOOR,ASWATHY V S,INC,SC Woman,SC Woman,OpenDataKerala GitHub
2015,Thiruvananthapuram,Neyyattinkara,14,ALAMPOTTA,G SUKUMARI,INC,Woman,Woman,OpenDataKerala GitHub
2015,Thiruvananthapuram,Neyyattinkara,15,PLAVILA,KALAMANKESHKAR C S,CPI,SC Woman,SC Woman,OpenDataKerala GitHub
2015,Thiruvananthapuram,Neyyattinkara,16,THOZHUKKAL,R VIJAYAN,INDEPENDENT,General,General,OpenDataKerala GitHub
2015,Thiruvananthapuram,Neyyattinkara,17,VAZHUTHOOR,L S SHEELA,INC,General,General,OpenDataKerala GitHub
2015,Thiruvananthapuram,Neyyattinkara,18,KOLLAVAMVILA,J JOJIN,INDEPENDENT,General,General,OpenDataKerala GitHub
2015,Thiruvananthapuram,Neyyattinkara,19,THAVARAVILA,V N SASIKALA,BJP,Woman,Woman,OpenDataKerala GitHub
2015,Thiruvananthapuram,Neyyattinkara,20,KULATHAMAL,T S SUNIL KUMAR,CPI(M),General,General,OpenDataKerala GitHub
2015,Thiruvananthapuram,Neyyattinkara,21,CHAIKOTTUKONAM,N NIRMALA BAI,INC,Woman,Woman,OpenDataKerala GitHub
2015,Thiruvananthapuram,Neyyattinkara,22,MARUTHATHOOR,JOLLY J,CPI(M),Woman,Woman,OpenDataKerala GitHub
2015,Thiruvananthapuram,Neyyattinkara,23,IRUMPIL,K SYAMALA,CPI(M),Woman,Woman,OpenDataKerala GitHub
2015,Thiruvananthapuram,Neyyattinkara,24,FORT,AJITHA R,INC,Woman,Woman,OpenDataKerala GitHub
2015,Thiruvananthapuram,Neyyattinkara,25,VLANGAMURI,PRAVEEN K L,INC,General,General,OpenDataKerala GitHub
2015,Thiruvananthapuram,Neyyattinkara,26,KRISHNAPURAM,SAJITHA R,INC,SC,SC,OpenDataKerala GitHub
2015,Thiruvananthapuram,Neyyattinkara,27,RAMESWARAM,W R HEEBA,CPI(M),Woman,Woman,OpenDataKerala GitHub
2015,Thiruvananthapuram,Neyyattinkara,28,NARAYANAPURAM,MARY FATHIMA,CPI(M),Woman,Woman,OpenDataKerala GitHub
2015,Thiruvananthapuram,Neyyattinkara,29,AMARAVILA,SHIBU RAJ KRISHNA M,BJP,General,General,OpenDataKerala GitHub
2015,Thiruvananthapuram,Neyyattinkara,30,PULLAMALA,G BABURAJ,CPI(M),SC,SC,OpenDataKerala GitHub
2015,Thiruvananthapuram,Neyyattinkara,31,PIRAYUMMOODU,ANITHA KUMARI N K,CPI,General,General,OpenDataKerala GitHub
2015,Thiruvananthapuram,Neyyattinkara,32,OLATHANNI,SUNITHA KUMARI M,INC,General,General,OpenDataKerala GitHub
2015,Thiruvananthapuram,Neyyattinkara,33,CHUNDAVILA,SATHYARAJ S,CPI(M),General,General,OpenDataKerala GitHub
2015,Thiruvananthapuram,Neyyattinkara,34,ATHAZHAMANGALAM,SOUMYA D,CPI(M),Woman,Woman,OpenDataKerala GitHub
2015,Thiruvananthapuram,Neyyattinkara,35,KAVALAKULAM,K K SHIBU,CPI(M),General,General,OpenDataKerala GitHub
2015,Thiruvananthapuram,Neyyattinkara,36,PANAGATTUKARI,SURESH KUMAR B,KC(M),General,General,OpenDataKerala GitHub
2015,Thiruvananthapuram,Neyyattinkara,37,NILAMEL,V HARIKUMAR,BJP,General,General,OpenDataKerala GitHub
2015,Thiruvananthapuram,Neyyattinkara,38,MANALOOR,C SURENDRAN,CPI(M),General,General,OpenDataKerala GitHub
2015,Thiruvananthapuram,Neyyattinkara,39,OORUTTUKALA,K P SREEKANDAN NAIR,CPI(M),General,General,OpenDataKerala GitHub
2015,Thiruvananthapuram,Neyyattinkara,40,ALUMMOODU,N USHA KUMARI,BJP,Woman,Woman,OpenDataKerala GitHub
2015,Thiruvananthapuram,Neyyattinkara,41,TOWN,ALIFATHUMMAL M,CPI(M),General,General,OpenDataKerala GitHub
2015,Thiruvananthapuram,Neyyattinkara,42,BRAHMAMKODU,GEETHA S,JD(S),Woman,Woman,OpenDataKerala GitHub
2015,Thiruvananthapuram,Neyyattinkara,43,ATHIYANNOOR,S S JAYAKUMAR,INDEPENDENT,General,General,OpenDataKerala GitHub
2015,Thiruvananthapuram,Neyyattinkara,44,VAZHIMUKKU,SHAMILA S,CPI(M),Woman,Woman,OpenDataKerala GitHub
2015,Kollam,Paravur,1,PERUMPUZHA,SREEJA KUMARI . K,CPI(M),Woman,Woman,OpenDataKerala GitHub
2015,Kollam,Paravur,2,VINAYAKAR,GIRIJA PRADEEP,CPI(M),Woman,Woman,OpenDataKerala GitHub
2015,Kollam,Paravur,3,NEDUMGOLAM,V AMBIKA,CPI(M),SC Woman,SC Woman,OpenDataKerala GitHub
2015,Kollam,Paravur,4,PARAYILKAV,G .SURESH BABU,CPI(M),General,General,OpenDataKerala GitHub
2015,Kollam,Paravur,5,KOCHALUMMOOD,T . SHYNI,CPI(M),Woman,Woman,OpenDataKerala GitHub
2015,Kollam,Paravur,6,PASHUMAN,SARITHA . R,CPI(M),Woman,Woman,OpenDataKerala GitHub
2015,Kollam,Paravur,7,AYIRAVILLY,SINDHU . K,CPI(M),Woman,Woman,OpenDataKerala GitHub
2015,Kollam,Paravur,8,PERAAL,K. P. KURUP,CPI(M),General,General,OpenDataKerala GitHub
2015,Kollam,Paravur,9,OLLAL,R . SHEEBA,CPI(M),Woman,Woman,OpenDataKerala GitHub
2015,Kollam,Paravur,10,KRISHIBHAVAN,NISHAKUMARI . P,CPI,Woman,Woman,OpenDataKerala GitHub
2015,Kollam,Paravur,11,MARKET,PRIJI . R . SHAJI,INC,Woman,Woman,OpenDataKerala GitHub
2015,Kollam,Paravur,12,TOWN,SWARNAMMASURESH,BJP,Woman,Woman,OpenDataKerala GitHub
2015,Kollam,Paravur,13,ATTINPURAM,PRAKASH V,INC,General,General,OpenDataKerala GitHub
2015,Kollam,Paravur,14,PUTHIYIDAM,SATHEESH VAVARA,INC,General,General,OpenDataKerala GitHub
2015,Kollam,Paravur,15,KOTTAMOOLA,VINODCHANDRAN . V .R,CPI(M),SC,SC,OpenDataKerala GitHub
2015,Kollam,Paravur,16,NERUKADAV,SHAMJITHA . S . R,INC,Woman,Woman,OpenDataKerala GitHub
2015,Kollam,Paravur,17,THEKKUMBHAGAM,SAHEERATH . N,IUML,Woman,Woman,OpenDataKerala GitHub
2015,Kollam,Paravur,18,PUTHIYAKAV,SOUMYA . L,CPI(M),SC Woman,SC Woman,OpenDataKerala GitHub
2015,Kollam,Paravur,19,VADAKKUMBHAGAM,SHUHAIBU . A,INC,General,General,OpenDataKerala GitHub
2015,Kollam,Paravur,20,KURANDIKULAM,PARAVUR SAJEEB,INC,General,General,OpenDataKerala GitHub
2015,Kollam,Paravur,21,CHILLAIKKAL,YAKOOB,CPI(M),General,General,OpenDataKerala GitHub
2015,Kollam,Paravur,22,POZHIKKARA,BAIJU . M,INDEPENDENT,General,General,OpenDataKerala GitHub
2015,Kollam,Paravur,23,ANCHAL OFFICE,ANIL PRAKASH B,CPI(M),SC,SC,OpenDataKerala GitHub
2015,Kollam,Paravur,24,MANIYAMKULAM,SHEELA . S,BJP,General,General,OpenDataKerala GitHub
2015,Kollam,Paravur,25,KURUMANDAL,PRADEEP . G,BJP,General,General,OpenDataKerala GitHub
2015,Kollam,Paravur,26,PUTTINGAL,DEEPASOMAN,INC,Woman,Woman,OpenDataKerala GitHub
2015,Kollam,Paravur,27,RAILWAYSTATION,JAYA . S,CPI(M),Woman,Woman,OpenDataKerala GitHub
2015,Kollam,Paravur,28,PUNJIRAKKULAM,SUDHEER CHELLAPPAN,INDEPENDENT,General,General,OpenDataKerala GitHub
2015,Kollam,Paravur,29,KALLUMKUNNU,GEETHA . S,INC,General,General,OpenDataKerala GitHub
2015,Kollam,Paravur,30,MANGAKUNNU,GEETHA . S,RSP,Woman,Woman,OpenDataKerala GitHub
2015,Kollam,Paravur,31,PUKKULAM,S . ANLKUMAR,CPI(M),General,General,OpenDataKerala GitHub
2015,Kollam,Paravur,32,YAKSHIKKAV,K . G . PRAKASH,CPI(M),General,General,OpenDataKerala GitHub
2015,Kollam,Punalur,1,ARAMPUNNA,SUJATHA B,CPI,Woman,Woman,OpenDataKerala GitHub
2015,Kollam,Punalur,2,KANJIRAMALA,R VINAYAN,CPI(M),General,General,OpenDataKerala GitHub
2015,Kollam,Punalur,3,CHALACODU,ABDUL RAHIM,INC,General,General,OpenDataKerala GitHub
2015,Kollam,Punalur,4,PAPERMILL,AMJATH BINU,CPI,Woman,Woman,OpenDataKerala GitHub
2015,Kollam,Punalur,5,NEDUMKAYAM,SABU ALEX,INC,General,General,OpenDataKerala GitHub
2015,Kollam,Punalur,6,SASTHAMKONAM,NELSON SEBASTIAN,INC,General,General,OpenDataKerala GitHub
2015,Kollam,Punalur,7,MUSSAVARI,VILAYIL SAFEER,INC,General,General,OpenDataKerala GitHub
2015,Kollam,Punalur,8,NETHAJI,SUSEELA RADHAKRISHNAN,CPI(M),Woman,Woman,OpenDataKerala GitHub
2015,Kollam,Punalur,9,BHARANIKKAVU,SINDHU V,INC,SC Woman,SC Woman,OpenDataKerala GitHub
2015,Kollam,Punalur,10,NELLIPPALLY,GRACY JOHN,CPI,General,General,OpenDataKerala GitHub
2015,Kollam,Punalur,11,VILAKKUVETTOM,SUBHASH.G.NATH,CPI(M),General,General,OpenDataKerala GitHub
2015,Kollam,Punalur,12,KALLAR,V OMANAKKUTTAN,CPI(M),General,General,OpenDataKerala GitHub
2015,Kollam,Punalur,13,HIGH SCHOOL,SABINA SUDHEER,CPI,Woman,Woman,OpenDataKerala GitHub
2015,Kollam,Punalur,14,THUMPODU,SANJU BUKHARY,INC,General,General,OpenDataKerala GitHub
2015,Kollam,Punalur,15,KALAYANADU,ABDUL LATHEEF,CPI(M),General,General,OpenDataKerala GitHub
2015,Kollam,Punalur,16,VALACKODU,THAJUNNIZA M,INC,Woman,Woman,OpenDataKerala GitHub
2015,Kollam,Punalur,17,KARAKKADU,PRASANNA KRISHNAN,CPI(M),Woman,Woman,OpenDataKerala GitHub
2015,Kollam,Punalur,18,THAMARAPPALLY,YAMUNA SUNDARESAN,INC,Woman,Woman,OpenDataKerala GitHub
2015,Kollam,Punalur,19,PLACHERY,SANILKUMAR S,INC,General,General,OpenDataKerala GitHub
2015,Kollam,Punalur,20,MYLACKAL,SHIRLY PRADEEPLAL,INC,Woman,Woman,OpenDataKerala GitHub
2015,Kollam,Punalur,21,GRACING BLOCK,SUNITHA L,CPI(M),Woman,Woman,OpenDataKerala GitHub
2015,Kollam,Punalur,22,KAKKODU,JHANSY,KC(M),Woman,Woman,OpenDataKerala GitHub
2015,Kollam,Punalur,23,AICKARAKKONAM,S.SUBIRAJ,CPI(M),General,General,OpenDataKerala GitHub
2015,Kollam,Punalur,24,KELANKAVU,KANAKAMMA K,INC,General,General,OpenDataKerala GitHub
2015,Kollam,Punalur,25,ASHTAMANGALAM,PRABHA K,CPI,Woman,Woman,OpenDataKerala GitHub
2015,Kollam,Punalur,26,MANIYAR,SINDHU BAIJU,CPI(M),Woman,Woman,OpenDataKerala GitHub
2015,Kollam,Punalur,27,PARAVATTOM,SUJI SHAJI,CPI(M),Woman,Woman,OpenDataKerala GitHub
2015,Kollam,Punalur,28,THOLIKKODU,K RAJASEKHARAN,CPI,General,General,OpenDataKerala GitHub
2015,Kollam,Punalur,29,POWERHOUSE,G JAYAPRAKASH,INC,General,General,OpenDataKerala GitHub
2015,Kollam,Punalur,30,KOMALAMKUNNU,M A RAJAGOPAL,CPI(M),General,General,OpenDataKerala GitHub
2015,Kollam,Punalur,31,COLLEGE,INDHULEKHA T,CPI(M),SC Woman,SC Woman,OpenDataKerala GitHub
2015,Kollam,Punalur,32,KALANGUMMUKAL,SINDHU GOPAKUMAR,CPI(M),Woman,Woman,OpenDataKerala GitHub
2015,Kollam,Punalur,33,TOWN,B.SURENDRA NATHA THILAKAN,INC,SC,SC,OpenDataKerala GitHub
2015,Kollam,Punalur,34,CHEMMANTHUR,SARAMMA THOMAS,INC,Woman,Woman,OpenDataKerala GitHub
2015,Kollam,Punalur,35,PATHEKKAR,LALITHAMMA N,KC(B),Woman,Woman,OpenDataKerala GitHub
2015,Kollam,Karunagappally,1,ALAPPADU,P.SIVARAJAN,CPI(M),General,General,OpenDataKerala GitHub
2015,Kollam,Karunagappally,2,MAMPOZHIL,ASHA ANIL,INC,Woman,Woman,OpenDataKerala GitHub
2015,Kollam,Karunagappally,3,MARUTHURKULANGARA LPS,BABY JASEENA,INC,Woman,Woman,OpenDataKerala GitHub
2015,Kollam,Karunagappally,4,MARUTHURKULANAGARA,B RAMANIAMMA,CPI(M),Woman,Woman,OpenDataKerala GitHub
2015,Kollam,Karunagappally,5,AMPADIYILMUKKU,SUBAIDA . M,CPI(M),Woman,Woman,OpenDataKerala GitHub
2015,Kollam,Karunagappally,6,NAMBARUVIKALA,DEEPTHI L,INC,Woman,Woman,OpenDataKerala GitHub
2015,Kollam,Karunagappally,7,THACHAYIL,R.RAVEENDRAN PILLAI,CPI(M),General,General,OpenDataKerala GitHub
2015,Kollam,Karunagappally,8,NAMBARUVIKALAKSHEERASANGAM,SUPRABHA PRASANNAN,CPI(M),Woman,Woman,OpenDataKerala GitHub
2015,Kollam,Karunagappally,9,PULLIMAN,NASEEM AHAMMED,CPI(M),General,General,OpenDataKerala GitHub
2015,Kollam,Karunagappally,10,THALOOK HOSPITAL,SAKTHIKUMAR.S,RSP,General,General,OpenDataKerala GitHub
2015,Kollam,Karunagappally,11,MUSLIM LPS,MEHAR HAMEED,INC,Woman,Woman,OpenDataKerala GitHub
2015,Kollam,Karunagappally,12,PULLIMAN LIBRARY,C.GOPINATHA PANICKER,INC,General,General,OpenDataKerala GitHub
2015,Kollam,Karunagappally,13,MICROWAVE,SIVAPRASAD,CPI(M),General,General,OpenDataKerala GitHub
2015,Kollam,Karunagappally,14,PADANAYARKULANGARA,T.AJITHAKUMARI,CPI,Woman,Woman,OpenDataKerala GitHub
2015,Kollam,Karunagappally,15,KSRTC,C. VIJAYAN PILLAI,CPI(M),General,General,OpenDataKerala GitHub
2015,Kollam,Karunagappally,16,KANNETTI,SALINI.K.RAJEEVAN,BJP,Woman,Woman,OpenDataKerala GitHub
2015,Kollam,Karunagappally,17,KARUNAGAPPALLY TOWN,N.C.SREEKUMAR,CPI(M),General,General,OpenDataKerala GitHub
2015,Kollam,Karunagappally,18,THARAYIL MUKKU,B. MOHANDAS,INC,General,General,OpenDataKerala GitHub
2015,Kollam,Karunagappally,19,KESAVAPURAM,THAMPAN.P,INC,General,General,OpenDataKerala GitHub
2015,Kollam,Karunagappally,20,CHEMBAKASSERILKADAVU,PREETHIMOL,INC,Woman,Woman,OpenDataKerala GitHub
2015,Kollam,Karunagappally,21,MOOTHETHKADAVU,VASUMATHY,CPI,SC Woman,SC Woman,OpenDataKerala GitHub
2015,Kollam,Karunagappally,22,KOZHIKKODU,P.SURESHKUMAR,INDEPENDENT,General,General,OpenDataKerala GitHub
2015,Kollam,Karunagappally,23,KAYIKKARAKADAVU,SABU.G,INC,General,General,OpenDataKerala GitHub
2015,Kollam,Karunagappally,24,PANICKERKADAVU,ABDUL GAFOOR,INC,General,General,OpenDataKerala GitHub
2015,Kollam,Karunagappally,25,TTI,M. SHAMSUDEEN KUNJU,CPI(M),General,General,OpenDataKerala GitHub
2015,Kollam,Karunagappally,26,AYANIVELIKULANGARA,B.UNNIKRISHNAN,INC,SC,SC,OpenDataKerala GitHub
2015,Kollam,Karunagappally,27,CHEROLIMUKKU,M.SOBHANA,CPI(M),Woman,Woman,OpenDataKerala GitHub
2015,Kollam,Karunagappally,28,OTTATHILMUKKU,M.K.VIJAYABHANU,INC,General,General,OpenDataKerala GitHub
2015,Kollam,Karunagappally,29,NEDIYAVILA,SAKKEENA SALAM,CPI,Woman,Woman,OpenDataKerala GitHub
2015,Kollam,Karunagappally,30,PAKALVEEDU,SOBHA JAGADAPPAN,CPI,Woman,Woman,OpenDataKerala GitHub
2015,Kollam,Karunagappally,31,S.K.V SCHOOL,J. ASLAM,CPI(M),General,General,OpenDataKerala GitHub
2015,Kollam,Karunagappally,32,MANNINNAVILA,ZEENATH. E,CPI,Woman,Woman,OpenDataKerala GitHub
2015,Kollam,Karunagappally,33,PALLIKKAL,SUJI. S,CPI(M),Woman,Woman,OpenDataKerala GitHub
2015,Kollam,Karunagappally,34,THURAYILKUNNU,MANJU. M,INDEPENDENT,Woman,Woman,OpenDataKerala GitHub
2015,Kollam,Karunagappally,35,ALUMKADAVU,SUNITHA SALIMKUMAR,INC,Woman,Woman,OpenDataKerala GitHub
2015,Kollam,Kottarakara,1,AVANOOR,A.SHAJU,KC(B),General,General,OpenDataKerala GitHub
2015,Kollam,Kottarakara,2,MUSLIM STREET,SOOJA.S,INC,Woman,Woman,OpenDataKerala GitHub
2015,Kollam,Kottarakara,3,SASTHAMMUKAL,SHAMLA.S,CPI(M),Woman,Woman,OpenDataKerala GitHub
2015,Kollam,Kottarakara,4,CHANTHAMUKKU,KOSHY.K.JOHN,INC,General,General,OpenDataKerala GitHub
2015,Kollam,Kottarakara,5,K.S.R.T.C,JYOTHI MARIAM JOHN,JD(S),Woman,Woman,OpenDataKerala GitHub
2015,Kollam,Kottarakara,6,PAZHAYATHERUVU,AJAYAKUMAR.S,CPI(M),SC,SC,OpenDataKerala GitHub
2015,Kollam,Kottarakara,7,COLLEGE,N SURESH,CPI,SC,SC,OpenDataKerala GitHub
2015,Kollam,Kottarakara,8,PULAMON TOWN,SUSAN CHACKO CHACKO,INC,Woman,Woman,OpenDataKerala GitHub
2015,Kollam,Kottarakara,9,KULASEKHARANALLOOR,KARTHIKA V NATH,INC,Woman,Woman,OpenDataKerala GitHub
2015,Kollam,Kottarakara,10,KIZHAKKEKKARA,K B MEERA DEVI,INC,Woman,Woman,OpenDataKerala GitHub
2015,Kollam,Kottarakara,11,EYAMKUNNU,LEENA OOMMEN,KC(M),Woman,Woman,OpenDataKerala GitHub
2015,Kollam,Kottarakara,12,ICEMUKKU,NELSON THOMAS,INC,General,General,OpenDataKerala GitHub
2015,Kollam,Kottarakara,13,THOTTOM MUKKU,PAVIJA,INC,SC Woman,SC Woman,OpenDataKerala GitHub
2015,Kollam,Kottarakara,14,THRIKKANNAMANGAL,LEELA GOPINATH,CPI,Woman,Woman,OpenDataKerala GitHub
2015,Kollam,Kottarakara,15,KADALAVILA,THOMAS P MATHEW,INC,General,General,OpenDataKerala GitHub
2015,Kollam,Kottarakara,16,VELAMKONAM,SHEEBA JOJO,INC,Woman,Woman,OpenDataKerala GitHub
2015,Kollam,Kottarakara,17,E.T.C,C.MUKESH,CPI(M),General,General,OpenDataKerala GitHub
2015,Kollam,Kottarakara,18,AMBALAPPURAM,DINESHKUMAR P,CPI(M),General,General,OpenDataKerala GitHub
2015,Kollam,Kottarakara,19,ALUMPARA,N ANIRUDHAN,CPI(M),General,General,OpenDataKerala GitHub
2015,Kollam,Kottarakara,20,KALLUVATHUKKAL,D RAMAKRISHNA PILLAI,CPI,General,General,OpenDataKerala GitHub
2015,Kollam,Kottarakara,21,NEELESWARAM,KRISHNAN KUTTY NAIR,KC(B),General,General,OpenDataKerala GitHub
2015,Kollam,Kottarakara,22,AMMUMMAMUKKU,AMPILY,BJP,Woman,Woman,OpenDataKerala GitHub
2015,Kollam,Kottarakara,23,KADAMKULAM,SREEKALA,CPI(M),Woman,Woman,OpenDataKerala GitHub
2015,Kollam,Kottarakara,24,GANDHIMUKKU,ADV. K UNNIKRISHNAN MENON,CPI,General,General,OpenDataKerala GitHub
2015,Kollam,Kottarakara,25,TOWN,SYAMALA AMMA B,CPI(M),Woman,Woman,OpenDataKerala GitHub
2015,Kollam,Kottarakara,26,RAILWAY STATION,GEETHA SUDHAKARAN,CPI,Woman,Woman,OpenDataKerala GitHub
2015,Kollam,Kottarakara,27,PADINJATTINKARA,ANJU A S,CPI,SC Woman,SC Woman,OpenDataKerala GitHub
2015,Kollam,Kottarakara,28,CHENTHARA,S R RAMESH,CPI(M),General,General,OpenDataKerala GitHub
2015,Kollam,Kottarakara,29,PALAMOODU,SAINULABDEEN,CPI(M),General,General,OpenDataKerala GitHub
2015,Pathanamthitta,Adoor,1,MITHRAPURAM,OOMMEN THOMAS,INC,General,General,OpenDataKerala GitHub
2015,Pathanamthitta,Adoor,2,E.V. WARD,JAYAKRISHNAN S,INC,General,General,OpenDataKerala GitHub
2015,Pathanamthitta,Adoor,3,PANNIVIZHA,R SANAL KUMAR,CPI,General,General,OpenDataKerala GitHub
2015,Pathanamthitta,Adoor,4,SALVATION ARMY,PRASAD G,INDEPENDENT,General,General,OpenDataKerala GitHub
2015,Pathanamthitta,Adoor,5,CIVIL STATION,SHYNI JOSE,INDEPENDENT,Woman,Woman,OpenDataKerala GitHub
2015,Pathanamthitta,Adoor,6,JAWAHAR,SHYNI BOBBY,CPI,Woman,Woman,OpenDataKerala GitHub
2015,Pathanamthitta,Adoor,7,ANANDAPALLY,N D RADHAKRISHNAN,CPI,General,General,OpenDataKerala GitHub
2015,Pathanamthitta,Adoor,8,POTHRODU,MADHU T,CPI(M),SC,SC,OpenDataKerala GitHub
2015,Pathanamthitta,Adoor,9,M. G. WARD,RAJI CHERIYAN,CPI,Woman,Woman,OpenDataKerala GitHub
2015,Pathanamthitta,Adoor,10,BHAGATH SINGH,BINDU KUMARI G,INC,Woman,Woman,OpenDataKerala GitHub
2015,Pathanamthitta,Adoor,11,PANNIVIZHA EAST,MANIAMMA C,CPI(M),SC Woman,SC Woman,OpenDataKerala GitHub
2015,Pathanamthitta,Adoor,12,SANGAMAM,SASIKUMAR,INC,General,General,OpenDataKerala GitHub
2015,Pathanamthitta,Adoor,13,NETHAJI,REENA SAMUEL,INC,Woman,Woman,OpenDataKerala GitHub
2015,Pathanamthitta,Adoor,14,PARAKKODE,SINDHU THULASEEDHARAKURUP,CPI,Woman,Woman,OpenDataKerala GitHub
2015,Pathanamthitta,Adoor,15,PARAKKODE EAST,ANITHAKUMARI,INC,Woman,Woman,OpenDataKerala GitHub
2015,Pathanamthitta,Adoor,16,ANANDHARAMAPURAM,S BINU,INC,General,General,OpenDataKerala GitHub
2015,Pathanamthitta,Adoor,17,PARAKKODE WEST,M ALAVUDEEN,INC,General,General,OpenDataKerala GitHub
2015,Pathanamthitta,Adoor,18,T. B . WARD,AJI P VARGHESE,KC(M),General,General,OpenDataKerala GitHub
2015,Pathanamthitta,Adoor,19,KANNAMKODU NORTH,MARIYAMMA JACOB,INDEPENDENT,Woman,Woman,OpenDataKerala GitHub
2015,Pathanamthitta,Adoor,20,ADOOR CENTRAL,MUMTHAS A,INC,Woman,Woman,OpenDataKerala GitHub
2015,Pathanamthitta,Adoor,21,KANNAMKODU,AYOOB KUZHIVILA,CPI(M),General,General,OpenDataKerala GitHub
2015,Pathanamthitta,Adoor,22,NELLIMOOTTILPADI,ADV.BIJU VARGHESE,INC,General,General,OpenDataKerala GitHub
2015,Pathanamthitta,Adoor,23,AYYAPPANPARA,THAJUDEEN M,CPI(M),General,General,OpenDataKerala GitHub
2015,Pathanamthitta,Adoor,24,TOWN WARD,ANNAMMA ABRAHAM,INC,Woman,Woman,OpenDataKerala GitHub
2015,Pathanamthitta,Adoor,25,MUNNALAM,PRASANTH CHANDRANPILLAI,INDEPENDENT,General,General,OpenDataKerala GitHub
2015,Pathanamthitta,Adoor,26,PRIYADARSHINI,SOBHA THOMAS,INDEPENDENT,Woman,Woman,OpenDataKerala GitHub
2015,Pathanamthitta,Adoor,27,HOLYCROSS,GEETHA THANKAPPAN,INDEPENDENT,SC Woman,SC Woman,OpenDataKerala GitHub
2015,Pathanamthitta,Adoor,28,PUTHIYAKAVILCHIRA,SUSY JOSEPH,INC,Woman,Woman,OpenDataKerala GitHub
2015,Pathanamthitta,Thiruvalla,1,MUTHOOR NORTH,SARANYA T S,CPI(M),Woman,Woman,OpenDataKerala GitHub
2015,Pathanamthitta,Thiruvalla,2,CHUMATHRA,ALIKUNJU,INC,General,General,OpenDataKerala GitHub
2015,Pathanamthitta,Thiruvalla,3,ATTUCHIRA,THOMAS JACOB (THOMAS VANCHIPALAM),KC(M),General,General,OpenDataKerala GitHub
2015,Pathanamthitta,Thiruvalla,4,KIZHAKKAN MUTHOOR,K.K. SARAMMA,INDEPENDENT,Woman,Woman,OpenDataKerala GitHub
2015,Pathanamthitta,Thiruvalla,5,VARIKAD,NIZAMUDDIN.M.K,SDPI,General,General,OpenDataKerala GitHub
2015,Pathanamthitta,Thiruvalla,6,ANNAVATTOM,JOHN SIMON (BIJU KANJIRATHUMMOOTTIL),INC,General,General,OpenDataKerala GitHub
2015,Pathanamthitta,Thiruvalla,7,NATTUKADAVU,ARUNDHATHI RAJESH,INDEPENDENT,Woman,Woman,OpenDataKerala GitHub
2015,Pathanamthitta,Thiruvalla,8,COLLEGE WARD,SANTHAMMA MATHEW,KC(M),Woman,Woman,OpenDataKerala GitHub
2015,Pathanamthitta,Thiruvalla,9,AMALLOOR WEST,REENA SAMUVEL,INC,Woman,Woman,OpenDataKerala GitHub
2015,Pathanamthitta,Thiruvalla,10,AMALLOOR EAST,VARGHESE K V(THANKACHAN KANJIRAKKATTU),INC,General,General,OpenDataKerala GitHub
2015,Pathanamthitta,Thiruvalla,11,MEENTHALAKARA,JAYASREE,RSP,Woman,Woman,OpenDataKerala GitHub
2015,Pathanamthitta,Thiruvalla,12,MANJADI,SARAMMA FRANCIS,INC,Woman,Woman,OpenDataKerala GitHub
2015,Pathanamthitta,Thiruvalla,13,RAILWAY STATION,REENA MATHEW CHALAKUZHY,KC(M),Woman,Woman,OpenDataKerala GitHub
2015,Pathanamthitta,Thiruvalla,14,PUSHPAGIRI WARD,ALEYAMMA THOMAS,KC(M),Woman,Woman,OpenDataKerala GitHub
2015,Pathanamthitta,Thiruvalla,15,THYMALA,KRISHNAKUMARI .A.P,INC,SC Woman,SC Woman,OpenDataKerala GitHub
2015,Pathanamthitta,Thiruvalla,16,KATTODE,JACOB GEORGE,KC(M),General,General,OpenDataKerala GitHub
2015,Pathanamthitta,Thiruvalla,17,ERUVELLIPRA,ANISH KUMAR M C,INDEPENDENT,General,General,OpenDataKerala GitHub
2015,Pathanamthitta,Thiruvalla,18,THONDARA,AJITHA,INDEPENDENT,SC Woman,SC Woman,OpenDataKerala GitHub
2015,Pathanamthitta,Thiruvalla,19,THIRUMOOLAPURAM EAST,SHERLY SHAJI,KC(M),Woman,Woman,OpenDataKerala GitHub
2015,Pathanamthitta,Thiruvalla,20,ANJILIMOOD,VARGHESE .P. VARGHESE,KC(M),General,General,OpenDataKerala GitHub
2015,Pathanamthitta,Thiruvalla,21,THIRUMOOLAPURAM WEST,NANCY,INDEPENDENT,Woman,Woman,OpenDataKerala GitHub
2015,Pathanamthitta,Thiruvalla,22,SREE RAMAKRISHNA ASRAMAM,SATHEESH VIJAYAN,CPI(M),General,General,OpenDataKerala GitHub
2015,Pathanamthitta,Thiruvalla,23,KULAKKAD,BIJU LANKAGIRI (JOHN LANKAGIRI),KC(M),General,General,OpenDataKerala GitHub
2015,Pathanamthitta,Thiruvalla,24,THUKALLASSERY,MANOJ KUMAR,BJP,General,General,OpenDataKerala GitHub
2015,Pathanamthitta,Thiruvalla,25,MATHIL BHAGAM,GIGISH KUMAR V,BJP,SC,SC,OpenDataKerala GitHub
2015,Pathanamthitta,Thiruvalla,26,KIZHAKKUMMURI,R JAYAKUMAR,INC,General,General,OpenDataKerala GitHub
2015,Pathanamthitta,Thiruvalla,27,SREEVALLABHA,RADHAKRISHNAN,BJP,General,General,OpenDataKerala GitHub
2015,Pathanamthitta,Thiruvalla,28,KAVUMBHAGOM,C MATHAI,INDEPENDENT,General,General,OpenDataKerala GitHub
2015,Pathanamthitta,Thiruvalla,29,UTHRAMEL,ELSY GEORGE,INC,Woman,Woman,OpenDataKerala GitHub
2015,Pathanamthitta,Thiruvalla,30,AZHIYIDATHUCHIRA,BINDU,BJP,Woman,Woman,OpenDataKerala GitHub
2015,Pathanamthitta,Thiruvalla,31,MANNANKARACHIRA,SREERENJINI S PILLAI,INC,Woman,Woman,OpenDataKerala GitHub
2015,Pathanamthitta,Thiruvalla,32,ANCHALKUTTY,SUJA MATHEW,INC,Woman,Woman,OpenDataKerala GitHub
2015,Pathanamthitta,Thiruvalla,33,M G M WARD,M P GOPALAKRISHANAN,CPI(M),General,General,OpenDataKerala GitHub
2015,Pathanamthitta,Thiruvalla,34,MARY GIRI,CHERIAN POLACHIRACKAL,KC(M),General,General,OpenDataKerala GitHub
2015,Pathanamthitta,Thiruvalla,35,TOWN WARD,SHEELA VARGHESE,KC(M),Woman,Woman,OpenDataKerala GitHub
2015,Pathanamthitta,Thiruvalla,36,RAMANCHIRA,SHAJI THIRUVALLA,JD(S),General,General,OpenDataKerala GitHub
2015,Pathanamthitta,Thiruvalla,37,J P NAGAR,ANU GEORGE,INC,Woman,Woman,OpenDataKerala GitHub
2015,Pathanamthitta,Thiruvalla,38,KOTTALIL,PADMAVATHIAMMA,INDEPENDENT,Woman,Woman,OpenDataKerala GitHub
2015,Pathanamthitta,Thiruvalla,39,MUTHOOR,SURESH KUMAR P S,INDEPENDENT,General,General,OpenDataKerala GitHub
2015,Pathanamthitta,Pathanamthitta,1,PERINGAMALA,P K ANEESH,CPI(M),General,General,OpenDataKerala GitHub
2015,Pathanamthitta,Pathanamthitta,2,ANCHAKKALA,SOBHA K MATHEW,CPI(M),Woman,Woman,OpenDataKerala GitHub
2015,Pathanamthitta,Pathanamthitta,3,VANCHIPOIKA,R HAREESH,CPI(M),SC,SC,OpenDataKerala GitHub
2015,Pathanamthitta,Pathanamthitta,4,VETTIPPURAM,SHINY,KC(M),Woman,Woman,OpenDataKerala GitHub
2015,Pathanamthitta,Pathanamthitta,5,SARADAMADOM,ROSELIN SANTHOSH,INC,Woman,Woman,OpenDataKerala GitHub
2015,Pathanamthitta,Pathanamthitta,6,MUNDUKOTTACKAL,SAJI K SIMON,INC,General,General,OpenDataKerala GitHub
2015,Pathanamthitta,Pathanamthitta,7,POOVANPARA,SAJINI MOHAN,INC,Woman,Woman,OpenDataKerala GitHub
2015,Pathanamthitta,Pathanamthitta,8,THYCAVU,SINDHU ANIL,INC,Woman,Woman,OpenDataKerala GitHub
2015,Pathanamthitta,Pathanamthitta,9,PATTAMKULAM,BEENA SHEREEF,IUML,Woman,Woman,OpenDataKerala GitHub
2015,Pathanamthitta,Pathanamthitta,10,PETTA SOUTH,VALSALA,SDPI,SC Woman,SC Woman,OpenDataKerala GitHub
2015,Pathanamthitta,Pathanamthitta,11,PETTA NORTH,ADV. VALSAN T KOSHY,INC,General,General,OpenDataKerala GitHub
2015,Pathanamthitta,Pathanamthitta,12,KAIRALIPURAM,JOHNSON V R,CPI(M),General,General,OpenDataKerala GitHub
2015,Pathanamthitta,Pathanamthitta,13,KULASEKHARAPATHI,ANZER MUHAMMED,INDEPENDENT,General,General,OpenDataKerala GitHub
2015,Pathanamthitta,Pathanamthitta,14,ARABIC COLLEGE,RAJEENA BEEVI A,CPI(M),Woman,Woman,OpenDataKerala GitHub
2015,Pathanamthitta,Pathanamthitta,15,KUMBAZHA NORTH,K R ARAVINDAKSHAN NAIR,INC,General,General,OpenDataKerala GitHub
2015,Pathanamthitta,Pathanamthitta,16,MYLADUMPARA THAZHAM,BIJIMOL MATHEW,KC(M),Woman,Woman,OpenDataKerala GitHub
2015,Pathanamthitta,Pathanamthitta,17,MYLADUMPARA,V MURALEEDHARAN,CPI(M),General,General,OpenDataKerala GitHub
2015,Pathanamthitta,Pathanamthitta,18,PLAVELI,DIPU OOMMEN,KC(M),General,General,OpenDataKerala GitHub
2015,Pathanamthitta,Pathanamthitta,19,KUMBAZHA EAST,AMBIKA VENU,INC,Woman,Woman,OpenDataKerala GitHub
2015,Pathanamthitta,Pathanamthitta,20,KUMBAZHA SOUTH,P V ASHOK KUMAR,CPI(M),General,General,OpenDataKerala GitHub
2015,Pathanamthitta,Pathanamthitta,21,KUMBAZHA WEST,AMEENA M (AMEENA HIDERALI),INC,General,General,OpenDataKerala GitHub
2015,Pathanamthitta,Pathanamthitta,22,CHUTTIPPARA EAST,SAGEER A,IUML,General,General,OpenDataKerala GitHub
2015,Pathanamthitta,Pathanamthitta,23,CHUTTIPPARA,RAJEENA SHERIF(RAJEENA BEEGUM),INC,Woman,Woman,OpenDataKerala GitHub
2015,Pathanamthitta,Pathanamthitta,24,VALAMCHUZHY,ADV.GEETHA SURESH,INC,Woman,Woman,OpenDataKerala GitHub
2015,Pathanamthitta,Pathanamthitta,25,KALLARAKADAV,ADV.ROSHAN NAIR,INC,General,General,OpenDataKerala GitHub
2015,Pathanamthitta,Pathanamthitta,26,AZHOOR WEST,SASYA SAJEEV,INC,Woman,Woman,OpenDataKerala GitHub
2015,Pathanamthitta,Pathanamthitta,27,AZHOOR,SUBHA T R,CPI,Woman,Woman,OpenDataKerala GitHub
2015,Pathanamthitta,Pathanamthitta,28,KODUMTHARA,REJANI PRADEEP,INC,Woman,Woman,OpenDataKerala GitHub
2015,Pathanamthitta,Pathanamthitta,29,COLLEGE,SUSEELA PUSHPAN,INC,SC Woman,SC Woman,OpenDataKerala GitHub
2015,Pathanamthitta,Pathanamthitta,30,TOWN WARD,P K JACOB,KC(M),General,General,OpenDataKerala GitHub
2015,Pathanamthitta,Pathanamthitta,31,KARIMPANAKUZHY,ABEL MATHEW,INC,General,General,OpenDataKerala GitHub
2015,Pathanamthitta,Pathanamthitta,32,CHURULICODE,JASINKUTTY,INC,General,General,OpenDataKerala GitHub
2015,Pathanamthitta,Pandalam,1,THOTTAKONAM WEST,K.R.VIJAYAKUMAR,INC,General,General,OpenDataKerala GitHub
2015,Pathanamthitta,Pandalam,2,THOTTAKONAM EAST,SUNITHA K,INC,Woman,Woman,OpenDataKerala GitHub
2015,Pathanamthitta,Pandalam,3,MULAMPUZHA,MANJU VISWANATH,INC,SC Woman,SC Woman,OpenDataKerala GitHub
2015,Pathanamthitta,Pandalam,4,MULAMPUZHA EAST,G ANIL KUMAR,INC,General,General,OpenDataKerala GitHub
2015,Pathanamthitta,Pandalam,5,MANGARAM WEST,VIJAYAKUMAR V V,CPI(M),General,General,OpenDataKerala GitHub
2015,Pathanamthitta,Pandalam,6,MANGARAM EAST,K R RAVI,KC(M),General,General,OpenDataKerala GitHub
2015,Pathanamthitta,Pandalam,7,THONNALLOOR EAST,SUDHA M P,BJP,SC Woman,SC Woman,OpenDataKerala GitHub
2015,Pathanamthitta,Pandalam,8,THONNALLOOR SOUTH,LESITHA NAIR,CPI(M),Woman,Woman,OpenDataKerala GitHub
2015,Pathanamthitta,Pandalam,9,ULAMAYIL,T R KRISHNAVENI,CPI(M),SC Woman,SC Woman,OpenDataKerala GitHub
2015,Pathanamthitta,Pandalam,10,KADAKKAD,HASEENA M R,SDPI,Woman,Woman,OpenDataKerala GitHub
2015,Pathanamthitta,Pandalam,11,KADAKKAD EAST,NAUSHAD RAWTHER,INC,General,General,OpenDataKerala GitHub
2015,Pathanamthitta,Pandalam,12,KURAMPALA NORTH,SREELEKHA R,BJP,Woman,Woman,OpenDataKerala GitHub
2015,Pathanamthitta,Pandalam,13,KURAMPALA SOUTH,K V PRABHA,BJP,SC,SC,OpenDataKerala GitHub
2015,Pathanamthitta,Pandalam,14,KURAMPALA TOWN,DHANYA MOHAN,BJP,General,General,OpenDataKerala GitHub
2015,Pathanamthitta,Pandalam,15,KURAMPALA WEST,N SARASWTHIAMMA,CPI(M),Woman,Woman,OpenDataKerala GitHub
2015,Pathanamthitta,Pandalam,16,ATHIRAMALA EAST,M G RAMANAN,INC,General,General,OpenDataKerala GitHub
2015,Pathanamthitta,Pandalam,17,ATHIRAMALA WEST,AJITHA KUMARI P G,CPI(M),Woman,Woman,OpenDataKerala GitHub
2015,Pathanamthitta,Pandalam,18,IDAYADI SOUTH,SREEKUMARI J,CPI(M),Woman,Woman,OpenDataKerala GitHub
2015,Pathanamthitta,Pandalam,19,IDAYADI,A RAMAN,CPI(M),SC,SC,OpenDataKerala GitHub
2015,Pathanamthitta,Pandalam,20,THAVALAMKULAM,ZEENA K,BJP,Woman,Woman,OpenDataKerala GitHub
2015,Pathanamthitta,Pandalam,21,THAVALAMKULAM SOUTH,R JAYAN,CPI,General,General,OpenDataKerala GitHub
2015,Pathanamthitta,Pandalam,22,CHIRAMUDI,SREELATHA S,BJP,Woman,Woman,OpenDataKerala GitHub
2015,Pathanamthitta,Pandalam,23,CHIRAMUDI NORTH,SUMESH KUMAR S,BJP,SC,SC,OpenDataKerala GitHub
2015,Pathanamthitta,Pandalam,24,POOZHIKKADU,ANIE JOHN,INC,Woman,Woman,OpenDataKerala GitHub
2015,Pathanamthitta,Pandalam,25,MEDICAL MISSION,PANDALAM MAHESH,INC,General,General,OpenDataKerala GitHub
2015,Pathanamthitta,Pandalam,26,PANDALAM TOWN,K S SIVAKUMAR,RSP,General,General,OpenDataKerala GitHub
2015,Pathanamthitta,Pandalam,27,PANDALAM TOWN WEST,N G SURENDRAN,INC,General,General,OpenDataKerala GitHub
2015,Pathanamthitta,Pandalam,28,MUTTAR,LAILA SHAHUL,CPI(M),Woman,Woman,OpenDataKerala GitHub
2015,Pathanamthitta,Pandalam,29,POOZHIKKADU WEST,NISHA JOHN,CPI,Woman,Woman,OpenDataKerala GitHub
2015,Pathanamthitta,Pandalam,30,M.S.M,D RAVEEDRAN,CPI(M),General,General,OpenDataKerala GitHub
2015,Pathanamthitta,Pandalam,31,CHERIKKAL EAST,SHAH A,CPI(M),General,General,OpenDataKerala GitHub
2015,Pathanamthitta,Pandalam,32,CHERIKKAL WEST,T.K SATHI,CPI(M),Woman,Woman,OpenDataKerala GitHub
2015,Pathanamthitta,Pandalam,33,MUDIYOORKONAM,RADHA RAMACHANDRAN,CPI(M),Woman,Woman,OpenDataKerala GitHub
2015,Alappuzha,Chengannur,1,MUNDENCAVU,KUNJOONJAMMA (KUNJOONJAMMA PARAMPATHOOR),KC(M),Woman,Woman,OpenDataKerala GitHub
2015,Alappuzha,Chengannur,2,KODIYATTUKARA,SUDHAMONI S,BJP,Woman,Woman,OpenDataKerala GitHub
2015,Alappuzha,Chengannur,3,TEMPLE,BHARGAVI T T (BHARGAVI TEACHER),BJP,SC Woman,SC Woman,OpenDataKerala GitHub
2015,Alappuzha,Chengannur,4,MITHRAPPUZHA,B JAYAKUMAR,BJP,General,General,OpenDataKerala GitHub
2015,Alappuzha,Chengannur,5,VAZHARMANGALAM,VALSALA MOHAN,INC,Woman,Woman,OpenDataKerala GitHub
2015,Alappuzha,Chengannur,6,MANGALAM SOUTH,BETCY THOMAS,INC,Woman,Woman,OpenDataKerala GitHub
2015,Alappuzha,Chengannur,7,MANGALAM NORTH,SAJAN SAMUEL,CPI(M),General,General,OpenDataKerala GitHub
2015,Alappuzha,Chengannur,8,EDANAD WEST,P R PRADEEP KUMAR,CPI,General,General,OpenDataKerala GitHub
2015,Alappuzha,Chengannur,9,EDANAD EAST,DEVI,CPI(M),Woman,Woman,OpenDataKerala GitHub
2015,Alappuzha,Chengannur,10,PUTHENCAVU EAST,VALSAMMA ABRAHAM,KC(M),General,General,OpenDataKerala GitHub
2015,Alappuzha,Chengannur,11,ARATTUKADAVU,B SUDEEP,CPI(M),General,General,OpenDataKerala GitHub
2015,Alappuzha,Chengannur,12,PUTHENCAVU WEST,ABY CHACKO,INDEPENDENT,General,General,OpenDataKerala GitHub
2015,Alappuzha,Chengannur,13,SASTHAMKULANGARA,GEETHA KUSHAN,KC,SC Woman,SC Woman,OpenDataKerala GitHub
2015,Alappuzha,Chengannur,14,ANGADICKAL,SOBHA VARGHESE,INC,Woman,Woman,OpenDataKerala GitHub
2015,Alappuzha,Chengannur,15,MALAYIL,K SHIBURAJAN,INC,SC,SC,OpenDataKerala GitHub
2015,Alappuzha,Chengannur,16,I T I,SUJA JOHN,INC,Woman,Woman,OpenDataKerala GitHub
2015,Alappuzha,Chengannur,17,COLLEGE,SUSAMMA ABRAHAM,INC,Woman,Woman,OpenDataKerala GitHub
2015,Alappuzha,Chengannur,18,ANGADICKAL SOUTH,K N HARIDAS,CPI(M),General,General,OpenDataKerala GitHub
2015,Alappuzha,Chengannur,19,HATCHERY,SREEKALA S,CPI(M),Woman,Woman,OpenDataKerala GitHub
2015,Alappuzha,Chengannur,20,MOOLAPPADAVU,ANILKUMAR (BABU),CPI(M),General,General,OpenDataKerala GitHub
2015,Alappuzha,Chengannur,21,THITTAMEL,SALLY (SALLY JAMES),INC,Woman,Woman,OpenDataKerala GitHub
2015,Alappuzha,Chengannur,22,PANDAVANPARA,V V AJAYAN,CPI(M),General,General,OpenDataKerala GitHub
2015,Alappuzha,Chengannur,23,BETHEL,MERCY JOHN,KC(M),Woman,Woman,OpenDataKerala GitHub
2015,Alappuzha,Chengannur,24,TOWN,SREEDEVI BALAKRISHNAN,BJP,Woman,Woman,OpenDataKerala GitHub
2015,Alappuzha,Chengannur,25,RAILWAY STATION,THOMAS VARGHESE (RAJAN KANNATTU),KC,General,General,OpenDataKerala GitHub
2015,Alappuzha,Chengannur,26,VANDIMALA,SHERLY,INC,General,General,OpenDataKerala GitHub
2015,Alappuzha,Chengannur,27,VALIYAPALLI,JOHN M THOMAS,INC,General,General,OpenDataKerala GitHub
2015,Alappuzha,Mavelikara,1,MATTOM NORTH,SREE RANJINI AMMA,BJP,Woman,Woman,OpenDataKerala GitHub
2015,Alappuzha,Mavelikara,2,KURUVIKKADU,JAYASREE AJAYAKUMAR,BJP,Woman,Woman,OpenDataKerala GitHub
2015,Alappuzha,Mavelikara,3,KANDIYOOR,LATHA G,BJP,Woman,Woman,OpenDataKerala GitHub
2015,Alappuzha,Mavelikara,4,MUNICIPAL BUS STAND,K GOPAN,INC,General,General,OpenDataKerala GitHub
2015,Alappuzha,Mavelikara,5,PRAYIKKARA TEMPLE,LEELAMANY S,CPI(M),Woman,Woman,OpenDataKerala GitHub
2015,Alappuzha,Mavelikara,6,PRAYIKKARA,AJANTHA PRASAD,CPI(M),SC Woman,SC Woman,OpenDataKerala GitHub
2015,Alappuzha,Mavelikara,7,GOVT. HOSPITAL WARD,SAJINI JOHN,INDEPENDENT,Woman,Woman,OpenDataKerala GitHub
2015,Alappuzha,Mavelikara,8,THAZHAKKARA,JEEMOL CHERIAN,KC,Woman,Woman,OpenDataKerala GitHub
2015,Alappuzha,Mavelikara,9,PUTHIYAKAVU MARKET,SHINY THOMAS,CPI(M),Woman,Woman,OpenDataKerala GitHub
2015,Alappuzha,Mavelikara,10,KOTTARKAVU,PRASANNA BABU,INC,SC Woman,SC Woman,OpenDataKerala GitHub
2015,Alappuzha,Mavelikara,11,RAILWAY STATION,MADHUBALA NATARAJAN,CPI(M),Woman,Woman,OpenDataKerala GitHub
2015,Alappuzha,Mavelikara,12,KALLUMALA,SATHI KOMALAN,CPI(M),General,General,OpenDataKerala GitHub
2015,Alappuzha,Mavelikara,13,UMBERNADU,AMBIKA SIVAN,CPI(M),Woman,Woman,OpenDataKerala GitHub
2015,Alappuzha,Mavelikara,14,AYURVEDA HOSPITAL,KRISHNAKUMARI,INC,Woman,Woman,OpenDataKerala GitHub
2015,Alappuzha,Mavelikara,15,POWER HOUSE,KOSHY THUNDU PARAMPIL,KC(J),General,General,OpenDataKerala GitHub
2015,Alappuzha,Mavelikara,16,PADEETHODU,K PADMAKARAN,CPI(M),SC,SC,OpenDataKerala GitHub
2015,Alappuzha,Mavelikara,17,PUNNAMOOD MARKET,K. HEMACHANDRAN,CPI(M),General,General,OpenDataKerala GitHub
2015,Alappuzha,Mavelikara,18,PONAKAM,ADV. NAVEEN MATHEW DAVID,CPI(M),General,General,OpenDataKerala GitHub
2015,Alappuzha,Mavelikara,19,FACTORY,LEELA ABHILASH,CPI(M),General,General,OpenDataKerala GitHub
2015,Alappuzha,Mavelikara,20,CIVIL STATION WARD,VJAYAMMA UNNIKRISHNAN,BJP,General,General,OpenDataKerala GitHub
2015,Alappuzha,Mavelikara,21,KOCHICKAL SOUTH,P K MAHENDRAN,CPI(M),General,General,OpenDataKerala GitHub
2015,Alappuzha,Mavelikara,22,PONNARAM THOTTAM,SHAJI M PANICKER,INDEPENDENT,General,General,OpenDataKerala GitHub
2015,Alappuzha,Mavelikara,23,KOTTAKKAKAM,SUJATHA DEVI S,BJP,Woman,Woman,OpenDataKerala GitHub
2015,Alappuzha,Mavelikara,24,MUNICIPAL OFFICE,S RAJESH,BJP,General,General,OpenDataKerala GitHub
2015,Alappuzha,Mavelikara,25,KOCHIKKAL,M RAMESH KUMAR,INC,SC,SC,OpenDataKerala GitHub
2015,Alappuzha,Mavelikara,26,PANACHAMOODU,RAJESH KUMAR,BJP,General,General,OpenDataKerala GitHub
2015,Alappuzha,Mavelikara,27,KANDIYOOR SOUTH,UMAYAMMA VIJAYAKUMAR,BJP,Woman,Woman,OpenDataKerala GitHub
2015,Alappuzha,Mavelikara,28,THATTARAMBALAM,C SURESH,CPI(M),General,General,OpenDataKerala GitHub
2015,Alappuzha,Cherthala,1,SAKTHEESWARAM,G K AJITH,CPI,General,General,OpenDataKerala GitHub
2015,Alappuzha,Cherthala,2,MOOLAYIL,V T JOSEPH,KC(M),General,General,OpenDataKerala GitHub
2015,Alappuzha,Cherthala,3,POWER HOUSE,R MURALI,INC,SC,SC,OpenDataKerala GitHub
2015,Alappuzha,Cherthala,4,MANNUKUZHI,USHADAYADAS,CPI(M),Woman,Woman,OpenDataKerala GitHub
2015,Alappuzha,Cherthala,5,NEDUMBRAKAD,SHEEBA JAGADAPPAN,INC,Woman,Woman,OpenDataKerala GitHub
2015,Alappuzha,Cherthala,6,PARAPPEL,A ARUNLAL,INC,General,General,OpenDataKerala GitHub
2015,Alappuzha,Cherthala,7,SASTHA,LEENA N,INC,Woman,Woman,OpenDataKerala GitHub
2015,Alappuzha,Cherthala,8,KULATHRAKADU,B FAISAL,INC,General,General,OpenDataKerala GitHub
2015,Alappuzha,Cherthala,9,SAVESSERY,SUNIMOL S,CPI(M),Woman,Woman,OpenDataKerala GitHub
2015,Alappuzha,Cherthala,10,KALIKULAM,N R BABURAJ,CPI(M),General,General,OpenDataKerala GitHub
2015,Alappuzha,Cherthala,11,MUNICIPAL OFFICE,JYOTHI MOL P,INDEPENDENT,Woman,Woman,OpenDataKerala GitHub
2015,Alappuzha,Cherthala,12,X RAY,SREELEKHA NAIR,INC,Woman,Woman,OpenDataKerala GitHub
2015,Alappuzha,Cherthala,13,CIVIL STATION,JYOTHISH,BJP,General,General,OpenDataKerala GitHub
2015,Alappuzha,Cherthala,14,CHAKKARKULAM,RADHAMANI K,CPI,Woman,Woman,OpenDataKerala GitHub
2015,Alappuzha,Cherthala,15,KURIKKACHIRA,BIJI MOL,INC,Woman,Woman,OpenDataKerala GitHub
2015,Alappuzha,Cherthala,16,POLY TECHNIC,P UNNIKRISHNAN,INC,General,General,OpenDataKerala GitHub
2015,Alappuzha,Cherthala,17,CHERAKULAM,GIRIJA RAVEENDRAN,INC,Woman,Woman,OpenDataKerala GitHub
2015,Alappuzha,Cherthala,18,AMBEDKAR,K RETNAVALLY,CPI(M),Woman,Woman,OpenDataKerala GitHub
2015,Alappuzha,Cherthala,19,ARATTUVAZHY,MANOJ M B,CPI(M),General,General,OpenDataKerala GitHub
2015,Alappuzha,Cherthala,20,VATTAVELI,M SAHADEVAN,CPI(M),General,General,OpenDataKerala GitHub
2015,Alappuzha,Cherthala,21,KARUVAYIL,DEEPA VINOD,CPI(M),Woman,Woman,OpenDataKerala GitHub
2015,Alappuzha,Cherthala,22,MINI MARKET,MADHURI SABU,CPI(M),Woman,Woman,OpenDataKerala GitHub
2015,Alappuzha,Cherthala,23,KATTANGANATTU,PREETHA,CPI(M),Woman,Woman,OpenDataKerala GitHub
2015,Alappuzha,Cherthala,24,ST MARTIN,B BHASI,INC,General,General,OpenDataKerala GitHub
2015,Alappuzha,Cherthala,25,PALLUVALLUVELY,PRAMEELA K N,INC,Woman,Woman,OpenDataKerala GitHub
2015,Alappuzha,Cherthala,26,VALLAYIL,LALY KURIAKOSE,KC(M),Woman,Woman,OpenDataKerala GitHub
2015,Alappuzha,Cherthala,27,EDATHIL,JOSEPH(BABU MULLANCHIRA),INC,General,General,OpenDataKerala GitHub
2015,Alappuzha,Cherthala,28,MUNI. BUS STAND,TOMY ABRAHAM,Con(S),General,General,OpenDataKerala GitHub
2015,Alappuzha,Cherthala,29,T D AMBALAM,SURESHKUMAR V A,BJP,General,General,OpenDataKerala GitHub
2015,Alappuzha,Cherthala,30,MUTTAM BAZAR,BEENAMMA VARGHESE,CPI,Woman,Woman,OpenDataKerala GitHub
2015,Alappuzha,Cherthala,31,VELORVATTAM,SINDHU BAIJU,INC,Woman,Woman,OpenDataKerala GitHub
2015,Alappuzha,Cherthala,32,KUTTIKATTU,ISSAC MADAVANA,INC,General,General,OpenDataKerala GitHub
2015,Alappuzha,Cherthala,33,KIZHAKKENALPATHU,C K UNNIKRISHNAN,INC,General,General,OpenDataKerala GitHub
2015,Alappuzha,Cherthala,34,RAILWAY STATION,C D SANKAR,INC,General,General,OpenDataKerala GitHub
2015,Alappuzha,Cherthala,35,KURUPPANATTUKARA,REJITHA ASHOKAN,CPI(M),Woman,Woman,OpenDataKerala GitHub
2015,Alappuzha,Kayamkulam,1,TOWN U P S,K P KRISHNAKUMARI,INC,Woman,Woman,OpenDataKerala GitHub
2015,Alappuzha,Kayamkulam,2,KOTTUKULANGARA,A IRSHAD,IUML,General,General,OpenDataKerala GitHub
2015,Alappuzha,Kayamkulam,3,ARACKAL,NAVAS MUHAMMED KUNJU,IUML,General,General,OpenDataKerala GitHub
2015,Alappuzha,Kayamkulam,4,MUHAYIDHEEN PALLY,ABDUL MANAF,CPI(M),General,General,OpenDataKerala GitHub
2015,Alappuzha,Kayamkulam,5,VALIYAPARAMB,SUMAYYA,IUML,Woman,Woman,OpenDataKerala GitHub
2015,Alappuzha,Kayamkulam,6,MAVILATH,KADAYIL RAJAN,INC,General,General,OpenDataKerala GitHub
2015,Alappuzha,Kayamkulam,7,ERUVA TEMPLE,A NOUSHAD(NIZA KAVIL),INC,General,General,OpenDataKerala GitHub
2015,Alappuzha,Kayamkulam,8,WAREHOUSE,SHIJI,CPI,General,General,OpenDataKerala GitHub
2015,Alappuzha,Kayamkulam,9,MARKET,SAJNA,JD(S),Woman,Woman,OpenDataKerala GitHub
2015,Alappuzha,Kayamkulam,10,SREEVITOBHA,RAJESH KAMATH,BJP,General,General,OpenDataKerala GitHub
2015,Alappuzha,Kayamkulam,11,GURUMANDIRAM,RAMANI DEVARAJAN,BJP,Woman,Woman,OpenDataKerala GitHub
2015,Alappuzha,Kayamkulam,12,ERUVA,SUSHAMA J,CPI(M),General,General,OpenDataKerala GitHub
2015,Alappuzha,Kayamkulam,13,KAKKANADU,S SADASIVAN,BJP,General,General,OpenDataKerala GitHub
2015,Alappuzha,Kayamkulam,14,MADRASA,KARISHMA . S,INDEPENDENT,Woman,Woman,OpenDataKerala GitHub
2015,Alappuzha,Kayamkulam,15,RAILWAY STATION,A HASSAN KOYA,INC,General,General,OpenDataKerala GitHub
2015,Alappuzha,Kayamkulam,16,CHEPPALLIL,PALAMUTTATHU VIJAYAKUMAR,BJP,General,General,OpenDataKerala GitHub
2015,Alappuzha,Kayamkulam,17,KARIMUTTOM,SUSEELA RAVI,CPI(M),Woman,Woman,OpenDataKerala GitHub
2015,Alappuzha,Kayamkulam,18,KOYPPALLY KARANMA,N. SIVADASAN,CPI(M),General,General,OpenDataKerala GitHub
2015,Alappuzha,Kayamkulam,19,PERUNGALA KIZHAKKU,SHANAVAS,INC,General,General,OpenDataKerala GitHub
2015,Alappuzha,Kayamkulam,20,PERINGALA WEST,MUHAMMED JALEEL,CPI,General,General,OpenDataKerala GitHub
2015,Alappuzha,Kayamkulam,21,NELLU GAVESHANAKENDRAM,R GIRIJA,CPI,Woman,Woman,OpenDataKerala GitHub
2015,Alappuzha,Kayamkulam,22,MURIKKUMMOODU,DEEPU R,CPI(M),ST,ST,OpenDataKerala GitHub
2015,Alappuzha,Kayamkulam,23,PULLIKKANAKKU,P.SASIKALA,CPI(M),Woman,Woman,OpenDataKerala GitHub
2015,Alappuzha,Kayamkulam,24,INDUSTRIAL ESTATE,SHAMILA ANIMON,INDEPENDENT,Woman,Woman,OpenDataKerala GitHub
2015,Alappuzha,Kayamkulam,25,INDUSTRIAL ESTATE,ADV:U.MUHAMMED,INC,General,General,OpenDataKerala GitHub
2015,Alappuzha,Kayamkulam,26,CHERAVALLY,RANJINI.S,CPI(M),Woman,Woman,OpenDataKerala GitHub
2015,Alappuzha,Kayamkulam,27,KALLUMMOODU,S.KESUNATH,CPI(M),General,General,OpenDataKerala GitHub
2015,Alappuzha,Kayamkulam,28,MENATHERIL,SUDHA HARI,CPI(M),General,General,OpenDataKerala GitHub
2015,Alappuzha,Kayamkulam,29,AMBALAPPATTU,ANITHA SHAJI,CPI(M),Woman,Woman,OpenDataKerala GitHub
2015,Alappuzha,Kayamkulam,30,THOTTAVILA GAVESHANAKENDRAM,K.K.ANILKUMAR,INDEPENDENT,General,General,OpenDataKerala GitHub
2015,Alappuzha,Kayamkulam,31,KRISHNAPURAM TEMPLE,OMANA ANIL,BJP,Woman,Woman,OpenDataKerala GitHub
2015,Alappuzha,Kayamkulam,32,FACTORY,BHAMINI SAURABHAN,INC,Woman,Woman,OpenDataKerala GitHub
2015,Alappuzha,Kayamkulam,33,CHIRAKKADAVAM,M.A.K.AZAD,INC,General,General,OpenDataKerala GitHub
2015,Alappuzha,Kayamkulam,34,PUTHIYIDAM SOUTH,D ASWANIDEV,BJP,General,General,OpenDataKerala GitHub
2015,Alappuzha,Kayamkulam,35,PUTHIYIDAM NORTH,MILIN.S.VARGHESE,KC(M),Woman,Woman,OpenDataKerala GitHub
2015,Alappuzha,Kayamkulam,36,MUNICIPAL OFFICE,SHEEBA DAS,INC,Woman,Woman,OpenDataKerala GitHub
2015,Alappuzha,Kayamkulam,37,COLLEGE,ATTAKKUNJU,INL,Woman,Woman,OpenDataKerala GitHub
2015,Alappuzha,Kayamkulam,38,POLY TECHNIC,GAYATHRI THAMPAN,INC,Woman,Woman,OpenDataKerala GitHub
2015,Alappuzha,Kayamkulam,39,HOMOEO HOSPITAL,A.ABDUL JALEEL,CPI(M),General,General,OpenDataKerala GitHub
2015,Alappuzha,Kayamkulam,40,KOTTAKKADAVU,KARUVIL NIZAR,JD(U),General,General,OpenDataKerala GitHub
2015,Alappuzha,Kayamkulam,41,MOOLASSERIL,SUREKHA DILEEP,BJP,General,General,OpenDataKerala GitHub
2015,Alappuzha,Kayamkulam,42,PULIMUKKU,REJILA NAZAR,CPI(M),Woman,Woman,OpenDataKerala GitHub
2015,Alappuzha,Kayamkulam,43,IKYA JUNCTION,MINI SALIM,CPI,Woman,Woman,OpenDataKerala GitHub
2015,Alappuzha,Kayamkulam,44,KANNAMBALLY,SHEEJA NAZAR,INC,Woman,Woman,OpenDataKerala GitHub
2015,Alappuzha,Alappuzha,1,THUMPOLY,K J NISHAD,INC,General,General,OpenDataKerala GitHub
2015,Alappuzha,Alappuzha,2,KOMMADY,K J PRAVEEN,CPI(M),General,General,OpenDataKerala GitHub
2015,Alappuzha,Alappuzha,3,POONTHOPPU,R SHEEBA,CPI(M),Woman,Woman,OpenDataKerala GitHub
2015,Alappuzha,Alappuzha,4,KALATH,PRABHA VIJAYAN,CPI(M),Woman,Woman,OpenDataKerala GitHub
2015,Alappuzha,Alappuzha,5,KOTTAMKULANGARA,PARVATHY SANGEETH,BJP,Woman,Woman,OpenDataKerala GitHub
2015,Alappuzha,Alappuzha,6,PUNNAMADA,K A SABU,INC,General,General,OpenDataKerala GitHub
2015,Alappuzha,Alappuzha,7,NEHRUTROPHY,D SALIMKUMAR,CPI(M),General,General,OpenDataKerala GitHub
2015,Alappuzha,Alappuzha,8,THIRUMALA,JAYAPRASAD,CPI(M),General,General,OpenDataKerala GitHub
2015,Alappuzha,Alappuzha,9,PALLATHURUTHY,D LEKSHMANAN,CPI(M),General,General,OpenDataKerala GitHub
2015,Alappuzha,Alappuzha,10,KALARCODE,SALILA KUMARY L,BJP,Woman,Woman,OpenDataKerala GitHub
2015,Alappuzha,Alappuzha,11,KAITHAVANA,PRASANNA CHITHRAKUMAR,CPI(M),Woman,Woman,OpenDataKerala GitHub
2015,Alappuzha,Alappuzha,12,PAZHAVEEDU,SHEELA MOHAN,CPI(M),Woman,Woman,OpenDataKerala GitHub
2015,Alappuzha,Alappuzha,13,PALACE,SHOLY C S,INC,Woman,Woman,OpenDataKerala GitHub
2015,Alappuzha,Alappuzha,14,MULLACKAL,RANI RAMAKRISHNAN,BJP,Woman,Woman,OpenDataKerala GitHub
2015,Alappuzha,Alappuzha,15,DISTRICT COURT,B MEHABOOB,INC,General,General,OpenDataKerala GitHub
2015,Alappuzha,Alappuzha,16,THATHAMPALLY,THOMAS JOSEPH,INC,General,General,OpenDataKerala GitHub
2015,Alappuzha,Alappuzha,17,KARALAKAM,R R JOSHYRAJ,INC,General,General,OpenDataKerala GitHub
2015,Alappuzha,Alappuzha,18,AVALOOKUNNU,ADV. G MANOJKUMAR,INC,General,General,OpenDataKerala GitHub
2015,Alappuzha,Alappuzha,19,KARUKAYIL,P M SALINI,CPI(M),Woman,Woman,OpenDataKerala GitHub
2015,Alappuzha,Alappuzha,20,THONDANKULANGARA,K BABU,CPI(M),General,General,OpenDataKerala GitHub
2015,Alappuzha,Alappuzha,21,ASRAMAM,M R PREM,CPI(M),General,General,OpenDataKerala GitHub
2015,Alappuzha,Alappuzha,22,MANNATHU,ADV. A A RASAK,IUML,General,General,OpenDataKerala GitHub
2015,Alappuzha,Alappuzha,23,KIDANGAMPARAMBU,I LATHA,INC,Woman,Woman,OpenDataKerala GitHub
2015,Alappuzha,Alappuzha,24,VAZHICHERRY,BINDHU THOMAS KALARICKAL,KC(M),Woman,Woman,OpenDataKerala GitHub
2015,Alappuzha,Alappuzha,25,MUNICIPAL OFFICE,KAVITHA A S,CPI(M),Woman,Woman,OpenDataKerala GitHub
2015,Alappuzha,Alappuzha,26,A.N. PURAM,R HARI,BJP,General,General,OpenDataKerala GitHub
2015,Alappuzha,Alappuzha,27,THIRUVAMPADY,JYOTHIMOL C,INC,Woman,Woman,OpenDataKerala GitHub
2015,Alappuzha,Alappuzha,28,HOUSING COLONY,SAJESH CHAKKUPARAMBU,INC,General,General,OpenDataKerala GitHub
2015,Alappuzha,Alappuzha,29,SANATHANAPURAM,V N VIJAYAKUMAR,CPI(M),General,General,OpenDataKerala GitHub
2015,Alappuzha,Alappuzha,30,ERAVUKADU,SOUMYA RAJ (INDU TEACHER),CPI(M),Woman,Woman,OpenDataKerala GitHub
2015,Alappuzha,Alappuzha,31,MULLATHUVALAPPU,SAJEENA HARIS,PDP,Woman,Woman,OpenDataKerala GitHub
2015,Alappuzha,Alappuzha,32,VALIYAMARAM,ZEENATH BEEVI S (ZEENATH NAZAR),INC,Woman,Woman,OpenDataKerala GitHub
2015,Alappuzha,Alappuzha,33,MUNICIPAL STADIUM,SREEJITHRA G,CPI(M),Woman,Woman,OpenDataKerala GitHub
2015,Alappuzha,Alappuzha,34,ALISSERY,NABEESA AKBAR,CPI,Woman,Woman,OpenDataKerala GitHub
2015,Alappuzha,Alappuzha,35,LAJANETH,SAJEENA FAISAL,PDP,Woman,Woman,OpenDataKerala GitHub
2015,Alappuzha,Alappuzha,36,VALIYAKULAM,RAHANAMOL S (RAHANA RAFEEQ),INDEPENDENT,Woman,Woman,OpenDataKerala GitHub
2015,Alappuzha,Alappuzha,37,VATTAYAL,LAILA BEEVI M,INC,Woman,Woman,OpenDataKerala GitHub
2015,Alappuzha,Alappuzha,38,KUTHIRAPPANTHI,ILLIKKAL KUNJUMON,INC,General,General,OpenDataKerala GitHub
2015,Alappuzha,Alappuzha,39,GURUMANDIRAM,BASHEER KOYAPARAMBIL,INC,General,General,OpenDataKerala GitHub
2015,Alappuzha,Alappuzha,40,VADACKAL,JOHN BRITTO P G,INC,General,General,OpenDataKerala GitHub
2015,Alappuzha,Alappuzha,41,BEACH,MOLLY JACOB,INC,Woman,Woman,OpenDataKerala GitHub
2015,Alappuzha,Alappuzha,42,RAILWAY STATION,C V MANOJKUMAR,INC,General,General,OpenDataKerala GitHub
2015,Alappuzha,Alappuzha,43,ZACHARIA BAZAR,BEENA KOCHUBAVA,IUML,Woman,Woman,OpenDataKerala GitHub
2015,Alappuzha,Alappuzha,44,CIVILSTATION,A M NOUFAL,IUML,General,General,OpenDataKerala GitHub
2015,Alappuzha,Alappuzha,45,SEA VIEW,KAROLINE PETER,INC,Woman,Woman,OpenDataKerala GitHub
2015,Alappuzha,Alappuzha,46,VADACANAL,PRADEEP KUMAR T,INC,SC,SC,OpenDataKerala GitHub
2015,Alappuzha,Alappuzha,47,POWER HOUSE,M K NIZAR,INC,General,General,OpenDataKerala GitHub
2015,Alappuzha,Alappuzha,48,CHATHANADU,RAMISHATH,CPI,Woman,Woman,OpenDataKerala GitHub
2015,Alappuzha,Alappuzha,49,ARATTUVAZHI,BEENA,CPI,Woman,Woman,OpenDataKerala GitHub
2015,Alappuzha,Alappuzha,50,KANJIRAMCHIRA,BABY LOUIS,INC,General,General,OpenDataKerala GitHub
2015,Alappuzha,Alappuzha,51,KALAPPURA,RAJU THANNIKKAL,INC,General,General,OpenDataKerala GitHub
2015,Alappuzha,Alappuzha,52,MANGALAM,JOSE CHELLAPPAN,INDEPENDENT,General,General,OpenDataKerala GitHub
2015,Alappuzha,Haripad,1,HOMEO DISPENSARY,SUBI PREJITH,INC,SC,SC,OpenDataKerala GitHub
2015,Alappuzha,Haripad,2,THULAMPARAMPU NORTH,VIJAYAMMA PUNNURMADOM,INC,Woman,Woman,OpenDataKerala GitHub
2015,Alappuzha,Haripad,3,KILIKKAKULANGARA,RAJASREE.S,CPI(M),Woman,Woman,OpenDataKerala GitHub
2015,Alappuzha,Haripad,4,THRIPPAKKUDAM,SUJATHA,CPI(M),Woman,Woman,OpenDataKerala GitHub
2015,Alappuzha,Haripad,5,THULAMPARAMPU NADUVATHU,M.B. ANILMITHRA,INC,General,General,OpenDataKerala GitHub
2015,Alappuzha,Haripad,6,NAGARI,B. BABURAJ,INC,General,General,OpenDataKerala GitHub
2015,Alappuzha,Haripad,7,AROOR L.P.S,K.K. RAMAKRISHNAN,INC,General,General,OpenDataKerala GitHub
2015,Alappuzha,Haripad,8,VATHUKULANGARA,K S VINOD,BJP,General,General,OpenDataKerala GitHub
2015,Alappuzha,Haripad,9,P.H.C,NISHA G,CPI(M),Woman,Woman,OpenDataKerala GitHub
2015,Alappuzha,Haripad,10,MANGAMKULANGARA,LEKHA AJITH,INC,Woman,Woman,OpenDataKerala GitHub
2015,Alappuzha,Haripad,11,PILAPPUZHA SOUTH,M. SAJEEVE,INC,General,General,OpenDataKerala GitHub
2015,Alappuzha,Haripad,12,NEDUNTHARA,KUNJUMOL,CPI(M),Woman,Woman,OpenDataKerala GitHub
2015,Alappuzha,Haripad,13,TRIVENI,C. RAJALEKSHMI,RSP,Woman,Woman,OpenDataKerala GitHub
2015,Alappuzha,Haripad,14,ERRICKAL,SATHEESH MUTTOM,KC(M),General,General,OpenDataKerala GitHub
2015,Alappuzha,Haripad,15,MANIMANGALAM,SREEVIVEK S,INC,General,General,OpenDataKerala GitHub
2015,Alappuzha,Haripad,16,HOSPITAL,M K VIJAYAN,INC,General,General,OpenDataKerala GitHub
2015,Alappuzha,Haripad,17,R K JUNCTION,RAJANI C,INC,Woman,Woman,OpenDataKerala GitHub
2015,Alappuzha,Haripad,18,NANGYARKULANGARA,PROF.S.SUDHA,INC,Woman,Woman,OpenDataKerala GitHub
2015,Alappuzha,Haripad,19,MAMPARA,KATTIL SATHAR,INC,General,General,OpenDataKerala GitHub
2015,Alappuzha,Haripad,20,VETERINARY HOSPITAL,K.M RAJU,INC,General,General,OpenDataKerala GitHub
2015,Alappuzha,Haripad,21,THAIKOOTAM LAKSHAM VEEDU,SASIKUMARAN NAIR,INDEPENDENT,General,General,OpenDataKerala GitHub
2015,Alappuzha,Haripad,22,SURESH MARKET,SMITHA PRADEEP,INC,Woman,Woman,OpenDataKerala GitHub
2015,Alappuzha,Haripad,23,VETTUVENI,CHANDRAVALLY AMMA,INC,Woman,Woman,OpenDataKerala GitHub
2015,Alappuzha,Haripad,24,D.K.N.M L.P SCHOOL,PRESANNA KUMARI. C,INC,SC Woman,SC Woman,OpenDataKerala GitHub
2015,Alappuzha,Haripad,25,K.S.R.T.C,VRINDA. S. KUMAR,INC,Woman,Woman,OpenDataKerala GitHub
2015,Alappuzha,Haripad,26,TOWN,SOBHA VISWANATH,INC,Woman,Woman,OpenDataKerala GitHub
2015,Alappuzha,Haripad,27,THULAMPARAMPU SOUTH,SHAMSUDHEEN,INC,General,General,OpenDataKerala GitHub
2015,Alappuzha,Haripad,28,DANAPPADI,R RATHEESH,INC,General,General,OpenDataKerala GitHub
2015,Alappuzha,Haripad,29,MANNARSALA,S. RADHAMANI AMMA,CPI(M),Woman,Woman,OpenDataKerala GitHub
2015,Kottayam,Pala,1,PARAMALAKKUNNU,ADV. BETTY SHAJU,KC(M),Woman,Woman,OpenDataKerala GitHub
2015,Kottayam,Pala,2,MUNDUPALAM,SUSHAMA REGHU,INDEPENDENT,Woman,Woman,OpenDataKerala GitHub
2015,Kottayam,Pala,3,MARKET,SIBIL THOMAS,KC(M),Woman,Woman,OpenDataKerala GitHub
2015,Kottayam,Pala,4,PLATHANAM,GEORGEKUTTY CHERUVALLIL,KC(M),General,General,OpenDataKerala GitHub
2015,Kottayam,Pala,5,KANATTUPARA,GIGI JOHNY,INDEPENDENT,Woman,Woman,OpenDataKerala GitHub
2015,Kottayam,Pala,6,PULIMALAKKUNNU,P K MADHU PARAYIL,KC(M),SC,SC,OpenDataKerala GitHub
2015,Kottayam,Pala,7,KAVEEKUNNU,KOCHURANI EPHREM,KC(M),Woman,Woman,OpenDataKerala GitHub
2015,Kottayam,Pala,8,KOCHIDAPPADY,TONY THOTTATHIL,KC(M),General,General,OpenDataKerala GitHub
2015,Kottayam,Pala,9,MOONNANI,KURIAKOSE PADAVAN,KC(M),General,General,OpenDataKerala GitHub
2015,Kottayam,Pala,10,MONASTRY,RANI ROMEL PADINJAREKARA,KC(M),Woman,Woman,OpenDataKerala GitHub
2015,Kottayam,Pala,11,CHETHIMATTOM,PRASAD P,INDEPENDENT,General,General,OpenDataKerala GitHub
2015,Kottayam,Pala,12,KIZHATHADIYOOR,LUCY JOSE EDATTU,KC(M),Woman,Woman,OpenDataKerala GitHub
2015,Kottayam,Pala,13,MURIKKUMPUZHA,ADV. BINU PULICKAKANDAM,BJP,General,General,OpenDataKerala GitHub
2015,Kottayam,Pala,14,PARIPPILKUNNU,TOMY JOSEPH,KC(M),General,General,OpenDataKerala GitHub
2015,Kottayam,Pala,15,PALAMPURAYIDOM,SIJI PRASAD,INDEPENDENT,Woman,Woman,OpenDataKerala GitHub
2015,Kottayam,Pala,16,KANNADIYURUMBU,JOBY VELLAPPANY,KC(M),General,General,OpenDataKerala GitHub
2015,Kottayam,Pala,17,12TH MILE,PROF.CELINE ROY THAKIDIYEL,KC(M),General,General,OpenDataKerala GitHub
2015,Kottayam,Pala,18,MUKKALIKKUNNU,LISEU JOSE,INC,Woman,Woman,OpenDataKerala GitHub
2015,Kottayam,Pala,19,PALA,PROF. SATHEESH CHOLLANI,INC,General,General,OpenDataKerala GitHub
2015,Kottayam,Pala,20,LALOM,BIJI JOJO,KC(M),Woman,Woman,OpenDataKerala GitHub
2015,Kottayam,Pala,21,VELLAPPADU,MINI PRINCE,INC,Woman,Woman,OpenDataKerala GitHub
2015,Kottayam,Pala,22,ARUNAPURAM,SHERIN THOMAS,KC(M),Woman,Woman,OpenDataKerala GitHub
2015,Kottayam,Pala,23,COLLEGE WARD,MARY DOMINIC,KC(M),Woman,Woman,OpenDataKerala GitHub
2015,Kottayam,Pala,24,KOTTARAMATTOM,LEENA SUNNY,KC(M),General,General,OpenDataKerala GitHub
2015,Kottayam,Pala,25,NELLIYANI,BIJU PALUPADAVIL,KC(M),General,General,OpenDataKerala GitHub
2015,Kottayam,Pala,26,PUTHENPALLIKKUNNU,ROY FRANCIS,INDEPENDENT,General,General,OpenDataKerala GitHub
2015,Kottayam,Vaikom,1,UDAYANAPURAM,ROHINIKUTTY AYYAPPAN,INDEPENDENT,Woman,Woman,OpenDataKerala GitHub
2015,Kottayam,Vaikom,2,KARUVALLI,G SREEKUMARAN NAIR,INC,General,General,OpenDataKerala GitHub
2015,Kottayam,Vaikom,3,PERINCHILA,SHERLY JAYAPRAKASH,INC,Woman,Woman,OpenDataKerala GitHub
2015,Kottayam,Vaikom,4,CHALAPPARAMBU,P SASIDHARAN,CPI(M),General,General,OpenDataKerala GitHub
2015,Kottayam,Vaikom,5,INDUSTRIAL,S HARIDASAN NAIR,CPI(M),General,General,OpenDataKerala GitHub
2015,Kottayam,Vaikom,6,LINK ROAD,S INDIRADEVI,INDEPENDENT,General,General,OpenDataKerala GitHub
2015,Kottayam,Vaikom,7,CHEERAMKUNNUMPURAM,ANOOP V,INC,General,General,OpenDataKerala GitHub
2015,Kottayam,Vaikom,8,CHULLITHARA,SHIBI SANTHOSH,KC(M),Woman,Woman,OpenDataKerala GitHub
2015,Kottayam,Vaikom,9,PRAYIKKATHARA,NIRMALA GOPI,CPI,SC Woman,SC Woman,OpenDataKerala GitHub
2015,Kottayam,Vaikom,10,ARATTUKULAM,SREEKUMARI U NAIR,BJP,Woman,Woman,OpenDataKerala GitHub
2015,Kottayam,Vaikom,11,PERUMPALLIYAZHAM,MANIYAMMA A C,CPI(M),Woman,Woman,OpenDataKerala GitHub
2015,Kottayam,Vaikom,12,PUZHAVAYIKULANGARA,O MOHANA KUMARI,BJP,Woman,Woman,OpenDataKerala GitHub
2015,Kottayam,Vaikom,13,CONVENT,SINDHU SAJEEVAN,KC(M),Woman,Woman,OpenDataKerala GitHub
2015,Kottayam,Vaikom,14,THURUTHIKKARA,SUMA KUSUMAN,INC,Woman,Woman,OpenDataKerala GitHub
2015,Kottayam,Vaikom,15,KAYIPPURAM,SANGEETHA K R,CPI,Woman,Woman,OpenDataKerala GitHub
2015,Kottayam,Vaikom,16,MUNICIPAL OFFICE,R SANTHOSH,CPI,General,General,OpenDataKerala GitHub
2015,Kottayam,Vaikom,17,MOOKAMBIKACHIRA,ADV.AMBARISH G VASU,CPI(M),SC,SC,OpenDataKerala GitHub
2015,Kottayam,Vaikom,18,JAWAHAR WARD,M T ANILKUMAR,INC,General,General,OpenDataKerala GitHub
2015,Kottayam,Vaikom,19,V K VELAPPAN,D RANJITHKUMAR,CPI,General,General,OpenDataKerala GitHub
2015,Kottayam,Vaikom,20,MAHADEVAKSHETHRAM,ANIL BISWAS,CPI,General,General,OpenDataKerala GitHub
2015,Kottayam,Vaikom,21,L F CHURCH,RAJESH K R,BJP,General,General,OpenDataKerala GitHub
2015,Kottayam,Vaikom,22,E V R,SOUDAMINI,INC,Woman,Woman,OpenDataKerala GitHub
2015,Kottayam,Vaikom,23,KARAYIL,BIJU .V. KANNEZHATHU,INDEPENDENT,General,General,OpenDataKerala GitHub
2015,Kottayam,Vaikom,24,KOVILAKATHUMKADAVU,SALBY SIVADAS,CPI(M),Woman,Woman,OpenDataKerala GitHub
2015,Kottayam,Vaikom,25,POLASSERRY,P N KISHORKUMAR,INC,General,General,OpenDataKerala GitHub
2015,Kottayam,Vaikom,26,SREENARAYANAPURAM,BIJINI,CPI,Woman,Woman,OpenDataKerala GitHub
2015,Kottayam,Changanassery,1,KANNAMPEROOR,G SURESH BABU,CPI(M),General,General,OpenDataKerala GitHub
2015,Kottayam,Changanassery,2,ANNAPOORNESWARI TEMPLE,LATHA RAJENDRAPRASAD,CPI(M),Woman,Woman,OpenDataKerala GitHub
2015,Kottayam,Changanassery,3,POOVAKKATTUCHIRA,SEBASTIAN MATHEW,INC,General,General,OpenDataKerala GitHub
2015,Kottayam,Changanassery,4,ARAMANA,SIBY THOMAS,INC,General,General,OpenDataKerala GitHub
2015,Kottayam,Changanassery,5,GATHSAMANI PALLY,ELSAMMA JOB,KC(M),Woman,Woman,OpenDataKerala GitHub
2015,Kottayam,Changanassery,6,MORKULANGARA,BOBBINA SHAJI,CPI(M),Woman,Woman,OpenDataKerala GitHub
2015,Kottayam,Changanassery,7,S B HIGH SCHOOL,SHINY SHAJI,INC,Woman,Woman,OpenDataKerala GitHub
2015,Kottayam,Changanassery,8,ANANDASRAMAM,ADV. MARTIN SCARIA,INC,General,General,OpenDataKerala GitHub
2015,Kottayam,Changanassery,9,KURISUMMOODU,SAJI THOMAS,INDEPENDENT,General,General,OpenDataKerala GitHub
2015,Kottayam,Changanassery,10,PAREL PALLY,THRESIAMMA JOSEPH,KC(M),Woman,Woman,OpenDataKerala GitHub
2015,Kottayam,Changanassery,11,RAILWAY STATION,G SUGATHAN,CPI(M),General,General,OpenDataKerala GitHub
2015,Kottayam,Changanassery,12,S H SCHOOL,SHAMNA SIYAD,INC,Woman,Woman,OpenDataKerala GitHub
2015,Kottayam,Changanassery,13,PUTHOOR PALLY,ADV. P A NAZEER,CPI(M),General,General,OpenDataKerala GitHub
2015,Kottayam,Changanassery,14,NSS COLLEGE,T P ANILKUMAR,IUML,SC,SC,OpenDataKerala GitHub
2015,Kottayam,Changanassery,15,THIRUMALA TEMPLE,SANDHYA MANOJ,INDEPENDENT,Woman,Woman,OpenDataKerala GitHub
2015,Kottayam,Changanassery,16,FATHIMAPURAM NORTH,LALICHAN ANTONY,KC(M),General,General,OpenDataKerala GitHub
2015,Kottayam,Changanassery,17,FATHIMAPURAM SOUTH,ANNAMMA RAJU CHACKO,INC,Woman,Woman,OpenDataKerala GitHub
2015,Kottayam,Changanassery,18,EROOPPA,NAZEEMA MAJEED,CPI(M),Woman,Woman,OpenDataKerala GitHub
2015,Kottayam,Changanassery,19,PERUNNA EAST,PRASANNA KUMARI,BJP,Woman,Woman,OpenDataKerala GitHub
2015,Kottayam,Changanassery,20,MANNAM NAGAR,ADV. P S MANOJ,CPI(M),General,General,OpenDataKerala GitHub
2015,Kottayam,Changanassery,21,PERUNNA TEMPLE,N P KRISHNAKUMAR,BJP,General,General,OpenDataKerala GitHub
2015,Kottayam,Changanassery,22,PANACHIKKAVU TEMPLE,KRISHNAKUMARI RAJASEKHARAN,CPI(M),Woman,Woman,OpenDataKerala GitHub
2015,Kottayam,Changanassery,23,PERUNNA WEST (NEW),SATHEESH AIKKARA,INDEPENDENT,General,General,OpenDataKerala GitHub
2015,Kottayam,Changanassery,24,MANACKACHIRA,ATHIRA PRASAD,INC,SC Woman,SC Woman,OpenDataKerala GitHub
2015,Kottayam,Changanassery,25,VETTADI,KUNJUMOL SABU,CPI(M),General,General,OpenDataKerala GitHub
2015,Kottayam,Changanassery,26,LAKSHMIPURAM PALACE,ADV. E A SAJIKUMAR,CPI(M),General,General,OpenDataKerala GitHub
2015,Kottayam,Changanassery,27,KOTTARAM TEMPLE,SUMA SHINE,KC(M),General,General,OpenDataKerala GitHub
2015,Kottayam,Changanassery,28,ANANDAPURAM,AMBIKA VIJAYAN,INC,General,General,OpenDataKerala GitHub
2015,Kottayam,Changanassery,29,FIRE STATION,AMINA HANEEFA,INC,Woman,Woman,OpenDataKerala GitHub
2015,Kottayam,Changanassery,30,VALIYA PALLY,SAJAN FRANCIS,KC(M),General,General,OpenDataKerala GitHub
2015,Kottayam,Changanassery,31,BOAT JETTY,DANI THOMAS,KC(M),Woman,Woman,OpenDataKerala GitHub
2015,Kottayam,Changanassery,32,MANJADIKKARA,REMADEVI J,BJP,Woman,Woman,OpenDataKerala GitHub
2015,Kottayam,Changanassery,33,MARKET,JESSY VARGHESE,KC(M),Woman,Woman,OpenDataKerala GitHub
2015,Kottayam,Changanassery,34,YMCA,ANILA RAJESH KUMAR,INC,SC Woman,SC Woman,OpenDataKerala GitHub
2015,Kottayam,Changanassery,35,KANDATHILPARAMPU,T P AJIKUMAR,CPI(M),General,General,OpenDataKerala GitHub
2015,Kottayam,Changanassery,36,VAZHAPPALLY TEMPLE,REKHA SIVAKUMAR,CPI(M),Woman,Woman,OpenDataKerala GitHub
2015,Kottayam,Changanassery,37,KUTTISSERIKKADAVU,BINDU VIJAYAKUMAR,BJP,Woman,Woman,OpenDataKerala GitHub
2015,Kottayam,Kottayam,1,GANDHI NAGAR NORTH,ELSAMMA VARGHESE,INC,Woman,Woman,OpenDataKerala GitHub
2015,Kottayam,Kottayam,2,SANKRANTHI,LEELAMMA JOSEPH,INC,Woman,Woman,OpenDataKerala GitHub
2015,Kottayam,Kottayam,3,PARAMPUZHA,JOJY K THOMAS,KC(M),General,General,OpenDataKerala GitHub
2015,Kottayam,Kottayam,4,PALLIPPURAM,REJIMON M E,CPI(M),General,General,OpenDataKerala GitHub
2015,Kottayam,Kottayam,5,NATTASSERY,SUBHA SANTHOSH,CPI(M),SC Woman,SC Woman,OpenDataKerala GitHub
2015,Kottayam,Kottayam,6,PUTHETTU,VINU R MOHAN,BJP,General,General,OpenDataKerala GitHub
2015,Kottayam,Kottayam,7,KUMARANALLOOR TOWN,G JAYAKUMAR,CPI(M),General,General,OpenDataKerala GitHub
2015,Kottayam,Kottayam,8,TEMPLE WARD,RENUKA SASI,BJP,Woman,Woman,OpenDataKerala GitHub
2015,Kottayam,Kottayam,9,S H MOUNT,DR.SONA P R,INC,SC Woman,SC Woman,OpenDataKerala GitHub
2015,Kottayam,Kottayam,10,PULLARIKUNNU,K K SREEMON,CPI(M),General,General,OpenDataKerala GitHub
2015,Kottayam,Kottayam,11,MALLUSSERRY,JOMOL JAMES,INC,Woman,Woman,OpenDataKerala GitHub
2015,Kottayam,Kottayam,12,NAGAMPADOM NORTH,T C ROY,INC,General,General,OpenDataKerala GitHub
2015,Kottayam,Kottayam,13,NAGAMPADOM SOUTH,SABU PULIMOOTTIL,INC,General,General,OpenDataKerala GitHub
2015,Kottayam,Kottayam,14,MULLENKUZHY,JOBY JOHNSON,CPI(M),General,General,OpenDataKerala GitHub
2015,Kottayam,Kottayam,15,MOUNT CARMEL,SALI MATHEWS,INC,Woman,Woman,OpenDataKerala GitHub
2015,Kottayam,Kottayam,16,KANJIKUZHY,REKHA RAJESH,INDEPENDENT,Woman,Woman,OpenDataKerala GitHub
2015,Kottayam,Kottayam,17,DEVALOKAM,SHEEBA PUNNEN,INC,Woman,Woman,OpenDataKerala GitHub
2015,Kottayam,Kottayam,18,MUTTAMBALAM,LILLYKUTTY MAMMEN,INC,Woman,Woman,OpenDataKerala GitHub
2015,Kottayam,Kottayam,19,COLLECTORATE,T N HARIKUMAR,BJP,General,General,OpenDataKerala GitHub
2015,Kottayam,Kottayam,20,CATHEDRAL,S GOPAKUMAR,INC,General,General,OpenDataKerala GitHub
2015,Kottayam,Kottayam,21,THIRUNAKKARA,JAYASREE KUMAR,INC,Woman,Woman,OpenDataKerala GitHub
2015,Kottayam,Kottayam,22,CHIRAYILPADAM,ANUSHA KRISHNA,KC(M),Woman,Woman,OpenDataKerala GitHub
2015,Kottayam,Kottayam,23,PUTHENANGADI,P S ABHISHEK,CPI(M),SC,SC,OpenDataKerala GitHub
2015,Kottayam,Kottayam,24,THIRUVATHUKKAL,JANCY JACOB,INC,Woman,Woman,OpenDataKerala GitHub
2015,Kottayam,Kottayam,25,PALLIKONAM,C N SATHYANESAN,CPI(M),General,General,OpenDataKerala GitHub
2015,Kottayam,Kottayam,26,PULINACKKAL,BINDHU SANTHOSHKUMAR,INC,Woman,Woman,OpenDataKerala GitHub
2015,Kottayam,Kottayam,27,PATHINARILCHIRA,MEERA BALU,INC,Woman,Woman,OpenDataKerala GitHub
2015,Kottayam,Kottayam,28,KARAPUZHA,JYOTHI SREEKANTH,BJP,Woman,Woman,OpenDataKerala GitHub
2015,Kottayam,Kottayam,29,KODIMATHA NORTH,SHYLAJA DILEEPKUMAR,INC,Woman,Woman,OpenDataKerala GitHub
2015,Kottayam,Kottayam,30,MUPPAYIKADU,ADV.SHEEJA ANIL,CPI(M),Woman,Woman,OpenDataKerala GitHub
2015,Kottayam,Kottayam,31,MOOLAVATTOM,SHEENA BINU,INC,Woman,Woman,OpenDataKerala GitHub
2015,Kottayam,Kottayam,32,KAKKUR MUTHENMALI,P R SURESH BABU,INC,General,General,OpenDataKerala GitHub
2015,Kottayam,Kottayam,33,CHETTIKUNNU,SUSAN KUNJUMON,INC,Woman,Woman,OpenDataKerala GitHub
2015,Kottayam,Kottayam,34,POWER HOUSE,SABU PALLIVATHUKAL,INC,General,General,OpenDataKerala GitHub
2015,Kottayam,Kottayam,35,PANNIMATTOM,JOSE PALLIKUNNEL,KC(M),General,General,OpenDataKerala GitHub
2015,Kottayam,Kottayam,36,CHINGAVANAM,LEELAMMA MATHEW,KC(M),Woman,Woman,OpenDataKerala GitHub
2015,Kottayam,Kottayam,37,PALAMOODU,K K PRASAD,INC,General,General,OpenDataKerala GitHub
2015,Kottayam,Kottayam,38,PUTHENTHODU,ADV.TINO K THOMAS,INC,General,General,OpenDataKerala GitHub
2015,Kottayam,Kottayam,39,MAVILANGU,TINTU JINS,INC,Woman,Woman,OpenDataKerala GitHub
2015,Kottayam,Kottayam,40,PALLAM,RIJESH C BREEZE VILLA,INDEPENDENT,General,General,OpenDataKerala GitHub
2015,Kottayam,Kottayam,41,KANNADIKKADAVU,P N SARASAMMAL,CPI(M),Woman,Woman,OpenDataKerala GitHub
2015,Kottayam,Kottayam,42,MARIYAPPALLY,K SANKARAN,BJP,General,General,OpenDataKerala GitHub
2015,Kottayam,Kottayam,43,THURAMUKHAM,ARUN SHAJI,CPI(M),General,General,OpenDataKerala GitHub
2015,Kottayam,Kottayam,44,KODIMATHA SOUTH,SANILTHAMPY,CPI(M),General,General,OpenDataKerala GitHub
2015,Kottayam,Kottayam,45,KANJIRAM,SANIL K J,INC,General,General,OpenDataKerala GitHub
2015,Kottayam,Kottayam,46,PANAMPADY,V V SHYLA,CPI(M),Woman,Woman,OpenDataKerala GitHub
2015,Kottayam,Kottayam,47,ILLIKKAL,M P SANTHOSH KUMAR,INC,General,General,OpenDataKerala GitHub
2015,Kottayam,Kottayam,48,THAZHATHANGADY,KUNJUMON K METHER,IUML,General,General,OpenDataKerala GitHub
2015,Kottayam,Kottayam,49,PAZHAYA SEMINARY,RADHAKRISHNAN KOYICKAL,INDEPENDENT,General,General,OpenDataKerala GitHub
2015,Kottayam,Kottayam,50,VARISSERY,TELMA JOHN,CPI(M),Woman,Woman,OpenDataKerala GitHub
2015,Kottayam,Kottayam,51,THUTHUTTY,JAYASREE BINU,CPI(M),Woman,Woman,OpenDataKerala GitHub
2015,Kottayam,Kottayam,52,GANDHI NAGAR SOUTH,P P CHANDRAKUMAR,CPI,General,General,OpenDataKerala GitHub
2015,Kottayam,Ettumanoor,1,KODUVATHANAM,JAYASREE GOPIKUTTAN,INC,Woman,Woman,OpenDataKerala GitHub
2015,Kottayam,Ettumanoor,2,KUREECHIRA,JOY (JOY ONNUKALLEL),INDEPENDENT,General,General,OpenDataKerala GitHub
2015,Kottayam,Ettumanoor,3,VALLIKAD,BEENA SHAJI,INDEPENDENT,Woman,Woman,OpenDataKerala GitHub
2015,Kottayam,Ettumanoor,4,MANGARA,ROSAMMA SIBY,KC(M),Woman,Woman,OpenDataKerala GitHub
2015,Kottayam,Ettumanoor,5,CLAMATTOM,LOVELY GEORGE,INC,Woman,Woman,OpenDataKerala GitHub
2015,Kottayam,Ettumanoor,6,MARAGHATTIKALA,VASANTHI VN,INC,SC Woman,SC Woman,OpenDataKerala GitHub
2015,Kottayam,Ettumanoor,7,KATTACHIRA,MOLLY JOSE,INDEPENDENT,Woman,Woman,OpenDataKerala GitHub
2015,Kottayam,Ettumanoor,8,NADUVATHERI,MATHEW DEVASIA,INC,General,General,OpenDataKerala GitHub
2015,Kottayam,Ettumanoor,9,PUNNATHURA,BIJU KUMBICKAL,INC,General,General,OpenDataKerala GitHub
2015,Kottayam,Ettumanoor,10,VETTIMUKAL,BINESH,CPI(M),General,General,OpenDataKerala GitHub
2015,Kottayam,Ettumanoor,11,MADAPPADU,MOHANDAS T.P,CPI(M),General,General,OpenDataKerala GitHub
2015,Kottayam,Ettumanoor,12,VALLIYAMPOYKA,JOSHYMON (PS VINOD),CPI(M),General,General,OpenDataKerala GitHub
2015,Kottayam,Ettumanoor,13,ETTUMANOOR EAST,SMITHA BABURAJ,INDEPENDENT,SC Woman,SC Woman,OpenDataKerala GitHub
2015,Kottayam,Ettumanoor,14,PEROOR,KR MINIMOL,CPI(M),Woman,Woman,OpenDataKerala GitHub
2015,Kottayam,Ettumanoor,15,PAREKKADAVU,AJISREE MURALI,BJP,Woman,Woman,OpenDataKerala GitHub
2015,Kottayam,Ettumanoor,16,PULIMOODU,ADV. YADHU KRISHNAN,CPI(M),SC,SC,OpenDataKerala GitHub
2015,Kottayam,Ettumanoor,17,J.B.L.P.S,P P CHANDRAN,CPI(M),General,General,OpenDataKerala GitHub
2015,Kottayam,Ettumanoor,18,POOVATHUMOODU,SCARIA N.S (JOY),INC,General,General,OpenDataKerala GitHub
2015,Kottayam,Ettumanoor,19,PAZHAYAPLATH,RETHAMMA V C,INDEPENDENT,Woman,Woman,OpenDataKerala GitHub
2015,Kottayam,Ettumanoor,20,MAMOODU,SUSAN THOMAS,INC,Woman,Woman,OpenDataKerala GitHub
2015,Kottayam,Ettumanoor,21,THELAKATHUSERRY,KOCHURANI JAIMON,KC(M),Woman,Woman,OpenDataKerala GitHub
2015,Kottayam,Ettumanoor,22,THELLAKOM,KUNJUMOL,KC(M),Woman,Woman,OpenDataKerala GitHub
2015,Kottayam,Ettumanoor,23,MANNAMALA,MOLLY JHON,INDEPENDENT,Woman,Woman,OpenDataKerala GitHub
2015,Kottayam,Ettumanoor,24,KANDAMCHIRA,GEORGE PULLATT,KC(M),General,General,OpenDataKerala GitHub
2015,Kottayam,Ettumanoor,25,UNIVERSITY,DHANYA VIJAYAN,CPI(M),Woman,Woman,OpenDataKerala GitHub
2015,Kottayam,Ettumanoor,26,CHERUVANDOOR,BOBAN DEVASIA,CPI(M),General,General,OpenDataKerala GitHub
2015,Kottayam,Ettumanoor,27,ETTUMANOOR,ANISH V NADH MADAVATHAZATH,BJP,General,General,OpenDataKerala GitHub
2015,Kottayam,Ettumanoor,28,M.H.C,SASI RAJENDRAN (BIJU),INDEPENDENT,General,General,OpenDataKerala GitHub
2015,Kottayam,Ettumanoor,29,PAROLICKAL,CHACKO JOSEPH (JOY MANNAMALA),INDEPENDENT,General,General,OpenDataKerala GitHub
2015,Kottayam,Ettumanoor,30,CARITHAS,TOMMY KURUVILA PULIMANTHUNDATHIL,INC,General,General,OpenDataKerala GitHub
2015,Kottayam,Ettumanoor,31,101 KAVALA,VIJI FRANCIS,KC(M),Woman,Woman,OpenDataKerala GitHub
2015,Kottayam,Ettumanoor,32,ETTUMANOOR TOWN,JAMES THOMAS PLAKKITHOTTIL,INC,General,General,OpenDataKerala GitHub
2015,Kottayam,Ettumanoor,33,KACHERI,GANESH R,BJP,General,General,OpenDataKerala GitHub
2015,Kottayam,Ettumanoor,34,KANNARAMUKAL,USHA SURESH,BJP,Woman,Woman,OpenDataKerala GitHub
2015,Kottayam,Ettumanoor,35,AMBALAM,PUSHPA LATHA,BJP,Woman,Woman,OpenDataKerala GitHub
2015,Kottayam,Erattupetta,1,EDATUMKUNNU,LAILA PAREETH,CPI(M),Woman,Woman,OpenDataKerala GitHub
2015,Kottayam,Erattupetta,2,KALLUTHAZHAM,P.H.HASEEB,KC(S),General,General,OpenDataKerala GitHub
2015,Kottayam,Erattupetta,3,VATTAKKAYAM,P.M.ABDULKHADER,IUML,General,General,OpenDataKerala GitHub
2015,Kottayam,Erattupetta,4,NADOOPARAMBU,BEEMA NASAR,INC,Woman,Woman,OpenDataKerala GitHub
2015,Kottayam,Erattupetta,5,MURIKKOLIL,N BINU NARAYANAN,SDPI,General,General,OpenDataKerala GitHub
2015,Kottayam,Erattupetta,6,MATHAKKAL,SHAREENA RAHIM,CPI(M),Woman,Woman,OpenDataKerala GitHub
2015,Kottayam,Erattupetta,7,KATTAMALA,KUNJUMOL SIYAD,KC,Woman,Woman,OpenDataKerala GitHub
2015,Kottayam,Erattupetta,8,ELAKAYAM,ABDUL BASITH,IUML,General,General,OpenDataKerala GitHub
2015,Kottayam,Erattupetta,9,KARACKAD,SHAHUBANATH TEACHER,IUML,Woman,Woman,OpenDataKerala GitHub
2015,Kottayam,Erattupetta,10,THEVARUPARA,MUHAMMED ISMAYIL,SDPI,General,General,OpenDataKerala GitHub
2015,Kottayam,Erattupetta,11,KUTTIMARAMPARAMBU,SHAILA ANSARY,SDPI,Woman,Woman,OpenDataKerala GitHub
2015,Kottayam,Erattupetta,12,PATHAZHAPADY,SUBAIR,SDPI,General,General,OpenDataKerala GitHub
2015,Kottayam,Erattupetta,13,MULAMTHANAM,NISAR KURBANI,KC,General,General,OpenDataKerala GitHub
2015,Kottayam,Erattupetta,14,KOLLAMPARAMBU,V.M SIRAJ,IUML,General,General,OpenDataKerala GitHub
2015,Kottayam,Erattupetta,15,SAFANAGAR,RAFI ABDULKHADER,IUML,Woman,Woman,OpenDataKerala GitHub
2015,Kottayam,Erattupetta,16,KUZHIVELY,ADV.V.P.NAZAR,IUML,General,General,OpenDataKerala GitHub
2015,Kottayam,Erattupetta,17,SASTHAMKUNNU,ELMUNNISA MUHAMMEDSHAFI,CPI(M),Woman,Woman,OpenDataKerala GitHub
2015,Kottayam,Erattupetta,18,MATTACKADU,T.M.RASHEED,CPI(M),General,General,OpenDataKerala GitHub
2015,Kottayam,Erattupetta,19,VANCHANKAL,BALKEES NAVAS,KC(S),Woman,Woman,OpenDataKerala GitHub
2015,Kottayam,Erattupetta,20,TOWN WARD,ANVAR ALIAR,IUML,General,General,OpenDataKerala GitHub
2015,Kottayam,Erattupetta,21,THADAVANAL,HASEENA FAISAL,CPI,Woman,Woman,OpenDataKerala GitHub
2015,Kottayam,Erattupetta,22,MUTHARAMKUNNU,K.P.MUJEEB,INC,General,General,OpenDataKerala GitHub
2015,Kottayam,Erattupetta,23,ANIPPADY,FATHIMA ANSAR,INDEPENDENT,Woman,Woman,OpenDataKerala GitHub
2015,Kottayam,Erattupetta,24,CHIRAPPARA,SULFATH NOWFALKHAN,CPI(M),Woman,Woman,OpenDataKerala GitHub
2015,Kottayam,Erattupetta,25,KALLOLIL,SHYLA SALIM,CPI(M),Woman,Woman,OpenDataKerala GitHub
2015,Kottayam,Erattupetta,26,KONDOORMALA,RAJEENA NOUFAL,CPI,Woman,Woman,OpenDataKerala GitHub
2015,Kottayam,Erattupetta,27,BLOCK OFFICE,KABEER. V. K,INDEPENDENT,General,General,OpenDataKerala GitHub
2015,Kottayam,Erattupetta,28,ARUVITHURA,JOSE MATHEW ( UNCLE VALLIKAPPIL),KC(S),General,General,OpenDataKerala GitHub
2015,Idukki,Thodupuzha,1,VENGALLOOR WARD,T K SUDAKARAN NAIR,INDEPENDENT,General,General,OpenDataKerala GitHub
2015,Idukki,Thodupuzha,2,GURU ITC WARD,SHIMNAS K K,CPI(M),General,General,OpenDataKerala GitHub
2015,Idukki,Thodupuzha,3,VENGATHANAM WARD,BIJI SURESH,INDEPENDENT,Woman,Woman,OpenDataKerala GitHub
2015,Idukki,Thodupuzha,4,MADATHIKANDAM WARD,JISHA BINU,BJP,Woman,Woman,OpenDataKerala GitHub
2015,Idukki,Thodupuzha,5,MUNICIPAL UP SCHOOL WARD,RAJIVE PUSHPANGATHAN,INDEPENDENT,General,General,OpenDataKerala GitHub
2015,Idukki,Thodupuzha,6,AMBALAM WARD,K GOPALAKRISHNAN,BJP,General,General,OpenDataKerala GitHub
2015,Idukki,Thodupuzha,7,BHS WARD,BINZY ALI,INDEPENDENT,Woman,Woman,OpenDataKerala GitHub
2015,Idukki,Thodupuzha,8,VADAKKUMURRY WARD,SAFIYA JABBAR,IUML,General,General,OpenDataKerala GitHub
2015,Idukki,Thodupuzha,9,PETTENADU WARD,JESSY JOHNY,INDEPENDENT,Woman,Woman,OpenDataKerala GitHub
2015,Idukki,Thodupuzha,10,HOLY FAMILY HOSPITAL WARD,VICTORIA SHIRLY MENDEZ,INDEPENDENT,Woman,Woman,OpenDataKerala GitHub
2015,Idukki,Thodupuzha,11,KALLUMARRY WARD,RINY JOSHY,INDEPENDENT,Woman,Woman,OpenDataKerala GitHub
2015,Idukki,Thodupuzha,12,KAROOPPARA WARD,MERCY KURIAN,KC(M),Woman,Woman,OpenDataKerala GitHub
2015,Idukki,Thodupuzha,13,PATTAYAMKAVALA WARD,RASHEED K K R,INDEPENDENT,General,General,OpenDataKerala GitHub
2015,Idukki,Thodupuzha,14,MUTHALAKODAM WARD,ADV. C K JAFFER,IUML,General,General,OpenDataKerala GitHub
2015,Idukki,Thodupuzha,15,UNDAPLAVU WARD,HARID A M,IUML,General,General,OpenDataKerala GitHub
2015,Idukki,Thodupuzha,16,BTM SCHOOL WARD,T K ANILKUMAR,IUML,SC,SC,OpenDataKerala GitHub
2015,Idukki,Thodupuzha,17,KUMMAMKALLU WARD,SABEENA BINJU,INDEPENDENT,Woman,Woman,OpenDataKerala GitHub
2015,Idukki,Thodupuzha,18,MALEPPARAMBU WARD,BEENA BASHEER,IUML,Woman,Woman,OpenDataKerala GitHub
2015,Idukki,Thodupuzha,19,KEERIKODE WARD,K M SHAJAHAN,INC,General,General,OpenDataKerala GitHub
2015,Idukki,Thodupuzha,20,MUTHALIYARMADOM WARD,M K SHAHUL HAMEED,INDEPENDENT,General,General,OpenDataKerala GitHub
2015,Idukki,Thodupuzha,21,COLLEGE WARD,P A SHAHUL HAMEED,INC,General,General,OpenDataKerala GitHub
2015,Idukki,Thodupuzha,22,MARAMKUNNU WARD,VIJAYAKUMARI P R,BJP,Woman,Woman,OpenDataKerala GitHub
2015,Idukki,Thodupuzha,23,MUNICIPAL OFFICE WARD,MAYA DINU,BJP,Woman,Woman,OpenDataKerala GitHub
2015,Idukki,Thodupuzha,24,KANJIRAMATTOM WARD,ARUNIMA DHANESH,BJP,SC Woman,SC Woman,OpenDataKerala GitHub
2015,Idukki,Thodupuzha,25,OLAMATTOM WARD,MINI MADHU,INDEPENDENT,General,General,OpenDataKerala GitHub
2015,Idukki,Thodupuzha,26,ARACKAPPARA WARD,CICILY JOSE,INC,Woman,Woman,OpenDataKerala GitHub
2015,Idukki,Thodupuzha,27,KOTHAIKUNNU WARD,LUCY JOSEPH,KC(M),Woman,Woman,OpenDataKerala GitHub
2015,Idukki,Thodupuzha,28,CHUNKOM WARD,SUMAMOL STEPHEN,INDEPENDENT,Woman,Woman,OpenDataKerala GitHub
2015,Idukki,Thodupuzha,29,KOLANI WARD,R HARI,INDEPENDENT,General,General,OpenDataKerala GitHub
2015,Idukki,Thodupuzha,30,NADUKKANDOM WARD,NIRMALA SHAJI,INDEPENDENT,Woman,Woman,OpenDataKerala GitHub
2015,Idukki,Thodupuzha,31,PARAKKADAVU WARD,P V SHIBU,CPI(M),General,General,OpenDataKerala GitHub
2015,Idukki,Thodupuzha,32,AMARAMKAVU WARD,AJI R,BJP,General,General,OpenDataKerala GitHub
2015,Idukki,Thodupuzha,33,CO-OPERATIVE HOSPITAL WARD,BINDU PADMAKUMAR,BJP,Woman,Woman,OpenDataKerala GitHub
2015,Idukki,Thodupuzha,34,RIVER VIEW WARD,PROF. JESSY ANTONY,KC(M),Woman,Woman,OpenDataKerala GitHub
2015,Idukki,Thodupuzha,35,MANAKKAD WARD,BABU PARAMESWARAN,INDEPENDENT,General,General,OpenDataKerala GitHub
2015,Idukki,Kattappana,1,VAZHAVARA,BENNY KURIAN,INDEPENDENT,General,General,OpenDataKerala GitHub
2015,Idukki,Kattappana,2,NIRMALACITY,LEELAMMA GOPINATHAN,CPI(M),Woman,Woman,OpenDataKerala GitHub
2015,Idukki,Kattappana,3,SOCIETY,BENNY KALLOOPPURAYIDAM,KC(M),General,General,OpenDataKerala GitHub
2015,Idukki,Kattappana,4,KONGINIPPADAVU,K.P SUMODH,CPI(M),General,General,OpenDataKerala GitHub
2015,Idukki,Kattappana,5,VELLAYAMKUDY,REGEENA THOMAS,INDEPENDENT,Woman,Woman,OpenDataKerala GitHub
2015,Idukki,Kattappana,6,VETTIKKUZHAKAVALA,SUNNEY CHERIAN,INC,General,General,OpenDataKerala GitHub
2015,Idukki,Kattappana,7,NATHUKALLU,LOVELY SHAJI,INC,Woman,Woman,OpenDataKerala GitHub
2015,Idukki,Kattappana,8,KALLUKUNNU,TIJI M RAJU,CPI(M),SC,SC,OpenDataKerala GitHub
2015,Idukki,Kattappana,9,PEZHUMKAVALA,JIJJI SABU,INDEPENDENT,Woman,Woman,OpenDataKerala GitHub
2015,Idukki,Kattappana,10,VALIYAPARA,JALAJA JAYASURYAN,NCP,Woman,Woman,OpenDataKerala GitHub
2015,Idukki,Kattappana,11,KOCHUTHOVALA NORTH,SIBY KURIAKOSE,INC,General,General,OpenDataKerala GitHub
2015,Idukki,Kattappana,12,KOCHUTHOVALA,RAJAMMA RAJAN,INC,Woman,Woman,OpenDataKerala GitHub
2015,Idukki,Kattappana,13,ANAKUTHY,BEENA VINOD,CPI,Woman,Woman,OpenDataKerala GitHub
2015,Idukki,Kattappana,14,PARAKKADAVU,ELSAMMA KALAYATHINAL,INC,Woman,Woman,OpenDataKerala GitHub
2015,Idukki,Kattappana,15,PULIYANMALA,M.C BIJU,CPI(M),General,General,OpenDataKerala GitHub
2015,Idukki,Kattappana,16,AMBALAPPARA,BINDHULATHA RAJU,CPI,Woman,Woman,OpenDataKerala GitHub
2015,Idukki,Kattappana,17,KATTAPPANA,C.K MOHANAN,INDEPENDENT,General,General,OpenDataKerala GitHub
2015,Idukki,Kattappana,18,KUNTHALAMPARA NORTH,THANKAMANI RAVI,INC,SC,SC,OpenDataKerala GitHub
2015,Idukki,Kattappana,19,KUNTHALAMPARA SOUTH,JOY VETTIKKUZHY,INC,General,General,OpenDataKerala GitHub
2015,Idukki,Kattappana,20,PALLIKAVALA,MANOJ M THOMAS,KC(M),General,General,OpenDataKerala GitHub
2015,Idukki,Kattappana,21,ERUPATHEKKAR,REGI KOTTAKATTU,INC,General,General,OpenDataKerala GitHub
2015,Idukki,Kattappana,22,AMBALAKKAVALA,GIRISH MALIYIL,CPI,General,General,OpenDataKerala GitHub
2015,Idukki,Kattappana,23,METTUKKUZHI,LUCY JOY,KC(M),Woman,Woman,OpenDataKerala GitHub
2015,Idukki,Kattappana,24,VALLAKKADAVU,BINDHU SEBASTIAN,KC(M),Woman,Woman,OpenDataKerala GitHub
2015,Idukki,Kattappana,25,KADAMAKKUZHY,MERCY SCARIA,INC,Woman,Woman,OpenDataKerala GitHub
2015,Idukki,Kattappana,26,NARIAMPARA,MANOJ MURALI,INC,General,General,OpenDataKerala GitHub
2015,Idukki,Kattappana,27,THOVARAYAR,SUNNY XAVIER,INC,General,General,OpenDataKerala GitHub
2015,Idukki,Kattappana,28,ITI KUNNU,TESSY GEORGE,KC(M),Woman,Woman,OpenDataKerala GitHub
2015,Idukki,Kattappana,29,VALIYAKANDAM,RAMESH P.R,INDEPENDENT,General,General,OpenDataKerala GitHub
2015,Idukki,Kattappana,30,GOVT COLLEGE,MANJU SATHEESH,INDEPENDENT,Woman,Woman,OpenDataKerala GitHub
2015,Idukki,Kattappana,31,SUVARNAGIRI,THOMAS MICHAEL,INC,General,General,OpenDataKerala GitHub
2015,Idukki,Kattappana,32,KALYANATHANDU,JOHNY KULAMPALLY,INC,General,General,OpenDataKerala GitHub
2015,Idukki,Kattappana,33,MULAKARAMEDU,SELIN JOY,CPI(M),Woman,Woman,OpenDataKerala GitHub
2015,Idukki,Kattappana,34,KOUNTHI,EMILY CHACKO,KC,Woman,Woman,OpenDataKerala GitHub
2015,Ernakulam,Kalamassery,1,GLASS COLONY,JESSY PETER,INC,Woman,Woman,OpenDataKerala GitHub
2015,Ernakulam,Kalamassery,2,SANTHINAGAR ANNEX,M.A.KUNJUMON (ATC),Con(S),General,General,OpenDataKerala GitHub
2015,Ernakulam,Kalamassery,3,RAJAGIRI,SHINY ANTONY,INC,Woman,Woman,OpenDataKerala GitHub
2015,Ernakulam,Kalamassery,4,SUNDHARAGIRI,N.RAVINDRAN,CPI(M),General,General,OpenDataKerala GitHub
2015,Ernakulam,Kalamassery,5,NORTH KALAMASSERY,SADHIQUE P.M,CPI(M),General,General,OpenDataKerala GitHub
2015,Ernakulam,Kalamassery,6,H M T JUNCTION,A.A.PAREETH,CPI(M),General,General,OpenDataKerala GitHub
2015,Ernakulam,Kalamassery,7,SUB STATION,BIJU MOHAN,CPI(M),SC,SC,OpenDataKerala GitHub
2015,Ernakulam,Kalamassery,8,ROCKWELL,SHEEBA ASSAINAR,CPI(M),Woman,Woman,OpenDataKerala GitHub
2015,Ernakulam,Kalamassery,9,VIDAKKUZHA,USHA VENUGOPAL,CPI(M),Woman,Woman,OpenDataKerala GitHub
2015,Ernakulam,Kalamassery,10,PERINGAZHA,T.A.ABDUL SALAM,INC,General,General,OpenDataKerala GitHub
2015,Ernakulam,Kalamassery,11,PIPELINE,SINDHU HAREESH,INC,Woman,Woman,OpenDataKerala GitHub
2015,Ernakulam,Kalamassery,12,H M T ESTATE,V.S.ABOOBACKER,IUML,General,General,OpenDataKerala GitHub
2015,Ernakulam,Kalamassery,13,KURUPRA,MYMOONATH ASHRAF,CPI(M),General,General,OpenDataKerala GitHub
2015,Ernakulam,Kalamassery,14,MEDICAL COLLEGE,MINI SOMADAS,CPI(M),Woman,Woman,OpenDataKerala GitHub
2015,Ernakulam,Kalamassery,15,THEVAKKAL,C.A.HUSSAIN,INC,General,General,OpenDataKerala GitHub
2015,Ernakulam,Kalamassery,16,PARAKKATTUMALA,HENNY BABY,CPI(M),Woman,Woman,OpenDataKerala GitHub
2015,Ernakulam,Kalamassery,17,PULIYAMPURAM,REENA SURENDRAN,CPI(M),Woman,Woman,OpenDataKerala GitHub
2015,Ernakulam,Kalamassery,18,MINI TOWN HALL,LEELA VISWAN,IUML,Woman,Woman,OpenDataKerala GitHub
2015,Ernakulam,Kalamassery,19,KANGARAPPADY,T.S.ABOOBAKER,IUML,General,General,OpenDataKerala GitHub
2015,Ernakulam,Kalamassery,20,VADAKODU,SIDHIQUE K.A,IUML,General,General,OpenDataKerala GitHub
2015,Ernakulam,Kalamassery,21,UNIVERSITY COLONY,A.K.BASHEER,INC,General,General,OpenDataKerala GitHub
2015,Ernakulam,Kalamassery,22,PUNNAKKATTU,SINDHU SURESH,INC,SC Woman,SC Woman,OpenDataKerala GitHub
2015,Ernakulam,Kalamassery,23,ST JOSEPHS,VEEMOL VARGHESE,INC,Woman,Woman,OpenDataKerala GitHub
2015,Ernakulam,Kalamassery,24,TOWN HALL,RUKIYA JAMAL,INC,Woman,Woman,OpenDataKerala GitHub
2015,Ernakulam,Kalamassery,25,CHANGAMPUZHA NAGAR,SUJITH PAVITHRAN,INDEPENDENT,General,General,OpenDataKerala GitHub
2015,Ernakulam,Kalamassery,26,UNIVERSITY,SHAJAHAN KADAPPALLY,INC,General,General,OpenDataKerala GitHub
2015,Ernakulam,Kalamassery,27,THRIKKAKKARA AMBALAM,BINI JINU,INC,Woman,Woman,OpenDataKerala GitHub
2015,Ernakulam,Kalamassery,28,KANNAMKULAM,ADV.M.A.VAHAB,INC,General,General,OpenDataKerala GitHub
2015,Ernakulam,Kalamassery,29,HILLVALLEY,BACKER KANNOTH,INDEPENDENT,General,General,OpenDataKerala GitHub
2015,Ernakulam,Kalamassery,30,LIBRARY,MANJU BABU,CPI(M),SC Woman,SC Woman,OpenDataKerala GitHub
2015,Ernakulam,Kalamassery,31,PUTHUPPALLIPRAM,LAIBY BABU,INC,Woman,Woman,OpenDataKerala GitHub
2015,Ernakulam,Kalamassery,32,UNICHIRA,T R VINOD,INC,SC,SC,OpenDataKerala GitHub
2015,Ernakulam,Kalamassery,33,PARUTHELI,MARTIN THAYANKERY,INC,General,General,OpenDataKerala GitHub
2015,Ernakulam,Kalamassery,34,TOLLGATE,BINDHU MANOHARAN,CPI(M),Woman,Woman,OpenDataKerala GitHub
2015,Ernakulam,Kalamassery,35,KUNAMTHAI,JALEEL PAMANGADAN,INC,General,General,OpenDataKerala GitHub
2015,Ernakulam,Kalamassery,36,MUSIUM,SULFATH ISMAYIL,INC,Woman,Woman,OpenDataKerala GitHub
2015,Ernakulam,Kalamassery,37,MUNICIPAL,SABEENA JABBAR,IUML,Woman,Woman,OpenDataKerala GitHub
2015,Ernakulam,Kalamassery,38,K B PARK,ANJU MANOJ MANI,INDEPENDENT,Woman,Woman,OpenDataKerala GitHub
2015,Ernakulam,Kalamassery,39,VATTEKKUNNAM,K GOPALAKRISHNA PILLA,CPI(M),General,General,OpenDataKerala GitHub
2015,Ernakulam,Kalamassery,40,MUTTAR,JIJI PRASAD,CPI(M),Woman,Woman,OpenDataKerala GitHub
2015,Ernakulam,Kalamassery,41,INDUSTRIAL ESTATE,DEENA RAPHAEL,INDEPENDENT,Woman,Woman,OpenDataKerala GitHub
2015,Ernakulam,Kalamassery,42,CHAKYADAM,KRISHNAKUMAR A,INC,General,General,OpenDataKerala GitHub
2015,Ernakulam,Kothamangalam,1,THANKALAM,K A NOUSHAD,CPI(M),General,General,OpenDataKerala GitHub
2015,Ernakulam,Kothamangalam,2,BLOCK OFFICE,K K BINU,KC(M),SC,SC,OpenDataKerala GitHub
2015,Ernakulam,Kothamangalam,3,RAMALLOOR,THANKAMMA KURIAN,INC,Woman,Woman,OpenDataKerala GitHub
2015,Ernakulam,Kothamangalam,4,KARINGAZHA,SINDHU JIJO,INC,Woman,Woman,OpenDataKerala GitHub
2015,Ernakulam,Kothamangalam,5,CHELAD,LISSY PAUL PUNNACKAL,INDEPENDENT,Woman,Woman,OpenDataKerala GitHub
2015,Ernakulam,Kothamangalam,6,KALLAD,HELEN TITUS,INC,Woman,Woman,OpenDataKerala GitHub
2015,Ernakulam,Kothamangalam,7,ELAVUMPARAMBU,REJI JOSE,INC,Woman,Woman,OpenDataKerala GitHub
2015,Ernakulam,Kothamangalam,8,VALADITHANDU,MARY PAULOSE,INDEPENDENT,Woman,Woman,OpenDataKerala GitHub
2015,Ernakulam,Kothamangalam,9,KOMENTHA,THOMAS VARGHESE,INDEPENDENT,General,General,OpenDataKerala GitHub
2015,Ernakulam,Kothamangalam,10,MALIKAKANDAM,JANCY MATHEW,KC(J),Woman,Woman,OpenDataKerala GitHub
2015,Ernakulam,Kothamangalam,11,PARAYITHOTTAM,SOJAN MATHEW,INC,General,General,OpenDataKerala GitHub
2015,Ernakulam,Kothamangalam,12,KUTHUKUZHY,SALINI MURALI,INC,SC Woman,SC Woman,OpenDataKerala GitHub
2015,Ernakulam,Kothamangalam,13,MARAMANGALAM,BINU CHERIAN,INC,General,General,OpenDataKerala GitHub
2015,Ernakulam,Kothamangalam,14,ELAMKAVU,HARI N,INDEPENDENT,General,General,OpenDataKerala GitHub
2015,Ernakulam,Kothamangalam,15,VALIYAKAVU,P R UNNIKRISHNAN,CPI(M),General,General,OpenDataKerala GitHub
2015,Ernakulam,Kothamangalam,16,AMBALAPARAMBU,GEORGE MATHEW,KC(M),General,General,OpenDataKerala GitHub
2015,Ernakulam,Kothamangalam,17,CHURCH,TINA MATHEW,KC(M),Woman,Woman,OpenDataKerala GitHub
2015,Ernakulam,Kothamangalam,18,KOLLIKKADU,BHANUMATHI RAJU,INDEPENDENT,Woman,Woman,OpenDataKerala GitHub
2015,Ernakulam,Kothamangalam,19,COLLEGE,PRASANNA MURALEEDHARAN,INDEPENDENT,Woman,Woman,OpenDataKerala GitHub
2015,Ernakulam,Kothamangalam,20,MATHIRAPPILLY,SHEEBA ELDHOSE,INC,Woman,Woman,OpenDataKerala GitHub
2015,Ernakulam,Kothamangalam,21,PUTHUPPADY,SHAMEER ABDUL KAREEM,INC,General,General,OpenDataKerala GitHub
2015,Ernakulam,Kothamangalam,22,KARAKUNNAM,MANJU SIJU,INC,Woman,Woman,OpenDataKerala GitHub
2015,Ernakulam,Kothamangalam,23,CHIRAPPADY,MANJU THOMAS,INC,Woman,Woman,OpenDataKerala GitHub
2015,Ernakulam,Kothamangalam,24,AMBALAPPADY,ELDHO MATHAI,INC,General,General,OpenDataKerala GitHub
2015,Ernakulam,Kothamangalam,25,VENDUVAZHY SOUTH,AMBIKA SAJI,INDEPENDENT,Woman,Woman,OpenDataKerala GitHub
2015,Ernakulam,Kothamangalam,26,KARUKADOM,GEORGE VARGHESE,INC,General,General,OpenDataKerala GitHub
2015,Ernakulam,Kothamangalam,27,VILAYAL,MYTHEEN MUHAMMED,IUML,General,General,OpenDataKerala GitHub
2015,Ernakulam,Kothamangalam,28,VENDUVAZHY NORTH,SIJU THOMAS,INDEPENDENT,General,General,OpenDataKerala GitHub
2015,Ernakulam,Kothamangalam,29,KORIYAMALA,ANOOP T ITTAN,INC,General,General,OpenDataKerala GitHub
2015,Ernakulam,Kothamangalam,30,TOWN SOUTH,SALIM CHERIAN,KC(M),General,General,OpenDataKerala GitHub
2015,Ernakulam,Kothamangalam,31,TOWN NORTH,PRINCY ELDHOSE,INDEPENDENT,Woman,Woman,OpenDataKerala GitHub
2015,Ernakulam,Angamaly,1,CHAKKARA PARAMBU,REJI MATHEW,INC,General,General,OpenDataKerala GitHub
2015,Ernakulam,Angamaly,2,MANGATTUKARA,LEELA SADANANDAN,CPI(M),Woman,Woman,OpenDataKerala GitHub
2015,Ernakulam,Angamaly,3,KOTHAKULANGARA WEST,PUSHPA MOHAN,CPI(M),Woman,Woman,OpenDataKerala GitHub
2015,Ernakulam,Angamaly,4,HEAD QUARTERS,BINU B. AYYAMBILLY,CPI(M),General,General,OpenDataKerala GitHub
2015,Ernakulam,Angamaly,5,KALLUPALAM,K K SALY,CPI(M),General,General,OpenDataKerala GitHub
2015,Ernakulam,Angamaly,6,KOTHAKULANGARA EAST,REETHA PAUL,INC,Woman,Woman,OpenDataKerala GitHub
2015,Ernakulam,Angamaly,7,MULLASSERY,SHELSY JINSON,INC,Woman,Woman,OpenDataKerala GitHub
2015,Ernakulam,Angamaly,8,I . I . P,BIJI JERRY,JD(S),Woman,Woman,OpenDataKerala GitHub
2015,Ernakulam,Angamaly,9,VALAVAZHI,M.A. GRACY TEACHER,CPI(M),Woman,Woman,OpenDataKerala GitHub
2015,Ernakulam,Angamaly,10,VENGOOR NORTH,BINI B. NAIR,INC,Woman,Woman,OpenDataKerala GitHub
2015,Ernakulam,Angamaly,11,VENGOOR SOUTH,LEKHA MADHU,CPI(M),Woman,Woman,OpenDataKerala GitHub
2015,Ernakulam,Angamaly,12,KAVARAPARAMBU,SUBRAN K. R,INC,SC,SC,OpenDataKerala GitHub
2015,Ernakulam,Angamaly,13,THIRUNAYATHODU,M.S GIRISHKUMAR,CPI(M),General,General,OpenDataKerala GitHub
2015,Ernakulam,Angamaly,14,CHETHIKODU,VINITHA DILEEP,CPI(M),Woman,Woman,OpenDataKerala GitHub
2015,Ernakulam,Angamaly,15,AIRPORT,T .Y ALIAS,CPI(M),General,General,OpenDataKerala GitHub
2015,Ernakulam,Angamaly,16,SAMAJAM,SULOCHANA M.A,INC,Woman,Woman,OpenDataKerala GitHub
2015,Ernakulam,Angamaly,17,G-WARD,REKHA SREEJESH,CPI,Woman,Woman,OpenDataKerala GitHub
2015,Ernakulam,Angamaly,18,E- COLONY,WILSON MUNDADAN,INDEPENDENT,General,General,OpenDataKerala GitHub
2015,Ernakulam,Angamaly,19,J B S,M .J .BABY,CPI(M),General,General,OpenDataKerala GitHub
2015,Ernakulam,Angamaly,20,JOSEPURAM,ABILASH JOSEPH,CPI(M),General,General,OpenDataKerala GitHub
2015,Ernakulam,Angamaly,21,PALIYEKKARA,SINIMOL MARTIN KIZHAKKEDATH,CPI(M),Woman,Woman,OpenDataKerala GitHub
2015,Ernakulam,Angamaly,22,NASRATH,SHYTTA. BENNY,CPI(M),Woman,Woman,OpenDataKerala GitHub
2015,Ernakulam,Angamaly,23,MYTHRI,VARGHESE VEMPLIATH,INDEPENDENT,General,General,OpenDataKerala GitHub
2015,Ernakulam,Angamaly,24,EAST ANGADI,BASTIN PARACKAL,INC,General,General,OpenDataKerala GitHub
2015,Ernakulam,Angamaly,25,TOWN WARD,BIJU POULOSE,JD(S),General,General,OpenDataKerala GitHub
2015,Ernakulam,Angamaly,26,MANIYAMKULAM,T.T.DAVASSY KUTTY,INC,General,General,OpenDataKerala GitHub
2015,Ernakulam,Angamaly,27,RAILWAY STATION,SAJI VARGHESE,CPI(M),General,General,OpenDataKerala GitHub
2015,Ernakulam,Angamaly,28,CHAMPANNOOR SOUTH,ADV. SAJI JOSEPH,INC,General,General,OpenDataKerala GitHub
2015,Ernakulam,Angamaly,29,CHAMPANNOOR NORTH,LILLY VARGHESE,CPI(M),Woman,Woman,OpenDataKerala GitHub
2015,Ernakulam,Angamaly,30,PEECHANIKKADU,SHOBY GEORGE,CPI(M),Woman,Woman,OpenDataKerala GitHub
2015,Ernakulam,Tripunithura,1,ATTAPRAYIL,SHINY V M,CPI(M),SC Woman,SC Woman,OpenDataKerala GitHub
2015,Ernakulam,Tripunithura,2,PUTHANKULANGARA,P.C. RAJEEV,CPI(M),SC,SC,OpenDataKerala GitHub
2015,Ernakulam,Tripunithura,3,VADAKE VEIMEEDI,SHEENA GIREESH,CPI(M),Woman,Woman,OpenDataKerala GitHub
2015,Ernakulam,Tripunithura,4,TRACO,P.A. BIJU,CPI(M),SC,SC,OpenDataKerala GitHub
2015,Ernakulam,Tripunithura,5,IOC,CHANDRIKA DEVI,CPI(M),Woman,Woman,OpenDataKerala GitHub
2015,Ernakulam,Tripunithura,6,IRUMPANAM,T.S. ULLASAN,CPI(M),General,General,OpenDataKerala GitHub
2015,Ernakulam,Tripunithura,7,POST OFFICE,RANJITH MASH,CPI(M),SC,SC,OpenDataKerala GitHub
2015,Ernakulam,Tripunithura,8,PULIYANNOOR,T.G. BIJU,CPI(M),General,General,OpenDataKerala GitHub
2015,Ernakulam,Tripunithura,9,ELUMANA,VIJAYASREE K.R.,BJP,Woman,Woman,OpenDataKerala GitHub
2015,Ernakulam,Tripunithura,10,IYIRETTIL,JASHEER AB,BJP,General,General,OpenDataKerala GitHub
2015,Ernakulam,Tripunithura,11,ILAMANATHOPE,VALLY RAVI,BJP,Woman,Woman,OpenDataKerala GitHub
2015,Ernakulam,Tripunithura,12,MAKALIYAM,OMANA RAJAN,CPI(M),SC Woman,SC Woman,OpenDataKerala GitHub
2015,Ernakulam,Tripunithura,13,CHITHRAPUZHA,BIJU M.M.,CPI(M),General,General,OpenDataKerala GitHub
2015,Ernakulam,Tripunithura,14,HILLPALACE,THILOTHAMA SURESH,INC,Woman,Woman,OpenDataKerala GitHub
2015,Ernakulam,Tripunithura,15,KYOMTHA,MANJU BINU,INC,Woman,Woman,OpenDataKerala GitHub
2015,Ernakulam,Tripunithura,16,KARINGACHIRA,SINDHU MADHUKUMAR,BJP,Woman,Woman,OpenDataKerala GitHub
2015,Ernakulam,Tripunithura,17,CHATHARI,K.G. BIJU,CPI(M),General,General,OpenDataKerala GitHub
2015,Ernakulam,Tripunithura,18,NJANAMTHURUTHU,K.V. FRANCIS,CPI(M),General,General,OpenDataKerala GitHub
2015,Ernakulam,Tripunithura,19,PALLIPPARAMBUKAVU,RENJI ANTONY,INC,Woman,Woman,OpenDataKerala GitHub
2015,Ernakulam,Tripunithura,20,RAILWAYSTATION,DEEPTHI SUMESH,CPI(M),SC Woman,SC Woman,OpenDataKerala GitHub
2015,Ernakulam,Tripunithura,21,MARKET,BAIJU A.V.,BJP,General,General,OpenDataKerala GitHub
2015,Ernakulam,Tripunithura,22,CHANGAPUTHA,SINDHU WILSON,CPI(M),Woman,Woman,OpenDataKerala GitHub
2015,Ernakulam,Tripunithura,23,THIRUVANKULAM,K.V. SAJU,INC,General,General,OpenDataKerala GitHub
2015,Ernakulam,Tripunithura,24,THIRUVANKULAM TEMPLE,K.R. SUKUMARAN,INC,General,General,OpenDataKerala GitHub
2015,Ernakulam,Tripunithura,25,CHAKKUPARAMBU,ROHINI(AMMU),INC,Woman,Woman,OpenDataKerala GitHub
2015,Ernakulam,Tripunithura,26,GANDHIPURAM,NISHA RAJENDRAN,CPI(M),Woman,Woman,OpenDataKerala GitHub
2015,Ernakulam,Tripunithura,27,MEKKARA,K.G. SATHYAVRATHAN,INDEPENDENT,General,General,OpenDataKerala GitHub
2015,Ernakulam,Tripunithura,28,CHOORAKAD,RAJASREE CHALIYATH,BJP,Woman,Woman,OpenDataKerala GitHub
2015,Ernakulam,Tripunithura,29,PUTHIYAKAVU,E.K. KRISHNANKUTTY,CPI,General,General,OpenDataKerala GitHub
2015,Ernakulam,Tripunithura,30,PAVAMKULANGARA,SHEBIN V.P.,CPI(M),General,General,OpenDataKerala GitHub
2015,Ernakulam,Tripunithura,31,VALIYATHARA,REMA SANTHOSH,CPI(M),Woman,Woman,OpenDataKerala GitHub
2015,Ernakulam,Tripunithura,32,AMMANKOVIL,RAJANI CHANDRAN,BJP,Woman,Woman,OpenDataKerala GitHub
2015,Ernakulam,Tripunithura,33,VELLAKKINAKKAL,SEENA SURESH,BJP,Woman,Woman,OpenDataKerala GitHub
2015,Ernakulam,Tripunithura,34,PANACKAL,PREETHI VINAYACHANDRAN,CPI(M),Woman,Woman,OpenDataKerala GitHub
2015,Ernakulam,Tripunithura,35,THOPPIL,VALLY MURALIDHARAN,BJP,Woman,Woman,OpenDataKerala GitHub
2015,Ernakulam,Tripunithura,36,KANNANKULANGARA,SAKUNTHALA JAYAKUMAR,INC,Woman,Woman,OpenDataKerala GitHub
2015,Ernakulam,Tripunithura,37,STATUE,VIJAYAKUMAR V.R.,BJP,General,General,OpenDataKerala GitHub
2015,Ernakulam,Tripunithura,38,AMBALAM WARD,RADHIKA VARMA,BJP,Woman,Woman,OpenDataKerala GitHub
2015,Ernakulam,Tripunithura,39,CHAKKAMKULANGARA,SABARIGIREESAN,INC,General,General,OpenDataKerala GitHub
2015,Ernakulam,Tripunithura,40,THAMARAMKULANGARA,ARUN S.,BJP,General,General,OpenDataKerala GitHub
2015,Ernakulam,Tripunithura,41,THEVARAKKAVU,JAYA PARAMESWARAN,CPI(M),Woman,Woman,OpenDataKerala GitHub
2015,Ernakulam,Tripunithura,42,POTTAYIL,O.V. SALIM,CPI(M),General,General,OpenDataKerala GitHub
2015,Ernakulam,Tripunithura,43,THONDOOR,NANDAKUMAR ATTUPURATHU,INC,General,General,OpenDataKerala GitHub
2015,Ernakulam,Tripunithura,44,PEREEKKAD,JOSHI XAVIER,INC,General,General,OpenDataKerala GitHub
2015,Ernakulam,Tripunithura,45,NANNAPPILLY,ANILKUMAR,CPI(M),General,General,OpenDataKerala GitHub
2015,Ernakulam,Tripunithura,46,PISHARIKOVIL,ANOOP T.B.,CPI(M),General,General,OpenDataKerala GitHub
2015,Ernakulam,Tripunithura,47,MATHOOR,NISHA THAMPI,CPI(M),Woman,Woman,OpenDataKerala GitHub
2015,Ernakulam,Tripunithura,48,ILLICKAPADY,INDHU SASI,CPI(M),Woman,Woman,OpenDataKerala GitHub
2015,Ernakulam,Tripunithura,49,MARAMKULANGARA,JOSHY K J,CPI(M),General,General,OpenDataKerala GitHub
2015,Ernakulam,Muvattupuzha,1,VAZHAPPILLY CENTRAL,P K BABURAJ,CPI,General,General,OpenDataKerala GitHub
2015,Ernakulam,Muvattupuzha,2,JANASAKTHI,VIJAYAKUMAR P S,CPI(M),General,General,OpenDataKerala GitHub
2015,Ernakulam,Muvattupuzha,3,MOONNUKANDAM COLONY,JAISON THOTTATHIL,INC,General,General,OpenDataKerala GitHub
2015,Ernakulam,Muvattupuzha,4,MOLEKKUDY,M A SAHEER,CPI(M),General,General,OpenDataKerala GitHub
2015,Ernakulam,Muvattupuzha,5,M.I.E.T SCHOOL,SUMISHA NAUSHAD,INC,Woman,Woman,OpenDataKerala GitHub
2015,Ernakulam,Muvattupuzha,6,ILAHIYA SCHOOL,UMAMATH SALIM,CPI(M),Woman,Woman,OpenDataKerala GitHub
2015,Ernakulam,Muvattupuzha,7,NSS SCHOOL,P PREMCHAND,BJP,General,General,OpenDataKerala GitHub
2015,Ernakulam,Muvattupuzha,8,THARBIYATH SCHOOL,P Y NOORUDEEN,CPI,General,General,OpenDataKerala GitHub
2015,Ernakulam,Muvattupuzha,9,MARKET,SHYLA ABDULLA,IUML,Woman,Woman,OpenDataKerala GitHub
2015,Ernakulam,Muvattupuzha,10,PERUMATTOM,C M SHUKKOOR,IUML,General,General,OpenDataKerala GitHub
2015,Ernakulam,Muvattupuzha,11,RANDARKARA,PRAMEELA GIRISHKUMAR,INC,Woman,Woman,OpenDataKerala GitHub
2015,Ernakulam,Muvattupuzha,12,KIZHAKKEKARA,C M SEETHY,CPI(M),General,General,OpenDataKerala GitHub
2015,Ernakulam,Muvattupuzha,13,EAST HIGH SCHOOL,ABDUL SALAM K A,INC,General,General,OpenDataKerala GitHub
2015,Ernakulam,Muvattupuzha,14,MUNICIPAL PARK,XAVIER K J,INDEPENDENT,General,General,OpenDataKerala GitHub
2015,Ernakulam,Muvattupuzha,15,PANDARIMALA,CELINE GEORGE,CPI(M),Woman,Woman,OpenDataKerala GitHub
2015,Ernakulam,Muvattupuzha,16,PETTA,SHIJI THANKAPPAN,CPI(M),SC Woman,SC Woman,OpenDataKerala GitHub
2015,Ernakulam,Muvattupuzha,17,TALUK HOSPITAL,SHYLAJA ASOKAN,CPI(M),Woman,Woman,OpenDataKerala GitHub
2015,Ernakulam,Muvattupuzha,18,MODEL HIGH SCHOOL,JINU ANTONY,INC,General,General,OpenDataKerala GitHub
2015,Ernakulam,Muvattupuzha,19,HOUSING BOARD,K B BINEESHKUMAR,CPI,General,General,OpenDataKerala GitHub
2015,Ernakulam,Muvattupuzha,20,MARADY U.P SCHOOL,K S JAYAKRISHNAN NAIR,INC,General,General,OpenDataKerala GitHub
2015,Ernakulam,Muvattupuzha,21,S N D P SCHOOL,SINDHU SHAIJU,CPI(M),Woman,Woman,OpenDataKerala GitHub
2015,Ernakulam,Muvattupuzha,22,MUNICIPAL OFFICE,SANTHOSHKUMAR P K,KC(M),SC,SC,OpenDataKerala GitHub
2015,Ernakulam,Muvattupuzha,23,MUVATTUPUZHA CLUB,BINDU SURESHKUMAR,BJP,Woman,Woman,OpenDataKerala GitHub
2015,Ernakulam,Muvattupuzha,24,SANGAMAM,RAJI DILEEP,CPI(M),Woman,Woman,OpenDataKerala GitHub
2015,Ernakulam,Muvattupuzha,25,MUNICIPAL INDUSTRIAL PARK,P.P.NISHA,CPI(M),Woman,Woman,OpenDataKerala GitHub
2015,Ernakulam,Muvattupuzha,26,J B SCHOOL,MARY GEORGE THOTTAM,CPI(M),Woman,Woman,OpenDataKerala GitHub
2015,Ernakulam,Muvattupuzha,27,THEEKKOLLIPPARA,USHA SASIDHARAN,CPI(M),Woman,Woman,OpenDataKerala GitHub
2015,Ernakulam,Muvattupuzha,28,MUNICIPAL COLONY,SHALINA BASHEER,INC,Woman,Woman,OpenDataKerala GitHub
2015,Ernakulam,North Paravur,1,MATTUMMAL NEENDOOR,JINCY JIBU,INC,Woman,Woman,OpenDataKerala GitHub
2015,Ernakulam,North Paravur,2,KURUNTHOTTY PARAMBU,SUNIL SUKUMARAN,CPI,SC,SC,OpenDataKerala GitHub
2015,Ernakulam,North Paravur,3,MARKET,MINI SHIBU,INC,Woman,Woman,OpenDataKerala GitHub
2015,Ernakulam,North Paravur,4,KANNANKULANGARA,LYJO JOHNSON,Con(S),Woman,Woman,OpenDataKerala GitHub
2015,Ernakulam,North Paravur,5,TOWNHALL,JESSY RAJU,INC,Woman,Woman,OpenDataKerala GitHub
2015,Ernakulam,North Paravur,6,PALLAMTHURUTH,VALSALA PRASANNAKUMAR,INC,Woman,Woman,OpenDataKerala GitHub
2015,Ernakulam,North Paravur,7,KOTTACKAKAM,K J SHINE,CPI(M),Woman,Woman,OpenDataKerala GitHub
2015,Ernakulam,North Paravur,8,PARAVOOTHARA,PRADEEP THOPPIL,INC,General,General,OpenDataKerala GitHub
2015,Ernakulam,North Paravur,9,FIRE STATION,HARIDASAN K G,CPI(M),General,General,OpenDataKerala GitHub
2015,Ernakulam,North Paravur,10,VEDIMARA,NABEESA BAVA,CPI(M),Woman,Woman,OpenDataKerala GitHub
2015,Ernakulam,North Paravur,11,PALLITHAZHAM,K SUDHAKARAN PILLAI,CPI,General,General,OpenDataKerala GitHub
2015,Ernakulam,North Paravur,12,SANTHI NAGAR,DENNY THOMAS,INC,General,General,OpenDataKerala GitHub
2015,Ernakulam,North Paravur,13,NANTHIKULANGARA,SWAPNA SURESH,BJP,Woman,Woman,OpenDataKerala GitHub
2015,Ernakulam,North Paravur,14,VANIYAKKADU,K A VIDYANANDAN,CPI(M),General,General,OpenDataKerala GitHub
2015,Ernakulam,North Paravur,15,KIZHAKKEPRAM,S SREEKUMARI,CPI,Woman,Woman,OpenDataKerala GitHub
2015,Ernakulam,North Paravur,16,VAZHIKULANGARA,SAJI NAMBIYATH,INC,General,General,OpenDataKerala GitHub
2015,Ernakulam,North Paravur,17,PERUVARAM,V A PRABHAVATHY TEACHER,INC,General,General,OpenDataKerala GitHub
2015,Ernakulam,North Paravur,18,KESARI,RAJESH PUKKADAN,INC,General,General,OpenDataKerala GitHub
2015,Ernakulam,North Paravur,19,NANTHYATTUKUNNAM,RAMESH D KURUP,INC,General,General,OpenDataKerala GitHub
2015,Ernakulam,North Paravur,20,THONYAKAVU,SHEEBA PRATHAPAN,INC,Woman,Woman,OpenDataKerala GitHub
2015,Ernakulam,North Paravur,21,STADIUM,JALAJA RAVEENDRAN,INC,Woman,Woman,OpenDataKerala GitHub
2015,Ernakulam,North Paravur,22,SAMOOHAM SCHOOL,ASHA DEVADAS,INC,Woman,Woman,OpenDataKerala GitHub
2015,Ernakulam,North Paravur,23,S N V SCHOOL,T V NIDHIN,CPI(M),General,General,OpenDataKerala GitHub
2015,Ernakulam,North Paravur,24,KANNANCHIRA,C P JAYAN,CPI(M),General,General,OpenDataKerala GitHub
2015,Ernakulam,North Paravur,25,KEDAMANGALAM PAPPUKUTTY,AJITHA GOPALAN,INC,Woman,Woman,OpenDataKerala GitHub
2015,Ernakulam,North Paravur,26,KESAVADEV,D RAJKUMAR,INC,General,General,OpenDataKerala GitHub
2015,Ernakulam,North Paravur,27,KEDAMANGALAM,JYOTHI DINESAN,CPI(M),Woman,Woman,OpenDataKerala GitHub
2015,Ernakulam,North Paravur,28,PERUMBADANNA SOUTH,K RAMACHANDRAN,CPI,General,General,OpenDataKerala GitHub
2015,Ernakulam,North Paravur,29,PERUMBADANNA,SHAIDA ROY,CPI(M),Woman,Woman,OpenDataKerala GitHub
2015,Ernakulam,Perumbavoor,1,VALLAM NORTH,V P BABU,CPI(M),General,General,OpenDataKerala GitHub
2015,Ernakulam,Perumbavoor,2,THRIKKAPARAMBU,ALI K M,INDEPENDENT,General,General,OpenDataKerala GitHub
2015,Ernakulam,Perumbavoor,3,MASJID,P M BASHEER,PDP,General,General,OpenDataKerala GitHub
2015,Ernakulam,Perumbavoor,4,CHAKKARAKATTU,SATHY JAYAKRISHNAN,CPI(M),General,General,OpenDataKerala GitHub
2015,Ernakulam,Perumbavoor,5,SASTHAMANGALAM,P MANOHARAN,BJP,General,General,OpenDataKerala GitHub
2015,Ernakulam,Perumbavoor,6,THURUTHIPARAMBU,ANIL KUMAR ( ANIL SANKARAMANGALAM ),CPI(M),General,General,OpenDataKerala GitHub
2015,Ernakulam,Perumbavoor,7,TEMPLE WARD,SULEKHA GOPALAKRISHNAN,INDEPENDENT,Woman,Woman,OpenDataKerala GitHub
2015,Ernakulam,Perumbavoor,8,TALUK HOSPITAL,USHA DIVAKARAN,INC,SC Woman,SC Woman,OpenDataKerala GitHub
2015,Ernakulam,Perumbavoor,9,POOPPANY,VALSALA RAVIKUMAR,CPI(M),Woman,Woman,OpenDataKerala GitHub
2015,Ernakulam,Perumbavoor,10,KARATTUPALLIKKARA,LISHA,BJP,Woman,Woman,OpenDataKerala GitHub
2015,Ernakulam,Perumbavoor,11,ASRAMAM,MOHAN BABY,INC,General,General,OpenDataKerala GitHub
2015,Ernakulam,Perumbavoor,12,KONNANKUDY,RANI VENUGOPAL,CPI(M),Woman,Woman,OpenDataKerala GitHub
2015,Ernakulam,Perumbavoor,13,KUNNAMPILLY CHIRA,BEENA RAJAN,CPI(M),Woman,Woman,OpenDataKerala GitHub
2015,Ernakulam,Perumbavoor,14,NEELAMKULANGARA,OMANA SUBRAMANIAN,INDEPENDENT,General,General,OpenDataKerala GitHub
2015,Ernakulam,Perumbavoor,15,NAGANCHERY MANA,JOHN JACOB,CPI(M),General,General,OpenDataKerala GitHub
2015,Ernakulam,Perumbavoor,16,PANKULAM,SANTHA PRABHAKARAN,INC,Woman,Woman,OpenDataKerala GitHub
2015,Ernakulam,Perumbavoor,17,PERIYARVALLIE CLUB,BIJU JOHN JACOB,INC,General,General,OpenDataKerala GitHub
2015,Ernakulam,Perumbavoor,18,MARUTH KAVALA,JESSY AGI,INC,Woman,Woman,OpenDataKerala GitHub
2015,Ernakulam,Perumbavoor,19,K S R T C,MINI JOSHY,KC(M),Woman,Woman,OpenDataKerala GitHub
2015,Ernakulam,Perumbavoor,20,CHURCH,MERCY JOHNSON,CPI(M),Woman,Woman,OpenDataKerala GitHub
2015,Ernakulam,Perumbavoor,21,MUNICIPAL OFFICE,REEJA VIJAYAN,CPI(M),Woman,Woman,OpenDataKerala GitHub
2015,Ernakulam,Perumbavoor,22,LIBRARY,M G JAYACHANDRAN,CPI(M),General,General,OpenDataKerala GitHub
2015,Ernakulam,Perumbavoor,23,KADUVAL,NISHA VINAYAN,CPI,Woman,Woman,OpenDataKerala GitHub
2015,Ernakulam,Perumbavoor,24,VALLAM THODU,SAJEENA HASSAN,CPI(M),Woman,Woman,OpenDataKerala GitHub
2015,Ernakulam,Perumbavoor,25,PARAPPURAM,SEENA ABOOBACKER,INC,Woman,Woman,OpenDataKerala GitHub
2015,Ernakulam,Perumbavoor,26,SOUTH VALLAM,M M IBICHIKOYA,INDEPENDENT,General,General,OpenDataKerala GitHub
2015,Ernakulam,Perumbavoor,27,RAYONPURAM,MANIKANDAN APPU,INC,SC,SC,OpenDataKerala GitHub
2015,Ernakulam,Aluva,1,MANGLAPUZHA SEMINARY,LEENA GEORGE,INC,Woman,Woman,OpenDataKerala GitHub
2015,Ernakulam,Aluva,2,GURUMANDIRAM,LISSY ABRAHAM,INC,Woman,Woman,OpenDataKerala GitHub
2015,Ernakulam,Aluva,3,DESAM KADAVU,SAJITHA SAGEER,CPI,Woman,Woman,OpenDataKerala GitHub
2015,Ernakulam,Aluva,4,MANA,C OMANA,INC,Woman,Woman,OpenDataKerala GitHub
2015,Ernakulam,Aluva,6,GANAPATHI TEMPLE,JEROME MICHAEL,INC,General,General,OpenDataKerala GitHub
2015,Ernakulam,Aluva,7,ST: ANNS CHURCH,P C ANTONY,CPI,General,General,OpenDataKerala GitHub
2015,Ernakulam,Aluva,8,KADATHUKADAVU,M T JACOB,INC,General,General,OpenDataKerala GitHub
2015,Ernakulam,Aluva,9,PALACE,K V SARALA,INC,Woman,Woman,OpenDataKerala GitHub
2015,Ernakulam,Aluva,10,LIBRARY,SEBY V BASTIN,INDEPENDENT,General,General,OpenDataKerala GitHub
2015,Ernakulam,Aluva,11,OOMANKUZHITHADAM,SOUMYA KATTUNGAL,INC,Woman,Woman,OpenDataKerala GitHub
2015,Ernakulam,Aluva,12,MUNICIPAL OFFICE,MINI BAIJU,CPI(M),Woman,Woman,OpenDataKerala GitHub
2015,Ernakulam,Aluva,13,MADRASA,LALITHA GANESAN,INC,Woman,Woman,OpenDataKerala GitHub
2015,Ernakulam,Aluva,14,ASAN KOLANI,OMANA HARI,CPI,Woman,Woman,OpenDataKerala GitHub
2015,Ernakulam,Aluva,15,TREASURY,LOLITHA SIVADASAN,CPI(M),General,General,OpenDataKerala GitHub
2015,Ernakulam,Aluva,16,SNEHALAYAM,TIMMY TEACHER,INC,Woman,Woman,OpenDataKerala GitHub
2015,Ernakulam,Aluva,17,MADHAVAPURAM,RAJEEV SACHARIA,CPI(M),General,General,OpenDataKerala GitHub
2015,Ernakulam,Aluva,18,NAZRATH,TENCY VARGHESE,INC,Woman,Woman,OpenDataKerala GitHub
2015,Ernakulam,Aluva,19,THRIKKUNNATHU,LIJI JOY,INC,Woman,Woman,OpenDataKerala GitHub
2015,Ernakulam,Aluva,20,THALUK HOSPITAL,SHAIJI TEACHER,CPI(M),Woman,Woman,OpenDataKerala GitHub
2015,Ernakulam,Aluva,21,SASTHA TEMPLE,A C SANTHOSH KUMAR,BJP,General,General,OpenDataKerala GitHub
2015,Ernakulam,Aluva,22,PULINCHODE,JEBI MATHER HISHAM,INC,General,General,OpenDataKerala GitHub
2015,Ernakulam,Aluva,23,MARKET,V CHANDRAN,INC,SC,SC,OpenDataKerala GitHub
2015,Ernakulam,Aluva,24,PRIYADARSINI,SHYAM PADMANABHAN,CPI(M),General,General,OpenDataKerala GitHub
2015,Ernakulam,Aluva,25,CANAL,K JAYAKUMAR,INDEPENDENT,General,General,OpenDataKerala GitHub
2015,Ernakulam,Aluva,26,THANDIKKAL,P M MOOSAKUTTY,INC,General,General,OpenDataKerala GitHub
2015,Ernakulam,Thrikkakara,1,MAROTTICHUVADU,AJITHA THANKAPPAN,INC,SC Woman,SC Woman,OpenDataKerala GitHub
2015,Ernakulam,Thrikkakara,2,BM NAGAR,AJUNA HASHIM,CPI(M),Woman,Woman,OpenDataKerala GitHub
2015,Ernakulam,Thrikkakara,3,THOPPIL,MARY KURIAN,INC,Woman,Woman,OpenDataKerala GitHub
2015,Ernakulam,Thrikkakara,4,THRIKKAKARA,SHABANA MEHAR ALI,IUML,Woman,Woman,OpenDataKerala GitHub
2015,Ernakulam,Thrikkakara,5,KOLLAMKUDIMUGAL,C A NISHAD,CPI(M),General,General,OpenDataKerala GitHub
2015,Ernakulam,Thrikkakara,6,NAVODHAYA,N K PRADEEP,CPI(M),General,General,OpenDataKerala GitHub
2015,Ernakulam,Thrikkakara,7,VALLYATTUMUGAL,K T ELDHO,CPI(M),General,General,OpenDataKerala GitHub
2015,Ernakulam,Thrikkakara,8,THENGODE,ELDHO K MATHEW,CPI(M),General,General,OpenDataKerala GitHub
2015,Ernakulam,Thrikkakara,9,EDACHIRA,RAMSY JALEEL,CPI(M),Woman,Woman,OpenDataKerala GitHub
2015,Ernakulam,Thrikkakara,10,KALATHIKUZHY,ABDULL RAFEEK P S (RAFEEK POOTHELIL),INC,General,General,OpenDataKerala GitHub
2015,Ernakulam,Thrikkakara,11,NILAMPATHINJIMUGAL,NEENU K K,CPI(M),Woman,Woman,OpenDataKerala GitHub
2015,Ernakulam,Thrikkakara,12,KUZHIKKATTUMOOLA,DIVYA PRAMOD,INC,Woman,Woman,OpenDataKerala GitHub
2015,Ernakulam,Thrikkakara,13,ATHANI,M T OMANA,INC,Woman,Woman,OpenDataKerala GitHub
2015,Ernakulam,Thrikkakara,14,MAVELIPURAM,RANJINI UNNI,INC,Woman,Woman,OpenDataKerala GitHub
2015,Ernakulam,Thrikkakara,15,KAKKANAD HEALTH CENTRE,SMITHA SUNNY,INC,Woman,Woman,OpenDataKerala GitHub
2015,Ernakulam,Thrikkakara,16,KAKKANAD,LIJI SURESH,INC,Woman,Woman,OpenDataKerala GitHub
2015,Ernakulam,Thrikkakara,17,CHITTETHUKARA,T M ALI,IUML,General,General,OpenDataKerala GitHub
2015,Ernakulam,Thrikkakara,18,KANNANKERI,K P SIVAN,CPI(M),General,General,OpenDataKerala GitHub
2015,Ernakulam,Thrikkakara,19,THUTHIYOOR,K M MATHEW,INC,General,General,OpenDataKerala GitHub
2015,Ernakulam,Thrikkakara,20,KUNNATHUCHIRA,SHEELA CHARU,INC,Woman,Woman,OpenDataKerala GitHub
2015,Ernakulam,Thrikkakara,21,PALACHUVADU,USHA PRAVEEN,CPI(M),SC Woman,SC Woman,OpenDataKerala GitHub
2015,Ernakulam,Thrikkakara,22,THANAPADAM,P M SALIM,INC,General,General,OpenDataKerala GitHub
2015,Ernakulam,Thrikkakara,23,KAMBIVELI,K A NAJEEB,CPI(M),General,General,OpenDataKerala GitHub
2015,Ernakulam,Thrikkakara,24,T V CENTRE,NAZAR,INDEPENDENT,General,General,OpenDataKerala GitHub
2015,Ernakulam,Thrikkakara,25,OLIKKUZHY,UMAIBA ASHRAF,CPI(M),Woman,Woman,OpenDataKerala GitHub
2015,Ernakulam,Thrikkakara,26,PADAMUGAL,SAJAN C P,CPI(M),General,General,OpenDataKerala GitHub
2015,Ernakulam,Thrikkakara,27,N G O QUARTERS,SEENA RAHMAN,INC,Woman,Woman,OpenDataKerala GitHub
2015,Ernakulam,Thrikkakara,28,KUNNEPARAMBU,RUKKIA MUHAMMADALI,CPI(M),Woman,Woman,OpenDataKerala GitHub
2015,Ernakulam,Thrikkakara,29,VAZHAKKALA EAST,SHIHAB M M,CPI(M),General,General,OpenDataKerala GitHub
2015,Ernakulam,Thrikkakara,30,VAZHAKKALA WEST,E M MAJEED,INC,General,General,OpenDataKerala GitHub
2015,Ernakulam,Thrikkakara,31,SNEHANILAYAM,SOMI REJI,INC,Woman,Woman,OpenDataKerala GitHub
2015,Ernakulam,Thrikkakara,32,KUNNEPARAMBU WEST,SANTHOSH P V,CPI,SC,SC,OpenDataKerala GitHub
2015,Ernakulam,Thrikkakara,33,CHERUMUTTAPUZHAKKARA,JANCY GEORGE,CPI(M),Woman,Woman,OpenDataKerala GitHub
2015,Ernakulam,Thrikkakara,34,DESIYAKAVALA,SABU FRANCIS,INDEPENDENT,General,General,OpenDataKerala GitHub
2015,Ernakulam,Thrikkakara,35,HOUSING BOARD COLONY,T M ASHARAF,CPI(M),General,General,OpenDataKerala GitHub
2015,Ernakulam,Thrikkakara,36,KUDILIMUKKU,ASMA NOUSHAD,IUML,Woman,Woman,OpenDataKerala GitHub
2015,Ernakulam,Thrikkakara,37,MALEPPALLY,YOUSEF P M,IUML,General,General,OpenDataKerala GitHub
2015,Ernakulam,Thrikkakara,38,KRIMAKKADU,NISHABEEVI T A,Con(S),Woman,Woman,OpenDataKerala GitHub
2015,Ernakulam,Thrikkakara,39,MODEL ENGINEERING COLLEGE,AISHA ANVAR,INC,Woman,Woman,OpenDataKerala GitHub
2015,Ernakulam,Thrikkakara,40,SAHAKARANA ROAD,GIJO CHINGAMTHARA,CPI,General,General,OpenDataKerala GitHub
2015,Ernakulam,Thrikkakara,41,THOPPIL SOUTH,T T BABU,INC,SC,SC,OpenDataKerala GitHub
2015,Ernakulam,Thrikkakara,42,MAMBILLIPARAMBU,ANTONY PARAVARA,CPI,General,General,OpenDataKerala GitHub
2015,Ernakulam,Thrikkakara,43,KENNEDI MUKKU,RONY MARY SANTHOSH,INC,Woman,Woman,OpenDataKerala GitHub
2015,Ernakulam,Eloor,1,ELOOR DIPPO,SATHEESH T K,CPI,General,General,OpenDataKerala GitHub
2015,Ernakulam,Eloor,2,ELOOR NORTH,M.K.KUNJAPPAN,CPI(ML),SC,SC,OpenDataKerala GitHub
2015,Ernakulam,Eloor,3,ELOOR NORTH EAST,K.K.ABDUL LATHEEF,CPI(M),General,General,OpenDataKerala GitHub
2015,Ernakulam,Eloor,4,PATTUPURACKAL,TISHA VENU,CPI(M),Woman,Woman,OpenDataKerala GitHub
2015,Ernakulam,Eloor,5,KUZHIKANDAM,A.D.SUJIL,CPI(M),General,General,OpenDataKerala GitHub
2015,Ernakulam,Eloor,6,HEADQUARTERS WARD,BINDHU MURALI,BJP,Woman,Woman,OpenDataKerala GitHub
2015,Ernakulam,Eloor,7,ILANJIKAL WARD,M.V.KARTHIKEYAN,CPI,General,General,OpenDataKerala GitHub
2015,Ernakulam,Eloor,8,ELOOR EAST,P.M.ABOOBACKER,IUML,General,General,OpenDataKerala GitHub
2015,Ernakulam,Eloor,9,MEPIRIKUNNU,SHERIN SATTEN,CPI(M),Woman,Woman,OpenDataKerala GitHub
2015,Ernakulam,Eloor,10,PATHALAM,JASMIN MUHAMMEDKUNJU,INC,Woman,Woman,OpenDataKerala GitHub
2015,Ernakulam,Eloor,11,ALUPURAM,JOSEPH SHERY,CPI(M),General,General,OpenDataKerala GitHub
2015,Ernakulam,Eloor,12,THARAMALI,RAHEEMA.C.B,IUML,Woman,Woman,OpenDataKerala GitHub
2015,Ernakulam,Eloor,13,IDAMULA,CHANDRAMATI KUNJAPPAN,CPI(M),SC Woman,SC Woman,OpenDataKerala GitHub
2015,Ernakulam,Eloor,14,PUTHIYAROAD,SAJAN JOSEPH,INC,General,General,OpenDataKerala GitHub
2015,Ernakulam,Eloor,15,KUTTIKATTUKARA SOUTH,ALPHONSA JOY KOIKKARA,INC,Woman,Woman,OpenDataKerala GitHub
2015,Ernakulam,Eloor,16,PUTHALATH,NAZEERA RAZAK,INC,Woman,Woman,OpenDataKerala GitHub
2015,Ernakulam,Eloor,17,TOWNSHIP,C.P.USHA,CPI(M),Woman,Woman,OpenDataKerala GitHub
2015,Ernakulam,Eloor,18,PATHELAKKADU,SIJI BABU,CPI,Woman,Woman,OpenDataKerala GitHub
2015,Ernakulam,Eloor,19,MANJUMMEL EAST,BIJI SUBRAHMANYAN,INC,SC Woman,SC Woman,OpenDataKerala GitHub
2015,Ernakulam,Eloor,20,KOTTAKKUNNU,CHARLY JAMES,INC,General,General,OpenDataKerala GitHub
2015,Ernakulam,Eloor,21,MANJUMMEL SOUTH,NELSON CORREYA,INC,General,General,OpenDataKerala GitHub
2015,Ernakulam,Eloor,22,MUTTAR EAST,A.K.NAVAS,CPI(M),General,General,OpenDataKerala GitHub
2015,Ernakulam,Eloor,23,MUTTAR WEST,METTILDA JAMES,CPI(M),Woman,Woman,OpenDataKerala GitHub
2015,Ernakulam,Eloor,24,MANJUMMEL WEST,P.AJITH KUMAR,CPI,General,General,OpenDataKerala GitHub
2015,Ernakulam,Eloor,25,MANJUMMEL,V.A.JESSY,CPI(M),Woman,Woman,OpenDataKerala GitHub
2015,Ernakulam,Eloor,26,DEVASWAMPADAM,GEETHA RAJU,BJP,Woman,Woman,OpenDataKerala GitHub
2015,Ernakulam,Eloor,27,KOCHAL,MANJU.M.MENON,CPI(M),General,General,OpenDataKerala GitHub
2015,Ernakulam,Eloor,28,MADAPPATTU,LEELA BABU,CPI,Woman,Woman,OpenDataKerala GitHub
2015,Ernakulam,Eloor,29,PARACKAL,BABY JOHN,CPI(M),Woman,Woman,OpenDataKerala GitHub
2015,Ernakulam,Eloor,30,HEAD QUARTES WEST,T.N.UNNIKRISHNAN,INC,General,General,OpenDataKerala GitHub
2015,Ernakulam,Eloor,31,AMBEDKAR WARD,M.A.JAMES,CPI,General,General,OpenDataKerala GitHub
2015,Ernakulam,Maradu,1,NETTOOR NORTH,SANTHOSH,CPI(M),SC,SC,OpenDataKerala GitHub
2015,Ernakulam,Maradu,2,KUNDANOOR NORTH,ADV.T.K. DEVARAJAN,INC,General,General,OpenDataKerala GitHub
2015,Ernakulam,Maradu,3,KANNADIKKADU EAST,ANTONY ASHANPARAMBIL,INC,General,General,OpenDataKerala GitHub
2015,Ernakulam,Maradu,4,KUNNALAKADU,R K SURESHBABU,INC,General,General,OpenDataKerala GitHub
2015,Ernakulam,Maradu,5,THURUTHY,K.A. DEVASSY,CPI(M),General,General,OpenDataKerala GitHub
2015,Ernakulam,Maradu,6,MARADU NORTH,BINDHU PRASANTH,INDEPENDENT,Woman,Woman,OpenDataKerala GitHub
2015,Ernakulam,Maradu,7,KATTITHARA,MOLY JAMES,INC,Woman,Woman,OpenDataKerala GitHub
2015,Ernakulam,Maradu,8,SANKAR NAGAR,SHEELA SADASIVAN,INC,SC Woman,SC Woman,OpenDataKerala GitHub
2015,Ernakulam,Maradu,9,MARTINPURAM,VALSA JOHN,INC,Woman,Woman,OpenDataKerala GitHub
2015,Ernakulam,Maradu,10,SASTHRYNAGAR,N.V.BALAKRISHNAN,INC,General,General,OpenDataKerala GitHub
2015,Ernakulam,Maradu,11,KAIRALI NAGAR,T.R.KRISHNAKUMAR,CPI(M),General,General,OpenDataKerala GitHub
2015,Ernakulam,Maradu,12,SOCIETY,MINI UDAYAN,INDEPENDENT,Woman,Woman,OpenDataKerala GitHub
2015,Ernakulam,Maradu,13,PANDAVATHU,AJITHA NANDAKUMAR,INC,Woman,Woman,OpenDataKerala GitHub
2015,Ernakulam,Maradu,14,NERAVATHU,SUJATHA SISUPALAN,INDEPENDENT,Woman,Woman,OpenDataKerala GitHub
2015,Ernakulam,Maradu,15,J B SCHOOL,RAJI THAMBY,CPI(M),Woman,Woman,OpenDataKerala GitHub
2015,Ernakulam,Maradu,16,KUNDANOOR JUNCTION,SUNEELA SIBY,INC,Woman,Woman,OpenDataKerala GitHub
2015,Ernakulam,Maradu,17,SUB REGISTRAR OFFICE,BABY PAUL,INC,Woman,Woman,OpenDataKerala GitHub
2015,Ernakulam,Maradu,18,MANGAYIL,M.P.SUNILKUMAR,CPI(M),General,General,OpenDataKerala GitHub
2015,Ernakulam,Maradu,19,MANNAPARAMBU,M.V.ULLAS,CPI(M),General,General,OpenDataKerala GitHub
2015,Ernakulam,Maradu,20,AMBEDKAR NAGR,SWAMINA SUJITH,NCP,Woman,Woman,OpenDataKerala GitHub
2015,Ernakulam,Maradu,21,AYURVEDA HOSPITAL,JINSON PETER,INC,General,General,OpenDataKerala GitHub
2015,Ernakulam,Maradu,22,VALANTHAKADU,RATHI DIVAKARAN,CPI(M),General,General,OpenDataKerala GitHub
2015,Ernakulam,Maradu,23,SANTHIVANOM,AJITHAKUMARI,INDEPENDENT,SC Woman,SC Woman,OpenDataKerala GitHub
2015,Ernakulam,Maradu,24,NETTOOR SOUTH,DIVYA ANILKUMAR,INDEPENDENT,Woman,Woman,OpenDataKerala GitHub
2015,Ernakulam,Maradu,25,THANDASSERY,BINU JOSEPH,INC,Woman,Woman,OpenDataKerala GitHub
2015,Ernakulam,Maradu,26,PERINGATTU PARAMBU,JAMEELA MUHAMMED,INL,Woman,Woman,OpenDataKerala GitHub
2015,Ernakulam,Maradu,27,PURAKELI,ABDUL JABBAR.P.A,INDEPENDENT,General,General,OpenDataKerala GitHub
2015,Ernakulam,Maradu,28,SVUPS,T.H.NADEERA,INC,Woman,Woman,OpenDataKerala GitHub
2015,Ernakulam,Maradu,29,THEKKEPATTUPURACKAL,BOBAN NEDUMPARAMBIL,INDEPENDENT,General,General,OpenDataKerala GitHub
2015,Ernakulam,Maradu,30,AMBALAKADAVU,V.G.SHIBU,CPI(M),General,General,OpenDataKerala GitHub
2015,Ernakulam,Maradu,31,NORTH COLONY,P.J.JOHNSON,INC,General,General,OpenDataKerala GitHub
2015,Ernakulam,Maradu,32,NORTH PATTUPURACKAL,DEVOOS,INC,General,General,OpenDataKerala GitHub
2015,Ernakulam,Maradu,33,THATTEKADU,DISHA PRATHAPAN,CPI,Woman,Woman,OpenDataKerala GitHub
2015,Ernakulam,Koothattukulam,1,M.P.I,FEBEESH V. GEORGE,CPI(M),General,General,OpenDataKerala GitHub
2015,Ernakulam,Koothattukulam,2,CHELLACKAPADY,SEENA JOHNSON,INC,Woman,Woman,OpenDataKerala GitHub
2015,Ernakulam,Koothattukulam,3,MANJERIKUNNU,BIJU JOHN,INDEPENDENT,General,General,OpenDataKerala GitHub
2015,Ernakulam,Koothattukulam,4,VADAKARA,OMANA BABY,INC,Woman,Woman,OpenDataKerala GitHub
2015,Ernakulam,Koothattukulam,5,KUNKUMASSERY,VALSAMMA BABY,KC(M),Woman,Woman,OpenDataKerala GitHub
2015,Ernakulam,Koothattukulam,6,PAITAKULAM,JEENAMMA SIBY,INC,Woman,Woman,OpenDataKerala GitHub
2015,Ernakulam,Koothattukulam,7,DEVAMATHA,GRACY GEORGE,INC,Woman,Woman,OpenDataKerala GitHub
2015,Ernakulam,Koothattukulam,8,SUBSTATION,LINU MATHEW,INDEPENDENT,General,General,OpenDataKerala GitHub
2015,Ernakulam,Koothattukulam,9,AMBALAM,BINDU MANOJ,CPI(M),Woman,Woman,OpenDataKerala GitHub
2015,Ernakulam,Koothattukulam,10,HIGH SCHOOL,PRINCE PAUL JOHN,INC,General,General,OpenDataKerala GitHub
2015,Ernakulam,Koothattukulam,11,MANGALATHUTHAZHAM,VASUMATHI AMMA,CPI(M),Woman,Woman,OpenDataKerala GitHub
2015,Ernakulam,Koothattukulam,12,MANGALATHUTHAZHAM SOUTH,LEELA KURIAKOSE,INC,Woman,Woman,OpenDataKerala GitHub
2015,Ernakulam,Koothattukulam,13,ARJUNAN MALA,NALINI BALAKRISHNAN,CPI(M),Woman,Woman,OpenDataKerala GitHub
2015,Ernakulam,Koothattukulam,14,BAPPUJI,C. N. PRABHAKUMAR,CPI(M),General,General,OpenDataKerala GitHub
2015,Ernakulam,Koothattukulam,15,TOWN,M.M ASHOKAN,NCP,General,General,OpenDataKerala GitHub
2015,Ernakulam,Koothattukulam,16,U.P. SCHOOL,P. C. JOSE,INC,General,General,OpenDataKerala GitHub
2015,Ernakulam,Koothattukulam,17,CHORAKKUZHY,A. S. RAJAN,CPI,SC,SC,OpenDataKerala GitHub
2015,Ernakulam,Koothattukulam,18,CHAMBAMALA,C. V BABY,INC,General,General,OpenDataKerala GitHub
2015,Ernakulam,Koothattukulam,19,SREEDHAREEYAM,OMANA MANIYAN,INC,Woman,Woman,OpenDataKerala GitHub
2015,Ernakulam,Koothattukulam,20,THALIKKUNNU,SHEEBA RAJU,CPI(M),Woman,Woman,OpenDataKerala GitHub
2015,Ernakulam,Koothattukulam,21,VENGULAM,SARA T. S.,INC,Woman,Woman,OpenDataKerala GitHub
2015,Ernakulam,Koothattukulam,22,KIZHAKOMBU CENTRE,VIJAYA SIVAN,CPI(M),Woman,Woman,OpenDataKerala GitHub
2015,Ernakulam,Koothattukulam,23,EDAYAR EAST,SUNNY KURIAKOSE,CPI(M),General,General,OpenDataKerala GitHub
2015,Ernakulam,Koothattukulam,24,PEEDIKAPADY,THOMAS JOHN,INC,General,General,OpenDataKerala GitHub
2015,Ernakulam,Koothattukulam,25,EDAYAR WEST,ROY ABRAHAM,INDEPENDENT,General,General,OpenDataKerala GitHub
2015,Ernakulam,Piravom,1,KAKKAD WEST,SINI SIMON,INC,Woman,Woman,OpenDataKerala GitHub
2015,Ernakulam,Piravom,2,KAKKAD CENTRAL,THAMPI PUTHUVAKKUNNEL,INC,General,General,OpenDataKerala GitHub
2015,Ernakulam,Piravom,3,KAKKAD EAST,SASI K.R,CPI(M),General,General,OpenDataKerala GitHub
2015,Ernakulam,Piravom,4,KAKKAD SOUTH,SHAIBI RAJU,INDEPENDENT,Woman,Woman,OpenDataKerala GitHub
2015,Ernakulam,Piravom,5,KARAKODE,SOJAN GEORGE,JD(S),General,General,OpenDataKerala GitHub
2015,Ernakulam,Piravom,6,KOLLICKAL,JINCY RAJU,INC,Woman,Woman,OpenDataKerala GitHub
2015,Ernakulam,Piravom,7,PIRAVOM TOWN,REEJA SHAJU,KC(J),Woman,Woman,OpenDataKerala GitHub
2015,Ernakulam,Piravom,8,THOTTABHAGAM NORTH,MEBIN BABY,INC,General,General,OpenDataKerala GitHub
2015,Ernakulam,Piravom,9,PIRAVOM NORTH,SABU K.JACOB,INC,General,General,OpenDataKerala GitHub
2015,Ernakulam,Piravom,10,PIRAVOM SOUTH,SIJI SUKUMARAN,BJP,Woman,Woman,OpenDataKerala GitHub
2015,Ernakulam,Piravom,11,PIRAVOM EAST,SUNITHA VIMAL,INC,Woman,Woman,OpenDataKerala GitHub
2015,Ernakulam,Piravom,12,KOMBANAMALA,NEETHU DIJO,CPI(M),Woman,Woman,OpenDataKerala GitHub
2015,Ernakulam,Piravom,13,PALACHUVADE NORTH,ARUN KALLARACKAL,INC,General,General,OpenDataKerala GitHub
2015,Ernakulam,Piravom,14,EDAPPALLICHIRA,AYSHA MADHAVAN,KC(J),Woman,Woman,OpenDataKerala GitHub
2015,Ernakulam,Piravom,15,ILLICKAMUKKADA,SINDHU JAMES,CPI,Woman,Woman,OpenDataKerala GitHub
2015,Ernakulam,Piravom,16,NAMAKUZHY,THOMAS T K,CPI(M),General,General,OpenDataKerala GitHub
2015,Ernakulam,Piravom,17,KALLUMADA,AJESH MANOHAR,CPI(M),General,General,OpenDataKerala GitHub
2015,Ernakulam,Piravom,18,MULAKKULAM,ANNAMMA DOMY,KC(J),Woman,Woman,OpenDataKerala GitHub
2015,Ernakulam,Piravom,19,THOTTABHAGAM SOUTH,SHIJI GOPAKUMAR,INC,Woman,Woman,OpenDataKerala GitHub
2015,Ernakulam,Piravom,20,KALAMPOOR ITTIYARMALA,GILS PERIAPPURAM,KC(M),General,General,OpenDataKerala GitHub
2015,Ernakulam,Piravom,21,KALAMPOOR SOUTH,ATHIRA RAJAN,CPI(M),SC Woman,SC Woman,OpenDataKerala GitHub
2015,Ernakulam,Piravom,22,KALAMPOOR WEST,MUKESH THANKAPPAN,CPI,SC,SC,OpenDataKerala GitHub
2015,Ernakulam,Piravom,23,PAZHOOR SOUTH,VALSALA VARGHESE,INC,Woman,Woman,OpenDataKerala GitHub
2015,Ernakulam,Piravom,24,PAZHOOR WEST,ALSA ANOOP,KC(J),Woman,Woman,OpenDataKerala GitHub
2015,Ernakulam,Piravom,25,PAZHOOR EAST,UNNI VALLAYIL,BJP,General,General,OpenDataKerala GitHub
2015,Ernakulam,Piravom,26,PAZHOOR CENTRAL,BIBIN JOSE,INC,General,General,OpenDataKerala GitHub
2015,Ernakulam,Piravom,27,PAZHOOR NORTH,BENNY V.VARGHESE,CPI,General,General,OpenDataKerala GitHub
2015,Thrissur,Guruvayur,1,THOZHIYOOR,SHAHINA M.A,CPI(M),Woman,Woman,OpenDataKerala GitHub
2015,Thrissur,Guruvayur,2,PILLAKKAD,HABEEB,CPI(M),General,General,OpenDataKerala GitHub
2015,Thrissur,Guruvayur,3,POOKODE EAST,RAMITHA SANTHOSH,CPI(M),Woman,Woman,OpenDataKerala GitHub
2015,Thrissur,Guruvayur,4,IRINGAPPURAM EAST,SHENIL T.S,CPI(M),General,General,OpenDataKerala GitHub
2015,Thrissur,Guruvayur,5,MANIGRAMAM,SAVITHA SUNI,CPI(M),Woman,Woman,OpenDataKerala GitHub
2015,Thrissur,Guruvayur,6,CHOWALLORPADI,JALEEL PANIKKAVEETTIL,INC,General,General,OpenDataKerala GitHub
2015,Thrissur,Guruvayur,7,BRAHMAKULAM,SUMATHY GANGADHARAN,INC,Woman,Woman,OpenDataKerala GitHub
2015,Thrissur,Guruvayur,8,PALABAZAR,C.JOY CHERIYAN,INC,General,General,OpenDataKerala GitHub
2015,Thrissur,Guruvayur,9,VILAKKUPADAM,BINDU AJITHKUMAR,CPI(M),Woman,Woman,OpenDataKerala GitHub
2015,Thrissur,Guruvayur,10,PALUVAI,NIRMALA KERALAN,CPI,Woman,Woman,OpenDataKerala GitHub
2015,Thrissur,Guruvayur,11,CHAKKUMKANDAM,MEENA PRAMOD,CPI,SC Woman,SC Woman,OpenDataKerala GitHub
2015,Thrissur,Guruvayur,12,PALAYOOR,R V ABDUL MAJEED,CMP(SC),General,General,OpenDataKerala GitHub
2015,Thrissur,Guruvayur,13,EDAPPULLY,SUSHA C.S,INC,Woman,Woman,OpenDataKerala GitHub
2015,Thrissur,Guruvayur,14,HIGHSCHOOL,SURESH WARRIER,JD(S),General,General,OpenDataKerala GitHub
2015,Thrissur,Guruvayur,15,MAMMIYOOR,C ANILKUMAR,INC,General,General,OpenDataKerala GitHub
2015,Thrissur,Guruvayur,16,COLLEGE,PROF. P.K SANTHAKUMARI,INDEPENDENT,Woman,Woman,OpenDataKerala GitHub
2015,Thrissur,Guruvayur,17,CHAMUNDESWARI,RETHI M,CPI(M),Woman,Woman,OpenDataKerala GitHub
2015,Thrissur,Guruvayur,18,GURUPAVANAPURI,SOBHA HARINARAYANAN,BJP,Woman,Woman,OpenDataKerala GitHub
2015,Thrissur,Guruvayur,19,KARAKKAD,RETHI JANARDHANAN,CPI(M),Woman,Woman,OpenDataKerala GitHub
2015,Thrissur,Guruvayur,20,PANCHARAMUCKU,LATHA PREMAN,INC,Woman,Woman,OpenDataKerala GitHub
2015,Thrissur,Guruvayur,21,PUTHUSSERYPADFAM,RAJAN P.S,INC,General,General,OpenDataKerala GitHub
2015,Thrissur,Guruvayur,22,MANIKKATHPADI,REVATHY V.S,CPI,Woman,Woman,OpenDataKerala GitHub
2015,Thrissur,Guruvayur,23,NENMINI,PRIYA RAJENDRAN,INC,Woman,Woman,OpenDataKerala GitHub
2015,Thrissur,Guruvayur,24,THAIKKAD,A.P BABU,INC,General,General,OpenDataKerala GitHub
2015,Thrissur,Guruvayur,25,SUBSTATION,ABDUL RASHEED KUNNIKKAL,IUML,General,General,OpenDataKerala GitHub
2015,Thrissur,Guruvayur,26,IRINGAPPURAM SOUTH,ABHILASH V CHANDRAN,CPI,General,General,OpenDataKerala GitHub
2015,Thrissur,Guruvayur,27,THIRUVENKIDAM,SREEDEVI BALAN,INC,Woman,Woman,OpenDataKerala GitHub
2015,Thrissur,Guruvayur,28,MANJULAL,SHYLAJA DEVAN,INC,Woman,Woman,OpenDataKerala GitHub
2015,Thrissur,Guruvayur,29,KANDAMKULAM,P.S PRASAD,INC,General,General,OpenDataKerala GitHub
2015,Thrissur,Guruvayur,30,IRINGAPRAM NORTH,VIVID,CPI(M),General,General,OpenDataKerala GitHub
2015,Thrissur,Guruvayur,31,CHOOLPURAM WEST,HAMSA,INC,General,General,OpenDataKerala GitHub
2015,Thrissur,Guruvayur,32,KOTTAPADI,MAGGIE ALBERT,INC,Woman,Woman,OpenDataKerala GitHub
2015,Thrissur,Guruvayur,33,POOKODE WEST,ANEESHMA M.P,CPI,Woman,Woman,OpenDataKerala GitHub
2015,Thrissur,Guruvayur,34,KAPPIYOOR,BASHEER POOKODE,INC,General,General,OpenDataKerala GitHub
2015,Thrissur,Guruvayur,35,KOTTA NORTH,T.T SIVADASAN,CPI(M),SC,SC,OpenDataKerala GitHub
2015,Thrissur,Guruvayur,36,CHOOLPURAM EAST,VARGHESE CHEERAN,INC,General,General,OpenDataKerala GitHub
2015,Thrissur,Guruvayur,37,KOTTA SOUTH,K.P VINOD,CPI(M),General,General,OpenDataKerala GitHub
2015,Thrissur,Guruvayur,38,THAMARAYOOR,T.K VINODKUMAR,INC,General,General,OpenDataKerala GitHub
2015,Thrissur,Guruvayur,39,PERAKAM,PRASITHA MURALEEDHARAN,CPI(M),SC Woman,SC Woman,OpenDataKerala GitHub
2015,Thrissur,Guruvayur,40,VAZHAPPULLY,ANTO THOMAS,INC,General,General,OpenDataKerala GitHub
2015,Thrissur,Guruvayur,41,KAVEED SOUTH,T.K SWARAJ,CPI(M),General,General,OpenDataKerala GitHub
2015,Thrissur,Guruvayur,42,KARAYOOR,KARAYUR SUNITHA ARAVINDAN,CPI(M),Woman,Woman,OpenDataKerala GitHub
2015,Thrissur,Guruvayur,43,KAVEED NORTH,P.K SREENA,INC,Woman,Woman,OpenDataKerala GitHub
2015,Thrissur,Chavakkad,1,PUTHENKADAPPURAM NORTH,HARIS T.A,IUML,General,General,OpenDataKerala GitHub
2015,Thrissur,Chavakkad,2,GRAMAKULAM,JANARDHANAN,CPI(M),General,General,OpenDataKerala GitHub
2015,Thrissur,Chavakkad,3,THIRUVATHRA NORTH,K.H. SALAM,CPI(M),General,General,OpenDataKerala GitHub
2015,Thrissur,Chavakkad,4,KUNCHERY,SUBURA,CPI,Woman,Woman,OpenDataKerala GitHub
2015,Thrissur,Chavakkad,5,PUNNA NORTH,SHAHIDA,INC,Woman,Woman,OpenDataKerala GitHub
2015,Thrissur,Chavakkad,6,PUNNA SOUTH,HIMA MANOJ,INC,SC Woman,SC Woman,OpenDataKerala GitHub
2015,Thrissur,Chavakkad,7,ALUMPADI,BABURAJ K.S,INC,General,General,OpenDataKerala GitHub
2015,Thrissur,Chavakkad,8,MAMMIYOOR,SAISON,INC,General,General,OpenDataKerala GitHub
2015,Thrissur,Chavakkad,9,MUTHUVATTOOR,SANTHA SUBRAHMANIAN,INC,Woman,Woman,OpenDataKerala GitHub
2015,Thrissur,Chavakkad,10,OVUNGAL,RAJALAKSHMI,CPI(M),Woman,Woman,OpenDataKerala GitHub
2015,Thrissur,Chavakkad,11,PALAYOOR NORTH,HASEENA SALIM,CPI(M),Woman,Woman,OpenDataKerala GitHub
2015,Thrissur,Chavakkad,12,PALAYOOR EAST,JOYACY V.J,KC(M),Woman,Woman,OpenDataKerala GitHub
2015,Thrissur,Chavakkad,13,PALAYOOR SOUTH,SAHINA,CPI(M),General,General,OpenDataKerala GitHub
2015,Thrissur,Chavakkad,14,PALAYOOR,PETER,INC,General,General,OpenDataKerala GitHub
2015,Thrissur,Chavakkad,15,PALAYOOR WEST,BUSHARA,CPI(M),Woman,Woman,OpenDataKerala GitHub
2015,Thrissur,Chavakkad,16,CHAVAKKAD TOWN,A.H. AKBAR,CPI(M),General,General,OpenDataKerala GitHub
2015,Thrissur,Chavakkad,17,KOZHIKKULANGARA,N.K.AKBAR,CPI(M),General,General,OpenDataKerala GitHub
2015,Thrissur,Chavakkad,18,MANATHALA NORTH,VISWAMBARAN,CPI(M),General,General,OpenDataKerala GitHub
2015,Thrissur,Chavakkad,19,CIVILSTATION,NAZEEM,CPI(M),Woman,Woman,OpenDataKerala GitHub
2015,Thrissur,Chavakkad,20,MANATHALA,SALEEM PANANTHARAYIL,INDEPENDENT,General,General,OpenDataKerala GitHub
2015,Thrissur,Chavakkad,21,BLANGAD,MANJUSHA,CPI(M),Woman,Woman,OpenDataKerala GitHub
2015,Thrissur,Chavakkad,22,MADEKKADAVU,MANJULA,CPI(M),Woman,Woman,OpenDataKerala GitHub
2015,Thrissur,Chavakkad,23,BLANGAD BEACH,KARTHIAYANI KUNJITHAPPAN,INC,Woman,Woman,OpenDataKerala GitHub
2015,Thrissur,Chavakkad,24,DWARAKA BEACH,ANANDHAN,CPI(M),General,General,OpenDataKerala GitHub
2015,Thrissur,Chavakkad,25,PULICHIRAKKETTU WEST,P.D. SURESHBABU,CPI(M),SC,SC,OpenDataKerala GitHub
2015,Thrissur,Chavakkad,26,PULICHIRAKKETTU EAST,A.A. MAHENDRAN,CPI(M),General,General,OpenDataKerala GitHub
2015,Thrissur,Chavakkad,27,PARAPPILTHAZHAM,P.P. NARAYANAN,CPI(M),General,General,OpenDataKerala GitHub
2015,Thrissur,Chavakkad,28,PUTHENKADAPPURAM SOUTH,SEENATH,INC,Woman,Woman,OpenDataKerala GitHub
2015,Thrissur,Chavakkad,29,KOTTAPPURAM,MANJU KRISHNAN,CPI(M),Woman,Woman,OpenDataKerala GitHub
2015,Thrissur,Chavakkad,30,PUTHIYARA,HASEENA,CPI(M),Woman,Woman,OpenDataKerala GitHub
2015,Thrissur,Chavakkad,31,THIRUVATHRA,LISHA,CPI(M),Woman,Woman,OpenDataKerala GitHub
2015,Thrissur,Chavakkad,32,PUTHENKADAPPURAM,P.M. NAZAR,INC,General,General,OpenDataKerala GitHub
2015,Thrissur,Kodungallur,1,PARAPPULLY,V G UNNIKRISHNAN,BJP,General,General,OpenDataKerala GitHub
2015,Thrissur,Kodungallur,2,KANIYATH,RESMI,BJP,Woman,Woman,OpenDataKerala GitHub
2015,Thrissur,Kodungallur,3,J T S,INDIRA,CPI(M),Woman,Woman,OpenDataKerala GitHub
2015,Thrissur,Kodungallur,4,TEMPLE,BINDU,BJP,Woman,Woman,OpenDataKerala GitHub
2015,Thrissur,Kodungallur,5,TOWNHALL,SOBHA JOSHI,CPI(M),Woman,Woman,OpenDataKerala GitHub
2015,Thrissur,Kodungallur,6,SOCIETY,VIPIN CHANDRAN,CPI,General,General,OpenDataKerala GitHub
2015,Thrissur,Kodungallur,7,VAYALAR,T P PRABESH,CPI(M),General,General,OpenDataKerala GitHub
2015,Thrissur,Kodungallur,8,THYVEPPU,KAVITHA A C,INC,Woman,Woman,OpenDataKerala GitHub
2015,Thrissur,Kodungallur,9,VIYYATHUKULAM,RAMANATHAN C K,CPI,General,General,OpenDataKerala GitHub
2015,Thrissur,Kodungallur,10,KANAKKANKADAVU,HONEY MOL,CPI,Woman,Woman,OpenDataKerala GitHub
2015,Thrissur,Kodungallur,11,NARAYANAMANGALAM,RAMADAS P N,CPI(M),General,General,OpenDataKerala GitHub
2015,Thrissur,Kodungallur,12,NAYAKULAM,RATHEESH V B,CPI,General,General,OpenDataKerala GitHub
2015,Thrissur,Kodungallur,13,K K T M,SUMATHY T M,CPI(M),Woman,Woman,OpenDataKerala GitHub
2015,Thrissur,Kodungallur,14,CHAPPARA,E C ASOKAN,CPI,SC,SC,OpenDataKerala GitHub
2015,Thrissur,Kodungallur,15,PANDEERAMPALA,O N JAYADEVAN,BJP,General,General,OpenDataKerala GitHub
2015,Thrissur,Kodungallur,16,POWERHOUSE,VINEETHA,CPI,SC Woman,SC Woman,OpenDataKerala GitHub
2015,Thrissur,Kodungallur,17,PARK,REKHA,BJP,Woman,Woman,OpenDataKerala GitHub
2015,Thrissur,Kodungallur,18,NALUKANDAM,PARVATHY,BJP,Woman,Woman,OpenDataKerala GitHub
2015,Thrissur,Kodungallur,19,ELTHURUTHU,BAIJU,BJP,General,General,OpenDataKerala GitHub
2015,Thrissur,Kodungallur,20,PALIYAMTHURUTHU,M S VINAYAKUMAR,CPI(M),General,General,OpenDataKerala GitHub
2015,Thrissur,Kodungallur,21,THIRUVANCHIKULAM,SHEELA,CPI(M),Woman,Woman,OpenDataKerala GitHub
2015,Thrissur,Kodungallur,22,KAKKAMADANTHURUTHU,GEETHADEVI,INC,Woman,Woman,OpenDataKerala GitHub
2015,Thrissur,Kodungallur,23,KOTTA,PRINCY MARTIN,INC,Woman,Woman,OpenDataKerala GitHub
2015,Thrissur,Kodungallur,24,ANAPUZHA,V M JOHNY,INC,General,General,OpenDataKerala GitHub
2015,Thrissur,Kodungallur,25,KOTTAPPURAM,THANKAMANI SUBRAMANYAN,CPI,SC Woman,SC Woman,OpenDataKerala GitHub
2015,Thrissur,Kodungallur,26,VALIYAPANIKKANTHURUTHU,P O DEVASSY,CPI,General,General,OpenDataKerala GitHub
2015,Thrissur,Kodungallur,27,CHALAKULAM,SELMA V R,BJP,Woman,Woman,OpenDataKerala GitHub
2015,Thrissur,Kodungallur,28,KUNNAMKULAM,JIJI,CPI,Woman,Woman,OpenDataKerala GitHub
2015,Thrissur,Kodungallur,29,KANDANKULAM,RIJI V V,BJP,General,General,OpenDataKerala GitHub
2015,Thrissur,Kodungallur,30,PADANNA,RATHEESH K M,CPI,General,General,OpenDataKerala GitHub
2015,Thrissur,Kodungallur,31,METHALAPADAM,REJI,CPI(M),Woman,Woman,OpenDataKerala GitHub
2015,Thrissur,Kodungallur,32,ANCHAPALAM,K S KAISAB,CPI(M),General,General,OpenDataKerala GitHub
2015,Thrissur,Kodungallur,33,KADUKKACHUVADU,M K SAHEER,CPI(M),General,General,OpenDataKerala GitHub
2015,Thrissur,Kodungallur,34,SREENAGAR,C P RAMESAN,CPI(M),General,General,OpenDataKerala GitHub
2015,Thrissur,Kodungallur,35,T K S PURAM,K P SOBHA,CPI(M),Woman,Woman,OpenDataKerala GitHub
2015,Thrissur,Kodungallur,36,PERUMTHODU,SMITHA ANANDAN,BJP,Woman,Woman,OpenDataKerala GitHub
2015,Thrissur,Kodungallur,37,PARAMBIKULAM,LAKSHMINARAYANAN,BJP,General,General,OpenDataKerala GitHub
2015,Thrissur,Kodungallur,38,KERALEWARAPURAM,SAJEEVAN T S,BJP,General,General,OpenDataKerala GitHub
2015,Thrissur,Kodungallur,39,KATHOLIPARAMBU,LATHA,CMP,General,General,OpenDataKerala GitHub
2015,Thrissur,Kodungallur,40,PADAKULAM,SANDHYA ANOOP,BJP,Woman,Woman,OpenDataKerala GitHub
2015,Thrissur,Kodungallur,41,CHERAMAN MASJID,ASHALATHA,BJP,Woman,Woman,OpenDataKerala GitHub
2015,Thrissur,Kodungallur,42,KARUR,SMITHA,BJP,Woman,Woman,OpenDataKerala GitHub
2015,Thrissur,Kodungallur,43,AYIKKARAPARAMBU,K R JAITHRAN,CPI(M),General,General,OpenDataKerala GitHub
2015,Thrissur,Kodungallur,44,OKAY,SHALINI VENKITESH,BJP,General,General,OpenDataKerala GitHub
2015,Thrissur,Chalakudy,1,THANIPPARA,JOJU V J,INDEPENDENT,General,General,OpenDataKerala GitHub
2015,Thrissur,Chalakudy,2,PERIACHIRA,REENA DAVIS,INC,Woman,Woman,OpenDataKerala GitHub
2015,Thrissur,Chalakudy,3,POTTA SCHOOL,BEENA DAVIS,INDEPENDENT,Woman,Woman,OpenDataKerala GitHub
2015,Thrissur,Chalakudy,4,ALAVI CENTER,SULEKHA SANKARAN,INDEPENDENT,Woman,Woman,OpenDataKerala GitHub
2015,Thrissur,Chalakudy,5,PANAMBILLY COLLEGE,JOY CHAMAVALAPIL CHAMAVALAPIL,INC,General,General,OpenDataKerala GitHub
2015,Thrissur,Chalakudy,6,SITHARA NAGAR,MOLLY PAULSON,INDEPENDENT,Woman,Woman,OpenDataKerala GitHub
2015,Thrissur,Chalakudy,7,POTTACHIRA,SARALA NEELENKATTIL,INC,Woman,Woman,OpenDataKerala GitHub
2015,Thrissur,Chalakudy,8,PARAKOTTIKKAL TEMPLE,V O PAILAPPAN,INC,General,General,OpenDataKerala GitHub
2015,Thrissur,Chalakudy,9,ST JOSEPH CHURCH,WILSON PANATTUPARAMBIL,INDEPENDENT,General,General,OpenDataKerala GitHub
2015,Thrissur,Chalakudy,10,ST JAMES HOSPITAL,SUSAMMA ANTONY,INC,Woman,Woman,OpenDataKerala GitHub
2015,Thrissur,Chalakudy,11,KOODAPUZHA CHURCH,SASI K KOTTAI,INDEPENDENT,SC,SC,OpenDataKerala GitHub
2015,Thrissur,Chalakudy,12,THIRUMANTHAMKUNNU TEMPLE,GIJAN MATHAYEES,CPI,General,General,OpenDataKerala GitHub
2015,Thrissur,Chalakudy,13,GANDHI NAGAR,GANESHAN V C,CPI(M),General,General,OpenDataKerala GitHub
2015,Thrissur,Chalakudy,14,POWER HOUSE,USHA STALIN,INDEPENDENT,SC Woman,SC Woman,OpenDataKerala GitHub
2015,Thrissur,Chalakudy,15,ARATTUKADAVU,USHA PARAMESWARAN,INDEPENDENT,Woman,Woman,OpenDataKerala GitHub
2015,Thrissur,Chalakudy,16,VETTUKADAVU,GEO KIZHAKUMTHALA,INC,General,General,OpenDataKerala GitHub
2015,Thrissur,Chalakudy,17,CHENATHUNADU,MARY NALAN,INC,Woman,Woman,OpenDataKerala GitHub
2015,Thrissur,Chalakudy,18,GAYATHRI ASHRAMAM,GEETHA TEACHER,INDEPENDENT,Woman,Woman,OpenDataKerala GitHub
2015,Thrissur,Chalakudy,19,ST MARYS CHURCH,SEEMA JOJO,INDEPENDENT,Woman,Woman,OpenDataKerala GitHub
2015,Thrissur,Chalakudy,20,HOUSING BOARD,V J JOJI,INDEPENDENT,General,General,OpenDataKerala GitHub
2015,Thrissur,Chalakudy,21,MUNICIPAL QUARTERS,ADV. U V MARTIN,INDEPENDENT,General,General,OpenDataKerala GitHub
2015,Thrissur,Chalakudy,22,KANNAMPUZHA TEMPLE,K M HARINARAYANAN,BJP,General,General,OpenDataKerala GitHub
2015,Thrissur,Chalakudy,23,I T I,BINDHU SASIKUMAR,INDEPENDENT,Woman,Woman,OpenDataKerala GitHub
2015,Thrissur,Chalakudy,24,I R M L P SCHOOL,M P BHASKARAN,INC,General,General,OpenDataKerala GitHub
2015,Thrissur,Chalakudy,25,F C I,LAIJI THOMAS,INDEPENDENT,Woman,Woman,OpenDataKerala GitHub
2015,Thrissur,Chalakudy,26,MOONJEL,K V PAUL,INC,General,General,OpenDataKerala GitHub
2015,Thrissur,Chalakudy,27,KOTTATT,ANNIE PAUL,INC,Woman,Woman,OpenDataKerala GitHub
2015,Thrissur,Chalakudy,28,MAITHRI NAGAR,M A JOSE,INC,General,General,OpenDataKerala GitHub
2015,Thrissur,Chalakudy,29,KARAKULATHUNADU,SUMA BAIJU BAIJU,INC,Woman,Woman,OpenDataKerala GitHub
2015,Thrissur,Chalakudy,30,MUNICIPAL OFFICE,ADV. BIJU S CHIRAYATH,INC,General,General,OpenDataKerala GitHub
2015,Thrissur,Chalakudy,31,ARYANKALA MASJID,BIJI SADANDHAN,INDEPENDENT,Woman,Woman,OpenDataKerala GitHub
2015,Thrissur,Chalakudy,32,THACHUDAPARAMBU,SHIBU VALAPPAN,INC,General,General,OpenDataKerala GitHub
2015,Thrissur,Chalakudy,33,V R PURAM,ALICE SHIBU,INC,Woman,Woman,OpenDataKerala GitHub
2015,Thrissur,Chalakudy,34,URUMBANKUNNU,JAYANTHY PRAVEENKUMAR MADATHIPARAMBIL,CPI(M),Woman,Woman,OpenDataKerala GitHub
2015,Thrissur,Chalakudy,35,PRASANTHI HOSPITAL,P M SREEDHARAN,CPI(M),General,General,OpenDataKerala GitHub
2015,Thrissur,Chalakudy,36,KARUNALAYAM,VARGHESE VAROCKY,INC,General,General,OpenDataKerala GitHub
2015,Thrissur,Irinjalakuda,1,MOORKANAD,K K ABDULLAKUTTY,INC,General,General,OpenDataKerala GitHub
2015,Thrissur,Irinjalakuda,2,BANGLAVU,V K SARALA,CPI,General,General,OpenDataKerala GitHub
2015,Thrissur,Irinjalakuda,3,PUTHENTHODE,RAJESWARI,INC,Woman,Woman,OpenDataKerala GitHub
2015,Thrissur,Irinjalakuda,4,KARUVANNUR SOUTH,ALPHONSA THOMAS,CPI,General,General,OpenDataKerala GitHub
2015,Thrissur,Irinjalakuda,5,PEECHAMPILLYKONAM,JINI MATHEW,INC,Woman,Woman,OpenDataKerala GitHub
2015,Thrissur,Irinjalakuda,6,HOLY CROSS CHURCH,BIJI AJAYAKUMAR,CPI(M),Woman,Woman,OpenDataKerala GitHub
2015,Thrissur,Irinjalakuda,7,MAPRANAM,P C MURALEEDHARAN,CPI,SC,SC,OpenDataKerala GitHub
2015,Thrissur,Irinjalakuda,8,MADAYIKONAM SCHOOL,AMBIKA PALLIPURATH,CPI(M),General,General,OpenDataKerala GitHub
2015,Thrissur,Irinjalakuda,9,NAMBIANKAVU KSHETHRAM,P M RAMESHKUMAR,BJP,General,General,OpenDataKerala GitHub
2015,Thrissur,Irinjalakuda,10,KUZHIKKATTUKONAM,PRAJEESH P V,CPI(M),General,General,OpenDataKerala GitHub
2015,Thrissur,Irinjalakuda,11,POLICE STATION,K V AMBIKA,CPI(M),SC Woman,SC Woman,OpenDataKerala GitHub
2015,Thrissur,Irinjalakuda,12,BOYS HIGH SCHOOL,BABY JOSE KATTLA,INC,Woman,Woman,OpenDataKerala GitHub
2015,Thrissur,Irinjalakuda,13,AZAD ROAD,MEENAKSHY JOSHY,CPI(M),Woman,Woman,OpenDataKerala GitHub
2015,Thrissur,Irinjalakuda,14,GANDHIGRAM,KURIAN JOSEPH,INC,General,General,OpenDataKerala GitHub
2015,Thrissur,Irinjalakuda,15,GANDHIGRAM EAST,DHANYA GIJU KOTTOLY,INC,Woman,Woman,OpenDataKerala GitHub
2015,Thrissur,Irinjalakuda,16,GOVT HOSPITAL,SANGEETHA FRANCIS,KC(M),Woman,Woman,OpenDataKerala GitHub
2015,Thrissur,Irinjalakuda,17,MADATHIKARA,BIJU LAZAR,INC,General,General,OpenDataKerala GitHub
2015,Thrissur,Irinjalakuda,18,CHALAMPADAM,NIMYA SHIJU,INC,SC Woman,SC Woman,OpenDataKerala GitHub
2015,Thrissur,Irinjalakuda,19,MARKET,ROCKY ALOOKARAN,KC(M),General,General,OpenDataKerala GitHub
2015,Thrissur,Irinjalakuda,20,COLONY,P V SIVAKUMAR,CPI(M),General,General,OpenDataKerala GitHub
2015,Thrissur,Irinjalakuda,21,CANAL BASE,V C VARGHEESE,INC,General,General,OpenDataKerala GitHub
2015,Thrissur,Irinjalakuda,22,MUNICIPAL OFFICE,SONIA GIRI,INC,Woman,Woman,OpenDataKerala GitHub
2015,Thrissur,Irinjalakuda,23,CHRIST COLLEGE,PHILOMINA JOY,INC,Woman,Woman,OpenDataKerala GitHub
2015,Thrissur,Irinjalakuda,24,BUS STAND,SREEJA SURESH,INC,Woman,Woman,OpenDataKerala GitHub
2015,Thrissur,Irinjalakuda,25,KOODALMANIKYAM,SANTHOSH BOBAN,BJP,General,General,OpenDataKerala GitHub
2015,Thrissur,Irinjalakuda,26,UNNAYIVARRIAYAR KALANILAYAM,AMBILY JAYAN,BJP,SC Woman,SC Woman,OpenDataKerala GitHub
2015,Thrissur,Irinjalakuda,27,CHELOORKAVU,M C RAMANAN,CPI,General,General,OpenDataKerala GitHub
2015,Thrissur,Irinjalakuda,28,POOCHAKULAM,LISSY KURUTHUKULANGARA KOOLA,INC,Woman,Woman,OpenDataKerala GitHub
2015,Thrissur,Irinjalakuda,29,KSRTC,SREEJITH K K,CPI(M),SC,SC,OpenDataKerala GitHub
2015,Thrissur,Irinjalakuda,30,KORUMBISSERY,K GIRIJA,INC,Woman,Woman,OpenDataKerala GitHub
2015,Thrissur,Irinjalakuda,31,KARUKULANGARA,SUJA SANJEEVKUMAR,INC,Woman,Woman,OpenDataKerala GitHub
2015,Thrissur,Irinjalakuda,32,CIVIL STATION,M R SHAJU,INC,General,General,OpenDataKerala GitHub
2015,Thrissur,Irinjalakuda,33,PORATHISSERY POST OFFICE,PRAJITHA SUNILKUMAR,CPI(M),Woman,Woman,OpenDataKerala GitHub
2015,Thrissur,Irinjalakuda,34,PORATHISSERY,SHEEBA SASIDHARAN,CPI(M),Woman,Woman,OpenDataKerala GitHub
2015,Thrissur,Irinjalakuda,35,MAHATHMA SCHOOL,VALSALA K G,CPI(M),Woman,Woman,OpenDataKerala GitHub
2015,Thrissur,Irinjalakuda,36,FIRE STATION,SHABU K D,CPI(M),General,General,OpenDataKerala GitHub
2015,Thrissur,Irinjalakuda,37,BLOCK OFFICE,P A ABDUL BASHEER,INC,General,General,OpenDataKerala GitHub
2015,Thrissur,Irinjalakuda,38,THALIYAKONAM,C C SHIBIN,CPI(M),General,General,OpenDataKerala GitHub
2015,Thrissur,Irinjalakuda,39,KALLADA,BINDU SUDHODHANAN,CPI(M),Woman,Woman,OpenDataKerala GitHub
2015,Thrissur,Irinjalakuda,40,THALIYAKONAM NORTH,SINDHU BAIJAN,CPI(M),Woman,Woman,OpenDataKerala GitHub
2015,Thrissur,Irinjalakuda,41,PURATHAD,A R SAHADEVAN,CPI(M),General,General,OpenDataKerala GitHub
2015,Thrissur,Kunnamkulam,1,MUTHUVAMMAL,ANITHA SUKUMARAN,CPI(M),Woman,Woman,OpenDataKerala GitHub
2015,Thrissur,Kunnamkulam,2,KIZHUR SOUTH,P M SURESH,CPI(M),General,General,OpenDataKerala GitHub
2015,Thrissur,Kunnamkulam,3,KIZHUR NORTH,ASSIS K A,CPI(M),General,General,OpenDataKerala GitHub
2015,Thrissur,Kunnamkulam,4,KIZHUR CENTER,K B SALEEM,CPI(M),General,General,OpenDataKerala GitHub
2015,Thrissur,Kunnamkulam,5,VAISSERY,SHEEBA V M,CPI(M),Woman,Woman,OpenDataKerala GitHub
2015,Thrissur,Kunnamkulam,6,NADUPANTHY,BIJU C BABY,INC,General,General,OpenDataKerala GitHub
2015,Thrissur,Kunnamkulam,7,KAKKAD,P I THOMAS,INC,General,General,OpenDataKerala GitHub
2015,Thrissur,Kunnamkulam,8,MUNIMADA,BINEESH P K,INDEPENDENT,General,General,OpenDataKerala GitHub
2015,Thrissur,Kunnamkulam,9,AYYAMPARAMBU,ANANDAN K K,INC,General,General,OpenDataKerala GitHub
2015,Thrissur,Kunnamkulam,10,AYYAPPATH,SOMAN K A,INDEPENDENT,General,General,OpenDataKerala GitHub
2015,Thrissur,Kunnamkulam,11,CHERUKUNNU,BEENA RAVI,INDEPENDENT,Woman,Woman,OpenDataKerala GitHub
2015,Thrissur,Kunnamkulam,12,URULIKUNNU,SUNITHA SIVARAMAN,CPI(M),SC Woman,SC Woman,OpenDataKerala GitHub
2015,Thrissur,Kunnamkulam,13,CHOWANNUR,SHAJI A V,INC,General,General,OpenDataKerala GitHub
2015,Thrissur,Kunnamkulam,14,MALANKARA,BEENA LIBINI,INC,Woman,Woman,OpenDataKerala GitHub
2015,Thrissur,Kunnamkulam,15,TOWN WARD,NISHA JAYESH,INC,Woman,Woman,OpenDataKerala GitHub
2015,Thrissur,Kunnamkulam,16,KANIPAYOOR,INDIRA,INC,SC Woman,SC Woman,OpenDataKerala GitHub
2015,Thrissur,Kunnamkulam,17,ANAIKKAL,KARTHIAYINI,CPI(M),Woman,Woman,OpenDataKerala GitHub
2015,Thrissur,Kunnamkulam,18,KANIYAMBAL,MOHINI SHAJAN,INC,Woman,Woman,OpenDataKerala GitHub
2015,Thrissur,Kunnamkulam,19,NEHRU NAGAR,SUMA GANGADHARAN,INC,Woman,Woman,OpenDataKerala GitHub
2015,Thrissur,Kunnamkulam,20,SANTHI NAGAR,MINI MONCY,INC,Woman,Woman,OpenDataKerala GitHub
2015,Thrissur,Kunnamkulam,21,THEKKEPPURAM,SREEJITH A S,BJP,General,General,OpenDataKerala GitHub
2015,Thrissur,Kunnamkulam,22,KURUKKANPARA,VIDHYA RANJITH,CPI(M),Woman,Woman,OpenDataKerala GitHub
2015,Thrissur,Kunnamkulam,23,ARTHAT EAST,MISHA SEBASTIAN,INC,Woman,Woman,OpenDataKerala GitHub
2015,Thrissur,Kunnamkulam,24,CHEERAMKULAM,JAISINGH KRISHNAN,INC,General,General,OpenDataKerala GitHub
2015,Thrissur,Kunnamkulam,25,PORKALENGAD,SREEJA PRAJI,CPI(M),Woman,Woman,OpenDataKerala GitHub
2015,Thrissur,Kunnamkulam,26,INJIKKUNNU,SEETHA RAVINDRAN,CPI(M),Woman,Woman,OpenDataKerala GitHub
2015,Thrissur,Kunnamkulam,27,CHEMMANNUR NORTH,PUSHPA JOHN,CPI(M),Woman,Woman,OpenDataKerala GitHub
2015,Thrissur,Kunnamkulam,28,CHEMMANNUR SOUTH,O G BAJI,CPI(M),General,General,OpenDataKerala GitHub
2015,Thrissur,Kunnamkulam,29,ARTHAT SOUTH,PRIYA SAJEESH,CPI(M),Woman,Woman,OpenDataKerala GitHub
2015,Thrissur,Kunnamkulam,30,THEKKAN CHITTANJUR,WINSON JOSE,BJP,General,General,OpenDataKerala GitHub
2015,Thrissur,Kunnamkulam,31,ANJOORKUNNU,SHEJEESH K C,BJP,General,General,OpenDataKerala GitHub
2015,Thrissur,Kunnamkulam,32,ANJOOR,K K MURALI,BJP,General,General,OpenDataKerala GitHub
2015,Thrissur,Kunnamkulam,33,KAVILAKKAD,SANDHYA PRABHU,BJP,Woman,Woman,OpenDataKerala GitHub
2015,Thrissur,Kunnamkulam,34,CHITTANJOOR,GEETHA SASI,BJP,SC,SC,OpenDataKerala GitHub
2015,Thrissur,Kunnamkulam,35,ALATHOOR,RESHMA SUNIL,BJP,Woman,Woman,OpenDataKerala GitHub
2015,Thrissur,Kunnamkulam,36,ANJOOR PALAM,T K SIVADASAN,CPI(M),General,General,OpenDataKerala GitHub
2015,Thrissur,Kunnamkulam,37,VADUTHALA,SUJEESH A S,CPI(M),SC,SC,OpenDataKerala GitHub
2015,Thrissur,Wadakanchery,1,PUTHURUTHY SCHOOL,K.MANIKANDAN,CPI(M),General,General,OpenDataKerala GitHub
2015,Thrissur,Wadakanchery,2,PUTHURUTHY CENTRE,VALSALA,CPI(M),Woman,Woman,OpenDataKerala GitHub
2015,Thrissur,Wadakanchery,3,PUTHURUTHY EAST,SHEEJA VISWANATHAN,INC,SC Woman,SC Woman,OpenDataKerala GitHub
2015,Thrissur,Wadakanchery,4,PADINJAREKKARA,T.V.SUNNY,INC,General,General,OpenDataKerala GitHub
2015,Thrissur,Wadakanchery,5,KUMBLAGAD CENTRE,CHANDRAMOHAN KUMBLANGAD,BJP,SC,SC,OpenDataKerala GitHub
2015,Thrissur,Wadakanchery,6,CHALAKKAL,SURENDHRAN.A.S,CPI(M),General,General,OpenDataKerala GitHub
2015,Thrissur,Wadakanchery,7,AKAMPADAM,JAYAPREETHA MOHANAN,CPI(M),Woman,Woman,OpenDataKerala GitHub
2015,Thrissur,Wadakanchery,8,RAILWAY,SATHIDEVI SASIKUMAR,INC,SC Woman,SC Woman,OpenDataKerala GitHub
2015,Thrissur,Wadakanchery,9,ERATTAKULAGARA,SADASIVAN.P.K,CPI(M),General,General,OpenDataKerala GitHub
2015,Thrissur,Wadakanchery,10,OTTUPARA TOWN WEST,PRASEETHA SUKUMARAN,INDEPENDENT,Woman,Woman,OpenDataKerala GitHub
2015,Thrissur,Wadakanchery,11,CHULLIKKAD,LISSY PRASAD,CPI(M),Woman,Woman,OpenDataKerala GitHub
2015,Thrissur,Wadakanchery,12,KUMARANELLUR,SHAJINI RAJAN,CPI(M),Woman,Woman,OpenDataKerala GitHub
2015,Thrissur,Wadakanchery,13,ONNAMKALLU,A.H.SALAM,CPI(M),General,General,OpenDataKerala GitHub
2015,Thrissur,Wadakanchery,14,PARUTHIPRA,LALILA NASEER,CPI(M),Woman,Woman,OpenDataKerala GitHub
2015,Thrissur,Wadakanchery,15,BLOCK,BUSHRA RASHEED,INC,Woman,Woman,OpenDataKerala GitHub
2015,Thrissur,Wadakanchery,16,AKAMALA,N.K.PRAMODKUMAR,CPI(M),SC,SC,OpenDataKerala GitHub
2015,Thrissur,Wadakanchery,17,MARATHKUNNU,SOMANARAYANAN.M.R,CPI,General,General,OpenDataKerala GitHub
2015,Thrissur,Wadakanchery,18,MANKARA,SAIRABANU MUSTHAFA,INC,Woman,Woman,OpenDataKerala GitHub
2015,Thrissur,Wadakanchery,19,ENKAKKAD,MADHU.V.P,INDEPENDENT,General,General,OpenDataKerala GitHub
2015,Thrissur,Wadakanchery,20,OTTUPARA TOWN EAST,M.H.SHANAVAS,INC,General,General,OpenDataKerala GitHub
2015,Thrissur,Wadakanchery,21,WADAKKANCHERY TOWN,SINDHU SUBRAMANYAN,INC,Woman,Woman,OpenDataKerala GitHub
2015,Thrissur,Wadakanchery,22,PULLANIKKAD,PRINCE CHIRAYATH,INC,General,General,OpenDataKerala GitHub
2015,Thrissur,Wadakanchery,23,MANGALAM NORTH,SWAPNA SASI,CPI(M),Woman,Woman,OpenDataKerala GitHub
2015,Thrissur,Wadakanchery,24,MANGALAM SOUTH,ARAVINDAKSHAN.P.R,CPI(M),General,General,OpenDataKerala GitHub
2015,Thrissur,Wadakanchery,25,KARUTHAKKAD,S.A.A.AZAD,INC,General,General,OpenDataKerala GitHub
2015,Thrissur,Wadakanchery,26,PATHAMKALLU,NOUSHABA JABBAR,CPI(M),Woman,Woman,OpenDataKerala GitHub
2015,Thrissur,Wadakanchery,27,MINALOOR BAIPASS,JAYANTHAN.P.N,CPI(M),General,General,OpenDataKerala GitHub
2015,Thrissur,Wadakanchery,28,PARLIKKAD WEST,M.R.ANUPKISHOR,CPI(M),General,General,OpenDataKerala GitHub
2015,Thrissur,Wadakanchery,29,THIRUTHIPARAMBU CENTRE,VIDHYA RAJESH,INC,Woman,Woman,OpenDataKerala GitHub
2015,Thrissur,Wadakanchery,30,MINALOOR VADAKKEKKARA,SIVAPRIYA SANTHOSH,CPI(M),Woman,Woman,OpenDataKerala GitHub
2015,Thrissur,Wadakanchery,31,MINALOOR CENTRE,NALINI VALSAN,CPI(M),Woman,Woman,OpenDataKerala GitHub
2015,Thrissur,Wadakanchery,32,ATHANI,BABY JOSE,INC,Woman,Woman,OpenDataKerala GitHub
2015,Thrissur,Wadakanchery,33,AMBALAPURAM,MADHU AMBALAPURAM,INDEPENDENT,General,General,OpenDataKerala GitHub
2015,Thrissur,Wadakanchery,34,ARYAMPADAM EAST,P.UNNIKRISHNAN,CPI(M),General,General,OpenDataKerala GitHub
2015,Thrissur,Wadakanchery,35,ARYAMPADAM CENTRE,K.V.JOSE,CPI(M),General,General,OpenDataKerala GitHub
2015,Thrissur,Wadakanchery,36,SILK NAGAR,LALITHA TEACHER,CPI(M),Woman,Woman,OpenDataKerala GitHub
2015,Thrissur,Wadakanchery,37,MEDICAL COLLEGE,ADV.N.S.MANOJ,CPI(M),General,General,OpenDataKerala GitHub
2015,Thrissur,Wadakanchery,38,MUNDATHIKODE SOUTH,SMITHA AJITHKUMAR,INC,SC Woman,SC Woman,OpenDataKerala GitHub
2015,Thrissur,Wadakanchery,39,KOTTAPARMB,RUGMANI.C,INC,Woman,Woman,OpenDataKerala GitHub
2015,Thrissur,Wadakanchery,40,KODASSERY,K.AJITHKUMAR,INC,General,General,OpenDataKerala GitHub
2015,Thrissur,Wadakanchery,41,MUNDATHIKODE CENTRE,NISHA SUNILKUMAR,INC,Woman,Woman,OpenDataKerala GitHub
2015,Palakkad,Ottapalam,1,ANANGANMALA,SABITHA,CPI(M),Woman,Woman,OpenDataKerala GitHub
2015,Palakkad,Ottapalam,2,VARODE,ABDUL NASAR K,CPI(M),General,General,OpenDataKerala GitHub
2015,Palakkad,Ottapalam,3,CHERIKKUNNE,SHOBHANA P R,CPI(M),Woman,Woman,OpenDataKerala GitHub
2015,Palakkad,Ottapalam,4,THOTTAKKARA,K RETNAMMA,CPI(M),Woman,Woman,OpenDataKerala GitHub
2015,Palakkad,Ottapalam,5,MYLUMPURAM,K B SASIKUMAR,INDEPENDENT,General,General,OpenDataKerala GitHub
2015,Palakkad,Ottapalam,6,AREEKKAPPADAM,PRADEEP KUMAR T P,CPI(M),General,General,OpenDataKerala GitHub
2015,Palakkad,Ottapalam,7,PALAT ROAD,U P PREMARAJI,BJP,SC Woman,SC Woman,OpenDataKerala GitHub
2015,Palakkad,Ottapalam,8,KOLOTH KUNNE,MUHAMMED ILLIYAS T,IUML,General,General,OpenDataKerala GitHub
2015,Palakkad,Ottapalam,9,EAST OTTAPPALAM,SUNEERA MUJEEB,CPI(M),Woman,Woman,OpenDataKerala GitHub
2015,Palakkad,Ottapalam,10,POOLAKKUND,MUHAMMED FAYIS T,IUML,General,General,OpenDataKerala GitHub
2015,Palakkad,Ottapalam,11,KIZHAKKEKKAD,SUJI A,CPI(M),Woman,Woman,OpenDataKerala GitHub
2015,Palakkad,Ottapalam,12,PATHIRIKKODE,BINDU,CPI(M),Woman,Woman,OpenDataKerala GitHub
2015,Palakkad,Ottapalam,13,AZHEEKKILAPARAMB,T S SREEKUMARAN,INDEPENDENT,SC,SC,OpenDataKerala GitHub
2015,Palakkad,Ottapalam,14,PALAPPURAM THERUV,R MANIKANDAN,BJP,General,General,OpenDataKerala GitHub
2015,Palakkad,Ottapalam,15,CHINAKKATHOOR KAVU,PARVATHY,BJP,Woman,Woman,OpenDataKerala GitHub
2015,Palakkad,Ottapalam,16,AAPPEPPURAM,S GANGADHARAN,BJP,General,General,OpenDataKerala GitHub
2015,Palakkad,Ottapalam,17,PALLARMANGALAM,SAJITHA T K,INC,Woman,Woman,OpenDataKerala GitHub
2015,Palakkad,Ottapalam,18,PERUMKULAM,SHYLAJA,BJP,SC Woman,SC Woman,OpenDataKerala GitHub
2015,Palakkad,Ottapalam,19,KAYAREMPARA,PUSHPALATHA,CPI(M),Woman,Woman,OpenDataKerala GitHub
2015,Palakkad,Ottapalam,20,N.S.S COLLEGE,MANOJ STEPHEN,INC,General,General,OpenDataKerala GitHub
2015,Palakkad,Ottapalam,21,ERAKKOTTIRI,V S KRISHNAKUMARI,BJP,Woman,Woman,OpenDataKerala GitHub
2015,Palakkad,Ottapalam,22,MEETNA,JOSE THOMAS,INC,General,General,OpenDataKerala GitHub
2015,Palakkad,Ottapalam,23,POSTAL QUARTERS,SYLAJA,INC,Woman,Woman,OpenDataKerala GitHub
2015,Palakkad,Ottapalam,24,KOOMBARAM KUNNU,ABDUL JALEEL P M,IUML,General,General,OpenDataKerala GitHub
2015,Palakkad,Ottapalam,25,RAILWAY STATION,P AKBAR SIYAZ,CPI(M),General,General,OpenDataKerala GitHub
2015,Palakkad,Ottapalam,26,THENNADI BAZAR,N M NARAYANAN NAMBOODIRI,CPI(M),General,General,OpenDataKerala GitHub
2015,Palakkad,Ottapalam,27,KANNIYAMPURAM THERUV,SUJITHA,CPI(M),Woman,Woman,OpenDataKerala GitHub
2015,Palakkad,Ottapalam,28,KILLIKKAVU,A RUPA UNNI,INDEPENDENT,Woman,Woman,OpenDataKerala GitHub
2015,Palakkad,Ottapalam,29,KANNIYAMPURAM VAYANASALA,K K RAMAKRISHNAN,CPI(M),General,General,OpenDataKerala GitHub
2015,Palakkad,Ottapalam,30,GOVT: HOSPITAL,SATHYAN PERUMBARAKODE,INC,General,General,OpenDataKerala GitHub
2015,Palakkad,Ottapalam,31,KUMMAMPARA,K V SANTHOSH,CPI(M),General,General,OpenDataKerala GitHub
2015,Palakkad,Ottapalam,32,KANNIYAMPURAM U P SCHOOL,E PRABHAKARAN,INDEPENDENT,General,General,OpenDataKerala GitHub
2015,Palakkad,Ottapalam,33,PANAMANNA VAYANASALA,VIJAYASREE,INDEPENDENT,Woman,Woman,OpenDataKerala GitHub
2015,Palakkad,Ottapalam,34,PANAMANNA VATTANAAL,RAJANI,INDEPENDENT,Woman,Woman,OpenDataKerala GitHub
2015,Palakkad,Ottapalam,35,VEETTAAM PARA,T LATHA,CPI(M),General,General,OpenDataKerala GitHub
2015,Palakkad,Ottapalam,36,KOLOTH PARAMB,PADMINI C,INDEPENDENT,Woman,Woman,OpenDataKerala GitHub
2015,Palakkad,Shoranur,1,KANAYAM WEST,V T ALI,CPI(M),General,General,OpenDataKerala GitHub
2015,Palakkad,Shoranur,2,KANAYAM EAST,SINI MANOJ,BJP,Woman,Woman,OpenDataKerala GitHub
2015,Palakkad,Shoranur,3,THRIPATTA,N JAYAPAL,CPI(M),General,General,OpenDataKerala GitHub
2015,Palakkad,Shoranur,4,KULAPPULLY U P SCHOOL,V VIMALA,CPI(M),Woman,Woman,OpenDataKerala GitHub
2015,Palakkad,Shoranur,5,MELMURY,VIPIN NATH M K,BJP,General,General,OpenDataKerala GitHub
2015,Palakkad,Shoranur,6,S N COLLEGE,V M UNNIKRISHNAN,BJP,SC,SC,OpenDataKerala GitHub
2015,Palakkad,Shoranur,7,PARAKUTTYKKAVU,A GOPAKUMAR,BJP,General,General,OpenDataKerala GitHub
2015,Palakkad,Shoranur,8,ARANI,SUNU R,CPI(M),General,General,OpenDataKerala GitHub
2015,Palakkad,Shoranur,9,KAVALAPARA,JAYESH,BJP,General,General,OpenDataKerala GitHub
2015,Palakkad,Shoranur,10,KARAKKAD,MANIKANDAN K P,CPI(M),SC,SC,OpenDataKerala GitHub
2015,Palakkad,Shoranur,11,THATHAMKODU,T SEENA,INC,General,General,OpenDataKerala GitHub
2015,Palakkad,Shoranur,12,CHUDUVALATHUR SOUTH,K N ANIL KUMAR,CPI(M),General,General,OpenDataKerala GitHub
2015,Palakkad,Shoranur,13,CHUDUVALATHUR,K SHEEBA,CPI(M),Woman,Woman,OpenDataKerala GitHub
2015,Palakkad,Shoranur,14,ARIYANCHIRA U P SCHOOL,DIVYA P,CPI(M),Woman,Woman,OpenDataKerala GitHub
2015,Palakkad,Shoranur,15,TECHNICAL HIGH SCHOOL,RAJULA P A,INC,Woman,Woman,OpenDataKerala GitHub
2015,Palakkad,Shoranur,16,MUNICIPAL OFFICE,MUSTHAFA T M,INDEPENDENT,General,General,OpenDataKerala GitHub
2015,Palakkad,Shoranur,17,SHORANUR TOWN,PRAVEEN@ KUNJUMON,INC,General,General,OpenDataKerala GitHub
2015,Palakkad,Shoranur,18,CHUDUVALATHUR WEST,V K SREEKRISHNAN,INC,General,General,OpenDataKerala GitHub
2015,Palakkad,Shoranur,19,RAILWAY JUNCTION,T BINDHU,BJP,Woman,Woman,OpenDataKerala GitHub
2015,Palakkad,Shoranur,20,TOWN WEST,ADV. KRISHNAVENI,INC,Woman,Woman,OpenDataKerala GitHub
2015,Palakkad,Shoranur,21,ANTHURKUNNU,V N MANOJ KUMAR,CPI(M),General,General,OpenDataKerala GitHub
2015,Palakkad,Shoranur,22,MUTHUKURUSSI,E K JAYAPRAKASH,BJP,General,General,OpenDataKerala GitHub
2015,Palakkad,Shoranur,23,GANESHGIRI,K SOBHANAKUMARI,CPI(M),SC Woman,SC Woman,OpenDataKerala GitHub
2015,Palakkad,Shoranur,24,MUNDAYA SOUTH,JISHA P,CPI(M),Woman,Woman,OpenDataKerala GitHub
2015,Palakkad,Shoranur,25,MUNDAYA NORTH,SINDHU V C,CPI(M),SC Woman,SC Woman,OpenDataKerala GitHub
2015,Palakkad,Shoranur,26,NEDUGOTTUR,M NARAYANAN,CPI(M),SC,SC,OpenDataKerala GitHub
2015,Palakkad,Shoranur,27,PARUTHYPRA WEST,PUSHPALATHA,CPI(M),SC Woman,SC Woman,OpenDataKerala GitHub
2015,Palakkad,Shoranur,28,PARUTHYPRA EAST,LATHA JOBY M,INDEPENDENT,Woman,Woman,OpenDataKerala GitHub
2015,Palakkad,Shoranur,29,MANJAKKAD,NIRMALA P,CPI(M),Woman,Woman,OpenDataKerala GitHub
2015,Palakkad,Shoranur,30,GOV. HOSPITAL,AJITHA D,CPI(M),SC Woman,SC Woman,OpenDataKerala GitHub
2015,Palakkad,Shoranur,31,ANTHIMAHAKALANCHIRA,SANDHYA C,INC,Woman,Woman,OpenDataKerala GitHub
2015,Palakkad,Shoranur,32,HEALTH CENTRE,GEETHA K,CPI(M),Woman,Woman,OpenDataKerala GitHub
2015,Palakkad,Shoranur,33,CHUVANA GATE,NISHA M N,CPI(M),Woman,Woman,OpenDataKerala GitHub
2015,Palakkad,Chittur Tattamangalam,1,CHERUMKODE,ANIL KUMAR V,CPI(M),SC,SC,OpenDataKerala GitHub
2015,Palakkad,Chittur Tattamangalam,2,BUS STAND WARD,SUNITHA MUHAMMED SALEEM,CPI(M),Woman,Woman,OpenDataKerala GitHub
2015,Palakkad,Chittur Tattamangalam,3,ARANGAM,MADHU K,INC,General,General,OpenDataKerala GitHub
2015,Palakkad,Chittur Tattamangalam,4,CHEMBAKASSERY,A KANNANKUTTY,CPI(M),General,General,OpenDataKerala GitHub
2015,Palakkad,Chittur Tattamangalam,5,AMBATTUPALAYAM,SHEEJA,INC,Woman,Woman,OpenDataKerala GitHub
2015,Palakkad,Chittur Tattamangalam,6,MUTHUKAD,PUSHPALATHA P U,CPI(M),Woman,Woman,OpenDataKerala GitHub
2015,Palakkad,Chittur Tattamangalam,7,KADAMBIDI,MUKESH M,INDEPENDENT,SC,SC,OpenDataKerala GitHub
2015,Palakkad,Chittur Tattamangalam,8,VADAKKATHARA,K G SEKHARANUNNI,INC,General,General,OpenDataKerala GitHub
2015,Palakkad,Chittur Tattamangalam,9,NARAMKUZHI,KRISHNALEELA,INC,Woman,Woman,OpenDataKerala GitHub
2015,Palakkad,Chittur Tattamangalam,10,KIZHAKKATHARA,KAVITHA,INDEPENDENT,Woman,Woman,OpenDataKerala GitHub
2015,Palakkad,Chittur Tattamangalam,11,KANNANTHARA,PRIYA U,INDEPENDENT,Woman,Woman,OpenDataKerala GitHub
2015,Palakkad,Chittur Tattamangalam,12,KOSATHARA,A SASIDHARAN,KC(M),General,General,OpenDataKerala GitHub
2015,Palakkad,Chittur Tattamangalam,13,KACHERIMEDU,SADIQE ALI,INC,General,General,OpenDataKerala GitHub
2015,Palakkad,Chittur Tattamangalam,14,ARYAMPALLAM,SWAMINATHAN M,CPI(M),General,General,OpenDataKerala GitHub
2015,Palakkad,Chittur Tattamangalam,15,DEVANGAPURAM,RAJA S,INDEPENDENT,General,General,OpenDataKerala GitHub
2015,Palakkad,Chittur Tattamangalam,16,VALMUTTY,MANIKANDAN K,INDEPENDENT,General,General,OpenDataKerala GitHub
2015,Palakkad,Chittur Tattamangalam,17,ANIKODE,SIVAKUMAR,INDEPENDENT,General,General,OpenDataKerala GitHub
2015,Palakkad,Chittur Tattamangalam,18,THEKKEGRAMAM,K A SHEEBA,INC,SC Woman,SC Woman,OpenDataKerala GitHub
2015,Palakkad,Chittur Tattamangalam,19,THARAKKALAM,BABY SALINI,INC,SC Woman,SC Woman,OpenDataKerala GitHub
2015,Palakkad,Chittur Tattamangalam,20,KUNNATHUPALAYAM,USHA PRASOBHANAN,INC,Woman,Woman,OpenDataKerala GitHub
2015,Palakkad,Chittur Tattamangalam,21,COLLEGE WARD,MAHESWARI C,INC,Woman,Woman,OpenDataKerala GitHub
2015,Palakkad,Chittur Tattamangalam,22,BANGLAPARAMBU,BINDU K,INC,Woman,Woman,OpenDataKerala GitHub
2015,Palakkad,Chittur Tattamangalam,23,PARUTHIKAVU,K C PREETH,INC,General,General,OpenDataKerala GitHub
2015,Palakkad,Chittur Tattamangalam,24,THUMBICHIRA,P RATHNAMANI,INC,Woman,Woman,OpenDataKerala GitHub
2015,Palakkad,Chittur Tattamangalam,25,MANNATHUKAVU,SUBRADAM S S,INC,General,General,OpenDataKerala GitHub
2015,Palakkad,Chittur Tattamangalam,26,SREEKURUMBAKAVU,T S THIRUVENKIDAM,INC,General,General,OpenDataKerala GitHub
2015,Palakkad,Chittur Tattamangalam,27,KADAVALAVU,UMMUL HABEEBA,IUML,Woman,Woman,OpenDataKerala GitHub
2015,Palakkad,Chittur Tattamangalam,28,GRAMAM WARD,RADHAMANI,INC,Woman,Woman,OpenDataKerala GitHub
2015,Palakkad,Chittur Tattamangalam,29,METTUVALAVU,SABEENA YASMIN M,INC,Woman,Woman,OpenDataKerala GitHub
2015,Palakkad,Palakkad,1,OLAVAKKODE CENTRAL,MANIKANDAN,BJP,General,General,OpenDataKerala GitHub
2015,Palakkad,Palakkad,2,KALPATHY,P S VIBIN,INC,SC,SC,OpenDataKerala GitHub
2015,Palakkad,Palakkad,3,KUNNUMPURAM,K BHAGYAM,INC,SC Woman,SC Woman,OpenDataKerala GitHub
2015,Palakkad,Palakkad,4,AYYAPPURAM WEST,SOWMINI V C,BJP,Woman,Woman,OpenDataKerala GitHub
2015,Palakkad,Palakkad,5,KALPATHY EAST,JAYANTHI RAMANATHAN,BJP,Woman,Woman,OpenDataKerala GitHub
2015,Palakkad,Palakkad,6,THONIPALAYAM,SREEMATHI P,BJP,Woman,Woman,OpenDataKerala GitHub
2015,Palakkad,Palakkad,7,KUMARAPURAM,MEENAKSHI T S,BJP,Woman,Woman,OpenDataKerala GitHub
2015,Palakkad,Palakkad,8,VALIYAPADAM,V P RAGHUNATH,CPI(M),General,General,OpenDataKerala GitHub
2015,Palakkad,Palakkad,9,MATTUMANDHA,K BHAVADAS,INC,General,General,OpenDataKerala GitHub
2015,Palakkad,Palakkad,10,KALLEPULLY,PRASANNA NARAYANAN,BJP,Woman,Woman,OpenDataKerala GitHub
2015,Palakkad,Palakkad,11,KALLEPULLY SOUTH,PRIYA,INC,Woman,Woman,OpenDataKerala GitHub
2015,Palakkad,Palakkad,12,PUTHUR SOUTH,SMITHESH P,BJP,General,General,OpenDataKerala GitHub
2015,Palakkad,Palakkad,13,PUTHUR NORTH,PRAMILAKUMARI K,BJP,Woman,Woman,OpenDataKerala GitHub
2015,Palakkad,Palakkad,14,SEKARIPURAM,THANGAM,BJP,Woman,Woman,OpenDataKerala GitHub
2015,Palakkad,Palakkad,15,AYYAPURAM EAST,DIVYA K,BJP,Woman,Woman,OpenDataKerala GitHub
2015,Palakkad,Palakkad,16,PARAKKUNNAM,M SAHIDA,IUML,Woman,Woman,OpenDataKerala GitHub
2015,Palakkad,Palakkad,17,NARIKUTTY,RIZWANA I,IUML,Woman,Woman,OpenDataKerala GitHub
2015,Palakkad,Palakkad,18,KOPPAM,KRISHNAKUMAR C,BJP,General,General,OpenDataKerala GitHub
2015,Palakkad,Palakkad,19,SULTANPETA,P G RAMDAS,INDEPENDENT,General,General,OpenDataKerala GitHub
2015,Palakkad,Palakkad,20,MANKAVU,GANGA S,BJP,Woman,Woman,OpenDataKerala GitHub
2015,Palakkad,Palakkad,21,VADAKKUMURI,R UDAYAKUMAR,CPI(M),General,General,OpenDataKerala GitHub
2015,Palakkad,Palakkad,22,SELVAPALAYAM,ACHUTHANANDAN S P,BJP,General,General,OpenDataKerala GitHub
2015,Palakkad,Palakkad,23,KUNNATHURMEDU NORTH,MOHAN BABU M,INC,General,General,OpenDataKerala GitHub
2015,Palakkad,Palakkad,24,KUNNATHURMEDU SOUTH,M SANTHI,INC,SC Woman,SC Woman,OpenDataKerala GitHub
2015,Palakkad,Palakkad,25,CHIRAKKAD,P SUNIL KUMAR,CPI(M),General,General,OpenDataKerala GitHub
2015,Palakkad,Palakkad,26,KENATHPARAMBU,RENJITH V,INC,General,General,OpenDataKerala GitHub
2015,Palakkad,Palakkad,27,MANAPULLYKAVU,V MOHAN,INC,General,General,OpenDataKerala GitHub
2015,Palakkad,Palakkad,28,CIVIL STATION,P R SUJATHA,CPI(M),Woman,Woman,OpenDataKerala GitHub
2015,Palakkad,Palakkad,29,MURIKKAVE,B SUBASH,INC,General,General,OpenDataKerala GitHub
2015,Palakkad,Palakkad,30,WEST YAKKARA,A KUMARI,CPI(M),Woman,Woman,OpenDataKerala GitHub
2015,Palakkad,Palakkad,31,PUDUPPALLITHERUVU,SAIDALAVI K,INDEPENDENT,General,General,OpenDataKerala GitHub
2015,Palakkad,Palakkad,32,VENNAKARA SOUTH,SOURIYATH SULAIMAN,WPI,Woman,Woman,OpenDataKerala GitHub
2015,Palakkad,Palakkad,33,VENNAKARA CENTRAL,PRASAD K,BJP,General,General,OpenDataKerala GitHub
2015,Palakkad,Palakkad,34,OTHUNGODE,ABDUL SUKKUR,CPI(M),General,General,OpenDataKerala GitHub
2015,Palakkad,Palakkad,35,THIRUNELLAY EAST,N SUBHADRA,INC,Woman,Woman,OpenDataKerala GitHub
2015,Palakkad,Palakkad,36,THIRUNELLAY WEST,CHEMBAKAM A,INC,Woman,Woman,OpenDataKerala GitHub
2015,Palakkad,Palakkad,37,KALLIKKAD,HABEEBA P M,IUML,Woman,Woman,OpenDataKerala GitHub
2015,Palakkad,Palakkad,38,KAIKUTTYPARAMBU,K MANI,INC,General,General,OpenDataKerala GitHub
2015,Palakkad,Palakkad,39,NURANI,T M RAMACHANDRAN,INDEPENDENT,General,General,OpenDataKerala GitHub
2015,Palakkad,Palakkad,40,VITHUNNY,SAJITHA FAHIM,INDEPENDENT,Woman,Woman,OpenDataKerala GitHub
2015,Palakkad,Palakkad,41,MUNICIPAL OFFICE,RAJESWARI JAYAPRAKASH,INC,Woman,Woman,OpenDataKerala GitHub
2015,Palakkad,Palakkad,42,PATTIKKARA,SAABU P,BJP,General,General,OpenDataKerala GitHub
2015,Palakkad,Palakkad,43,VADAKKANTHARA EAST,S R BALASUBRAMANIAN,BJP,General,General,OpenDataKerala GitHub
2015,Palakkad,Palakkad,44,SREERAMAPALAYAM,SUNIL M,BJP,General,General,OpenDataKerala GitHub
2015,Palakkad,Palakkad,45,MELAMURI,BABY T,BJP,Woman,Woman,OpenDataKerala GitHub
2015,Palakkad,Palakkad,46,VALIYANGADI,N SIVARAJAN,BJP,General,General,OpenDataKerala GitHub
2015,Palakkad,Palakkad,47,PALLIPURAM,JAYESH K,BJP,SC,SC,OpenDataKerala GitHub
2015,Palakkad,Palakkad,48,MEPARAMBU,SANTHI V A,BJP,Woman,Woman,OpenDataKerala GitHub
2015,Palakkad,Palakkad,49,KANNAKI NAGAR WEST,MADHU C,BJP,General,General,OpenDataKerala GitHub
2015,Palakkad,Palakkad,50,VADAKKANTHARA,SUMATHY K,BJP,Woman,Woman,OpenDataKerala GitHub
2015,Palakkad,Palakkad,51,JAINMEDU,V NATESAN,BJP,General,General,OpenDataKerala GitHub
2015,Palakkad,Palakkad,52,OLAVAKKODE SOUTH,RASEENA BASHEER,IUML,Woman,Woman,OpenDataKerala GitHub
2015,Palakkad,Pattambi,1,VALLUR NORTH,BALKEES,IUML,Woman,Woman,OpenDataKerala GitHub
2015,Palakkad,Pattambi,2,VALLUR EAST,A.P.KRISHNAVENI,BJP,Woman,Woman,OpenDataKerala GitHub
2015,Palakkad,Pattambi,3,SECOND MILE,GIRIJA,INDEPENDENT,Woman,Woman,OpenDataKerala GitHub
2015,Palakkad,Pattambi,4,KALAPPARA,ABDUL HAKKEEM RASI.C,IUML,General,General,OpenDataKerala GitHub
2015,Palakkad,Pattambi,5,KODALUR CENTRE,MUNEERA,IUML,Woman,Woman,OpenDataKerala GitHub
2015,Palakkad,Pattambi,6,NEDIYAMKUNNU,K.V.A.JABBAR,IUML,General,General,OpenDataKerala GitHub
2015,Palakkad,Pattambi,7,SANKARAMANGALAM,RAHNABI.K.T,CPI(M),Woman,Woman,OpenDataKerala GitHub
2015,Palakkad,Pattambi,8,THEKKUMURI,K.JAYALEKHA,IUML,SC Woman,SC Woman,OpenDataKerala GitHub
2015,Palakkad,Pattambi,9,CHORAKKUNNU,LEELA.M.V,CPI(M),Woman,Woman,OpenDataKerala GitHub
2015,Palakkad,Pattambi,10,COLLEGE,K.T.RUKKIYA,INC,Woman,Woman,OpenDataKerala GitHub
2015,Palakkad,Pattambi,11,KIZHAKKE ANGADI,AMINA,IUML,Woman,Woman,OpenDataKerala GitHub
2015,Palakkad,Pattambi,12,HIDAYATH NAGAR,KUNHUMUHAMMED RASHEED( K.P.VAPPUTTY),IUML,General,General,OpenDataKerala GitHub
2015,Palakkad,Pattambi,13,CHERULIPARAMBU,MUSHTAQ ABDUL NASEER,IUML,General,General,OpenDataKerala GitHub
2015,Palakkad,Pattambi,14,KIZHAYUR,GEETHA.P,CPI(M),Woman,Woman,OpenDataKerala GitHub
2015,Palakkad,Pattambi,15,LOVELY,VINEETHA GIREESH,INDEPENDENT,Woman,Woman,OpenDataKerala GitHub
2015,Palakkad,Pattambi,16,KOLORKUNNU,ABDUL SAJAD.C.P,INC,General,General,OpenDataKerala GitHub
2015,Palakkad,Pattambi,17,MELE PATTAMBI,T.P.SHAJI,INC,General,General,OpenDataKerala GitHub
2015,Palakkad,Pattambi,18,UMIKKUNNU,A.K.AKBAR,INC,General,General,OpenDataKerala GitHub
2015,Palakkad,Pattambi,19,NAMBRAM,K.BASHEER,Con(S),General,General,OpenDataKerala GitHub
2015,Palakkad,Pattambi,20,PATTAMBI TOWN,UMMER PALATHINKAL,IUML,General,General,OpenDataKerala GitHub
2015,Palakkad,Pattambi,21,KAITHALI,MOHANASUNDARAN,CPI(M),General,General,OpenDataKerala GitHub
2015,Palakkad,Pattambi,22,NETHIRIMANGALAM,MANIKANDAN K C,INC,General,General,OpenDataKerala GitHub
2015,Palakkad,Pattambi,23,CIVIL STATION,C.SANGEETHA,INC,Woman,Woman,OpenDataKerala GitHub
2015,Palakkad,Pattambi,24,PARUVAKKADAVU,K.S.B.A.THAGAL,INC,General,General,OpenDataKerala GitHub
2015,Palakkad,Pattambi,25,KOZHIKUNNU,SHEEJA,INC,Woman,Woman,OpenDataKerala GitHub
2015,Palakkad,Pattambi,26,VADAKKUMURI,K.C.GIREESH,CPI(M),General,General,OpenDataKerala GitHub
2015,Palakkad,Pattambi,27,THOTTUNGAL CITY,SUNITHA,INDEPENDENT,SC Woman,SC Woman,OpenDataKerala GitHub
2015,Palakkad,Pattambi,28,VALLUR CENTRE,SUBRAHMANIAN.P,CPI(M),SC,SC,OpenDataKerala GitHub
2015,Palakkad,Cherpulassery,1,PADINJATTUMMURI,KUNHIKANNAN. C,CPI(M),General,General,OpenDataKerala GitHub
2015,Palakkad,Cherpulassery,2,THOOTHA,SAFIYA,IUML,Woman,Woman,OpenDataKerala GitHub
2015,Palakkad,Cherpulassery,3,HEALTH CENTRE,PRAMEELA.K.T,CPI(M),SC Woman,SC Woman,OpenDataKerala GitHub
2015,Palakkad,Cherpulassery,4,PAPPARAMBU,JYOTHY. T,CPI(M),Woman,Woman,OpenDataKerala GitHub
2015,Palakkad,Cherpulassery,5,NADUVATTOM,SUJITH.M.P,CPI(M),SC,SC,OpenDataKerala GitHub
2015,Palakkad,Cherpulassery,6,KARALMANNA,BEENA.M.V.,INC,Woman,Woman,OpenDataKerala GitHub
2015,Palakkad,Cherpulassery,7,ALUMPARA,C. HAMSA,CPI(M),General,General,OpenDataKerala GitHub
2015,Palakkad,Cherpulassery,8,AMBALAVATTOM,K.M.ISAHAK,INC,General,General,OpenDataKerala GitHub
2015,Palakkad,Cherpulassery,9,KARUMANAMKURSSI,P. RAMKUMAR,INC,General,General,OpenDataKerala GitHub
2015,Palakkad,Cherpulassery,10,KUNNUMPURAM,SUBAIDA,IUML,Woman,Woman,OpenDataKerala GitHub
2015,Palakkad,Cherpulassery,11,26TH MILE,SADIK HUSSAIN,INDEPENDENT,General,General,OpenDataKerala GitHub
2015,Palakkad,Cherpulassery,12,KACHERIKKUNNU,SUHARABI,IUML,Woman,Woman,OpenDataKerala GitHub
2015,Palakkad,Cherpulassery,13,MANDAKKARI,SHEEBA,IUML,Woman,Woman,OpenDataKerala GitHub
2015,Palakkad,Cherpulassery,14,ILLIKKOTTUKURSSI,V. RADHIKA,CPI(M),Woman,Woman,OpenDataKerala GitHub
2015,Palakkad,Cherpulassery,15,PUTHANALKKAL,SHAMEERA PULATHARAKKAL,INDEPENDENT,Woman,Woman,OpenDataKerala GitHub
2015,Palakkad,Cherpulassery,16,NIRAPARAMBU,V. SUKUMARAN,CPI(M),General,General,OpenDataKerala GitHub
2015,Palakkad,Cherpulassery,17,UNGINTHARA,RATHIDEVI.K.T.,INC,SC Woman,SC Woman,OpenDataKerala GitHub
2015,Palakkad,Cherpulassery,18,UNGINTHARA SOUTH,SAFNA,INDEPENDENT,Woman,Woman,OpenDataKerala GitHub
2015,Palakkad,Cherpulassery,19,KUTTIKKODE,ABOOBACKER (C.A.BAKKAR),IUML,General,General,OpenDataKerala GitHub
2015,Palakkad,Cherpulassery,20,KUTTIKODE SOUTH,MEERAN NOUFAL (NISHAD),IUML,General,General,OpenDataKerala GitHub
2015,Palakkad,Cherpulassery,21,KULIYADU,K.K.A. AZEES,IUML,General,General,OpenDataKerala GitHub
2015,Palakkad,Cherpulassery,22,ELIYAPPETTA,AYISHA,IUML,Woman,Woman,OpenDataKerala GitHub
2015,Palakkad,Cherpulassery,23,KOTTAKKUNNU,V.K.JAYASREE,CPI(M),Woman,Woman,OpenDataKerala GitHub
2015,Palakkad,Cherpulassery,24,SECRETARYPADI,SREELAJA VAZHAKUNNATH,INC,Woman,Woman,OpenDataKerala GitHub
2015,Palakkad,Cherpulassery,25,CHERPULASSERU,NOORJAHAN. P,CPI(M),Woman,Woman,OpenDataKerala GitHub
2015,Palakkad,Cherpulassery,26,KAVUVATTAM,PRAKASH KURUMAPPALLY,BJP,General,General,OpenDataKerala GitHub
2015,Palakkad,Cherpulassery,27,MALMALKUNNU,ANITHA. V,CPI(M),Woman,Woman,OpenDataKerala GitHub
2015,Palakkad,Cherpulassery,28,MANCHAKKAL,P.P.VINOD KUMAR,INC,General,General,OpenDataKerala GitHub
2015,Palakkad,Cherpulassery,29,VELLOTTUKURSSI,K.MINI,CPI(M),Woman,Woman,OpenDataKerala GitHub
2015,Palakkad,Cherpulassery,30,PANNIYAMKURSSI,K. KRISHNADAS,CPI(M),General,General,OpenDataKerala GitHub
2015,Palakkad,Cherpulassery,31,CHENTHRATHUPARAMBU,SUBEESH. P,INC,General,General,OpenDataKerala GitHub
2015,Palakkad,Cherpulassery,32,VEETTIKADU,M. MANOJ,INC,General,General,OpenDataKerala GitHub
2015,Palakkad,Cherpulassery,33,NALALUMKUNNU,JAYAN. P,BJP,General,General,OpenDataKerala GitHub
2015,Palakkad,Mannarkad,1,KUNTHIPUZHA,K. C. ABDULRAHIMAN,IUML,General,General,OpenDataKerala GitHub
2015,Palakkad,Mannarkad,2,KULARMUNDA,V. SIRAJUDHEEN,IUML,General,General,OpenDataKerala GitHub
2015,Palakkad,Mannarkad,3,CHOMERI,P.UNNIKRISHNAN,IUML,SC,SC,OpenDataKerala GitHub
2015,Palakkad,Mannarkad,4,KODUVALIKUNDU,SAKEENA P,IUML,Woman,Woman,OpenDataKerala GitHub
2015,Palakkad,Mannarkad,5,PERINCHOLAM,SALEENA V,IUML,Woman,Woman,OpenDataKerala GitHub
2015,Palakkad,Mannarkad,6,UBHAYAMARGAM,SUJATHA N K,CPI(M),Woman,Woman,OpenDataKerala GitHub
2015,Palakkad,Mannarkad,7,ARAKURSSI,T.R.SEBASTIAN,CPI(M),General,General,OpenDataKerala GitHub
2015,Palakkad,Mannarkad,8,VADAKKEKARA,SARASWATHY . M,CPI(M),Woman,Woman,OpenDataKerala GitHub
2015,Palakkad,Mannarkad,9,THENNARI,VANAJA K,INC,Woman,Woman,OpenDataKerala GitHub
2015,Palakkad,Mannarkad,10,ARAYAMKODU,VASANTHA .T,CPI(M),Woman,Woman,OpenDataKerala GitHub
2015,Palakkad,Mannarkad,11,VADAKKUMANNAM,K.P.SALEEM,CPI(M),General,General,OpenDataKerala GitHub
2015,Palakkad,Mannarkad,12,NADAMALIKA,AMUDHA.V,BJP,Woman,Woman,OpenDataKerala GitHub
2015,Palakkad,Mannarkad,13,ANDIPADAM,P .PARVATHY,CPI(M),SC Woman,SC Woman,OpenDataKerala GitHub
2015,Palakkad,Mannarkad,14,NELLIPUZHA,MOHAMMED IBRAHIM M,CPI(M),General,General,OpenDataKerala GitHub
2015,Palakkad,Mannarkad,15,ALTHARA,A.SREENIVASAN,BJP,General,General,OpenDataKerala GitHub
2015,Palakkad,Mannarkad,16,THORAPURAM,JAYAKUMAR.P.M,BJP,General,General,OpenDataKerala GitHub
2015,Palakkad,Mannarkad,17,MUNDEKKARAD,MUNEERA .C.P,IUML,Woman,Woman,OpenDataKerala GitHub
2015,Palakkad,Mannarkad,18,NAMBIYAMPADI,NUSARATH.C.H,IUML,Woman,Woman,OpenDataKerala GitHub
2015,Palakkad,Mannarkad,19,VINAYAKA NAGAR,C.P.PUSHPANAND,CPI(M),General,General,OpenDataKerala GitHub
2015,Palakkad,Mannarkad,20,PARAPPURAM,PUSHPALATHA VIJAYAN,CPI(M),Woman,Woman,OpenDataKerala GitHub
2015,Palakkad,Mannarkad,21,NARANGAPATTA,MANSOOR. K,CPI(M),General,General,OpenDataKerala GitHub
2015,Palakkad,Mannarkad,22,NAYADIKUNNU,SHAHINA.K,IUML,Woman,Woman,OpenDataKerala GitHub
2015,Palakkad,Mannarkad,23,CHANTHAPADI,SUBAIDA.M.K,IUML,Woman,Woman,OpenDataKerala GitHub
2015,Palakkad,Mannarkad,24,PERIMBADARI,K.SURESH,CPI(M),General,General,OpenDataKerala GitHub
2015,Palakkad,Mannarkad,25,KANHIRAMPADAM,BALAKRISHNAN. K,CPI(M),General,General,OpenDataKerala GitHub
2015,Palakkad,Mannarkad,26,GOVINDAPURAM,MASITHA SATHAR,IUML,Woman,Woman,OpenDataKerala GitHub
2015,Palakkad,Mannarkad,27,ONNAM MILE,SHAHANA KALLADI,IUML,Woman,Woman,OpenDataKerala GitHub
2015,Palakkad,Mannarkad,28,KANHIRAM,T.HARILAL,CPI(M),General,General,OpenDataKerala GitHub
2015,Palakkad,Mannarkad,29,NAMBIYAMKUNNU,AFSAL.C.K,IUML,General,General,OpenDataKerala GitHub
2015,Malappuram,Perinthalmanna,1,CHEERATTAMANNA,P VIJAYAN,CPI(M),General,General,OpenDataKerala GitHub
2015,Malappuram,Perinthalmanna,2,MANATHUMANGALAM,ALEENA MARIYAM,INC,Woman,Woman,OpenDataKerala GitHub
2015,Malappuram,Perinthalmanna,3,KAKOOTH,HUSAINA NAZAR,IUML,Woman,Woman,OpenDataKerala GitHub
2015,Malappuram,Perinthalmanna,4,VALIYANGADI,THAMARATH USMAN,INDEPENDENT,General,General,OpenDataKerala GitHub
2015,Malappuram,Perinthalmanna,5,KULIRMALA,THEKKATH USMAN,IUML,General,General,OpenDataKerala GitHub
2015,Malappuram,Perinthalmanna,6,CHMEBANKUNNU,MOHAMED MUSTHAFA K,INDEPENDENT,General,General,OpenDataKerala GitHub
2015,Malappuram,Perinthalmanna,7,KUMARAMKULAM,HANNA K T,IUML,Woman,Woman,OpenDataKerala GitHub
2015,Malappuram,Perinthalmanna,8,LAKSHAM VEEDU,K MOHAMMED@ BAPPU,IUML,General,General,OpenDataKerala GitHub
2015,Malappuram,Perinthalmanna,9,IDUKKUMUKHAM,SUNDARAN,INDEPENDENT,SC,SC,OpenDataKerala GitHub
2015,Malappuram,Perinthalmanna,10,MANAZHI STAND,ARUN E P,INDEPENDENT,SC,SC,OpenDataKerala GitHub
2015,Malappuram,Perinthalmanna,11,PANJAMA,MOHAMMED SALIM M,CPI(M),General,General,OpenDataKerala GitHub
2015,Malappuram,Perinthalmanna,12,KUTTIPPARA,ABDUL NASAR (NASAR KUTTI),CPI(M),General,General,OpenDataKerala GitHub
2015,Malappuram,Perinthalmanna,13,MANAPPADI,NIRMALA P,CPI(M),Woman,Woman,OpenDataKerala GitHub
2015,Malappuram,Perinthalmanna,14,PATHAIKKARA UP SCHOOL,P T SOBHANA,CPI(M),Woman,Woman,OpenDataKerala GitHub
2015,Malappuram,Perinthalmanna,15,KOVILAKAMPADI,ASSIA K P,IUML,Woman,Woman,OpenDataKerala GitHub
2015,Malappuram,Perinthalmanna,16,OLINKARA,K C MOIDEENKUTTY,CPI(M),General,General,OpenDataKerala GitHub
2015,Malappuram,Perinthalmanna,17,KIZHAKKEKARA,VANDANA K,CPI(M),Woman,Woman,OpenDataKerala GitHub
2015,Malappuram,Perinthalmanna,18,THEKKEKARA,T K HAFSA MUHAMMED,CPI(M),Woman,Woman,OpenDataKerala GitHub
2015,Malappuram,Perinthalmanna,19,ANATHANAM,AMBILY MANOJ,CPI(M),SC Woman,SC Woman,OpenDataKerala GitHub
2015,Malappuram,Perinthalmanna,20,PADINJAREKKARA,UNNIKRISHNAN K T,CPI(M),General,General,OpenDataKerala GitHub
2015,Malappuram,Perinthalmanna,21,KUNNAPPALLI SOUTH,RAJINA K,INDEPENDENT,Woman,Woman,OpenDataKerala GitHub
2015,Malappuram,Perinthalmanna,22,KALATHILAKKARA,ANWAR KALATHIL,IUML,General,General,OpenDataKerala GitHub
2015,Malappuram,Perinthalmanna,23,MARUKARAPARAMBU,PATHATH ARIF,CPI(M),General,General,OpenDataKerala GitHub
2015,Malappuram,Perinthalmanna,24,VALAYAM MOOCHI,NASEERA A,CPI(M),Woman,Woman,OpenDataKerala GitHub
2015,Malappuram,Perinthalmanna,25,ASARIKKARA,SURESH K,CPI(M),General,General,OpenDataKerala GitHub
2015,Malappuram,Perinthalmanna,26,THOTTAKKARA,NISHA SUBAIR,INDEPENDENT,General,General,OpenDataKerala GitHub
2015,Malappuram,Perinthalmanna,27,J N ROAD,SHAFEENA BEEGUM K T,INDEPENDENT,Woman,Woman,OpenDataKerala GitHub
2015,Malappuram,Perinthalmanna,28,J N ROAD CENTRAL,JAMNABINTH,IUML,Woman,Woman,OpenDataKerala GitHub
2015,Malappuram,Perinthalmanna,29,THEKKINKODE,K SANKARANARAYANAN,INDEPENDENT,General,General,OpenDataKerala GitHub
2015,Malappuram,Perinthalmanna,30,KAVUNGAL PARAMBA,LAKSHMI KRISHNAN,INDEPENDENT,SC Woman,SC Woman,OpenDataKerala GitHub
2015,Malappuram,Perinthalmanna,31,PUTHUR,NISHI ANILRAJ,CPI(M),General,General,OpenDataKerala GitHub
2015,Malappuram,Perinthalmanna,32,SANGEETHA,VASANTHI K,CPI(M),Woman,Woman,OpenDataKerala GitHub
2015,Malappuram,Perinthalmanna,33,ALIKKAL,MYMOONA PATTANI,INC,Woman,Woman,OpenDataKerala GitHub
2015,Malappuram,Perinthalmanna,34,LEMON VALLEY,RATHI ALLAKKATTIL,CPI(M),Woman,Woman,OpenDataKerala GitHub
2015,Malappuram,Ponnani,1,AZHEEKKAL,ATHEEK P,IUML,General,General,OpenDataKerala GitHub
2015,Malappuram,Ponnani,2,PALLIKADAVU,BALKEES.M.V,IUML,Woman,Woman,OpenDataKerala GitHub
2015,Malappuram,Ponnani,3,CHANA,PADMAVATHY K . P,IUML,Woman,Woman,OpenDataKerala GitHub
2015,Malappuram,Ponnani,4,VELLEERI,JAYAPRAKASH. K,INC,SC,SC,OpenDataKerala GitHub
2015,Malappuram,Ponnani,5,KUTTIKKAD,PRADOSH . K,CPI(M),General,General,OpenDataKerala GitHub
2015,Malappuram,Ponnani,6,EZHUVATHIRUTHI,MUHAMED BASHEER.T,CPI(M),General,General,OpenDataKerala GitHub
2015,Malappuram,Ponnani,7,WELFARE,SUDHA C. V,CPI(M),Woman,Woman,OpenDataKerala GitHub
2015,Malappuram,Ponnani,8,THEVARKSHETHRAM,SHYAMALA K. P,CPI(M),Woman,Woman,OpenDataKerala GitHub
2015,Malappuram,Ponnani,9,KOTTATHARA,SUHARA V.V,CPI(M),Woman,Woman,OpenDataKerala GitHub
2015,Malappuram,Ponnani,10,CHMRAVATTOM,PREETHA RANJITH,INC,Woman,Woman,OpenDataKerala GitHub
2015,Malappuram,Ponnani,11,ESWARAMANGALAM,RAMAKRISHNAN . P,CPI(M),General,General,OpenDataKerala GitHub
2015,Malappuram,Ponnani,12,NAITHALLUR,HAFSATH K. V,INC,Woman,Woman,OpenDataKerala GitHub
2015,Malappuram,Ponnani,13,KOTTA,PRSANA C.V,BJP,Woman,Woman,OpenDataKerala GitHub
2015,Malappuram,Ponnani,14,ERIKKAMANNA,VALSALA K.P,CPI(M),Woman,Woman,OpenDataKerala GitHub
2015,Malappuram,Ponnani,15,PUZHAMBRAM,PATHIYARATH DHANYA,CPI(M),Woman,Woman,OpenDataKerala GitHub
2015,Malappuram,Ponnani,16,BIYYAM,HASEENA O.V,CPI(M),Woman,Woman,OpenDataKerala GitHub
2015,Malappuram,Ponnani,17,ANDITHODE,MOHAMED KUNHI C.P,CPI(M),General,General,OpenDataKerala GitHub
2015,Malappuram,Ponnani,18,BOAT JETTY,GANESAN K,CPI(M),General,General,OpenDataKerala GitHub
2015,Malappuram,Ponnani,19,PULIKKAKADAVU,NASAR P.V,IUML,General,General,OpenDataKerala GitHub
2015,Malappuram,Ponnani,20,JUNCTION,BINCY BHASKAR .M,CPI(M),SC Woman,SC Woman,OpenDataKerala GitHub
2015,Malappuram,Ponnani,21,THEYYANGAD,BABURAJ,BJP,General,General,OpenDataKerala GitHub
2015,Malappuram,Ponnani,22,KARUKATHIRUTHY,SHEENA SUDESAN,CPI(M),Woman,Woman,OpenDataKerala GitHub
2015,Malappuram,Ponnani,23,ATTUPURAM,IKBAL,CPI(M),General,General,OpenDataKerala GitHub
2015,Malappuram,Ponnani,24,FISHERIES SCHOOL,SOBANA SHANMUGAN,CPI(M),Woman,Woman,OpenDataKerala GitHub
2015,Malappuram,Ponnani,25,KADAVANAD SOUTH,AISHA,INDEPENDENT,General,General,OpenDataKerala GitHub
2015,Malappuram,Ponnani,26,KADAVANAD NORTH,ANILKUMAR.K.A,CPI(M),General,General,OpenDataKerala GitHub
2015,Malappuram,Ponnani,27,AYYAPPANKAVU,BEENA SANTHOSH,BJP,SC Woman,SC Woman,OpenDataKerala GitHub
2015,Malappuram,Ponnani,28,PALLAPRAM WEST,REENA.K,CPI(M),Woman,Woman,OpenDataKerala GitHub
2015,Malappuram,Ponnani,29,UROOB NAGAR,UNNIKRISHNAN,INC,General,General,OpenDataKerala GitHub
2015,Malappuram,Ponnani,30,PULLONATH ATHANI,REMA DEVI,CPI,Woman,Woman,OpenDataKerala GitHub
2015,Malappuram,Ponnani,31,CHANDAPADI,SETHUMADHAVAN,INC,General,General,OpenDataKerala GitHub
2015,Malappuram,Ponnani,32,TRIKKAV EAST,HASSAN KOYA P,INC,General,General,OpenDataKerala GitHub
2015,Malappuram,Ponnani,33,THRIKKAV,ANUPAMA MURALIDHARAN,INDEPENDENT,General,General,OpenDataKerala GitHub
2015,Malappuram,Ponnani,34,VANDIPETTA,PALAKKAL SAINABA,IUML,Woman,Woman,OpenDataKerala GitHub
2015,Malappuram,Ponnani,35,M .I. A,NISAR.M P,IUML,General,General,OpenDataKerala GitHub
2015,Malappuram,Ponnani,36,PUTHAMKULAM,FASALU RAHMAN.N,IUML,General,General,OpenDataKerala GitHub
2015,Malappuram,Ponnani,37,THEKKEPURAM,ASMA M,IUML,Woman,Woman,OpenDataKerala GitHub
2015,Malappuram,Ponnani,38,PARANGIVALAPPU,RAMLA K V,CPI(M),Woman,Woman,OpenDataKerala GitHub
2015,Malappuram,Ponnani,39,MUNICIPAL OFFICE,GANGADHARAN,JD(U),General,General,OpenDataKerala GitHub
2015,Malappuram,Ponnani,40,CHERUPALLI,CHANDRAVALLI V,INC,Woman,Woman,OpenDataKerala GitHub
2015,Malappuram,Ponnani,41,PUDU PONNANI SOUTH,KADEEJA,CPI(M),Woman,Woman,OpenDataKerala GitHub
2015,Malappuram,Ponnani,42,PUDU PONNANI NORTH,O O SHAMSU,NSC,General,General,OpenDataKerala GitHub
2015,Malappuram,Ponnani,43,MYLANCHIKKAD,SAMEERA M,NSC,Woman,Woman,OpenDataKerala GitHub
2015,Malappuram,Ponnani,44,NAYADI COLONY,SOUDHA,IUML,Woman,Woman,OpenDataKerala GitHub
2015,Malappuram,Ponnani,45,MURINJAZHI,NAZZER,CPI(M),General,General,OpenDataKerala GitHub
2015,Malappuram,Ponnani,46,M.E.S COLLEGE,HAMEED M . A,CPI,General,General,OpenDataKerala GitHub
2015,Malappuram,Ponnani,47,MUKKADI,HASEERA .E,CPI(M),Woman,Woman,OpenDataKerala GitHub
2015,Malappuram,Ponnani,48,ALIYAR PALLI,ASHRAF PARAMBIL,CPI(M),General,General,OpenDataKerala GitHub
2015,Malappuram,Ponnani,49,GOVT. HOSPITAL,JABBAR A. K,CPI,General,General,OpenDataKerala GitHub
2015,Malappuram,Ponnani,50,MARAKKADAVU,JAMEELA S,CPI(M),Woman,Woman,OpenDataKerala GitHub
2015,Malappuram,Ponnani,51,MEENTHERUVU,SAIFU P,INDEPENDENT,General,General,OpenDataKerala GitHub
2015,Malappuram,Manjeri,1,KIDANGAZHI,SABIRA KURIKKAL,IUML,Woman,Woman,OpenDataKerala GitHub
2015,Malappuram,Manjeri,2,ERAMBRA,VALLANCHIRA MUHAMMEDALI,IUML,General,General,OpenDataKerala GitHub
2015,Malappuram,Manjeri,3,PULLUR,SHEEBA RAJAN,IUML,Woman,Woman,OpenDataKerala GitHub
2015,Malappuram,Manjeri,4,CHETTIYANGADI,K.P.UMMER,IUML,General,General,OpenDataKerala GitHub
2015,Malappuram,Manjeri,5,CHERANI,NOORJAHAN.C.T,INDEPENDENT,Woman,Woman,OpenDataKerala GitHub
2015,Malappuram,Manjeri,6,NELLIPARAMBA,AYISHA KARAT,CPI(M),Woman,Woman,OpenDataKerala GitHub
2015,Malappuram,Manjeri,7,MELAKKAM,P.G.UPENDRAN,BJP,General,General,OpenDataKerala GitHub
2015,Malappuram,Manjeri,8,CULLAKKAD,K.K.B.MOHAMMEDALI,IUML,General,General,OpenDataKerala GitHub
2015,Malappuram,Manjeri,9,THADATHIKUZHI,ADV.BEENA JOSEPH,INC,Woman,Woman,OpenDataKerala GitHub
2015,Malappuram,Manjeri,10,KOZHIKKATTUKUNNU,MOHAMMED MUSTHAFA,IUML,General,General,OpenDataKerala GitHub
2015,Malappuram,Manjeri,11,PUNNAKUZHI,SAJLA,IUML,Woman,Woman,OpenDataKerala GitHub
2015,Malappuram,Manjeri,12,MANGALASHERI,KUTTAN,IUML,SC,SC,OpenDataKerala GitHub
2015,Malappuram,Manjeri,13,PALAKKULAM,RAMACHANDRAN A/S MANUTTY,INC,SC,SC,OpenDataKerala GitHub
2015,Malappuram,Manjeri,14,THANIPPARA,ADV.K.FEROZ BABU,CPI(M),General,General,OpenDataKerala GitHub
2015,Malappuram,Manjeri,15,COLLEGE KUNNU,AJMAL SUHEED,IUML,General,General,OpenDataKerala GitHub
2015,Malappuram,Manjeri,16,KIZHAKKETHALA,THALAPPIL SOUJATH,IUML,Woman,Woman,OpenDataKerala GitHub
2015,Malappuram,Manjeri,17,VADAKKANGARA,SAMIYYA.V,CPI(M),Woman,Woman,OpenDataKerala GitHub
2015,Malappuram,Manjeri,18,PAYYANAD,MARUNNAN MOHAMMED,IUML,General,General,OpenDataKerala GitHub
2015,Malappuram,Manjeri,19,ELAMBRA,ASMABI,IUML,Woman,Woman,OpenDataKerala GitHub
2015,Malappuram,Manjeri,20,ATHANIKKAL,INDIRA.P,CPI(M),Woman,Woman,OpenDataKerala GitHub
2015,Malappuram,Manjeri,21,THAMARASHERI,RAJITHA.K,CPI(M),SC Woman,SC Woman,OpenDataKerala GitHub
2015,Malappuram,Manjeri,22,NELLIKUTH L.P SCHOOL,AMEENA,IUML,Woman,Woman,OpenDataKerala GitHub
2015,Malappuram,Manjeri,23,NELLIKUTH HIGH SCHOOL,ABOOBACKER.M.V,IUML,General,General,OpenDataKerala GitHub
2015,Malappuram,Manjeri,24,CHALUKULAM,ABDUL KABEER,IUML,General,General,OpenDataKerala GitHub
2015,Malappuram,Manjeri,25,KIZHAKKEKUNNU,MANCHERI FASLA,CPI(M),Woman,Woman,OpenDataKerala GitHub
2015,Malappuram,Manjeri,26,PILAKKAL,UMMU HABEEBA.K.P,IUML,Woman,Woman,OpenDataKerala GitHub
2015,Malappuram,Manjeri,27,AMAYAMKODE,RISVANA RAHIM.P,IUML,Woman,Woman,OpenDataKerala GitHub
2015,Malappuram,Manjeri,28,PULLANCHERI,ABOOBACKER.M.P,IUML,General,General,OpenDataKerala GitHub
2015,Malappuram,Manjeri,29,VETTEKKODE,SANTHOSH KUMAR,CPI(M),General,General,OpenDataKerala GitHub
2015,Malappuram,Manjeri,30,VELLARANGAL,SAKEENA.C,INC,General,General,OpenDataKerala GitHub
2015,Malappuram,Manjeri,31,VAYPARAPADI,SAJITH KOLOT,CPI(M),General,General,OpenDataKerala GitHub
2015,Malappuram,Manjeri,32,KOVILAKAM KUNDU,K.C.UNNIKRISHNAN,CPI(M),General,General,OpenDataKerala GitHub
2015,Malappuram,Manjeri,33,TOWN WARD,KRISHNADAS RAJA.K.C,CPI,General,General,OpenDataKerala GitHub
2015,Malappuram,Manjeri,34,SHANTHI GRAMAM,SIKKENDER HAYATH,INC,General,General,OpenDataKerala GitHub
2015,Malappuram,Manjeri,35,ARUKIZHAYA,MOHANA DASAN,CPI(M),Woman,Woman,OpenDataKerala GitHub
2015,Malappuram,Manjeri,36,ULLADAMKUNNU,SUNEERA SAINUDHEEN.K,IUML,Woman,Woman,OpenDataKerala GitHub
2015,Malappuram,Manjeri,37,MULLAMBARA,SAMEERA MUSTHAFA,IUML,Woman,Woman,OpenDataKerala GitHub
2015,Malappuram,Manjeri,38,VAKKETHODI,FATHIMA SHAHANA,IUML,Woman,Woman,OpenDataKerala GitHub
2015,Malappuram,Manjeri,39,THADATHIPARAMBA,SOUJA ATHIMANNIL,INC,Woman,Woman,OpenDataKerala GitHub
2015,Malappuram,Manjeri,40,VATTAPPARA,SUBAIDA.V.M,IUML,Woman,Woman,OpenDataKerala GitHub
2015,Malappuram,Manjeri,41,PULIYANTHODI,SABANA SALEEM,IUML,Woman,Woman,OpenDataKerala GitHub
2015,Malappuram,Manjeri,42,THURAKKAL,THURAKKAL YASHIK,IUML,General,General,OpenDataKerala GitHub
2015,Malappuram,Manjeri,43,POTTAMMAL,SHAINI.A,INC,SC Woman,SC Woman,OpenDataKerala GitHub
2015,Malappuram,Manjeri,44,PATTARKULAM,SANOOJA MUNEER,IUML,Woman,Woman,OpenDataKerala GitHub
2015,Malappuram,Manjeri,45,MARIYAD,ALAVI.M,INL,General,General,OpenDataKerala GitHub
2015,Malappuram,Manjeri,46,VEEMBOOR,KUTTIKADAN KUNHIMUHAMMED HAJI,IUML,General,General,OpenDataKerala GitHub
2015,Malappuram,Manjeri,47,NARUKARA,KODAKKADAN HASSAIN,IUML,General,General,OpenDataKerala GitHub
2015,Malappuram,Manjeri,48,AMBALAPPADI,V.P.FIROZ,INC,General,General,OpenDataKerala GitHub
2015,Malappuram,Manjeri,49,KARUVAMBRAM,C.VILASINI,CPI(M),Woman,Woman,OpenDataKerala GitHub
2015,Malappuram,Manjeri,50,RAMAMKULAM,SAJNA.T,IUML,Woman,Woman,OpenDataKerala GitHub
2015,Malappuram,Tirur,1,PORUR,K.M ALI,INDEPENDENT,General,General,OpenDataKerala GitHub
2015,Malappuram,Tirur,2,THAZHEPALAM,MOIDEENKUTTY.V,IUML,General,General,OpenDataKerala GitHub
2015,Malappuram,Tirur,3,NADUVILANGADI,BIJITHA.T,IUML,SC Woman,SC Woman,OpenDataKerala GitHub
2015,Malappuram,Tirur,4,POOKAYIL,ISHAQUE MOHAMMEDALI,CPI(M),General,General,OpenDataKerala GitHub
2015,Malappuram,Tirur,5,PERUVAZHIYAMBALAM,HAFSATH,IUML,Woman,Woman,OpenDataKerala GitHub
2015,Malappuram,Tirur,6,MICHABHOOMI,V.K.RUGMINI TEACHER,INDEPENDENT,Woman,Woman,OpenDataKerala GitHub
2015,Malappuram,Tirur,7,THUMARAKKAVU,MUSTHAFA NEDIYIL,INDEPENDENT,General,General,OpenDataKerala GitHub
2015,Malappuram,Tirur,8,CHEMBRA NORTH,HASEENA ABDURAHMAN,IUML,Woman,Woman,OpenDataKerala GitHub
2015,Malappuram,Tirur,9,CHEMBRA,SAJITHA KABIR MOOPAN,INDEPENDENT,Woman,Woman,OpenDataKerala GitHub
2015,Malappuram,Tirur,10,KANCHIRAKUND,K.P.HUSSAIN,IUML,General,General,OpenDataKerala GitHub
2015,Malappuram,Tirur,11,MYLADIKUNNU,T.P.KUNHIMOHAMMED,INDEPENDENT,General,General,OpenDataKerala GitHub
2015,Malappuram,Tirur,12,ALINCHUVADU,KUNHEETHU,INC,General,General,OpenDataKerala GitHub
2015,Malappuram,Tirur,13,KOTT EAST,SAFIYA,IUML,Woman,Woman,OpenDataKerala GitHub
2015,Malappuram,Tirur,14,PARANNEKKAD,ASHRAF THARAMMAL,INDEPENDENT,General,General,OpenDataKerala GitHub
2015,Malappuram,Tirur,15,BUS STAND,K.N.NAJIRA ASHRAF,INDEPENDENT,Woman,Woman,OpenDataKerala GitHub
2015,Malappuram,Tirur,16,VARIYATHARA,K.KUNHIMOIDEEN ALIAS KALPABAVA,IUML,General,General,OpenDataKerala GitHub
2015,Malappuram,Tirur,17,KALLINGAL,RAMLA.K.P,INDEPENDENT,Woman,Woman,OpenDataKerala GitHub
2015,Malappuram,Tirur,18,KOTT WEST,RANEESH,INDEPENDENT,SC,SC,OpenDataKerala GitHub
2015,Malappuram,Tirur,19,PANAMBALAM,C.M.ALI HAJI,IUML,General,General,OpenDataKerala GitHub
2015,Malappuram,Tirur,20,EZHUR EAST,ABDUL KADER,IUML,General,General,OpenDataKerala GitHub
2015,Malappuram,Tirur,21,KOLARKUNDU,SAJIRA. I.P,IUML,Woman,Woman,OpenDataKerala GitHub
2015,Malappuram,Tirur,22,THALAPPALLIPADAM,RAIHANATH.P.I,IUML,Woman,Woman,OpenDataKerala GitHub
2015,Malappuram,Tirur,23,MUTHUR,AYISHAKUTTY,IUML,Woman,Woman,OpenDataKerala GitHub
2015,Malappuram,Tirur,24,EZHUR WEST,P.KOYA I.R.S(RETD),IUML,General,General,OpenDataKerala GitHub
2015,Malappuram,Tirur,25,EZHUR SOUTH,SAKKEENA.K,IUML,Woman,Woman,OpenDataKerala GitHub
2015,Malappuram,Tirur,26,KOOTHPARAMB,SABIRA,INDEPENDENT,Woman,Woman,OpenDataKerala GitHub
2015,Malappuram,Tirur,27,THEKKUMURI EAST,SARASWATHI. A. K,INDEPENDENT,Woman,Woman,OpenDataKerala GitHub
2015,Malappuram,Tirur,28,THEKKUMURI SOUTH,SANTHA KUMARI,CPI,Woman,Woman,OpenDataKerala GitHub
2015,Malappuram,Tirur,29,PATTUPARAMBU,K.BAVA,INDEPENDENT,General,General,OpenDataKerala GitHub
2015,Malappuram,Tirur,30,SOUTH ANNARA,KADEEJA. T.P,IUML,Woman,Woman,OpenDataKerala GitHub
2015,Malappuram,Tirur,31,ILLATHPARAMBU,GEETHA PALLIYERI,CPI(M),Woman,Woman,OpenDataKerala GitHub
2015,Malappuram,Tirur,32,TRIKKANDIYUR,NIRMALA KUTTIKRISHNAN,BJP,General,General,OpenDataKerala GitHub
2015,Malappuram,Tirur,33,VISHUPADAM,VENUGOPAL.K,CPI(M),General,General,OpenDataKerala GitHub
2015,Malappuram,Tirur,34,TRIKKANDIYUR EAST,ADV.S.GIRISH,CPI(M),General,General,OpenDataKerala GitHub
2015,Malappuram,Tirur,35,POOGOTUKULAM,SAFFIYA TEACHER.P,CPI(M),Woman,Woman,OpenDataKerala GitHub
2015,Malappuram,Tirur,36,THUNCHANPARAMBU,P.K.K. THANGAL,IUML,General,General,OpenDataKerala GitHub
2015,Malappuram,Tirur,37,TOWNHALL,MUNEERA,INDEPENDENT,Woman,Woman,OpenDataKerala GitHub
2015,Malappuram,Tirur,38,NORTH ANNARA,ABDURAHIMAN.K,CPI(M),General,General,OpenDataKerala GitHub
2015,Malappuram,Malappuram,1,PADINHAREMUKKU,ABDUHAJI P P,CPI(M),General,General,OpenDataKerala GitHub
2015,Malappuram,Malappuram,2,NOORENGALMUKKU,P.A.ABDUL SALIM ALIAS BAPPUTY,IUML,General,General,OpenDataKerala GitHub
2015,Malappuram,Malappuram,3,CHERUPARAMBU,HAJARA PULLIYIL,CPI(M),Woman,Woman,OpenDataKerala GitHub
2015,Malappuram,Malappuram,4,KALLADIMUKKU,MOIDEEN.E.K,IUML,General,General,OpenDataKerala GitHub
2015,Malappuram,Malappuram,5,MACHINGAL,FASEENA,IUML,Woman,Woman,OpenDataKerala GitHub
2015,Malappuram,Malappuram,6,CHOLAKKAL,PREETHAKUMARI.K.T,CPI(M),Woman,Woman,OpenDataKerala GitHub
2015,Malappuram,Malappuram,7,KATTUNGAL,RAJEENA HUSSAIN,IUML,Woman,Woman,OpenDataKerala GitHub
2015,Malappuram,Malappuram,8,GOVT.COLLEGE,MOHAMMED KUTTY,IUML,General,General,OpenDataKerala GitHub
2015,Malappuram,Malappuram,9,MUNDUPARAMBU,HAMZA,IUML,General,General,OpenDataKerala GitHub
2015,Malappuram,Malappuram,10,KARUVALA,O SAHADEVAN,CPI(M),General,General,OpenDataKerala GitHub
2015,Malappuram,Malappuram,11,MOONNAMPADI,PARVATHY KUTTY TEACHER,CPI(M),Woman,Woman,OpenDataKerala GitHub
2015,Malappuram,Malappuram,12,KAVUNGAL,K.V.SASIKUMAR,CPI(M),General,General,OpenDataKerala GitHub
2015,Malappuram,Malappuram,13,KALAMBADI,MAJEED URUNIYAN PARAMBIL,CPI(M),General,General,OpenDataKerala GitHub
2015,Malappuram,Malappuram,14,MANNARKUNDU,MIRSHAD IBRAHIM,CPI(M),General,General,OpenDataKerala GitHub
2015,Malappuram,Malappuram,15,THAMARAKKUZHY,HARIS AMIAN,IUML,General,General,OpenDataKerala GitHub
2015,Malappuram,Malappuram,16,KOTTAKKUNNU,SALEENA RAZAK,INC,Woman,Woman,OpenDataKerala GitHub
2015,Malappuram,Malappuram,17,CHERATTUKUZHY,KALLIDUMBIL VINOD,CPI(M),General,General,OpenDataKerala GitHub
2015,Malappuram,Malappuram,18,KOTTAPPADI,K.V.VALSALAKUMARI,CPI(M),Woman,Woman,OpenDataKerala GitHub
2015,Malappuram,Malappuram,19,CIVILSTATION,SALEENA,CPI(M),Woman,Woman,OpenDataKerala GitHub
2015,Malappuram,Malappuram,20,CHEMMANKADAVU,BUSHRA THARAYIL,IUML,Woman,Woman,OpenDataKerala GitHub
2015,Malappuram,Malappuram,21,CHEENITHODE,MACHINGAL HAFSATH,INDEPENDENT,Woman,Woman,OpenDataKerala GitHub
2015,Malappuram,Malappuram,22,MAILAPPURAM,BUSHRA SAKEER,IUML,Woman,Woman,OpenDataKerala GitHub
2015,Malappuram,Malappuram,23,VALIYAVARAMBU,PERUMBALLY SAID,INC,General,General,OpenDataKerala GitHub
2015,Malappuram,Malappuram,24,VALIYANGADI,APPUKUTTAN.P,IUML,SC,SC,OpenDataKerala GitHub
2015,Malappuram,Malappuram,25,KIZHAKKETHALA,CH.JAMEELA TEACHER,IUML,Woman,Woman,OpenDataKerala GitHub
2015,Malappuram,Malappuram,26,VARANGODE,ASIA NANATH,CPI(M),Woman,Woman,OpenDataKerala GitHub
2015,Malappuram,Malappuram,27,PAITHINIPARAMBA,K K MUSTHAFA,IUML,General,General,OpenDataKerala GitHub
2015,Malappuram,Malappuram,28,ADHIKARITHODI,HAMZA KAPPOOR,IUML,General,General,OpenDataKerala GitHub
2015,Malappuram,Malappuram,29,KONOMPARA,ABDUL JAEEL.C.K,IUML,General,General,OpenDataKerala GitHub
2015,Malappuram,Malappuram,30,ALATHURPADI,FATHIMA KUNHEEDU,IUML,Woman,Woman,OpenDataKerala GitHub
2015,Malappuram,Malappuram,31,KAINODE,KONNOLA SUMAYYA ANWER,CPI(M),Woman,Woman,OpenDataKerala GitHub
2015,Malappuram,Malappuram,32,MUTHUVATHUPARAMBA,SAINABA T T,IUML,Woman,Woman,OpenDataKerala GitHub
2015,Malappuram,Malappuram,33,KOLMANNA,SUNITHA CHEMBRERI,IUML,SC Woman,SC Woman,OpenDataKerala GitHub
2015,Malappuram,Malappuram,34,SPINNINGMILL,MARIYUMMA SHAREEF KONOTHODI,IUML,Woman,Woman,OpenDataKerala GitHub
2015,Malappuram,Malappuram,35,PATTARKADAVU,MUSLIYAR SAJEER,INDEPENDENT,General,General,OpenDataKerala GitHub
2015,Malappuram,Malappuram,36,KARAPARAMBU,ADV.RINISHA RAFEEQ,IUML,Woman,Woman,OpenDataKerala GitHub
2015,Malappuram,Malappuram,37,PANAKKAD,PARI ABDUL MAJEED,IUML,General,General,OpenDataKerala GitHub
2015,Malappuram,Malappuram,38,BHOOTANAMCOLONY,UMMER K K,IUML,General,General,OpenDataKerala GitHub
2015,Malappuram,Malappuram,39,PODIYAD,SUMAYYA SIDDEEQUE,IUML,Woman,Woman,OpenDataKerala GitHub
2015,Malappuram,Malappuram,40,PERUMBARAMBU,K SIDHEEQUE,IUML,General,General,OpenDataKerala GitHub
2015,Malappuram,Kottakkal,1,CHANGUVETTY,EDAKKANDAN YOOSUF,IUML,General,General,OpenDataKerala GitHub
2015,Malappuram,Kottakkal,2,CHUNDA,SULAIMAN PARAMMAL,IUML,General,General,OpenDataKerala GitHub
2015,Malappuram,Kottakkal,3,KOTTAKKAL TOWN,ABDUL NASAR THIRUNILATH,IUML,General,General,OpenDataKerala GitHub
2015,Malappuram,Kottakkal,4,KOTTAKKAL THAZHE ANGADI,USMANKUTTY PARAVAKKAL,IUML,General,General,OpenDataKerala GitHub
2015,Malappuram,Kottakkal,5,PALAPPURA,BUSHRA SHABEER,IUML,Woman,Woman,OpenDataKerala GitHub
2015,Malappuram,Kottakkal,6,MYTHRI NAGAR,K.V RAJASULOCHANA,BJP,Woman,Woman,OpenDataKerala GitHub
2015,Malappuram,Kottakkal,7,NAYADIPPARA,CHANDRIKA .K,BJP,Woman,Woman,OpenDataKerala GitHub
2015,Malappuram,Kottakkal,8,CHEENAMBUTHUR,GIRIJA M,IUML,Woman,Woman,OpenDataKerala GitHub
2015,Malappuram,Kottakkal,9,KAVATHIKALAM WEST,P. RAMLA,IUML,Woman,Woman,OpenDataKerala GitHub
2015,Malappuram,Kottakkal,10,KAVATHIKALAM EAST,ALAVI THAIKKAT,IUML,General,General,OpenDataKerala GitHub
2015,Malappuram,Kottakkal,11,VALIYAPARAMBA,T.P. SUBAIR,INDEPENDENT,General,General,OpenDataKerala GitHub
2015,Malappuram,Kottakkal,12,WEST VILLUR,ABDUL RAHEEM (NANI),INDEPENDENT,General,General,OpenDataKerala GitHub
2015,Malappuram,Kottakkal,13,PAPPAAYI,T.V. SULAIKHABI,IUML,Woman,Woman,OpenDataKerala GitHub
2015,Malappuram,Kottakkal,14,EAST VILLUR,K.K. NASAR,IUML,General,General,OpenDataKerala GitHub
2015,Malappuram,Kottakkal,15,KOORIYAD,JAMEELA ABOO,IUML,Woman,Woman,OpenDataKerala GitHub
2015,Malappuram,Kottakkal,16,PANIKKARKUNDU,RAMLA KARUTHEDATH,INDEPENDENT,Woman,Woman,OpenDataKerala GitHub
2015,Malappuram,Kottakkal,17,INDIANOOR WEST,MATTUMMALTHODI FAREEDA,IUML,Woman,Woman,OpenDataKerala GitHub
2015,Malappuram,Kottakkal,18,INDIANOOR,NANDAKUMAR P,INL,SC,SC,OpenDataKerala GitHub
2015,Malappuram,Kottakkal,19,MULIYANKOTTA,ABDURAHIMAN K.V,INDEPENDENT,General,General,OpenDataKerala GitHub
2015,Malappuram,Kottakkal,20,MARAVATTAM,AYISHA UMMER,IUML,Woman,Woman,OpenDataKerala GitHub
2015,Malappuram,Kottakkal,21,KOTTOOR,LAILA RASHEED,IUML,Woman,Woman,OpenDataKerala GitHub
2015,Malappuram,Kottakkal,22,MADRASAPPADI,KARUVAKKOTTIL SUHARABI,INDEPENDENT,Woman,Woman,OpenDataKerala GitHub
2015,Malappuram,Kottakkal,23,AMAPPARA,GIRIJA K,CPI(M),Woman,Woman,OpenDataKerala GitHub
2015,Malappuram,Kottakkal,24,KUTTIPPURAM,SAIDALAVI,IUML,General,General,OpenDataKerala GitHub
2015,Malappuram,Kottakkal,25,ALINCHUVADU,AMARIYIL ASHITHA RASACK,IUML,Woman,Woman,OpenDataKerala GitHub
2015,Malappuram,Kottakkal,26,POOZHIKKUNNU,JINI,CPI(M),Woman,Woman,OpenDataKerala GitHub
2015,Malappuram,Kottakkal,27,PALATHARA,VAHEEDA PULIKKAL,IUML,Woman,Woman,OpenDataKerala GitHub
2015,Malappuram,Kottakkal,28,KOTTAKKULAM,ABDULLAKUTTY,IUML,General,General,OpenDataKerala GitHub
2015,Malappuram,Kottakkal,29,PULIKKODU,AHAMED M.P,IUML,General,General,OpenDataKerala GitHub
2015,Malappuram,Kottakkal,30,THOKKAMPARA,KAMALAKSHI .K,INDEPENDENT,General,General,OpenDataKerala GitHub
2015,Malappuram,Kottakkal,31,CHANGUVETTYKKUNDU,SAJID MANGATTIL,IUML,General,General,OpenDataKerala GitHub
2015,Malappuram,Kottakkal,32,KHURBANI,RAMACHANDRAN. M,INDEPENDENT,General,General,OpenDataKerala GitHub
2015,Malappuram,Nilambur,1,ASUPATHRIKKUNNU,GIREESH MOLOORMADATHIL,INC,General,General,OpenDataKerala GitHub
2015,Malappuram,Nilambur,2,KOVILAKATHUMURI,ARUMA P T,CPI(M),Woman,Woman,OpenDataKerala GitHub
2015,Malappuram,Nilambur,3,CHERUVATHUKUNNU,BUSHRA MUNEEB,IUML,Woman,Woman,OpenDataKerala GitHub
2015,Malappuram,Nilambur,4,SCHOOLKUNNU,MUMTHAS,IUML,Woman,Woman,OpenDataKerala GitHub
2015,Malappuram,Nilambur,5,CHARANKULAM,SAMEERA K P,IUML,Woman,Woman,OpenDataKerala GitHub
2015,Malappuram,Nilambur,6,KARIMPUZHA,VELUKUTTY N,CPI(M),General,General,OpenDataKerala GitHub
2015,Malappuram,Nilambur,7,MUMMULLI,HAMZA P V,IUML,General,General,OpenDataKerala GitHub
2015,Malappuram,Nilambur,8,MAYYANTHANI,PADMINI GOPINATH,INC,Woman,Woman,OpenDataKerala GitHub
2015,Malappuram,Nilambur,9,CHANDAKKUNNU,MUSTHAFA K,INDEPENDENT,General,General,OpenDataKerala GitHub
2015,Malappuram,Nilambur,10,MUKKATTA,ASRATH,CPI(M),Woman,Woman,OpenDataKerala GitHub
2015,Malappuram,Nilambur,11,VALLAPPUZHA,P M BASHEER,INDEPENDENT,General,General,OpenDataKerala GitHub
2015,Malappuram,Nilambur,12,MUTHEERI,KUNHIMUHAMMED,INC,General,General,OpenDataKerala GitHub
2015,Malappuram,Nilambur,13,PATHIPPARA,SURESH P,INC,General,General,OpenDataKerala GitHub
2015,Malappuram,Nilambur,14,ENANTHI,SREEJA,INC,Woman,Woman,OpenDataKerala GitHub
2015,Malappuram,Nilambur,15,PAYYAMPALLI,THONGODAN SUNDARAN,INC,SC,SC,OpenDataKerala GitHub
2015,Malappuram,Nilambur,16,IYYAMMADA,SHERLY MOL,KC,Woman,Woman,OpenDataKerala GitHub
2015,Malappuram,Nilambur,17,VEETTICHAL,E S MUJEEB,INC,General,General,OpenDataKerala GitHub
2015,Malappuram,Nilambur,18,THONIPOYIL,PALOLY MEHABOOB,INC,General,General,OpenDataKerala GitHub
2015,Malappuram,Nilambur,19,MUTHUKAD,GEETHA,CPI(M),Woman,Woman,OpenDataKerala GitHub
2015,Malappuram,Nilambur,20,RAMANKUTH,ADUKKATH ISHAK,IUML,General,General,OpenDataKerala GitHub
2015,Malappuram,Nilambur,21,THEKKUMPADAM,NAICY,CPI(M),SC Woman,SC Woman,OpenDataKerala GitHub
2015,Malappuram,Nilambur,22,POTTIPPARA,GOPINATHAN,INC,General,General,OpenDataKerala GitHub
2015,Malappuram,Nilambur,23,NEDUMUNDAKKUNNU,NOORJAHAN P,IUML,Woman,Woman,OpenDataKerala GitHub
2015,Malappuram,Nilambur,24,PADIKKUNNU,SUBAIDA THATTARASSERI,IUML,Woman,Woman,OpenDataKerala GitHub
2015,Malappuram,Nilambur,25,MANALODI,GOPALAKRISHNAN P,INDEPENDENT,General,General,OpenDataKerala GitHub
2015,Malappuram,Nilambur,26,IRUTHAMPOYIL,UNNIKRISHNAN,INC,General,General,OpenDataKerala GitHub
2015,Malappuram,Nilambur,27,PATTARAKKA,SHAREEFA,IUML,Woman,Woman,OpenDataKerala GitHub
2015,Malappuram,Nilambur,28,CHAKKALAKKUTH,DAISY CHACKO,INC,General,General,OpenDataKerala GitHub
2015,Malappuram,Nilambur,29,THAMARAKKULAM,MUJEEB DEVASSERI,INDEPENDENT,General,General,OpenDataKerala GitHub
2015,Malappuram,Nilambur,30,VEETTIKKUTH,SINDHU,INC,Woman,Woman,OpenDataKerala GitHub
2015,Malappuram,Nilambur,31,KALLEMADAM,SUMEERA P,INC,Woman,Woman,OpenDataKerala GitHub
2015,Malappuram,Nilambur,32,VARADEMPADAM,RADHA P,INC,Woman,Woman,OpenDataKerala GitHub
2015,Malappuram,Nilambur,33,KULAKKANDAM,BINU,INC,Woman,Woman,OpenDataKerala GitHub
2015,Malappuram,Kondotty,1,NEETTANI,SAITHALAVI PARAMBADAN,INDEPENDENT,General,General,OpenDataKerala GitHub
2015,Malappuram,Kondotty,2,PANAYAMPARAMBU,MANOJ,CPI(M),SC,SC,OpenDataKerala GitHub
2015,Malappuram,Kondotty,3,CHEMMALAPARAMBU,SOUBIYA PP,INDEPENDENT,Woman,Woman,OpenDataKerala GitHub
2015,Malappuram,Kondotty,4,THURAKKAL,NOUSHIDA P.P,IUML,Woman,Woman,OpenDataKerala GitHub
2015,Malappuram,Kondotty,5,MUNDAPPALAM,MAMMEDISHA U.K,IUML,General,General,OpenDataKerala GitHub
2015,Malappuram,Kondotty,6,NEERADU,MOOSSA PALEKKODAN,INDEPENDENT,General,General,OpenDataKerala GitHub
2015,Malappuram,Kondotty,7,CHEPPILIKKUNNU,NAFEESA E,INDEPENDENT,General,General,OpenDataKerala GitHub
2015,Malappuram,Kondotty,8,VATTAPPARAMBU,ABDUL HAKEEM V,INDEPENDENT,General,General,OpenDataKerala GitHub
2015,Malappuram,Kondotty,9,PANDIKKADU,NADIKUTTY POTTAMMAL,INDEPENDENT,SC,SC,OpenDataKerala GitHub
2015,Malappuram,Kondotty,10,PAZHAYANGADI,RASIYA M,INDEPENDENT,Woman,Woman,OpenDataKerala GitHub
2015,Malappuram,Kondotty,11,KONDOTTY TOWN,MUHAMMED RAFI C,IUML,General,General,OpenDataKerala GitHub
2015,Malappuram,Kondotty,12,KALOTHU,ABDUSALAM K,IUML,General,General,OpenDataKerala GitHub
2015,Malappuram,Kondotty,13,KODANGADU,RAIHANA K.P,IUML,Woman,Woman,OpenDataKerala GitHub
2015,Malappuram,Kondotty,14,KUNNATHUMPOTTA,SOUDAMINI K,CPI(M),Woman,Woman,OpenDataKerala GitHub
2015,Malappuram,Kondotty,15,KOTTUKKARA,SHAHIDA,IUML,Woman,Woman,OpenDataKerala GitHub
2015,Malappuram,Kondotty,16,KARIMUKKU,ASMABI K.K,INC,Woman,Woman,OpenDataKerala GitHub
2015,Malappuram,Kondotty,17,POILIKKAVU,AHAMMED KABEER P,INC,General,General,OpenDataKerala GitHub
2015,Malappuram,Kondotty,18,VAKKATHODI,AYSHABI K,INDEPENDENT,Woman,Woman,OpenDataKerala GitHub
2015,Malappuram,Kondotty,19,CHEMBALA,MUHAMMED SHA MASTER AYYADAN,INDEPENDENT,General,General,OpenDataKerala GitHub
2015,Malappuram,Kondotty,20,MUSLIARANGADI,ASMABI NANAKKAL,IUML,Woman,Woman,OpenDataKerala GitHub
2015,Malappuram,Kondotty,21,MANATHODI,AMINA MANATHODI,IUML,Woman,Woman,OpenDataKerala GitHub
2015,Malappuram,Kondotty,22,CHOLAMUKKU,SHAREENA,IUML,Woman,Woman,OpenDataKerala GitHub
2015,Malappuram,Kondotty,23,PULLITHODI,ADNAN KOTTA,INDEPENDENT,General,General,OpenDataKerala GitHub
2015,Malappuram,Kondotty,24,NH COLONY,GEETHA PARAMBEERI,INDEPENDENT,Woman,Woman,OpenDataKerala GitHub
2015,Malappuram,Kondotty,25,MELEPARAMBU,MOTHY P.N,INC,General,General,OpenDataKerala GitHub
2015,Malappuram,Kondotty,26,KIZHAKKECHUNKAM,ABDUSSAMAD K.K,INDEPENDENT,General,General,OpenDataKerala GitHub
2015,Malappuram,Kondotty,27,KAITHAKKODE,ABDU RAHIMAN,INDEPENDENT,General,General,OpenDataKerala GitHub
2015,Malappuram,Kondotty,28,CHIRAYIL,SUHARABI V.P,IUML,Woman,Woman,OpenDataKerala GitHub
2015,Malappuram,Kondotty,29,ILANEERKKARA,KADEEJA K.P,IUML,Woman,Woman,OpenDataKerala GitHub
2015,Malappuram,Kondotty,30,PALAKKAPPARAMBU,SHEEBA K.C,IUML,SC Woman,SC Woman,OpenDataKerala GitHub
2015,Malappuram,Kondotty,31,MEKKADU,SHAREENA PALAKKAL,IUML,Woman,Woman,OpenDataKerala GitHub
2015,Malappuram,Kondotty,32,MELANGADI,MARIYUMMA K,IUML,Woman,Woman,OpenDataKerala GitHub
2015,Malappuram,Kondotty,33,ALUMKANDI,ABDURAHIMAN P,CPI(M),General,General,OpenDataKerala GitHub
2015,Malappuram,Kondotty,34,HIGH SCHOOLPADI,MUHAMMEDALI,INDEPENDENT,General,General,OpenDataKerala GitHub
2015,Malappuram,Kondotty,35,PARAMBATTU,ABDU RASHEED E.M,INDEPENDENT,General,General,OpenDataKerala GitHub
2015,Malappuram,Kondotty,36,NAMBOLAMKUNNU,MUSTHAFA O.P,IUML,General,General,OpenDataKerala GitHub
2015,Malappuram,Kondotty,37,KANJIRAPPARAMBA,MUSTHAFA PULASSERI,INDEPENDENT,General,General,OpenDataKerala GitHub
2015,Malappuram,Kondotty,38,THACHATHUMPARAMBU,RAJANI P.P,IUML,SC Woman,SC Woman,OpenDataKerala GitHub
2015,Malappuram,Kondotty,39,KUMMINIPPARA,MINI MOL C,IUML,SC Woman,SC Woman,OpenDataKerala GitHub
2015,Malappuram,Kondotty,40,KOLATHUR,SULAIKHA,INDEPENDENT,Woman,Woman,OpenDataKerala GitHub
2015,Malappuram,Valanchery,1,THONIKKAL,MUSTHAFA,IUML,General,General,OpenDataKerala GitHub
2015,Malappuram,Valanchery,2,THANIYAPPAN KUNNU,SUBAIDA,IUML,Woman,Woman,OpenDataKerala GitHub
2015,Malappuram,Valanchery,3,KAKKATTUPARA,BUSHRA KUNHAVA,CPI(M),Woman,Woman,OpenDataKerala GitHub
2015,Malappuram,Valanchery,4,KAVUMPURAM,HAJARA,JD(S),Woman,Woman,OpenDataKerala GitHub
2015,Malappuram,Valanchery,5,KARAD,FATHIMMAKKUTTY,IUML,Woman,Woman,OpenDataKerala GitHub
2015,Malappuram,Valanchery,6,MAYILADI,JYOTHI,INC,Woman,Woman,OpenDataKerala GitHub
2015,Malappuram,Valanchery,7,THAMARAKULAM,UNNIKRISHNAN K.M,INC,General,General,OpenDataKerala GitHub
2015,Malappuram,Valanchery,8,VALANCHERY,RAMAKRISHNAN C,INC,General,General,OpenDataKerala GitHub
2015,Malappuram,Valanchery,9,KATIRUKUNNU,UNNIKRISHNAN K.V,INC,General,General,OpenDataKerala GitHub
2015,Malappuram,Valanchery,10,KADUNGAD,FASEELA K,IUML,Woman,Woman,OpenDataKerala GitHub
2015,Malappuram,Valanchery,11,KAMMUTTIKULAM,VASANTHA VELAYUDAN,INDEPENDENT,SC Woman,SC Woman,OpenDataKerala GitHub
2015,Malappuram,Valanchery,12,KOLAMANGALAM,SHAHUL HAMEED,IUML,General,General,OpenDataKerala GitHub
2015,Malappuram,Valanchery,13,MARANKUNNU,MOHAMMED NOUFAL,IUML,General,General,OpenDataKerala GitHub
2015,Malappuram,Valanchery,14,KARINGALLATHANI,SAFIYA ABBAS,INDEPENDENT,Woman,Woman,OpenDataKerala GitHub
2015,Malappuram,Valanchery,15,KIZHAKKE KARA,RAHMATH,INC,Woman,Woman,OpenDataKerala GitHub
2015,Malappuram,Valanchery,16,ALINCHUVADU,RUFEENA C.K,IUML,Woman,Woman,OpenDataKerala GitHub
2015,Malappuram,Valanchery,17,KOTTARAM,HAMEED P.P,IUML,General,General,OpenDataKerala GitHub
2015,Malappuram,Valanchery,18,MOOCHIKKAL,ABDUNNASAR C,IUML,General,General,OpenDataKerala GitHub
2015,Malappuram,Valanchery,19,MUKILAPEEDIKA,MUJEEB RAHMAN,INDEPENDENT,General,General,OpenDataKerala GitHub
2015,Malappuram,Valanchery,20,PAINKANNUR,HARIDASAN,CPI(M),SC,SC,OpenDataKerala GitHub
2015,Malappuram,Valanchery,21,NIRAPPU,ABDUL GAFOOR T.P,CPI(M),General,General,OpenDataKerala GitHub
2015,Malappuram,Valanchery,22,THAZHAGADI,ACHUTHAN,CPI(M),General,General,OpenDataKerala GitHub
2015,Malappuram,Valanchery,23,KATTIPPARUTHI,SUBAIDA CHANGAM PALLI,INDEPENDENT,Woman,Woman,OpenDataKerala GitHub
2015,Malappuram,Valanchery,24,KASAMKUNNU,AMINA,CPI(M),Woman,Woman,OpenDataKerala GitHub
2015,Malappuram,Valanchery,25,KARTHALA,MAIMOONA,IUML,Woman,Woman,OpenDataKerala GitHub
2015,Malappuram,Valanchery,26,VADAKKUMMURI,RAGHUNATHAN,CPI(M),General,General,OpenDataKerala GitHub
2015,Malappuram,Valanchery,27,NARIPOTTA,MOHAMMED YAHYA,IUML,General,General,OpenDataKerala GitHub
2015,Malappuram,Valanchery,28,MEEMPARA,FATHIMA NAZIYA TP,IUML,Woman,Woman,OpenDataKerala GitHub
2015,Malappuram,Valanchery,29,PADINCHAKARA,NISHADATH P,IUML,Woman,Woman,OpenDataKerala GitHub
2015,Malappuram,Valanchery,30,AMBALAPPARAMB,SHIHABUDHEEN,IUML,General,General,OpenDataKerala GitHub
2015,Malappuram,Valanchery,31,KOTHOL,SUGANDHI,CPI(M),SC Woman,SC Woman,OpenDataKerala GitHub
2015,Malappuram,Valanchery,32,VATTAPPARA,SHAMSUDHEEN,INDEPENDENT,General,General,OpenDataKerala GitHub
2015,Malappuram,Valanchery,33,KANHIPPURA,SHAFEENA,IUML,Woman,Woman,OpenDataKerala GitHub
2015,Malappuram,Tirurangadi,1,THRIKKULAM PALATHINGAL,AVARANKUTTY M,INDEPENDENT,General,General,OpenDataKerala GitHub
2015,Malappuram,Tirurangadi,2,PATHINARUNGAL,C P. HABEEBA BASHEER,IUML,Woman,Woman,OpenDataKerala GitHub
2015,Malappuram,Tirurangadi,3,KARAYIL,A T.VALSALA,INC,Woman,Woman,OpenDataKerala GitHub
2015,Malappuram,Tirurangadi,4,KAKKUNATHUPPARA,SHAHINA THIRUNILATH,IUML,Woman,Woman,OpenDataKerala GitHub
2015,Malappuram,Tirurangadi,5,PANTHARANGADI,BINDU PANTHAVOOR NAIRVEETTIL,INC,Woman,Woman,OpenDataKerala GitHub
2015,Malappuram,Tirurangadi,6,KARIPARAMBU,SULAIMAN V.V,IUML,General,General,OpenDataKerala GitHub
2015,Malappuram,Tirurangadi,7,MANIPPADAM,MOIDEEN M.N,IUML,General,General,OpenDataKerala GitHub
2015,Malappuram,Tirurangadi,8,CHEMMAD NORTH,JOOLY T.K,CPI(M),Woman,Woman,OpenDataKerala GitHub
2015,Malappuram,Tirurangadi,9,MAMBURAM,PATTALATHIL HAMZA,INC,General,General,OpenDataKerala GitHub
2015,Malappuram,Tirurangadi,10,TIRURANGADI EAST,MUMTHAZ K.V,INDEPENDENT,Woman,Woman,OpenDataKerala GitHub
2015,Malappuram,Tirurangadi,11,SOUDABAD,RAHEEDA,IUML,Woman,Woman,OpenDataKerala GitHub
2015,Malappuram,Tirurangadi,12,KAKKAD EAST,ABDUSSALAM MASTER ETTUVEETTIL,INDEPENDENT,General,General,OpenDataKerala GitHub
2015,Malappuram,Tirurangadi,13,KARIMBIL,KADEEJA K.K,IUML,Woman,Woman,OpenDataKerala GitHub
2015,Malappuram,Tirurangadi,14,VENNIYOOR,M.P HAMZA,IUML,General,General,OpenDataKerala GitHub
2015,Malappuram,Tirurangadi,15,KAPPRAD,JYFAR ANGADAN,INDEPENDENT,General,General,OpenDataKerala GitHub
2015,Malappuram,Tirurangadi,16,MATTIL,MOHAMED AKBAR C.H,INDEPENDENT,General,General,OpenDataKerala GitHub
2015,Malappuram,Tirurangadi,17,KACHADI,FATHIMA POONGADAN,IUML,Woman,Woman,OpenDataKerala GitHub
2015,Malappuram,Tirurangadi,18,CHULLIPPARA SOUTH,SUHRABI C.P,INC,Woman,Woman,OpenDataKerala GitHub
2015,Malappuram,Tirurangadi,19,CHULLIPPARA NORTH,RUKIYA THEKARATHODIKA,IUML,Woman,Woman,OpenDataKerala GitHub
2015,Malappuram,Tirurangadi,20,KUNDALANGADU,MANSOOR K.K,IUML,General,General,OpenDataKerala GitHub
2015,Malappuram,Tirurangadi,21,KARIMBIL WEST,SUBAIDA MANAKKADAVATH,IUML,Woman,Woman,OpenDataKerala GitHub
2015,Malappuram,Tirurangadi,22,KAKKAD,IQBAL KALLUNGAL,IUML,General,General,OpenDataKerala GitHub
2015,Malappuram,Tirurangadi,23,KOYILIPPADAM,ARIFA VALIYATT,IUML,Woman,Woman,OpenDataKerala GitHub
2015,Malappuram,Tirurangadi,24,MELECHINA,NOUFAL THADATHIL,INL,General,General,OpenDataKerala GitHub
2015,Malappuram,Tirurangadi,25,THAZHECHINA,NUSAIBA K.M,INC,Woman,Woman,OpenDataKerala GitHub
2015,Malappuram,Tirurangadi,26,CHERAPPURATHAZHAM,NASEENA VALIYATT,INDEPENDENT,Woman,Woman,OpenDataKerala GitHub
2015,Malappuram,Tirurangadi,27,TIRURANGADI,MOHAMMED HUSSAIN,INC,General,General,OpenDataKerala GitHub
2015,Malappuram,Tirurangadi,28,CHANTHAPPADI,SULAIKHA KALODY,IUML,Woman,Woman,OpenDataKerala GitHub
2015,Malappuram,Tirurangadi,29,AZAD NAGAR,ABDUL MAJEED CHUTTAN,INDEPENDENT,General,General,OpenDataKerala GitHub
2015,Malappuram,Tirurangadi,30,C.K NAGAR,ABDURAHIMAN M,IUML,General,General,OpenDataKerala GitHub
2015,Malappuram,Tirurangadi,31,C.K NAGAR SOUTH,AYOOB T,IUML,General,General,OpenDataKerala GitHub
2015,Malappuram,Tirurangadi,32,KUMBAMKADAVU,RAMLA KAKKADAVATH,IUML,Woman,Woman,OpenDataKerala GitHub
2015,Malappuram,Tirurangadi,33,VENCHALI,VAHEEDA CHEMBA,IUML,Woman,Woman,OpenDataKerala GitHub
2015,Malappuram,Tirurangadi,34,KISAN KENDRAM,ULLATTIL RAZIYA,IUML,Woman,Woman,OpenDataKerala GitHub
2015,Malappuram,Tirurangadi,35,KOTTUVALAPARAMBU,ABU V.V,INC,General,General,OpenDataKerala GitHub
2015,Malappuram,Tirurangadi,36,THRIKKULAM,MOHAMMED ALI,IUML,General,General,OpenDataKerala GitHub
2015,Malappuram,Tirurangadi,37,KOTTUVALAKKAD,C. BUSHRA AZEEZ,CMP,Woman,Woman,OpenDataKerala GitHub
2015,Malappuram,Tirurangadi,38,ANITHARA,BABURAJAN K.T,IUML,SC,SC,OpenDataKerala GitHub
2015,Malappuram,Tirurangadi,39,PALLIPPADI,ABDUL RAHEEM M,IUML,General,General,OpenDataKerala GitHub
2015,Malappuram,Parappanangadi,1,VADAKKE KADAPPURAM,SHAHARBANU,IUML,Woman,Woman,OpenDataKerala GitHub
2015,Malappuram,Parappanangadi,2,LAKSHAM VEEDU,M C NASEEMA,JD(U),Woman,Woman,OpenDataKerala GitHub
2015,Malappuram,Parappanangadi,3,HEALTH CENTRE,ARIFA K,IUML,Woman,Woman,OpenDataKerala GitHub
2015,Malappuram,Parappanangadi,4,CHETTIPADI EAST,THULASIDAS P V,BJP,General,General,OpenDataKerala GitHub
2015,Malappuram,Parappanangadi,5,ANAPPADI,SUBRAMANIAN,INDEPENDENT,General,General,OpenDataKerala GitHub
2015,Malappuram,Parappanangadi,6,MODUVINGAL,BUSHRA HAROON,IUML,Woman,Woman,OpenDataKerala GitHub
2015,Malappuram,Parappanangadi,7,KEEZHCHIRA,SHYAMALA T,CPI(M),Woman,Woman,OpenDataKerala GitHub
2015,Malappuram,Parappanangadi,8,KOVILAKAM,USHA PRABHAKARAN,BJP,Woman,Woman,OpenDataKerala GitHub
2015,Malappuram,Parappanangadi,9,ULLANAM TOWN,A USMAN,IUML,General,General,OpenDataKerala GitHub
2015,Malappuram,Parappanangadi,10,ULLANAM NORTH,PARIPARAMBATH SUHARABI,IUML,Woman,Woman,OpenDataKerala GitHub
2015,Malappuram,Parappanangadi,11,EDATHIRUTHIKKADAVU,P K MOHAMMED JAMAL,IUML,General,General,OpenDataKerala GitHub
2015,Malappuram,Parappanangadi,12,THAYYILAPPADI,GEETHA K,INDEPENDENT,Woman,Woman,OpenDataKerala GitHub
2015,Malappuram,Parappanangadi,13,PANAYATHIL,NOUFAL ELLIYAN,INDEPENDENT,General,General,OpenDataKerala GitHub
2015,Malappuram,Parappanangadi,14,PUTHARIKKAL,USMAN M,INDEPENDENT,General,General,OpenDataKerala GitHub
2015,Malappuram,Parappanangadi,15,STADIUM,RASIABI P O,INC,Woman,Woman,OpenDataKerala GitHub
2015,Malappuram,Parappanangadi,16,ATTAKUZHINGARA,KHADER PULLADAN,IUML,General,General,OpenDataKerala GitHub
2015,Malappuram,Parappanangadi,17,KALIKKAVU,LATHA SHAMEJ,INDEPENDENT,Woman,Woman,OpenDataKerala GitHub
2015,Malappuram,Parappanangadi,18,KARINGALLATHANI,ABDU SAMAD K K,IUML,General,General,OpenDataKerala GitHub
2015,Malappuram,Parappanangadi,19,PALATHINGAL,V V JAMEELA TEACHER,IUML,Woman,Woman,OpenDataKerala GitHub
2015,Malappuram,Parappanangadi,20,KERANALLOOR,RUBYSAFEENA,IUML,Woman,Woman,OpenDataKerala GitHub
2015,Malappuram,Parappanangadi,21,KOTTANTHALA,FATHIMA,IUML,Woman,Woman,OpenDataKerala GitHub
2015,Malappuram,Parappanangadi,22,NASEEB NAGAR,NAFEESU T P,INDEPENDENT,Woman,Woman,OpenDataKerala GitHub
2015,Malappuram,Parappanangadi,23,CHIRAMANGALAM SOUTH,AYISHABI C V,INDEPENDENT,Woman,Woman,OpenDataKerala GitHub
2015,Malappuram,Parappanangadi,24,CHIRAMANGALAM,U P HARIDASAN,INDEPENDENT,SC,SC,OpenDataKerala GitHub
2015,Malappuram,Parappanangadi,25,UPPUNIPPURAM,T SREEDHARAN,BJP,General,General,OpenDataKerala GitHub
2015,Malappuram,Parappanangadi,26,AVIYIL BEACH,UMMUKULSU,IUML,Woman,Woman,OpenDataKerala GitHub
2015,Malappuram,Parappanangadi,27,KURIKKAL ROAD,BHAVYA RAJ K,INDEPENDENT,Woman,Woman,OpenDataKerala GitHub
2015,Malappuram,Parappanangadi,28,PUTHENPEEDIKA,DEVADASAN,CPI(M),General,General,OpenDataKerala GitHub
2015,Malappuram,Parappanangadi,29,SADDAM BEACH,SHARAFUDHEEN,INDEPENDENT,General,General,OpenDataKerala GitHub
2015,Malappuram,Parappanangadi,30,PUTHAN KADAPPURAM SOUTH,MOIDEEN KOYA K P,INDEPENDENT,General,General,OpenDataKerala GitHub
2015,Malappuram,Parappanangadi,31,N.C.C ROAD,BINDU K P,CPI(M),Woman,Woman,OpenDataKerala GitHub
2015,Malappuram,Parappanangadi,32,PARAPPANANGADI SOUTH,ASHRAF KIZHAKKINIYAKATH,INDEPENDENT,General,General,OpenDataKerala GitHub
2015,Malappuram,Parappanangadi,33,PARAPPANANGADI TOWN,SAIDALAVI KADAVATH,IUML,General,General,OpenDataKerala GitHub
2015,Malappuram,Parappanangadi,34,PUTHENKADAPPURAM,ZEENATH,IUML,Woman,Woman,OpenDataKerala GitHub
2015,Malappuram,Parappanangadi,35,OTTUMAL SOUTH,ALIKUTTY K C,INDEPENDENT,General,General,OpenDataKerala GitHub
2015,Malappuram,Parappanangadi,36,CHAPPAPPADI,SAKEENA KOYA P,IUML,Woman,Woman,OpenDataKerala GitHub
2015,Malappuram,Parappanangadi,37,ANJAPPURA,HANEEFA P M,INDEPENDENT,General,General,OpenDataKerala GitHub
2015,Malappuram,Parappanangadi,38,NEDUVA,AMBIKA P,BJP,Woman,Woman,OpenDataKerala GitHub
2015,Malappuram,Parappanangadi,39,KODAPPAALI,SRUTHI,INDEPENDENT,Woman,Woman,OpenDataKerala GitHub
2015,Malappuram,Parappanangadi,40,ANGADI,SUMANGALI,INDEPENDENT,SC Woman,SC Woman,OpenDataKerala GitHub
2015,Malappuram,Parappanangadi,41,YARATHINGAL,SUHAS,INDEPENDENT,General,General,OpenDataKerala GitHub
2015,Malappuram,Parappanangadi,42,CHENGOTTUPADAM,H HANEEFA,IUML,General,General,OpenDataKerala GitHub
2015,Malappuram,Parappanangadi,43,CHETTIPADI,MOHAMMED ABDUL RAHIMAN ALIAS N P BAVA,IUML,General,General,OpenDataKerala GitHub
2015,Malappuram,Parappanangadi,44,ALUNGAL SOUTH,ABDU RAHIMAN,IUML,General,General,OpenDataKerala GitHub
2015,Malappuram,Parappanangadi,45,ALUNGAL NORTH,K C NASAR,INDEPENDENT,General,General,OpenDataKerala GitHub
2015,Malappuram,Tanur,1,OTTUMPURAM,SHAHARBAN P P,IUML,Woman,Woman,OpenDataKerala GitHub
2015,Malappuram,Tanur,2,PARIYAPURAM,SHEENA P,BJP,Woman,Woman,OpenDataKerala GitHub
2015,Malappuram,Tanur,3,OLAPPEEDIKA,FOUSIYA,IUML,Woman,Woman,OpenDataKerala GitHub
2015,Malappuram,Tanur,4,MALIDWEEP,MOHAMED ASHRAF,IUML,General,General,OpenDataKerala GitHub
2015,Malappuram,Tanur,5,ATTILLAM,FATHIMA,IUML,Woman,Woman,OpenDataKerala GitHub
2015,Malappuram,Tanur,6,KUNNUMPURAM NORTH,GIRIJA K K,BJP,General,General,OpenDataKerala GitHub
2015,Malappuram,Tanur,7,MORIA,NABEESA,IUML,Woman,Woman,OpenDataKerala GitHub
2015,Malappuram,Tanur,8,KUNNUMPURAM SOUTH,DINESAN P,BJP,General,General,OpenDataKerala GitHub
2015,Malappuram,Tanur,9,KUNNUMPURAM CENTRAL,SULAIKHA,IUML,Woman,Woman,OpenDataKerala GitHub
2015,Malappuram,Tanur,10,KUNNUMPURAM EAST,VALLY T K,IUML,SC Woman,SC Woman,OpenDataKerala GitHub
2015,Malappuram,Tanur,11,PANANGATTOOR CENTRAL,FATHIMA P,IUML,Woman,Woman,OpenDataKerala GitHub
2015,Malappuram,Tanur,12,PANANGATTOOR,ABOOBACKAR ALIAS ABDUMON HAJI,IUML,General,General,OpenDataKerala GitHub
2015,Malappuram,Tanur,13,CHANCHERI PARAMBU,P P JAMEELA,IUML,Woman,Woman,OpenDataKerala GitHub
2015,Malappuram,Tanur,14,RAYIRIMANGALAM EAST,VIVEKANANDAN,BJP,General,General,OpenDataKerala GitHub
2015,Malappuram,Tanur,15,RAYIRIMANGALAM WEST,BEENA K,BJP,Woman,Woman,OpenDataKerala GitHub
2015,Malappuram,Tanur,16,THEYYALA RAILWAY GATE,LAMIH RAHMAN A N,INDEPENDENT,General,General,OpenDataKerala GitHub
2015,Malappuram,Tanur,17,KANNANTHALI,ABDULKAREEM.T P M,IUML,General,General,OpenDataKerala GitHub
2015,Malappuram,Tanur,18,KATTILANGADI,DINESAN E,CPI(M),General,General,OpenDataKerala GitHub
2015,Malappuram,Tanur,19,KATTILANGADI SOUTH,RAVI,BJP,General,General,OpenDataKerala GitHub
2015,Malappuram,Tanur,20,KATTILANGADI WEST,BABU V P,BJP,SC,SC,OpenDataKerala GitHub
2015,Malappuram,Tanur,21,NADAKKAVU,ILLYAS P T,INDEPENDENT,General,General,OpenDataKerala GitHub
2015,Malappuram,Tanur,22,TANUR,MOHAMED IBRAHIM T V,IUML,General,General,OpenDataKerala GitHub
2015,Malappuram,Tanur,23,KARAD,KASMI TIPPU,IUML,General,General,OpenDataKerala GitHub
2015,Malappuram,Tanur,24,PUTHIYAKADAPPURAM,LAREEMATH K P,IUML,Woman,Woman,OpenDataKerala GitHub
2015,Malappuram,Tanur,25,ANCHUDI,ABDULSALAM,IUML,General,General,OpenDataKerala GitHub
2015,Malappuram,Tanur,26,CHEERAN KADAPPURAM,FATHIMATH SUHARA,IUML,Woman,Woman,OpenDataKerala GitHub
2015,Malappuram,Tanur,27,VEMBALAM PARAMBU,ABOOBACKER Y P,IUML,General,General,OpenDataKerala GitHub
2015,Malappuram,Tanur,28,EDAKKADAPPURAM SOUTH,K ABDUL SALAM,IUML,General,General,OpenDataKerala GitHub
2015,Malappuram,Tanur,29,EDAKKADAPPURAM NORTH,SUHARA K P,IUML,Woman,Woman,OpenDataKerala GitHub
2015,Malappuram,Tanur,30,TANUR NAGARAM,NASEEMA P P,INDEPENDENT,Woman,Woman,OpenDataKerala GitHub
2015,Malappuram,Tanur,31,HARBER,FAISAL,IUML,General,General,OpenDataKerala GitHub
2015,Malappuram,Tanur,32,ELARANKADAPPURAM,VAHIDA K K,IUML,Woman,Woman,OpenDataKerala GitHub
2015,Malappuram,Tanur,33,TANUR CENTRAL,SUHRA BASHEER,IUML,Woman,Woman,OpenDataKerala GitHub
2015,Malappuram,Tanur,34,CIVIL STATION,NASILA THEJAS,IUML,Woman,Woman,OpenDataKerala GitHub
2015,Malappuram,Tanur,35,CHELLIKKADU,SHAFI P,INDEPENDENT,General,General,OpenDataKerala GitHub
2015,Malappuram,Tanur,36,C.H.C,SUBAIDA C K,IUML,Woman,Woman,OpenDataKerala GitHub
2015,Malappuram,Tanur,37,PANDARAKKADAPPURAM,NOORJA,IUML,Woman,Woman,OpenDataKerala GitHub
2015,Malappuram,Tanur,38,CHAPPAPPADI,ALI AKBAR,IUML,General,General,OpenDataKerala GitHub
2015,Malappuram,Tanur,39,ALBAZAR,M P ASHRAF,IUML,General,General,OpenDataKerala GitHub
2015,Malappuram,Tanur,40,KORMANKADAPPURAM NORTH,AYISHA,IUML,Woman,Woman,OpenDataKerala GitHub
2015,Malappuram,Tanur,41,CHIRAKKAL,KOUSALLIA,BJP,Woman,Woman,OpenDataKerala GitHub
2015,Malappuram,Tanur,42,CHIRAKKAL NORTH,ARUMUGHAN T,BJP,General,General,OpenDataKerala GitHub
2015,Malappuram,Tanur,43,MUKKOLA,ANANDAN KONATH,BJP,General,General,OpenDataKerala GitHub
2015,Malappuram,Tanur,44,COMPANIPPADI,JAMSHEERA,IUML,Woman,Woman,OpenDataKerala GitHub
2015,Kozhikode,Vadakara,1,KURIYADI,VYASAN.P.P,BJP,SC,SC,OpenDataKerala GitHub
2015,Kozhikode,Vadakara,2,VEERANCHERI,T.I.NASSAR,IUML,General,General,OpenDataKerala GitHub
2015,Kozhikode,Vadakara,3,KULANGARATH,ASHOKAN.P,CPI,General,General,OpenDataKerala GitHub
2015,Kozhikode,Vadakara,4,PAZHANGAVU,SHILNA.M.K,CPI(M),Woman,Woman,OpenDataKerala GitHub
2015,Kozhikode,Vadakara,5,ARAKKILADU,MINI.M.M,CPI(M),Woman,Woman,OpenDataKerala GitHub
2015,Kozhikode,Vadakara,6,PARAVANTHALA,E.K.RAMANI,CPI(M),Woman,Woman,OpenDataKerala GitHub
2015,Kozhikode,Vadakara,7,VADAKARA THERU,M.SURESH BABU,INC,General,General,OpenDataKerala GitHub
2015,Kozhikode,Vadakara,8,CHOLAMVAYAL,PRASEETHA.T.P,CPI(M),Woman,Woman,OpenDataKerala GitHub
2015,Kozhikode,Vadakara,9,KOTTAPPARAMBU,A.PREMAKUMARI,INC,General,General,OpenDataKerala GitHub
2015,Kozhikode,Vadakara,10,KAKKUZHIYIL,MUMTAZ.T.P,IUML,Woman,Woman,OpenDataKerala GitHub
2015,Kozhikode,Vadakara,11,KUZHICHAL,T.KELU,INC,General,General,OpenDataKerala GitHub
2015,Kozhikode,Vadakara,12,CHERUSSERY,REENA JAYARAJ.P.P,CPI(M),Woman,Woman,OpenDataKerala GitHub
2015,Kozhikode,Vadakara,13,MAKKOOL,VALSALAN.P,CPI(M),General,General,OpenDataKerala GitHub
2015,Kozhikode,Vadakara,14,AKLOTH NADA,V.GOPALAN,Con(S),General,General,OpenDataKerala GitHub
2015,Kozhikode,Vadakara,15,ARIKKOTH,K.K.RAJEEVAN,JD(U),General,General,OpenDataKerala GitHub
2015,Kozhikode,Vadakara,16,KALLUNIRA,DINESAN VELLARULLI,CPI(M),General,General,OpenDataKerala GitHub
2015,Kozhikode,Vadakara,17,KURUMBAYIL,VANAJA.K.K,JD(U),Woman,Woman,OpenDataKerala GitHub
2015,Kozhikode,Vadakara,18,SIDHASRAMAM,SHAKHILA.K,CPI(M),Woman,Woman,OpenDataKerala GitHub
2015,Kozhikode,Vadakara,19,KUNJANKUZHI,E.ARAVINDAKSHAN,CPI(M),General,General,OpenDataKerala GitHub
2015,Kozhikode,Vadakara,20,PUTHIYAPPU,KUNHIRAMAN.A,CPI(M),General,General,OpenDataKerala GitHub
2015,Kozhikode,Vadakara,21,ACHAMMANDI,K.P.SHIBI,CPI(M),Woman,Woman,OpenDataKerala GitHub
2015,Kozhikode,Vadakara,22,MAMBALLI,P.GEETHA,CPI,Woman,Woman,OpenDataKerala GitHub
2015,Kozhikode,Vadakara,23,CHEERAMVEEDU,AJITHA.P.M,INC,Woman,Woman,OpenDataKerala GitHub
2015,Kozhikode,Vadakara,24,NARAYANA NAGARAM,GOPALAKRISHNAN.K,CPI(M),General,General,OpenDataKerala GitHub
2015,Kozhikode,Vadakara,25,EDODI,SHOBHANA.P,INDEPENDENT,Woman,Woman,OpenDataKerala GitHub
2015,Kozhikode,Vadakara,26,KARIMBANA,SHREEDHARAN.K,CPI(M),General,General,OpenDataKerala GitHub
2015,Kozhikode,Vadakara,27,CHEENAM VEEDU,DINACHANDRAN.M,CPI(M),General,General,OpenDataKerala GitHub
2015,Kozhikode,Vadakara,28,MEPPAYIL,GANGADHARAN.M.P,INC,General,General,OpenDataKerala GitHub
2015,Kozhikode,Vadakara,29,KOKKANJATHU,V.P.SINDHU,CPI(M),Woman,Woman,OpenDataKerala GitHub
2015,Kozhikode,Vadakara,30,CHANDHANAM PARAMBA,BEENA KUNIYIL,CPI(M),Woman,Woman,OpenDataKerala GitHub
2015,Kozhikode,Vadakara,31,PUTHUPPANAM,K.VALSALA,CPI(M),Woman,Woman,OpenDataKerala GitHub
2015,Kozhikode,Vadakara,32,NALLADATH,CHANDRI.K.T.K,CPI(M),Woman,Woman,OpenDataKerala GitHub
2015,Kozhikode,Vadakara,33,PANIKKOTTI,T.SUNANDA,CPI(M),Woman,Woman,OpenDataKerala GitHub
2015,Kozhikode,Vadakara,34,MOORADU,RAJANI.P,INC,Woman,Woman,OpenDataKerala GitHub
2015,Kozhikode,Vadakara,35,VELUTHA MALA,SINDHU.P.K,BJP,Woman,Woman,OpenDataKerala GitHub
2015,Kozhikode,Vadakara,36,KARUKAYIL,P.M.MUSTHAFA,IUML,General,General,OpenDataKerala GitHub
2015,Kozhikode,Vadakara,37,KAKKATTIYIL,M.P.AHAMMAD,IUML,General,General,OpenDataKerala GitHub
2015,Kozhikode,Vadakara,38,THURUTHIYIL,SAMEERA.K.P,IUML,Woman,Woman,OpenDataKerala GitHub
2015,Kozhikode,Vadakara,39,KAYYIL,P.GIREESAN,CPI(M),General,General,OpenDataKerala GitHub
2015,Kozhikode,Vadakara,40,AZHITHALA,P.SAFIYA,IUML,Woman,Woman,OpenDataKerala GitHub
2015,Kozhikode,Vadakara,41,PURANGARA,P.VIJAYI,CPI(M),Woman,Woman,OpenDataKerala GitHub
2015,Kozhikode,Vadakara,42,PAKKAYIL,BIJU.M,CPI(M),General,General,OpenDataKerala GitHub
2015,Kozhikode,Vadakara,43,NADOL,K.P.BINDU,CPI(M),Woman,Woman,OpenDataKerala GitHub
2015,Kozhikode,Vadakara,44,KOYILANDI VALAPPU,P.K.JALALUDHEEN,IUML,General,General,OpenDataKerala GitHub
2015,Kozhikode,Vadakara,45,PANDIKASALA,BUSHARA.K.M,IUML,Woman,Woman,OpenDataKerala GitHub
2015,Kozhikode,Vadakara,46,MUKKOLA,NAFSAL.N.P.M,IUML,General,General,OpenDataKerala GitHub
2015,Kozhikode,Vadakara,47,MUKACHERI,V.P.MUHAMMED RAFI,IUML,General,General,OpenDataKerala GitHub
2015,Kozhikode,Koyilandy,1,PATHIRIKKAD,SHAJI PATHIRIKKAD,INDEPENDENT,General,General,OpenDataKerala GitHub
2015,Kozhikode,Koyilandy,2,MARALOOR,SEEMA C M,CPI(M),Woman,Woman,OpenDataKerala GitHub
2015,Kozhikode,Koyilandy,3,KODAKKATTUMURI,N K BHASKARAN,CPI(M),General,General,OpenDataKerala GitHub
2015,Kozhikode,Koyilandy,4,PERUNKUNI,BAVA KONNANKANDY,CPI(M),Woman,Woman,OpenDataKerala GitHub
2015,Kozhikode,Koyilandy,5,PULIYENCHERI,SIJESH K T,CPI(M),General,General,OpenDataKerala GitHub
2015,Kozhikode,Koyilandy,6,ATTAVAYAL,CHANDRIKA K K,CPI(M),Woman,Woman,OpenDataKerala GitHub
2015,Kozhikode,Koyilandy,7,PULIYENCHERI EAST,U RAJEEVAN MASTER,INC,General,General,OpenDataKerala GitHub
2015,Kozhikode,Koyilandy,8,KALATHILKADAVU,BALAN NAIR K,CPI(M),General,General,OpenDataKerala GitHub
2015,Kozhikode,Koyilandy,9,VIYYUR,BALAN,INC,General,General,OpenDataKerala GitHub
2015,Kozhikode,Koyilandy,10,PAVUVAYAL,PADMINI V K,CPI(M),Woman,Woman,OpenDataKerala GitHub
2015,Kozhikode,Koyilandy,11,PANTHALAYANI NORTH,RAMADAS T P,CPI(M),General,General,OpenDataKerala GitHub
2015,Kozhikode,Koyilandy,12,PUTHALATHUKUNNU,BIJU P M,CPI(M),General,General,OpenDataKerala GitHub
2015,Kozhikode,Koyilandy,13,PERUVATOOR,RAMESAN A K,CPI(M),General,General,OpenDataKerala GitHub
2015,Kozhikode,Koyilandy,14,PANTHALAYANI CENTRAL,P K RAMADASAN MASTER,CPI(M),General,General,OpenDataKerala GitHub
2015,Kozhikode,Koyilandy,15,PANTHALAYANI SOUTH,REKHA V K,CPI(M),Woman,Woman,OpenDataKerala GitHub
2015,Kozhikode,Koyilandy,16,PERUVATOOR CENTRAL,SIBIN K T,INC,General,General,OpenDataKerala GitHub
2015,Kozhikode,Koyilandy,17,KAKKRATTUKUNNU,SREEJA RANI,INC,SC Woman,SC Woman,OpenDataKerala GitHub
2015,Kozhikode,Koyilandy,18,ARUVAYAL,ADV. K SATHIAN,CPI(M),General,General,OpenDataKerala GitHub
2015,Kozhikode,Koyilandy,19,ANELA,R K CHANDRAN,CPI(M),General,General,OpenDataKerala GitHub
2015,Kozhikode,Koyilandy,20,MUTHAMBI,JAYA K M,CPI(M),Woman,Woman,OpenDataKerala GitHub
2015,Kozhikode,Koyilandy,21,THETTIKKUNNU,AJITHA V K,CPI(M),Woman,Woman,OpenDataKerala GitHub
2015,Kozhikode,Koyilandy,22,KAVUMVATTAM,SEENA N S,CPI(M),Woman,Woman,OpenDataKerala GitHub
2015,Kozhikode,Koyilandy,23,MOOZHIKKUMEETHAL,LALISHA V K,INC,Woman,Woman,OpenDataKerala GitHub
2015,Kozhikode,Koyilandy,24,MARUTHOOR,LATHA K,CPI(M),Woman,Woman,OpenDataKerala GitHub
2015,Kozhikode,Koyilandy,25,ANELA- KURUVANGAD,SUNDARAN V,CPI(M),General,General,OpenDataKerala GitHub
2015,Kozhikode,Koyilandy,26,KANAYANKODE,BINILA K,CPI(M),Woman,Woman,OpenDataKerala GitHub
2015,Kozhikode,Koyilandy,27,VARAKUNNU,VEENA A K,CPI(M),Woman,Woman,OpenDataKerala GitHub
2015,Kozhikode,Koyilandy,28,KURUVANGAD,K SHIJU,CPI(M),General,General,OpenDataKerala GitHub
2015,Kozhikode,Koyilandy,29,MANAMAL,RAMYA K S,INC,Woman,Woman,OpenDataKerala GitHub
2015,Kozhikode,Koyilandy,30,KOMATHUKARA,N K GOKULDAS,CPI(M),General,General,OpenDataKerala GitHub
2015,Kozhikode,Koyilandy,31,KOTHAMANGALAM,S K VINOD,CPI(M),SC,SC,OpenDataKerala GitHub
2015,Kozhikode,Koyilandy,32,NADELAKKANDY,"MANGOTTIL, SURENDRAN BABY",CPI(M),General,General,OpenDataKerala GitHub
2015,Kozhikode,Koyilandy,33,KORAYANGAD,SHEEBA M,INC,Woman,Woman,OpenDataKerala GitHub
2015,Kozhikode,Koyilandy,34,CHALILPARAMBU,K V SANTHOSH,CPI(M),General,General,OpenDataKerala GitHub
2015,Kozhikode,Koyilandy,35,CHERIYAMANGAD,KANAKA P P,BJP,Woman,Woman,OpenDataKerala GitHub
2015,Kozhikode,Koyilandy,36,VIRUNNUKANDY,DIVYA CHINDEN,CPI(M),Woman,Woman,OpenDataKerala GitHub
2015,Kozhikode,Koyilandy,37,KOYILANDY SOUTH,RAHMATH K T V,IUML,Woman,Woman,OpenDataKerala GitHub
2015,Kozhikode,Koyilandy,38,THAZHANGADY,IBRAHIMKUTTY V P,IUML,General,General,OpenDataKerala GitHub
2015,Kozhikode,Koyilandy,39,KOYILANDY TOWN,SALEENA C K,IUML,Woman,Woman,OpenDataKerala GitHub
2015,Kozhikode,Koyilandy,40,KASMIKKANDY,ADV.K VIJAYAN,INC,General,General,OpenDataKerala GitHub
2015,Kozhikode,Koyilandy,41,CIVILSTATION,K V SURESH,BJP,General,General,OpenDataKerala GitHub
2015,Kozhikode,Koyilandy,42,OORANKUNNU,SUMA K T,IUML,SC Woman,SC Woman,OpenDataKerala GitHub
2015,Kozhikode,Koyilandy,43,KOLLAM WEST,BUSHRA KUNNOTH,IUML,Woman,Woman,OpenDataKerala GitHub
2015,Kozhikode,Koyilandy,44,KANIYAMKUNNU,SMITHA M P,CPI(M),Woman,Woman,OpenDataKerala GitHub
2015,Kozhikode,Payyoli,1,KOTTAKKAL,P ASSAINAR MASTER,IUML,General,General,OpenDataKerala GitHub
2015,Kozhikode,Payyoli,2,KOTTAKKAL EAST,USHA VALAPPIL,INDEPENDENT,Woman,Woman,OpenDataKerala GitHub
2015,Kozhikode,Payyoli,3,MOORAD CENTRAL,K K VALSALA,CPI(M),SC Woman,SC Woman,OpenDataKerala GitHub
2015,Kozhikode,Payyoli,4,MOORAD SOUTH,K M RAMAKRISHNAN,CPI(M),General,General,OpenDataKerala GitHub
2015,Kozhikode,Payyoli,5,PERINGAD,USHA P M,CPI(M),Woman,Woman,OpenDataKerala GitHub
2015,Kozhikode,Payyoli,6,IRINGAL EAST,ARAVINDAKSHAN T,CPI(M),General,General,OpenDataKerala GitHub
2015,Kozhikode,Payyoli,7,IRINGAL SOUTH,SURESH POKKATT,CPI(M),General,General,OpenDataKerala GitHub
2015,Kozhikode,Payyoli,8,AYANIKKAD NORTH,SOBHANA VELLIYOT,CPI(M),Woman,Woman,OpenDataKerala GitHub
2015,Kozhikode,Payyoli,9,AYANIKKAD,MAHIJA P P,INC,Woman,Woman,OpenDataKerala GitHub
2015,Kozhikode,Payyoli,10,AYANIKKAD SOUTH,SREEDHARAN KOODAYIL,CPI(M),General,General,OpenDataKerala GitHub
2015,Kozhikode,Payyoli,11,AYANIKKAD EAST,SHEENA RANJITH,CPI(M),Woman,Woman,OpenDataKerala GitHub
2015,Kozhikode,Payyoli,12,KUTTIYIL PEEDIKA,SALIHA,INDEPENDENT,Woman,Woman,OpenDataKerala GitHub
2015,Kozhikode,Payyoli,13,PAYYOLI NORTH,V M SHAHUL HAMEED,CPI,General,General,OpenDataKerala GitHub
2015,Kozhikode,Payyoli,14,NELLERI MANIKKOTH NORTH,ENHILADI AHAMMED,INC,General,General,OpenDataKerala GitHub
2015,Kozhikode,Payyoli,15,KIZHUR,MADHATHIL NANU,INC,General,General,OpenDataKerala GitHub
2015,Kozhikode,Payyoli,16,KOVVAPPURAM,EDAKKUDI PRAMEELA,INC,Woman,Woman,OpenDataKerala GitHub
2015,Kozhikode,Payyoli,17,THACHANKUNNU,LIJIDHA M E,JD(U),Woman,Woman,OpenDataKerala GitHub
2015,Kozhikode,Payyoli,18,THACHANKUNNU SOUTH,SHAJI,INDEPENDENT,General,General,OpenDataKerala GitHub
2015,Kozhikode,Payyoli,19,KIZHUR SOUTH,SAJINI,INC,Woman,Woman,OpenDataKerala GitHub
2015,Kozhikode,Payyoli,20,NELLERI MANIKKOTH,V T USHA,CPI(M),Woman,Woman,OpenDataKerala GitHub
2015,Kozhikode,Payyoli,21,PAYYOLI TOWN,K T LIKHESH,CPI(M),SC,SC,OpenDataKerala GitHub
2015,Kozhikode,Payyoli,22,BHAJANAMADAM,FIROS,IUML,General,General,OpenDataKerala GitHub
2015,Kozhikode,Payyoli,23,BHAJANAMADAM NORTH,VIJAY T P,CPI(M),Woman,Woman,OpenDataKerala GitHub
2015,Kozhikode,Payyoli,24,PAYYOLI WEST,SHAREEFA S K P,IUML,Woman,Woman,OpenDataKerala GitHub
2015,Kozhikode,Payyoli,25,PAYYOLI BEACH,CHANDRAN K V,JD(U),General,General,OpenDataKerala GitHub
2015,Kozhikode,Payyoli,26,ERIPPARAMBIL,KULSU P,IUML,Woman,Woman,OpenDataKerala GitHub
2015,Kozhikode,Payyoli,27,GANDHINAGAR,BALAKRISHNAN,INC,General,General,OpenDataKerala GitHub
2015,Kozhikode,Payyoli,28,BISMINAGAR,FATHIMA,IUML,Woman,Woman,OpenDataKerala GitHub
2015,Kozhikode,Payyoli,29,PUTHAN MARACHALIL,SAMEERA M V,IUML,Woman,Woman,OpenDataKerala GitHub
2015,Kozhikode,Payyoli,30,CHORIYANCHALIL,RAHMATHULLA A T,IUML,General,General,OpenDataKerala GitHub
2015,Kozhikode,Payyoli,31,KURIYADITHARA,ANITHA V V,CPI(M),Woman,Woman,OpenDataKerala GitHub
2015,Kozhikode,Payyoli,32,ARUVAYAL SOUTH,RAJAN PUTHUVAYIL,CPI(M),General,General,OpenDataKerala GitHub
2015,Kozhikode,Payyoli,33,KOLAVI,SABITHA K P,JD(U),Woman,Woman,OpenDataKerala GitHub
2015,Kozhikode,Payyoli,34,CHETHILTHARA,SHANAVAS C P,IUML,General,General,OpenDataKerala GitHub
2015,Kozhikode,Payyoli,35,ARUVAYAL,PADANNAYIL PRABHAKARAN,INC,General,General,OpenDataKerala GitHub
2015,Kozhikode,Payyoli,36,KOLAVIPPALAM BEACH,SURESH BABU,INC,General,General,OpenDataKerala GitHub
2015,Kozhikode,Koduvally,1,PANAKKODE,PREETHA. K .K,IUML,SC Woman,SC Woman,OpenDataKerala GitHub
2015,Kozhikode,Koduvally,2,VAVAD WEST,SALEENA,INL,Woman,Woman,OpenDataKerala GitHub
2015,Kozhikode,Koduvally,3,VAVAD EAST,SUSHINI K. M,INC,Woman,Woman,OpenDataKerala GitHub
2015,Kozhikode,Koduvally,4,POYILANGADI,BINDU ANILKUMAR,INC,Woman,Woman,OpenDataKerala GitHub
2015,Kozhikode,Koduvally,5,PORGOTTOOR,JAMEELA,CPI(M),Woman,Woman,OpenDataKerala GitHub
2015,Kozhikode,Koduvally,6,KALARANTHIRI NORTH,V. C NOORJAHAN,IUML,Woman,Woman,OpenDataKerala GitHub
2015,Kozhikode,Koduvally,7,KALARANTHIRI SOUTH,ANEES. P,IUML,General,General,OpenDataKerala GitHub
2015,Kozhikode,Koduvally,8,PATTINIKKARA,ABOOBACKER. P,IUML,General,General,OpenDataKerala GitHub
2015,Kozhikode,Koduvally,9,ARANGOD,K. BABU,CPI(M),General,General,OpenDataKerala GitHub
2015,Kozhikode,Koduvally,10,MANIPURAM,SUBAIDA K,CPI(M),Woman,Woman,OpenDataKerala GitHub
2015,Kozhikode,Koduvally,11,KAREETTIPARAMBA EAST,MUHAMMED SAHI. U. V,IUML,General,General,OpenDataKerala GitHub
2015,Kozhikode,Koduvally,12,KAREETTIPARAMBA WEST,VIMALA HARIDASAN,INDEPENDENT,Woman,Woman,OpenDataKerala GitHub
2015,Kozhikode,Koduvally,13,MUKKILANGADI,ABOOBACKER. U. K,NSC,General,General,OpenDataKerala GitHub
2015,Kozhikode,Koduvally,14,VARIKKUZHITHAZHAM,ANITHA AREEKKOTTIL,CPI(M),Woman,Woman,OpenDataKerala GitHub
2015,Kozhikode,Koduvally,15,CHUNDAPPURAM,SAFEENA. K. K,JD(U),Woman,Woman,OpenDataKerala GitHub
2015,Kozhikode,Koduvally,16,KARUVANPOYIL WEST,V. MUHAMMED MASTER,NSC,General,General,OpenDataKerala GitHub
2015,Kozhikode,Koduvally,17,CHULLIYATTU MUKKU,ABDUL KHADER MASTER. P,IUML,General,General,OpenDataKerala GitHub
2015,Kozhikode,Koduvally,18,KARUVANPOYIL EAST,RAJISHA THEMEEM,INDEPENDENT,Woman,Woman,OpenDataKerala GitHub
2015,Kozhikode,Koduvally,19,THALAPPERUMANNA,SAREENA RAFEEQUE,IUML,Woman,Woman,OpenDataKerala GitHub
2015,Kozhikode,Koduvally,20,PRAVIL,SHAMSUDHEEN. A. P,INDEPENDENT,General,General,OpenDataKerala GitHub
2015,Kozhikode,Koduvally,21,NEDUMALA,NISHIDA. O,INDEPENDENT,Woman,Woman,OpenDataKerala GitHub
2015,Kozhikode,Koduvally,22,VENNAKKADE,MOIDHEENKUTTY. P. P,IUML,General,General,OpenDataKerala GitHub
2015,Kozhikode,Koduvally,23,MADRASSA BAZAR,HAJIRA BEEVI,IUML,Woman,Woman,OpenDataKerala GitHub
2015,Kozhikode,Koduvally,24,SOUTH KODUVALLY,ABDUL MAJEED. T,IUML,General,General,OpenDataKerala GitHub
2015,Kozhikode,Koduvally,25,MODERN BAZAR,SUBAIDA RAHEEM,NSC,Woman,Woman,OpenDataKerala GitHub
2015,Kozhikode,Koduvally,26,NAROOKKIL,O. P RASAK,INL,General,General,OpenDataKerala GitHub
2015,Kozhikode,Koduvally,27,PARAMBATHUKAVU,FAISAL KARAT,INDEPENDENT,General,General,OpenDataKerala GitHub
2015,Kozhikode,Koduvally,28,KODUVALLY EAST,K. SHIVADASAN,INDEPENDENT,SC,SC,OpenDataKerala GitHub
2015,Kozhikode,Koduvally,29,KODUVALLY NORTH,E. C MUHAMMED,NSC,General,General,OpenDataKerala GitHub
2015,Kozhikode,Koduvally,30,KODUVALLY WEST,A. P MAJEED MASTER,IUML,General,General,OpenDataKerala GitHub
2015,Kozhikode,Koduvally,31,PALAKKUTTY,NAZAR KOYA THANGAL. C.P,INL,General,General,OpenDataKerala GitHub
2015,Kozhikode,Koduvally,32,ANAPPARA,SHEEBA. O . P,INDEPENDENT,Woman,Woman,OpenDataKerala GitHub
2015,Kozhikode,Koduvally,33,NELLANKANDI,ABDUL NAZER. T. P,IUML,General,General,OpenDataKerala GitHub
2015,Kozhikode,Koduvally,34,VAVAD CENTRE,SHAREEFA KANNADIPPOYIL,IUML,Woman,Woman,OpenDataKerala GitHub
2015,Kozhikode,Koduvally,35,ERUMOTH,ABDURAHIMAN. V,IUML,General,General,OpenDataKerala GitHub
2015,Kozhikode,Koduvally,36,ERANJONA,SHANA NOUSHAJ,NSC,Woman,Woman,OpenDataKerala GitHub
2015,Kozhikode,Mukkam,1,NADUKIL,MINI KARUNAKARAN,CPI(M),Woman,Woman,OpenDataKerala GitHub
2015,Kozhikode,Mukkam,2,THECHYAD,MUKAMMED P.K.,IUML,General,General,OpenDataKerala GitHub
2015,Kozhikode,Mukkam,3,KALLURUTTY SOUTH,SAINABA,IUML,Woman,Woman,OpenDataKerala GitHub
2015,Kozhikode,Mukkam,4,KALLURUTTY NORTH,JESSY RAJAN,INDEPENDENT,Woman,Woman,OpenDataKerala GitHub
2015,Kozhikode,Mukkam,5,THOTTATHIN KADAVU,SALY SIBY,CPI(M),Woman,Woman,OpenDataKerala GitHub
2015,Kozhikode,Mukkam,6,NELLIKAPOYIL,USHAKUMARI,CPI(M),Woman,Woman,OpenDataKerala GitHub
2015,Kozhikode,Mukkam,7,KANHIRAMUZHI,ARAVINDAN E.P.,INC,General,General,OpenDataKerala GitHub
2015,Kozhikode,Mukkam,8,NEELESWARAM,RAJITHA T.K.,BJP,Woman,Woman,OpenDataKerala GitHub
2015,Kozhikode,Mukkam,9,MANGAPOYIL,T.T. SULAIMAN,INC,General,General,OpenDataKerala GitHub
2015,Kozhikode,Mukkam,10,MUTHERI,PRAJITHA PRADEEP,CPI(M),Woman,Woman,OpenDataKerala GitHub
2015,Kozhikode,Mukkam,11,NEDUMANGADU,SIVASANKARAN. V.,CPI(M),General,General,OpenDataKerala GitHub
2015,Kozhikode,Mukkam,12,AGUSTIANMUZHI,PRASHOB KUMAR,CPI(M),General,General,OpenDataKerala GitHub
2015,Kozhikode,Mukkam,13,KUTTYPALA,BINDU RAJAN,CPI(M),SC Woman,SC Woman,OpenDataKerala GitHub
2015,Kozhikode,Mukkam,14,MUKKAM,MOKKAM VIJAYAN,CPI(M),SC,SC,OpenDataKerala GitHub
2015,Kozhikode,Mukkam,15,KAYYITTAPOYIL,BRIJESH. P.,CPI(M),General,General,OpenDataKerala GitHub
2015,Kozhikode,Mukkam,16,WEST MAMPETTA,P.T. BABU,CPI(M),General,General,OpenDataKerala GitHub
2015,Kozhikode,Mukkam,17,KACHERI,K.T. SREEDHARAN,CPI(M),General,General,OpenDataKerala GitHub
2015,Kozhikode,Mukkam,18,KANAKUPARAMB,ANILKUMAR P.P.,INDEPENDENT,SC,SC,OpenDataKerala GitHub
2015,Kozhikode,Mukkam,19,MANGALASSERI,SHAFEEQUE MADAYI,WPI,General,General,OpenDataKerala GitHub
2015,Kozhikode,Mukkam,20,PULPARAMBU,HAREEDA MOYINKUTTY,INDEPENDENT,Woman,Woman,OpenDataKerala GitHub
2015,Kozhikode,Mukkam,21,WEST CHENNAMANGALOOR,ABDUL GAFOOR,WPI,General,General,OpenDataKerala GitHub
2015,Kozhikode,Mukkam,22,POTTASSERI,LEELA V,CPI(M),Woman,Woman,OpenDataKerala GitHub
2015,Kozhikode,Mukkam,23,KUTTYERIMMAL,V.KUNHAN,CPI(M),General,General,OpenDataKerala GitHub
2015,Kozhikode,Mukkam,24,MANASSERI TWON,N.CHANDRAN,CPI(M),General,General,OpenDataKerala GitHub
2015,Kozhikode,Mukkam,25,WEST MANASSERI,SREEDEVI C,CPI(M),Woman,Woman,OpenDataKerala GitHub
2015,Kozhikode,Mukkam,26,KARIYAKULANGARA,GIRIJA V,INC,SC Woman,SC Woman,OpenDataKerala GitHub
2015,Kozhikode,Mukkam,27,THOONGUMPURAM,ABDUL ASEES,CPI(M),General,General,OpenDataKerala GitHub
2015,Kozhikode,Mukkam,28,MUTHALAM,ABDUL HAMEED,IUML,General,General,OpenDataKerala GitHub
2015,Kozhikode,Mukkam,29,VENNAKODE,PRASHI,INDEPENDENT,Woman,Woman,OpenDataKerala GitHub
2015,Kozhikode,Mukkam,30,IRATTAKULANGARA,SEENATH,IUML,Woman,Woman,OpenDataKerala GitHub
2015,Kozhikode,Mukkam,31,MUNDUPARA,V.M. RAHMATH,IUML,Woman,Woman,OpenDataKerala GitHub
2015,Kozhikode,Mukkam,32,POOLAPOYIL,BUSHRA. C.K.,IUML,Woman,Woman,OpenDataKerala GitHub
2015,Kozhikode,Mukkam,33,KATHIYODE,SAFIYA T.K.,IUML,Woman,Woman,OpenDataKerala GitHub
2015,Kozhikode,Ramanattukara,1,PARUTHIPARA,NADEERA P T,IUML,General,General,OpenDataKerala GitHub
2015,Kozhikode,Ramanattukara,2,KARINKALLAI,SAFA P,IUML,Woman,Woman,OpenDataKerala GitHub
2015,Kozhikode,Ramanattukara,3,PARUTHIPARA SOUTH,ABDUL RASAK T,CPI(M),General,General,OpenDataKerala GitHub
2015,Kozhikode,Ramanattukara,4,FAROOK COLLEGE,SULOCHANA K.C,INC,SC Woman,SC Woman,OpenDataKerala GitHub
2015,Kozhikode,Ramanattukara,5,MELEVARAM,BEENAPRABHA,CPI(M),Woman,Woman,OpenDataKerala GitHub
2015,Kozhikode,Ramanattukara,6,ADIVARAM,RAJEEV M,INC,General,General,OpenDataKerala GitHub
2015,Kozhikode,Ramanattukara,7,MALEERI,KADEEJAKUTTY PC,INDEPENDENT,Woman,Woman,OpenDataKerala GitHub
2015,Kozhikode,Ramanattukara,8,KATTAYATTUTHAZHAM,BUSHRA,IUML,General,General,OpenDataKerala GitHub
2015,Kozhikode,Ramanattukara,9,CHIRAKKAM KUNNU,VAZHAYIL BALAKRISHNAN,CPI(M),General,General,OpenDataKerala GitHub
2015,Kozhikode,Ramanattukara,10,NELLIKODE,RAJAN PULPARAMBIL,CPI(M),General,General,OpenDataKerala GitHub
2015,Kozhikode,Ramanattukara,11,SEVAMANDIRAM,PUSHPAMANI,CPI,Woman,Woman,OpenDataKerala GitHub
2015,Kozhikode,Ramanattukara,12,KOLORKUNNU,KRISHNAN,CPI(M),SC,SC,OpenDataKerala GitHub
2015,Kozhikode,Ramanattukara,13,VAIDYARANGADI NORTH,UMMUKULSU P,IUML,Woman,Woman,OpenDataKerala GitHub
2015,Kozhikode,Ramanattukara,14,VAIDYARANGADI SOUTH,NAFEESAKUTTY P,IUML,Woman,Woman,OpenDataKerala GitHub
2015,Kozhikode,Ramanattukara,15,PULLUMKUNNU,ABDUSSAMAD K P,IUML,General,General,OpenDataKerala GitHub
2015,Kozhikode,Ramanattukara,16,THOTTAYIPADAM,SHAMSUDEEN M.K,CPI(M),General,General,OpenDataKerala GitHub
2015,Kozhikode,Ramanattukara,17,PALAKAPARAMBU,PUSHPA K,CPI(M),Woman,Woman,OpenDataKerala GitHub
2015,Kozhikode,Ramanattukara,18,THOTTUNGAL,MUHAMMED BASHEER K,IUML,General,General,OpenDataKerala GitHub
2015,Kozhikode,Ramanattukara,19,RAMANATTUKARA EAST,PUSHPA V M,INC,General,General,OpenDataKerala GitHub
2015,Kozhikode,Ramanattukara,20,RAMANATTUKARA WEST,VINEETHA K M,CPI(M),SC Woman,SC Woman,OpenDataKerala GitHub
2015,Kozhikode,Ramanattukara,21,MUTTUMKUNNU,MANOJ KUMAR M,CPI(M),General,General,OpenDataKerala GitHub
2015,Kozhikode,Ramanattukara,22,THIRICHILANGADI,YAMUNA K M,INC,Woman,Woman,OpenDataKerala GitHub
2015,Kozhikode,Ramanattukara,23,UNNIALUNGAL,MANNODI RAMADASAN,CPI(M),General,General,OpenDataKerala GitHub
2015,Kozhikode,Ramanattukara,24,KOTTAMANGALAM,PRAKASAN M,CPI(M),General,General,OpenDataKerala GitHub
2015,Kozhikode,Ramanattukara,25,CHULLIPARAMBU,JAMEELA K,CPI(M),Woman,Woman,OpenDataKerala GitHub
2015,Kozhikode,Ramanattukara,26,KODAKKALLU,JAYASREE K V,CPI(M),Woman,Woman,OpenDataKerala GitHub
2015,Kozhikode,Ramanattukara,27,THUMBAPADAM,JALEEL AP,CPI(M),General,General,OpenDataKerala GitHub
2015,Kozhikode,Ramanattukara,28,KODAMPUZHA,KALLIYIL RAFEEK,IUML,General,General,OpenDataKerala GitHub
2015,Kozhikode,Ramanattukara,29,MADATHILTHAZHAM,SURESH KUMAR K,INC,General,General,OpenDataKerala GitHub
2015,Kozhikode,Ramanattukara,30,PALLYTHAZHAM,ABDUL FAIZAL,CPI(M),General,General,OpenDataKerala GitHub
2015,Kozhikode,Ramanattukara,31,PALLIMETHAL,SAJNA PK,CPI,General,General,OpenDataKerala GitHub
2015,Kozhikode,Feroke,1,PATHIRIKAD,ZUHARABI,IUML,Woman,Woman,OpenDataKerala GitHub
2015,Kozhikode,Feroke,2,KOLALITHARA,SHEEBA P,CPI(M),Woman,Woman,OpenDataKerala GitHub
2015,Kozhikode,Feroke,3,CHENAPARAMB NORTH,GANGADHARAN VEENAKKATE,CPI(M),General,General,OpenDataKerala GitHub
2015,Kozhikode,Feroke,4,FAROKE,PRAKASH KARUTHEDATH,NCP,General,General,OpenDataKerala GitHub
2015,Kozhikode,Feroke,5,FEROKE TOWN,USHAKUMARI T,CPI(M),Woman,Woman,OpenDataKerala GitHub
2015,Kozhikode,Feroke,6,CHANDAKADAVU,MOHAMED HASSAN,INC,General,General,OpenDataKerala GitHub
2015,Kozhikode,Feroke,7,KOTTAPADAM,E.K THAHIRA,IUML,Woman,Woman,OpenDataKerala GitHub
2015,Kozhikode,Feroke,8,PETTA SOUTH,MAMMU VENGAT,IUML,General,General,OpenDataKerala GitHub
2015,Kozhikode,Feroke,9,PETTA NORTH,K KUMARAN,IUML,SC,SC,OpenDataKerala GitHub
2015,Kozhikode,Feroke,10,CHUNGAM,HASHIF PULIYALI,IUML,General,General,OpenDataKerala GitHub
2015,Kozhikode,Feroke,11,KAKKATTUPARA,SALINI K T,INC,SC Woman,SC Woman,OpenDataKerala GitHub
2015,Kozhikode,Feroke,12,VAZHAPOTTATHARA,BALKKEES P,IUML,Woman,Woman,OpenDataKerala GitHub
2015,Kozhikode,Feroke,13,KALLITHODI,BIJU P (KUTTAN),CPI(M),General,General,OpenDataKerala GitHub
2015,Kozhikode,Feroke,14,KUNNATHMOTTA,LATHEEF P,CPI(M),General,General,OpenDataKerala GitHub
2015,Kozhikode,Feroke,15,KALLIKOODAM,SABITHA,IUML,Woman,Woman,OpenDataKerala GitHub
2015,Kozhikode,Feroke,16,VADAKEBAZAR,NUSRATH T,INDEPENDENT,Woman,Woman,OpenDataKerala GitHub
2015,Kozhikode,Feroke,17,MALAYILTHAZHAM,ANILA K C,CPI(M),Woman,Woman,OpenDataKerala GitHub
2015,Kozhikode,Feroke,18,PULLIKADAVU,AYISHA BEEVI K,IUML,Woman,Woman,OpenDataKerala GitHub
2015,Kozhikode,Feroke,19,PERUMUGHAM,SHAREENA,IUML,Woman,Woman,OpenDataKerala GitHub
2015,Kozhikode,Feroke,20,WEST PERUMUGHAM,BAKIR M,IUML,General,General,OpenDataKerala GitHub
2015,Kozhikode,Feroke,21,KALLAMPARA,KAMARULYILA,INDEPENDENT,Woman,Woman,OpenDataKerala GitHub
2015,Kozhikode,Feroke,22,WEST KALLAMPARA,UMMUKULSU,IUML,Woman,Woman,OpenDataKerala GitHub
2015,Kozhikode,Feroke,23,MUTHUVATTUPARA,RUBEENA,IUML,Woman,Woman,OpenDataKerala GitHub
2015,Kozhikode,Feroke,24,PUTHUKUZHIPADAM,UNNIKRISHNAN THEYYETH,CPI(M),General,General,OpenDataKerala GitHub
2015,Kozhikode,Feroke,25,NALLURANGADI,SHEEBA C V,CPI(M),SC Woman,SC Woman,OpenDataKerala GitHub
2015,Kozhikode,Feroke,26,NALLUR,M SUDHARMA,CPI(M),Woman,Woman,OpenDataKerala GitHub
2015,Kozhikode,Feroke,27,PUTTEKAADU,BABUDASAN E,CPI(M),General,General,OpenDataKerala GitHub
2015,Kozhikode,Feroke,28,AMBALANGADI,BINDU P L,CPI(M),Woman,Woman,OpenDataKerala GitHub
2015,Kozhikode,Feroke,29,MUNNILAMPADAM,GEETHA M,CPI(M),Woman,Woman,OpenDataKerala GitHub
2015,Kozhikode,Feroke,30,PUTTEKADU WEST,VIJAYAN M,CPI(M),General,General,OpenDataKerala GitHub
2015,Kozhikode,Feroke,31,POOTHOLAM,THATHODAN CHANDRAMATHI,CPI,Woman,Woman,OpenDataKerala GitHub
2015,Kozhikode,Feroke,32,CHENAPARAMB SOUTH,P SHIJITH,BJP,General,General,OpenDataKerala GitHub
2015,Kozhikode,Feroke,33,PANDIPADAM,ABDUL RAHEEM P K,CPI(M),General,General,OpenDataKerala GitHub
2015,Kozhikode,Feroke,34,THEKKETHALA,ABDUL MAJEED K T,CPI(M),General,General,OpenDataKerala GitHub
2015,Kozhikode,Feroke,35,KOTHARTHODE,MOIDHEEN KOYA K,INC,General,General,OpenDataKerala GitHub
2015,Kozhikode,Feroke,36,MADATHILPADAM WEST,ASHRAF K P,IUML,General,General,OpenDataKerala GitHub
2015,Kozhikode,Feroke,37,MADATHILPADAM EAST,P K ABDUL SALAM,IUML,General,General,OpenDataKerala GitHub
2015,Kozhikode,Feroke,38,IRIYAMPADAM,AFSAL K M,CPI(M),General,General,OpenDataKerala GitHub
2015,Wayanad,Kalpetta,1,MANIANGODE,RUGMINI T K,CPI(M),Woman,Woman,OpenDataKerala GitHub
2015,Wayanad,Kalpetta,2,PULIYARMALA,MANI T,CPI,General,General,OpenDataKerala GitHub
2015,Wayanad,Kalpetta,3,GOVT.HIGH SCHOOL,SOSAMMA V P,INC,Woman,Woman,OpenDataKerala GitHub
2015,Wayanad,Kalpetta,4,NEDUNGODE,RASHEED V M,CPI(M),General,General,OpenDataKerala GitHub
2015,Wayanad,Kalpetta,5,EMILY,BEENA,CPI(M),Woman,Woman,OpenDataKerala GitHub
2015,Wayanad,Kalpetta,6,KANYAGURUKULAM,ISSAC T J,INC,General,General,OpenDataKerala GitHub
2015,Wayanad,Kalpetta,7,KAINATTY,SURESH KUMAR A M,CPI(M),General,General,OpenDataKerala GitHub
2015,Wayanad,Kalpetta,8,CIVIL STATION,AJI BASHEER,INDEPENDENT,Woman,Woman,OpenDataKerala GitHub
2015,Wayanad,Kalpetta,9,CHATHOTHUVAYAL,UMAIBA MOIDEENKUTTY,INDEPENDENT,Woman,Woman,OpenDataKerala GitHub
2015,Wayanad,Kalpetta,10,MUNICIPAL OFFICE,AYISHA PALLIYALIL,INC,Woman,Woman,OpenDataKerala GitHub
2015,Wayanad,Kalpetta,11,EMILY THADAM,SAROJINI O,IUML,ST Woman,ST Woman,OpenDataKerala GitHub
2015,Wayanad,Kalpetta,12,AMBILERY,K K KUNHAMMED,IUML,General,General,OpenDataKerala GitHub
2015,Wayanad,Kalpetta,13,GRAMATHU VAYAL,SREEJA V,IUML,SC Woman,SC Woman,OpenDataKerala GitHub
2015,Wayanad,Kalpetta,14,PALLYTHAZHE,K T BABU,CPI(M),General,General,OpenDataKerala GitHub
2015,Wayanad,Kalpetta,15,PUTHIYA BUS STAND,RADHAKRISHNAN,INDEPENDENT,SC,SC,OpenDataKerala GitHub
2015,Wayanad,Kalpetta,16,PULPARA,A P HAMEED,IUML,General,General,OpenDataKerala GitHub
2015,Wayanad,Kalpetta,17,RATTAKOLLY,D RAJAN,JD(U),General,General,OpenDataKerala GitHub
2015,Wayanad,Kalpetta,18,PUTHOORVAYAL QUARRY,BINDU JOSE,JD(U),Woman,Woman,OpenDataKerala GitHub
2015,Wayanad,Kalpetta,19,PUTHOORVAYAL,HARIS V,CPI(M),General,General,OpenDataKerala GitHub
2015,Wayanad,Kalpetta,20,MADIYOORKUNI,BINDU P R,INC,Woman,Woman,OpenDataKerala GitHub
2015,Wayanad,Kalpetta,21,PERUMTHATTA,SANITHA JAGADEESH,CPI(M),Woman,Woman,OpenDataKerala GitHub
2015,Wayanad,Kalpetta,22,VELLARAMKUNNU,GIRISH A,CPI(M),General,General,OpenDataKerala GitHub
2015,Wayanad,Kalpetta,23,ADLAYED,JALTHRUDU CHACKO,INC,Woman,Woman,OpenDataKerala GitHub
2015,Wayanad,Kalpetta,24,ONIVAYAL,VINOD KUMAR P,INC,General,General,OpenDataKerala GitHub
2015,Wayanad,Kalpetta,25,TURKEY,AJITHA K,INC,Woman,Woman,OpenDataKerala GitHub
2015,Wayanad,Kalpetta,26,EDAGUNI,P VISWANATHAN,CPI(M),ST,ST,OpenDataKerala GitHub
2015,Wayanad,Kalpetta,27,MUNDERI,BINDU,CPI(M),ST Woman,ST Woman,OpenDataKerala GitHub
2015,Wayanad,Kalpetta,28,MARAVAYAL,P P ALI,INC,General,General,OpenDataKerala GitHub
2015,Wayanad,Mananthavady,1,PANCHARAKOLLI,K V JUBAIR,CPI(M),General,General,OpenDataKerala GitHub
2015,Wayanad,Mananthavady,2,PILAKKAVU,MUJEEB KODIYADAN,INC,General,General,OpenDataKerala GitHub
2015,Wayanad,Mananthavady,3,JESSY,P T BIJU,CPI(M),General,General,OpenDataKerala GitHub
2015,Wayanad,Mananthavady,4,KALLIYOTTU,SREEMANDINI SURESH,CPI(M),Woman,Woman,OpenDataKerala GitHub
2015,Wayanad,Mananthavady,5,KALLUMOTTAMKUNNU,A UNNIKRISHNAN,CPI(M),General,General,OpenDataKerala GitHub
2015,Wayanad,Mananthavady,6,AMBUKUTHI,SARADHA SAJEEVAN,CPI(M),ST Woman,ST Woman,OpenDataKerala GitHub
2015,Wayanad,Mananthavady,7,CHOYIMOOLA,SUMITHRA BALAN,CPI(M),Woman,Woman,OpenDataKerala GitHub
2015,Wayanad,Mananthavady,8,VINCENTGIRI,SWAPNA BIJU,INC,Woman,Woman,OpenDataKerala GitHub
2015,Wayanad,Mananthavady,9,ONDAYANGADY,ELSAMMA THOMAS,CPI(M),Woman,Woman,OpenDataKerala GitHub
2015,Wayanad,Mananthavady,10,MUDRAMOOLA,A M SATHIAN,CPI(M),General,General,OpenDataKerala GitHub
2015,Wayanad,Mananthavady,11,CHEROOR,LILLY KURIAN,CPI,Woman,Woman,OpenDataKerala GitHub
2015,Wayanad,Mananthavady,12,KURUKKANMOOLA,JACOB SEBASTIAN,INC,General,General,OpenDataKerala GitHub
2015,Wayanad,Mananthavady,13,KURUVA,HARI CHALIGADHA,INC,ST,ST,OpenDataKerala GitHub
2015,Wayanad,Mananthavady,14,KADANKOLLI,MINI VIJAYAN,CPI(M),Woman,Woman,OpenDataKerala GitHub
2015,Wayanad,Mananthavady,15,PAYYAMPALLY,VARGHESE GEORGE,CPI(M),General,General,OpenDataKerala GitHub
2015,Wayanad,Mananthavady,16,PUTHIYIDAM,SOBHANA YOGI,CPI(M),Woman,Woman,OpenDataKerala GitHub
2015,Wayanad,Mananthavady,17,KOILERY,MANJULA ASHOKAN,INC,Woman,Woman,OpenDataKerala GitHub
2015,Wayanad,Mananthavady,18,THANNIKKAL,SMITHA ANILKUMAR,CPI(M),Woman,Woman,OpenDataKerala GitHub
2015,Wayanad,Mananthavady,19,VALLIYOORKKAVU,SREELATHA KESAVAN,INC,Woman,Woman,OpenDataKerala GitHub
2015,Wayanad,Mananthavady,20,VARADIMOOLA,SHEEJA FRANCIS,INC,Woman,Woman,OpenDataKerala GitHub
2015,Wayanad,Mananthavady,21,MYTHRINAGAR,SHYLA JOSE,CPI(M),ST Woman,ST Woman,OpenDataKerala GitHub
2015,Wayanad,Mananthavady,22,CHETTAPPALAM,KADAVATH MUHAMMAD,IUML,General,General,OpenDataKerala GitHub
2015,Wayanad,Mananthavady,23,ARATTUTHARA,GEORGE K J,INC,General,General,OpenDataKerala GitHub
2015,Wayanad,Mananthavady,24,PERUVAKA,STERVIN STANY,INC,ST,ST,OpenDataKerala GitHub
2015,Wayanad,Mananthavady,25,MANANTHAVADY TOWN,ADV.ABDUL RASHEED P,IUML,General,General,OpenDataKerala GitHub
2015,Wayanad,Mananthavady,26,THAZHEYANGADY,SOBHA RAJAN,CPI,General,General,OpenDataKerala GitHub
2015,Wayanad,Mananthavady,27,ERUMATHERVU,PRADEEPA SASI,CPI(M),Woman,Woman,OpenDataKerala GitHub
2015,Wayanad,Mananthavady,28,GORIMOOLA,ABDULASIF K M,CPI(M),General,General,OpenDataKerala GitHub
2015,Wayanad,Mananthavady,29,PARIYARAMKUNNU,P V GEORGE,INC,General,General,OpenDataKerala GitHub
2015,Wayanad,Mananthavady,30,OZHAKKODI,ARUNKUMAR B D,IUML,SC,SC,OpenDataKerala GitHub
2015,Wayanad,Mananthavady,31,PALAKKULI,PUSHPA RAJAN,CPI(M),ST Woman,ST Woman,OpenDataKerala GitHub
2015,Wayanad,Mananthavady,32,KUZHINILAM,HUSSIEN V,IUML,General,General,OpenDataKerala GitHub
2015,Wayanad,Mananthavady,33,KANIYARAM,PRAVEEJ V R,CPI(M),ST,ST,OpenDataKerala GitHub
2015,Wayanad,Mananthavady,34,PUTHANPURA,V U JOY,INDEPENDENT,General,General,OpenDataKerala GitHub
2015,Wayanad,Mananthavady,35,KUTTIMOOLA,SHYLA USMAN,CPI(M),Woman,Woman,OpenDataKerala GitHub
2015,Wayanad,Mananthavady,36,CHIRAKKARA,SAKEENA HAMSA,INC,Woman,Woman,OpenDataKerala GitHub
2015,Wayanad,Sulthan Bathery,1,ARAM MILE,AHAMMED KUTTY KANNIYAN,IUML,General,General,OpenDataKerala GitHub
2015,Wayanad,Sulthan Bathery,2,CHETHALAYAM,SHAREENA ABDULLA,IUML,Woman,Woman,OpenDataKerala GitHub
2015,Wayanad,Sulthan Bathery,3,CHENAD,JOSE.V.P,INC,General,General,OpenDataKerala GitHub
2015,Wayanad,Sulthan Bathery,4,VENGOOR NORTH,ABDUL RAHMAN,CPI(M),General,General,OpenDataKerala GitHub
2015,Wayanad,Sulthan Bathery,5,ODAPPALLAM,SARATH.M.C,CPI(M),SC,SC,OpenDataKerala GitHub
2015,Wayanad,Sulthan Bathery,6,VENGOOR SOUTH,K.RASHEED,CPI(M),General,General,OpenDataKerala GitHub
2015,Wayanad,Sulthan Bathery,7,PAZHERY,BINDHU SUDHEER BABU,INC,Woman,Woman,OpenDataKerala GitHub
2015,Wayanad,Sulthan Bathery,8,KARUVALLIKUNNU,RINU JOHN,INC,General,General,OpenDataKerala GitHub
2015,Wayanad,Sulthan Bathery,9,ARMAD,P.K.SUMATHI,CPI(M),Woman,Woman,OpenDataKerala GitHub
2015,Wayanad,Sulthan Bathery,10,KOTTAKUNNU,ADV.RAJESH KUMAR.R,INC,General,General,OpenDataKerala GitHub
2015,Wayanad,Sulthan Bathery,11,KIDANGIL,RAMESH.T.K,CPI(M),ST,ST,OpenDataKerala GitHub
2015,Wayanad,Sulthan Bathery,12,KUPPADI,JISHA SHAJI,CPI(M),Woman,Woman,OpenDataKerala GitHub
2015,Wayanad,Sulthan Bathery,13,THIRUNELLY,N.K.MATHEW,CPI(M),General,General,OpenDataKerala GitHub
2015,Wayanad,Sulthan Bathery,14,MANTHANDIKUNNU,SALI POULOSE,CPI(M),Woman,Woman,OpenDataKerala GitHub
2015,Wayanad,Sulthan Bathery,15,SATHRAMKUNNU,BABU.V.K,CPI(M),ST,ST,OpenDataKerala GitHub
2015,Wayanad,Sulthan Bathery,16,CHEROORKUNNU,RADHA RAVINDRAN,INC,Woman,Woman,OpenDataKerala GitHub
2015,Wayanad,Sulthan Bathery,17,PALAKKARA,VALSA JOSE,INC,Woman,Woman,OpenDataKerala GitHub
2015,Wayanad,Sulthan Bathery,18,THELAMBATTA,JAYAPRAKASHAN,CPI(M),General,General,OpenDataKerala GitHub
2015,Wayanad,Sulthan Bathery,19,THODUVETTY,SHYLAJA SOMAN,INC,Woman,Woman,OpenDataKerala GitHub
2015,Wayanad,Sulthan Bathery,20,KAIPPANCHERI,SHIFANATH,IUML,Woman,Woman,OpenDataKerala GitHub
2015,Wayanad,Sulthan Bathery,21,MAITHANIKUNNU,RADHA BABU,IUML,ST Woman,ST Woman,OpenDataKerala GitHub
2015,Wayanad,Sulthan Bathery,22,FAIRLAND,BANU PULICKAL,IUML,Woman,Woman,OpenDataKerala GitHub
2015,Wayanad,Sulthan Bathery,23,KATTAYAD,T.L.SABU,KC(M),General,General,OpenDataKerala GitHub
2015,Wayanad,Sulthan Bathery,24,SULTHAN BATHERY,ELSY PAULOSE,CPI(M),Woman,Woman,OpenDataKerala GitHub
2015,Wayanad,Sulthan Bathery,25,PALLIKANDI,BALKEES SHOUKKATHALI,IUML,Woman,Woman,OpenDataKerala GitHub
2015,Wayanad,Sulthan Bathery,26,MANICHIRA,AYYOOB.P.P,IUML,General,General,OpenDataKerala GitHub
2015,Wayanad,Sulthan Bathery,27,KALLUVAYAL,LEELA PALPATH,INC,Woman,Woman,OpenDataKerala GitHub
2015,Wayanad,Sulthan Bathery,28,POOMALA,N.M.VIJAYAN,INC,General,General,OpenDataKerala GitHub
2015,Wayanad,Sulthan Bathery,29,DHOTTAPPANKULAM,TINTU RAJAN,CPI(M),Woman,Woman,OpenDataKerala GitHub
2015,Wayanad,Sulthan Bathery,30,BEENACHI,C.K.SAHADEVAN,CPI(M),General,General,OpenDataKerala GitHub
2015,Wayanad,Sulthan Bathery,31,POOTHIKKADU,BINDU RAJU,CPI(M),Woman,Woman,OpenDataKerala GitHub
2015,Wayanad,Sulthan Bathery,32,CHEENAPULLU,SHABEER AHAMAD .K.M,IUML,General,General,OpenDataKerala GitHub
2015,Wayanad,Sulthan Bathery,33,MANTHAMKOLLI,SHERLY KRISHNAN,CPI(M),Woman,Woman,OpenDataKerala GitHub
2015,Wayanad,Sulthan Bathery,34,PAZHUPPATHUR,M.K.SABU,BJP,General,General,OpenDataKerala GitHub
2015,Wayanad,Sulthan Bathery,35,KAIVATTAMOOLA,SANTHA GOPALAN,CPI(M),ST Woman,ST Woman,OpenDataKerala GitHub
2015,Kannur,Thalipparamba,1,KUPPAM,K M FATHIMA,IUML,Woman,Woman,OpenDataKerala GitHub
2015,Kannur,Thalipparamba,2,RAJARAJESWARA,P V MADHAVI TEACHER,CPI(M),Woman,Woman,OpenDataKerala GitHub
2015,Kannur,Thalipparamba,3,PUZHAKULANGARA,VALSALA PRABHAKARAN,INC,Woman,Woman,OpenDataKerala GitHub
2015,Kannur,Thalipparamba,4,MUKKOLA,P K SUBAIR,IUML,General,General,OpenDataKerala GitHub
2015,Kannur,Thalipparamba,5,NHATTUVAYAL,NASEER P C,IUML,General,General,OpenDataKerala GitHub
2015,Kannur,Thalipparamba,6,KARYAMBALAM,KODIYIL SALEEM,IUML,General,General,OpenDataKerala GitHub
2015,Kannur,Thalipparamba,7,SALAMATH NAGAR,C UMMAR,IUML,General,General,OpenDataKerala GitHub
2015,Kannur,Thalipparamba,8,KUNDAMKUZHI,KADEEJA K P,IUML,Woman,Woman,OpenDataKerala GitHub
2015,Kannur,Thalipparamba,9,SAYED NAGAR,P M MUSTHAFA,IUML,General,General,OpenDataKerala GitHub
2015,Kannur,Thalipparamba,10,ASAD NAGAR,K SAHITHA,IUML,Woman,Woman,OpenDataKerala GitHub
2015,Kannur,Thalipparamba,11,PUSHPAGIRI,ALLAMKULAM MAHAMOOD,IUML,General,General,OpenDataKerala GitHub
2015,Kannur,Thalipparamba,12,ALLAMKULAM,MUHAMMED SIRAJ C,IUML,General,General,OpenDataKerala GitHub
2015,Kannur,Thalipparamba,13,FAROOK NAGAR,K MUHAMMED BASHEER,IUML,General,General,OpenDataKerala GitHub
2015,Kannur,Thalipparamba,14,BADARIYA NAGAR,MUHAMMED IQBAL P,IUML,General,General,OpenDataKerala GitHub
2015,Kannur,Thalipparamba,15,MANNA,SHABITHA M K,IUML,Woman,Woman,OpenDataKerala GitHub
2015,Kannur,Thalipparamba,16,HABEEB NAGAR,P P MUHAMMED NIZAR,IUML,General,General,OpenDataKerala GitHub
2015,Kannur,Thalipparamba,17,TOWN,K HAFSATH,IUML,Woman,Woman,OpenDataKerala GitHub
2015,Kannur,Thalipparamba,18,KODATHI MOTTA,VALSARAJAN,BJP,General,General,OpenDataKerala GitHub
2015,Kannur,Thalipparamba,19,PALAKULANGARA,K V GAYATHRI,INC,Woman,Woman,OpenDataKerala GitHub
2015,Kannur,Thalipparamba,20,NETHAJI,DEEPA RANJITH,INC,Woman,Woman,OpenDataKerala GitHub
2015,Kannur,Thalipparamba,21,TRICHAMBARAM,RAJANI REMANAND,INC,Woman,Woman,OpenDataKerala GitHub
2015,Kannur,Thalipparamba,22,KAKKANCHAL,NABEESA BEEVI K,INC,Woman,Woman,OpenDataKerala GitHub
2015,Kannur,Thalipparamba,23,KUTTIKOL,NIMISHA E,CPI(M),Woman,Woman,OpenDataKerala GitHub
2015,Kannur,Thalipparamba,24,THURUTHI,PREETHA O K,CPI(M),Woman,Woman,OpenDataKerala GitHub
2015,Kannur,Thalipparamba,25,KOOVODE,M CHANDRAN,CPI(M),General,General,OpenDataKerala GitHub
2015,Kannur,Thalipparamba,26,EZHAM MILE,RAFEEQUE M P,CPI(M),General,General,OpenDataKerala GitHub
2015,Kannur,Thalipparamba,27,PLATHOTTAM,T PRAKASAN,CPI(M),General,General,OpenDataKerala GitHub
2015,Kannur,Thalipparamba,28,THULLANOOR,K LATHA,CPI(M),Woman,Woman,OpenDataKerala GitHub
2015,Kannur,Thalipparamba,29,POOKOTH THERU,NISHA K,INC,Woman,Woman,OpenDataKerala GitHub
2015,Kannur,Thalipparamba,30,KEEZHATTOOR,P PRAKASAN,CPI(M),SC,SC,OpenDataKerala GitHub
2015,Kannur,Thalipparamba,31,MANTHAMKUND,MURALEEDHARAN KOMATH,CPI(M),General,General,OpenDataKerala GitHub
2015,Kannur,Thalipparamba,32,PALAYAD,VALSALA,INC,Woman,Woman,OpenDataKerala GitHub
2015,Kannur,Thalipparamba,33,PULIMPARAMB,KUNHIRAMAN V V,CPI(M),General,General,OpenDataKerala GitHub
2015,Kannur,Thalipparamba,34,CHALATHUR,SHAIMA K,CPI(M),Woman,Woman,OpenDataKerala GitHub
2015,Kannur,Kuthuparamba,1,VAKKUMMAL,THANKAMANI K,CPI(M),General,General,OpenDataKerala GitHub
2015,Kannur,Kuthuparamba,2,CHORAKKULAM,AJITHA N,CPI(M),Woman,Woman,OpenDataKerala GitHub
2015,Kannur,Kuthuparamba,3,NIRMALAGIRI,PRAMOD KUMAR P,CPI(M),General,General,OpenDataKerala GitHub
2015,Kannur,Kuthuparamba,4,NOONHUMBAYI,SYAMALA C,CPI(M),Woman,Woman,OpenDataKerala GitHub
2015,Kannur,Kuthuparamba,5,PALAPARAMBA,RAJITHA V,CPI(M),Woman,Woman,OpenDataKerala GitHub
2015,Kannur,Kuthuparamba,6,ADIYARAPPARA,SHAMEER P C,CPI(M),General,General,OpenDataKerala GitHub
2015,Kannur,Kuthuparamba,7,MOORIYAD NORTH,KAKKOTH GANGADHARAN,CPI(M),General,General,OpenDataKerala GitHub
2015,Kannur,Kuthuparamba,8,MOORIYAD EAST,VACHALI VASU,CPI,General,General,OpenDataKerala GitHub
2015,Kannur,Kuthuparamba,9,PUNCHAKKALAYI,NISHA T .,CPI(M),Woman,Woman,OpenDataKerala GitHub
2015,Kannur,Kuthuparamba,10,KOLUTHUPARAMBA,V CHANDRAN .,CPI(M),General,General,OpenDataKerala GitHub
2015,Kannur,Kuthuparamba,11,MOORIYAD CENTRAL,MARIYAM BEEBI,CPI(M),Woman,Woman,OpenDataKerala GitHub
2015,Kannur,Kuthuparamba,12,NARAVOOR SOUTH,SINDHU N K,CPI(M),Woman,Woman,OpenDataKerala GitHub
2015,Kannur,Kuthuparamba,13,KUTTIKKAD,V RAMAKRISHNAN,CPI(M),General,General,OpenDataKerala GitHub
2015,Kannur,Kuthuparamba,14,TOWN,MUHAMMED RAFI V P,INL,General,General,OpenDataKerala GitHub
2015,Kannur,Kuthuparamba,15,KAKKAD,SAFAREENA P K,CPI(M),Woman,Woman,OpenDataKerala GitHub
2015,Kannur,Kuthuparamba,16,NARAVOOR CENTRAL,M SUKUMARAN,CPI(M),General,General,OpenDataKerala GitHub
2015,Kannur,Kuthuparamba,17,THRIKKANNAPURAM,AJITHA K,CPI(M),Woman,Woman,OpenDataKerala GitHub
2015,Kannur,Kuthuparamba,18,THRIKKANNAPURAM SOUTH,ADV. SUPRIYA PURUSHOTHAM,CPI(M),Woman,Woman,OpenDataKerala GitHub
2015,Kannur,Kuthuparamba,19,THRIKKANNAPURAM WEST,UTHAMAN M K,CPI(M),SC,SC,OpenDataKerala GitHub
2015,Kannur,Kuthuparamba,20,PARAL,ARUNA K,CPI(M),Woman,Woman,OpenDataKerala GitHub
2015,Kannur,Kuthuparamba,21,POOKODE,GEETHA P,JD(S),General,General,OpenDataKerala GitHub
2015,Kannur,Kuthuparamba,22,NARAVOOR,T LATHESH,CPI(M),General,General,OpenDataKerala GitHub
2015,Kannur,Kuthuparamba,23,VALIYAPARA,BIJU MON A,CPI(M),General,General,OpenDataKerala GitHub
2015,Kannur,Kuthuparamba,24,ELIPPATTACHIRA,REEJA K,CPI(M),Woman,Woman,OpenDataKerala GitHub
2015,Kannur,Kuthuparamba,25,MOOLAKKULAM,RAJEESH K V,CPI,General,General,OpenDataKerala GitHub
2015,Kannur,Kuthuparamba,26,PAZHAYANIRATH,ANANDAVALLI U,CPI(M),Woman,Woman,OpenDataKerala GitHub
2015,Kannur,Kuthuparamba,27,PANNIYORA,JISHA RAJANEESH,INC,Woman,Woman,OpenDataKerala GitHub
2015,Kannur,Kuthuparamba,28,EDAYILPEEDIKA,CHANDRIKA CHEMBADATH,CPI,Woman,Woman,OpenDataKerala GitHub
2015,Kannur,Payyannur,1,KANIYERI,P P DAMODARAN,INC,General,General,OpenDataKerala GitHub
2015,Kannur,Payyannur,2,KIZHAKKUMBAD,JYOTHI K P,CPI(M),Woman,Woman,OpenDataKerala GitHub
2015,Kannur,Payyannur,3,VELLOOR EAST,SREEJA K,CPI(M),Woman,Woman,OpenDataKerala GitHub
2015,Kannur,Payyannur,4,EACHILAM VAYAL,NARAYANAN PAVOOR,CPI(M),General,General,OpenDataKerala GitHub
2015,Kannur,Payyannur,5,KANDOTH,K PAVITHRAN,CPI(M),General,General,OpenDataKerala GitHub
2015,Kannur,Payyannur,6,KOROME NORTH,RAVINDRAN P V,CPI(M),General,General,OpenDataKerala GitHub
2015,Kannur,Payyannur,7,KOROME CENTRAL,V BALAN,CPI,General,General,OpenDataKerala GitHub
2015,Kannur,Payyannur,8,KOROME SOUTH,C NARAYANAN,CPI(M),General,General,OpenDataKerala GitHub
2015,Kannur,Payyannur,9,MUTHIYALAM,RAGHAVAN KADANKOT VEETTIL,CPI(M),General,General,OpenDataKerala GitHub
2015,Kannur,Payyannur,10,KANAYI NORTH,K M CHANTHU KUTTY,CPI(M),General,General,OpenDataKerala GitHub
2015,Kannur,Payyannur,11,MANIYARA,VANAJAKSHI E,CPI(M),Woman,Woman,OpenDataKerala GitHub
2015,Kannur,Payyannur,12,KANAYI SOUTH,P BHASKARAN,CPI(M),General,General,OpenDataKerala GitHub
2015,Kannur,Payyannur,13,PARAVANTHATTA,LEELA P P,CPI(M),Woman,Woman,OpenDataKerala GitHub
2015,Kannur,Payyannur,14,KOKKOTT,P V KUNHAPPAN,CPI(M),General,General,OpenDataKerala GitHub
2015,Kannur,Payyannur,15,CHITTARIKKOVVAL,M LATHA,INC,Woman,Woman,OpenDataKerala GitHub
2015,Kannur,Payyannur,16,PERUMBA,BUSHRA K M,IUML,Woman,Woman,OpenDataKerala GitHub
2015,Kannur,Payyannur,17,HOSPITAL,SHINI K P,CPI(M),SC Woman,SC Woman,OpenDataKerala GitHub
2015,Kannur,Payyannur,18,KOKKANISSERI,A K SREEJA,INC,Woman,Woman,OpenDataKerala GitHub
2015,Kannur,Payyannur,19,TOWN WARD,V NANDAKUMAR,CPI(M),General,General,OpenDataKerala GitHub
2015,Kannur,Payyannur,20,MAVICHERI,USHA DAMODARAN,CPI(M),Woman,Woman,OpenDataKerala GitHub
2015,Kannur,Payyannur,21,KANDANKALI NORTH,PRASEETHA P K,CPI(M),Woman,Woman,OpenDataKerala GitHub
2015,Kannur,Payyannur,22,KANDANKALI SOUTH,SEEMA SURESH,CPI(M),Woman,Woman,OpenDataKerala GitHub
2015,Kannur,Payyannur,23,PUNCHAKKAD,M PRADEEPAN,CPI(M),General,General,OpenDataKerala GitHub
2015,Kannur,Payyannur,24,KOTTY,SAROJINI T,INC,General,General,OpenDataKerala GitHub
2015,Kannur,Payyannur,25,MAMBALAM,NALINI N,CPI(M),Woman,Woman,OpenDataKerala GitHub
2015,Kannur,Payyannur,26,PADOLI,PREETHA P,CPI(M),Woman,Woman,OpenDataKerala GitHub
2015,Kannur,Payyannur,27,TEMPLE WARD,SREEKANTH K M,CPI(M),General,General,OpenDataKerala GitHub
2015,Kannur,Payyannur,28,GRAMAM EAST,INDULEKHA PUTHALATH,CPI(M),Woman,Woman,OpenDataKerala GitHub
2015,Kannur,Payyannur,29,GRAMAM WEST,SASI VATTAKKOVVAL,CPI(M),General,General,OpenDataKerala GitHub
2015,Kannur,Payyannur,30,KELOTH SOUTH,SANJEEVAN M,CPI(M),General,General,OpenDataKerala GitHub
2015,Kannur,Payyannur,31,KELOTH NORTH,P V DASAN,JD(S),General,General,OpenDataKerala GitHub
2015,Kannur,Payyannur,32,KAVVAYI,NASEEMA A,IUML,General,General,OpenDataKerala GitHub
2015,Kannur,Payyannur,33,THAYINERI WEST,SHAMEEMA M K,IUML,Woman,Woman,OpenDataKerala GitHub
2015,Kannur,Payyannur,34,THAYINERI EAST,KRISHNAN POTHERA,CPI(M),General,General,OpenDataKerala GitHub
2015,Kannur,Payyannur,35,MUCHILOTT WARD,RAJITHA T V,CPI,Woman,Woman,OpenDataKerala GitHub
2015,Kannur,Payyannur,36,ANNOOR SOUTH,DHANADHA SUNIL KUMAR,INC,Woman,Woman,OpenDataKerala GitHub
2015,Kannur,Payyannur,37,ANNOOR EAST,USHA T E,CPI(M),Woman,Woman,OpenDataKerala GitHub
2015,Kannur,Payyannur,38,ANNOOR KIZHAKKEKOVVAL,E P SHYAMALA,INC,Woman,Woman,OpenDataKerala GitHub
2015,Kannur,Payyannur,39,SANTHI GRAMAM,SREELATHA K K V,INC,Woman,Woman,OpenDataKerala GitHub
2015,Kannur,Payyannur,40,KARA,V P SATHEESAN,CPI(M),General,General,OpenDataKerala GitHub
2015,Kannur,Payyannur,41,ANNOOR WEST,K C SMITHA,INC,Woman,Woman,OpenDataKerala GitHub
2015,Kannur,Payyannur,42,KARAMEL WEST,SHEEBA N V,CPI(M),Woman,Woman,OpenDataKerala GitHub
2015,Kannur,Payyannur,43,KARAMEL EAST,BALAN K V,CPI(M),SC,SC,OpenDataKerala GitHub
2015,Kannur,Payyannur,44,VELLOOR WEST,E BHASKARAN,CPI(M),General,General,OpenDataKerala GitHub
2015,Kannur,Thalassery,1,NITTOOR,SUNIL K,CPI(M),General,General,OpenDataKerala GitHub
2015,Kannur,Thalassery,2,ILLIKKUNNU,ADV. V RATNAKARAN,BJP,General,General,OpenDataKerala GitHub
2015,Kannur,Thalassery,3,MANNAYAD,PRAVEESH V,BJP,General,General,OpenDataKerala GitHub
2015,Kannur,Thalassery,4,BAALATHIL,M P ARAVINDAKSHAN,INC,General,General,OpenDataKerala GitHub
2015,Kannur,Thalassery,5,KUNNOTH,E K JANAKY,CPI(M),Woman,Woman,OpenDataKerala GitHub
2015,Kannur,Thalassery,6,KAVUM BAGHAM,ANEESH K N,CPI(M),General,General,OpenDataKerala GitHub
2015,Kannur,Thalassery,7,KOLASSERI,V SHEEJA,CPI(M),Woman,Woman,OpenDataKerala GitHub
2015,Kannur,Thalassery,8,KUYYALI,PREMALATHA TEACHER,BJP,Woman,Woman,OpenDataKerala GitHub
2015,Kannur,Thalassery,9,KOMATH PARA,DIVAKARAN C,CPI(M),General,General,OpenDataKerala GitHub
2015,Kannur,Thalassery,10,KUZHIPPANGADE,AJESH N,CPI(M),SC,SC,OpenDataKerala GitHub
2015,Kannur,Thalassery,11,KANNOTH PALLI,SAMEERA ANWAR,IUML,Woman,Woman,OpenDataKerala GitHub
2015,Kannur,Thalassery,12,TOWN HALL,VINAYARAJ K,NCP,General,General,OpenDataKerala GitHub
2015,Kannur,Thalassery,13,MORAKUNNU,VASU VAZHAYIL,CPI(M),General,General,OpenDataKerala GitHub
2015,Kannur,Thalassery,14,CHIRAKKARA,VAZHAYIL LAKSHMI,CPI,Woman,Woman,OpenDataKerala GitHub
2015,Kannur,Thalassery,15,KUNHAMPARAMB,RAMESH P,BJP,General,General,OpenDataKerala GitHub
2015,Kannur,Thalassery,16,CHELLAKKARA,KARAYI CHANDRASEKHARAN,CPI(M),General,General,OpenDataKerala GitHub
2015,Kannur,Thalassery,17,MANHODI,A V SHYLAJA,INC,Woman,Woman,OpenDataKerala GitHub
2015,Kannur,Thalassery,18,PERINGALAM,REMAVATHI P,CPI(M),Woman,Woman,OpenDataKerala GitHub
2015,Kannur,Thalassery,19,VAYALALAM,M A SUDHEESAN,CPI(M),General,General,OpenDataKerala GitHub
2015,Kannur,Thalassery,20,URAANGODE,M P GEETHA,CPI(M),Woman,Woman,OpenDataKerala GitHub
2015,Kannur,Thalassery,21,KUTTIMAKKOOL,NISHA K,CPI(M),Woman,Woman,OpenDataKerala GitHub
2015,Kannur,Thalassery,22,CHANDROTH,M V SMITHA,CPI,Woman,Woman,OpenDataKerala GitHub
2015,Kannur,Thalassery,23,MOOZHIKKARA,M V BALRAM,CPI(M),General,General,OpenDataKerala GitHub
2015,Kannur,Thalassery,24,EENGAYIL PEEDIKA,K E GANGADHARAN,CPI(M),General,General,OpenDataKerala GitHub
2015,Kannur,Thalassery,25,KODIYERI WEST,P V VIJAYAN MASTER,CPI(M),General,General,OpenDataKerala GitHub
2015,Kannur,Thalassery,26,KARAAL THERU,THANKAM P,CPI(M),Woman,Woman,OpenDataKerala GitHub
2015,Kannur,Thalassery,27,MAMBALLI KUNNU,SURESH BABU V P,CPI(M),General,General,OpenDataKerala GitHub
2015,Kannur,Thalassery,28,KODIYERI,NEEMA M P,CPI(M),Woman,Woman,OpenDataKerala GitHub
2015,Kannur,Thalassery,29,MEETALE KODIYERI,GEETHA K T,CPI(M),Woman,Woman,OpenDataKerala GitHub
2015,Kannur,Thalassery,30,PAARAL,RAMESHAN C K,CPI(M),General,General,OpenDataKerala GitHub
2015,Kannur,Thalassery,31,POTHUVACHERI,RAGHAVAN T,CPI(M),General,General,OpenDataKerala GitHub
2015,Kannur,Thalassery,32,MADAPEEDIKA,SUMATHI C K,CPI(M),Woman,Woman,OpenDataKerala GitHub
2015,Kannur,Thalassery,33,PUNNOL EAST,PRAKASAN A,CPI(M),General,General,OpenDataKerala GitHub
2015,Kannur,Thalassery,34,PUNNOL,U K PREETHA,CPI(M),General,General,OpenDataKerala GitHub
2015,Kannur,Thalassery,35,KOMMAL VAYAL,LIJESH K,BJP,General,General,OpenDataKerala GitHub
2015,Kannur,Thalassery,36,NANGARATH,M K VIJAYAN,CPI(M),General,General,OpenDataKerala GitHub
2015,Kannur,Thalassery,37,THALAYI,P P ANILA,CPI(M),Woman,Woman,OpenDataKerala GitHub
2015,Kannur,Thalassery,38,TEMPLE,E K GOPINATHAN,BJP,General,General,OpenDataKerala GitHub
2015,Kannur,Thalassery,39,KALLAYI THERU,V REMA,CPI(M),General,General,OpenDataKerala GitHub
2015,Kannur,Thalassery,40,THIRUVANGADE,RESHMA N,CPI,Woman,Woman,OpenDataKerala GitHub
2015,Kannur,Thalassery,41,GOPALA PETTA,SUMESH C P,CPI(M),General,General,OpenDataKerala GitHub
2015,Kannur,Thalassery,42,ST. PETERS,HENRY MASTER(HENRY ANTONY),CPI(M),General,General,OpenDataKerala GitHub
2015,Kannur,Thalassery,43,SAIDAR PALLI,SOUJATH TEACHER,IUML,Woman,Woman,OpenDataKerala GitHub
2015,Kannur,Thalassery,44,WEAVERS,SEENATH ABDUL SALAM,WPI,Woman,Woman,OpenDataKerala GitHub
2015,Kannur,Thalassery,45,MAARIYAMMA,SHERIN BEEGUM P M,IUML,Woman,Woman,OpenDataKerala GitHub
2015,Kannur,Thalassery,46,KAIVATTAM,THASNI K C,IUML,Woman,Woman,OpenDataKerala GitHub
2015,Kannur,Thalassery,47,MATTAMBRAM,RUBSEENA T M,IUML,Woman,Woman,OpenDataKerala GitHub
2015,Kannur,Thalassery,48,KAAYYATH,SUHANA TEACHER,CPI(M),Woman,Woman,OpenDataKerala GitHub
2015,Kannur,Thalassery,49,PALISSERI,MAJIDHA ASHFAQUE,WPI,Woman,Woman,OpenDataKerala GitHub
2015,Kannur,Thalassery,50,CHETTAM KUNNU,SAJIHA TEACHER,IUML,Woman,Woman,OpenDataKerala GitHub
2015,Kannur,Thalassery,51,COURT,NAJMA HASHIM,CPI(M),Woman,Woman,OpenDataKerala GitHub
2015,Kannur,Thalassery,52,KODUVALLI,PADMAJA,INC,Woman,Woman,OpenDataKerala GitHub
2015,Kannur,Sreekandapuram,1,CHEMPANTHOTTY,PHILOMINA. K.M,INC,Woman,Woman,OpenDataKerala GitHub
2015,Kannur,Sreekandapuram,2,KORANGODU,VARGHESE.N.V,INDEPENDENT,General,General,OpenDataKerala GitHub
2015,Kannur,Sreekandapuram,3,KARAYATHUMCHAL,SUSAN THUNDIYIL,INC,Woman,Woman,OpenDataKerala GitHub
2015,Kannur,Sreekandapuram,4,KATTAYI,MARY KUZHIKKATTIL,INC,Woman,Woman,OpenDataKerala GitHub
2015,Kannur,Sreekandapuram,5,AMPAZHATHUMCHAL,LINI MELETTUTHADATHIL,INC,Woman,Woman,OpenDataKerala GitHub
2015,Kannur,Sreekandapuram,6,KAMBLARI,RAJANI VENU,CPI(M),Woman,Woman,OpenDataKerala GitHub
2015,Kannur,Sreekandapuram,7,KANAPRAM,RAGHAVAN.P.P,INC,General,General,OpenDataKerala GitHub
2015,Kannur,Sreekandapuram,8,PAZHAYANGADI,NISHEETHA RAHMAN,IUML,Woman,Woman,OpenDataKerala GitHub
2015,Kannur,Sreekandapuram,9,PANNYAL,PRINSON ANTONY,INC,General,General,OpenDataKerala GitHub
2015,Kannur,Sreekandapuram,10,KAVUMBAYI,M.KORAN,CPI(M),SC,SC,OpenDataKerala GitHub
2015,Kannur,Sreekandapuram,11,PULLIMANKUNNU,JANCY JAMES,INC,Woman,Woman,OpenDataKerala GitHub
2015,Kannur,Sreekandapuram,12,AYCHERI,GEETHA.E,CPI(M),SC Woman,SC Woman,OpenDataKerala GitHub
2015,Kannur,Sreekandapuram,13,ELLARINHI,K.K.SASIDHARAN,CPI(M),General,General,OpenDataKerala GitHub
2015,Kannur,Sreekandapuram,14,KAITHAPRAM,SWAPNA.K.N,CPI(M),Woman,Woman,OpenDataKerala GitHub
2015,Kannur,Sreekandapuram,15,MADAMPAM,BENOY.K,INC,General,General,OpenDataKerala GitHub
2015,Kannur,Sreekandapuram,16,CHERIKODE,SHINTO LUKA,INC,General,General,OpenDataKerala GitHub
2015,Kannur,Sreekandapuram,17,NEDUNGOME,SHEEJA.A.C,CPI(M),Woman,Woman,OpenDataKerala GitHub
2015,Kannur,Sreekandapuram,18,CHUNDAPPARAMBU,LISSY JOSEPH,INC,Woman,Woman,OpenDataKerala GitHub
2015,Kannur,Sreekandapuram,19,KANJILERI,KARUNAKARAN.K.K,INC,General,General,OpenDataKerala GitHub
2015,Kannur,Sreekandapuram,20,BALANKARI,MAHIJAMANI.P,CPI(M),Woman,Woman,OpenDataKerala GitHub
2015,Kannur,Sreekandapuram,21,VAYAKKARA,SANTHOSH.V.V,INDEPENDENT,General,General,OpenDataKerala GitHub
2015,Kannur,Sreekandapuram,22,KANIYARVAYAL,SHYLA JOSEPH,INC,Woman,Woman,OpenDataKerala GitHub
2015,Kannur,Sreekandapuram,23,KOTTUR,ADV.M.C.RAGHAVAN,CPI(M),General,General,OpenDataKerala GitHub
2015,Kannur,Sreekandapuram,24,PANCHAMOOLA,T.O.NARAYANAN,CPI(M),General,General,OpenDataKerala GitHub
2015,Kannur,Sreekandapuram,25,AVANAKKOL,C.M.THOMAS,CPI(M),General,General,OpenDataKerala GitHub
2015,Kannur,Sreekandapuram,26,SREEKANDAPURAM,MUNEER.A.P,INDEPENDENT,General,General,OpenDataKerala GitHub
2015,Kannur,Sreekandapuram,27,CHEPPARAMBA,JOSEPHEENA TEACHER,INC,Woman,Woman,OpenDataKerala GitHub
2015,Kannur,Sreekandapuram,28,NEDIYENGA,P.V.SHOBHANA,CPI(M),Woman,Woman,OpenDataKerala GitHub
2015,Kannur,Sreekandapuram,29,PERUVANJI,SHIJITH.V,CPI(M),General,General,OpenDataKerala GitHub
2015,Kannur,Sreekandapuram,30,NEDIYENGA KAVALA,RAJESH.A,CPI(M),ST,ST,OpenDataKerala GitHub
2015,Kannur,Panoor,1,PANOOR TOWN,SAINABA P P,IUML,Woman,Woman,OpenDataKerala GitHub
2015,Kannur,Panoor,2,KOOTERI,MANOJAN C,BJP,General,General,OpenDataKerala GitHub
2015,Kannur,Panoor,3,POLICE STATION,SHAHIDA V,IUML,Woman,Woman,OpenDataKerala GitHub
2015,Kannur,Panoor,4,WEST ELANGODE,HARIS V,INDEPENDENT,General,General,OpenDataKerala GitHub
2015,Kannur,Panoor,5,MADAPPURA,MADAPPURA CHANDRAN,INC,General,General,OpenDataKerala GitHub
2015,Kannur,Panoor,6,EAST ELANGODE,BALACHANDRAN K K,BJP,General,General,OpenDataKerala GitHub
2015,Kannur,Panoor,7,PALATHATI,PADMANABHAN M K,INC,General,General,OpenDataKerala GitHub
2015,Kannur,Panoor,8,ARAYALTHARA,INDIRA TATHAMPARAMBATH,CPI(M),Woman,Woman,OpenDataKerala GitHub
2015,Kannur,Panoor,9,CENTRAL ELANGODE,SAMEEJA K M,IUML,Woman,Woman,OpenDataKerala GitHub
2015,Kannur,Panoor,10,THIRUVAL,KARTHIKA K,BJP,Woman,Woman,OpenDataKerala GitHub
2015,Kannur,Panoor,11,KANNAMVELLY,K K VIJAYAN,CPI(M),General,General,OpenDataKerala GitHub
2015,Kannur,Panoor,12,PALILANDIPEEDIKA,PREETHA THULLUVAN PARAMBATH,JD(U),Woman,Woman,OpenDataKerala GitHub
2015,Kannur,Panoor,13,KARAPPOYIL,ACHUTHAN K,INC,General,General,OpenDataKerala GitHub
2015,Kannur,Panoor,14,ELITHODE,BALAN K,CPI(M),General,General,OpenDataKerala GitHub
2015,Kannur,Panoor,15,PULLOOKKARA CENTER,JAYAPRAKASH K,IUML,SC,SC,OpenDataKerala GitHub
2015,Kannur,Panoor,16,PULLOOKKARA,E A NAZAR,IUML,General,General,OpenDataKerala GitHub
2015,Kannur,Panoor,17,CHERU PULLOOKKARA,A P REMESH,CPI(M),General,General,OpenDataKerala GitHub
2015,Kannur,Panoor,18,PERINGATHUR,UMAISA T P,IUML,Woman,Woman,OpenDataKerala GitHub
2015,Kannur,Panoor,19,PULIYANAMBRAM EAST,JAFNAS E,IUML,Woman,Woman,OpenDataKerala GitHub
2015,Kannur,Panoor,20,KIDANHI NORTH,RAVEENDRAN,CPI(M),General,General,OpenDataKerala GitHub
2015,Kannur,Panoor,21,THAVUMBRAM,UMMUSALMATH K,IUML,Woman,Woman,OpenDataKerala GitHub
2015,Kannur,Panoor,22,KIDANHI,RAJULA MAHAROOF,IUML,Woman,Woman,OpenDataKerala GitHub
2015,Kannur,Panoor,23,PUTHUSSERY,HASEENA KIZHAKKE CHALIL,IUML,Woman,Woman,OpenDataKerala GitHub
2015,Kannur,Panoor,24,MUKKALIKKARA,MANOJ E K,CPI(M),General,General,OpenDataKerala GitHub
2015,Kannur,Panoor,25,PADANNAKKARA,SOUMINI,CPI(M),Woman,Woman,OpenDataKerala GitHub
2015,Kannur,Panoor,26,PADANNAKKARA NORTH,BINDHU MONARATH,CPI(M),Woman,Woman,OpenDataKerala GitHub
2015,Kannur,Panoor,27,PALLIKKUNI,T M BABURAJAN,INC,General,General,OpenDataKerala GitHub
2015,Kannur,Panoor,28,KARIYAD THERU,P K RAJAN,Con(S),General,General,OpenDataKerala GitHub
2015,Kannur,Panoor,29,PUTHANPARAMBA,KODOOR BALAN,CPI(M),General,General,OpenDataKerala GitHub
2015,Kannur,Panoor,30,NOONHIVAYAL,RAMLA K V,IUML,Woman,Woman,OpenDataKerala GitHub
2015,Kannur,Panoor,31,ARAYAKKOOL,NAJATH M,IUML,Woman,Woman,OpenDataKerala GitHub
2015,Kannur,Panoor,32,OLIPPIL,K T K RIYAS,IUML,General,General,OpenDataKerala GitHub
2015,Kannur,Panoor,33,KANAKAMALA,SUNITHA V M,CPI(M),Woman,Woman,OpenDataKerala GitHub
2015,Kannur,Panoor,34,ANIYARAM CENTRAL,K K KHADEESA,IUML,Woman,Woman,OpenDataKerala GitHub
2015,Kannur,Panoor,35,ANIYARAM,HAREENDRAN,INC,General,General,OpenDataKerala GitHub
2015,Kannur,Panoor,36,PERINGALAM,SUVARNA E K,INC,Woman,Woman,OpenDataKerala GitHub
2015,Kannur,Panoor,37,POOKKOM THERU,NISAR K,IUML,General,General,OpenDataKerala GitHub
2015,Kannur,Panoor,38,POOKKOM WEST,NISHITHA CHANDREN,INC,Woman,Woman,OpenDataKerala GitHub
2015,Kannur,Panoor,39,SOUTH PANOOR,SUHARA TEACHER,CPI(M),Woman,Woman,OpenDataKerala GitHub
2015,Kannur,Panoor,40,BUS STAND,K K SUDEER KUMAR,CPI(M),General,General,OpenDataKerala GitHub
2015,Kannur,Iritty,1,VELIYEMBRA,THAHIRA A,IUML,Woman,Woman,OpenDataKerala GitHub
2015,Kannur,Iritty,2,PERIYATHIL,K A MUSTHAFA,IUML,General,General,OpenDataKerala GitHub
2015,Kannur,Iritty,3,VATTAKKAYAM,PREMAVALLI K,CPI(M),Woman,Woman,OpenDataKerala GitHub
2015,Kannur,Iritty,4,EDAKKANAM,LATHA P,CPI(M),Woman,Woman,OpenDataKerala GitHub
2015,Kannur,Iritty,5,KEEZHURKUNNU,SATHYAN KOMMERY,BJP,General,General,OpenDataKerala GitHub
2015,Kannur,Iritty,6,VALLIYAD,A GEETHA,CPI(M),Woman,Woman,OpenDataKerala GitHub
2015,Kannur,Iritty,7,KEEZHUR,P RAGHU,BJP,General,General,OpenDataKerala GitHub
2015,Kannur,Iritty,8,NAREEKUNDAM,P V PREMAVALLI,CPI(M),Woman,Woman,OpenDataKerala GitHub
2015,Kannur,Iritty,9,IRITTY,RUBEENA RAFEEQUE,IUML,Woman,Woman,OpenDataKerala GitHub
2015,Kannur,Iritty,10,PAYANCHERI,N K INDUMATHI,INC,Woman,Woman,OpenDataKerala GitHub
2015,Kannur,Iritty,11,VIKAS NAGAR,C MUHAMMEDALI,IUML,General,General,OpenDataKerala GitHub
2015,Kannur,Iritty,12,ATHITHATTU,R K SHYJU,CPI(M),General,General,OpenDataKerala GitHub
2015,Kannur,Iritty,13,KOOLICHEMBRA,P P USMAN,CPI(M),General,General,OpenDataKerala GitHub
2015,Kannur,Iritty,14,MEETHALE PUNNAD,P V DEEPA,BJP,Woman,Woman,OpenDataKerala GitHub
2015,Kannur,Iritty,15,THAVILAKUTTY,P M RAVINDRAN,BJP,General,General,OpenDataKerala GitHub
2015,Kannur,Iritty,16,PURAPPARA,SHAREEFA P K,IUML,Woman,Woman,OpenDataKerala GitHub
2015,Kannur,Iritty,17,PUNNAD EAST,K SARASWATHI,CPI(M),Woman,Woman,OpenDataKerala GitHub
2015,Kannur,Iritty,18,PUNNAD,K SURESH,CPI(M),General,General,OpenDataKerala GitHub
2015,Kannur,Iritty,19,ULIYIL,SAREEFA T K,IUML,Woman,Woman,OpenDataKerala GitHub
2015,Kannur,Iritty,20,KALLERIKKAL,M P ABDUL RAHIMAN,IUML,General,General,OpenDataKerala GitHub
2015,Kannur,Iritty,21,NARAYANPARA,E K MARIYAM TEACHER,IUML,Woman,Woman,OpenDataKerala GitHub
2015,Kannur,Iritty,22,NADUVANAD,P V MOHANAN,INC,General,General,OpenDataKerala GitHub
2015,Kannur,Iritty,23,KOORANMUKKU,V MANOJ KUMAR,INC,ST,ST,OpenDataKerala GitHub
2015,Kannur,Iritty,24,NIDIYANJIRAM,JALANA P V,CPI(M),Woman,Woman,OpenDataKerala GitHub
2015,Kannur,Iritty,25,AVATTY,C V RAVEENDRAN,BJP,General,General,OpenDataKerala GitHub
2015,Kannur,Iritty,26,VALORA,K USHA,INC,Woman,Woman,OpenDataKerala GitHub
2015,Kannur,Iritty,27,KATTENKANDAM,P JIJU,CPI(M),SC,SC,OpenDataKerala GitHub
2015,Kannur,Iritty,28,CHAVASSERY TOWN,MINI V V,INC,Woman,Woman,OpenDataKerala GitHub
2015,Kannur,Iritty,29,CHAVASSERY,BALKEES P K,IUML,Woman,Woman,OpenDataKerala GitHub
2015,Kannur,Iritty,30,MANNORA,P P ASOKAN,CPI(M),General,General,OpenDataKerala GitHub
2015,Kannur,Iritty,31,19TH MILE,K K NASAR,IUML,General,General,OpenDataKerala GitHub
2015,Kannur,Iritty,32,CHAVASSERY WEST,MUHAMMAD MUJEEB P P,INDEPENDENT,General,General,OpenDataKerala GitHub
2015,Kannur,Iritty,33,ATYALAM,V ANITHA,CPI(M),Woman,Woman,OpenDataKerala GitHub
2015,Kannur,Anthoor,1,VELLIKKEEL,JASHI K,CPI(M),Woman,Woman,OpenDataKerala GitHub
2015,Kannur,Anthoor,2,MORAZHA,P K SHYAMALA TEACHER,CPI(M),Woman,Woman,OpenDataKerala GitHub
2015,Kannur,Anthoor,3,KANOOL,NANDANAN,CPI(M),General,General,OpenDataKerala GitHub
2015,Kannur,Anthoor,4,MUNDAPRAM,PREETHA M,CPI(M),Woman,Woman,OpenDataKerala GitHub
2015,Kannur,Anthoor,5,MYLADE,SATHI M,CPI(M),Woman,Woman,OpenDataKerala GitHub
2015,Kannur,Anthoor,6,BAKKALAM,SHAJU K,CPI(M),General,General,OpenDataKerala GitHub
2015,Kannur,Anthoor,7,PEELERY,SREEJA K,CPI(M),Woman,Woman,OpenDataKerala GitHub
2015,Kannur,Anthoor,8,AYYANKOL,V PURUSHOTHAMAN,CPI(M),General,General,OpenDataKerala GitHub
2015,Kannur,Anthoor,9,KADAMBERY,M KANNAN,CPI(M),SC,SC,OpenDataKerala GitHub
2015,Kannur,Anthoor,10,KOLMOTTA,P K MUHAMMED KUNHI,CPI(M),General,General,OpenDataKerala GitHub
2015,Kannur,Anthoor,11,NANICHERY,K PUSHPAJAN MASTER,CPI(M),General,General,OpenDataKerala GitHub
2015,Kannur,Anthoor,12,KODALLUR,P P USHA,CPI(M),Woman,Woman,OpenDataKerala GitHub
2015,Kannur,Anthoor,13,MAMBALA,K K KUNHAMBU MASTER,CPI(M),General,General,OpenDataKerala GitHub
2015,Kannur,Anthoor,14,PARASSINI,K P SHYAMALA,CPI(M),Woman,Woman,OpenDataKerala GitHub
2015,Kannur,Anthoor,15,KOVVAL,RAJESH KOVVAL,CPI(M),General,General,OpenDataKerala GitHub
2015,Kannur,Anthoor,16,ANDOOR,K RAVEENDRAN,CPI(M),General,General,OpenDataKerala GitHub
2015,Kannur,Anthoor,17,THALIYIL,M K NARAYANAN,CPI(M),General,General,OpenDataKerala GitHub
2015,Kannur,Anthoor,18,PODIKKUND,VASANTHA KUMARI MALIKAYIL,CPI(M),Woman,Woman,OpenDataKerala GitHub
2015,Kannur,Anthoor,19,THALIVAYAL,SUNITHA T U,CPI(M),Woman,Woman,OpenDataKerala GitHub
2015,Kannur,Anthoor,20,DHARMASALA,SAROJINI N V,CPI(M),Woman,Woman,OpenDataKerala GitHub
2015,Kannur,Anthoor,21,PUNNAKULANGARA,P K MUJEEB RAHMAN,CPI(M),General,General,OpenDataKerala GitHub
2015,Kannur,Anthoor,22,KUTTIPRAM,T SURESH BABU,CPI(M),General,General,OpenDataKerala GitHub
2015,Kannur,Anthoor,23,C H NAGAR,PREETHA O,CPI(M),SC Woman,SC Woman,OpenDataKerala GitHub
2015,Kannur,Anthoor,24,OZHACROM,KUNHAPPA,CPI(M),General,General,OpenDataKerala GitHub
2015,Kannur,Anthoor,25,ANCHAMPEEDIKA,M V SAROJA,CPI(M),Woman,Woman,OpenDataKerala GitHub
2015,Kannur,Anthoor,26,VENIYIL,PRIYA A,CPI(M),Woman,Woman,OpenDataKerala GitHub
2015,Kannur,Anthoor,27,PALIYATHVALAPPU,T LATHA,CPI(M),Woman,Woman,OpenDataKerala GitHub
2015,Kannur,Anthoor,28,PANNERI,PRAKASAN K,CPI(M),General,General,OpenDataKerala GitHub
2015,Kasargode,Kanhangad,1,BALLAKADAPURAM WEST,VELAYUDHAN K,IUML,SC,SC,OpenDataKerala GitHub
2015,Kasargode,Kanhangad,2,BALLAKADAPURAM EAST,M P JAFAR,IUML,General,General,OpenDataKerala GitHub
2015,Kasargode,Kanhangad,3,KANHANGAD TOWN,GANGA RADHAKRISHNAN,CPI(M),General,General,OpenDataKerala GitHub
2015,Kasargode,Kanhangad,4,ATHIYAMBOOR,V V RAMESHAN,CPI(M),General,General,OpenDataKerala GitHub
2015,Kasargode,Kanhangad,5,DURGGA HIGHER SECONDARY SCHOOL,SREEDHARAN H R,BJP,General,General,OpenDataKerala GitHub
2015,Kasargode,Kanhangad,6,KARATTUVAYAL,SUKANYA H R,BJP,Woman,Woman,OpenDataKerala GitHub
2015,Kasargode,Kanhangad,7,NELLIKATTU,SAVITRI K,CPI(M),Woman,Woman,OpenDataKerala GitHub
2015,Kasargode,Kanhangad,8,G.H.S BALLA EAST,LATHA K,CPI(M),Woman,Woman,OpenDataKerala GitHub
2015,Kasargode,Kanhangad,9,A C NAGAR,AJAYAKUMAR T V,INDEPENDENT,General,General,OpenDataKerala GitHub
2015,Kasargode,Kanhangad,10,ADAMBIL,BALAKRISHNAN M,CPI(M),General,General,OpenDataKerala GitHub
2015,Kasargode,Kanhangad,11,THOYAMMAL,K V RATHEESH,CPI(M),General,General,OpenDataKerala GitHub
2015,Kasargode,Kanhangad,12,ARANGADI,LATHA A D,INL,Woman,Woman,OpenDataKerala GitHub
2015,Kasargode,Kanhangad,13,N G O QUARTERS,VIJAYA MUKUND,BJP,Woman,Woman,OpenDataKerala GitHub
2015,Kasargode,Kanhangad,14,MUNICIPAL OFFICE,RAMSHEED HOSDURG,INDEPENDENT,General,General,OpenDataKerala GitHub
2015,Kasargode,Kanhangad,15,LAKSHMI NAGAR,M BALRAJ,BJP,General,General,OpenDataKerala GitHub
2015,Kasargode,Kanhangad,16,KANIYAMKULAM,SUMAYYA T K,IUML,General,General,OpenDataKerala GitHub
2015,Kasargode,Kanhangad,17,MATHOTH,USHA K V,CPI(M),Woman,Woman,OpenDataKerala GitHub
2015,Kasargode,Kanhangad,18,NILANKARA,K V MEERA,CPI(M),Woman,Woman,OpenDataKerala GitHub
2015,Kasargode,Kanhangad,19,KANHANGAD SOUTH HIGHER SECONDARY SCHOOL,UNNIKRISHNAN N,CPI(M),General,General,OpenDataKerala GitHub
2015,Kasargode,Kanhangad,20,ARAYI KARTHIKA,C K VALSALAN,BJP,General,General,OpenDataKerala GitHub
2015,Kasargode,Kanhangad,21,BHOODANAM COLONY,MINI K,CPI(M),Woman,Woman,OpenDataKerala GitHub
2015,Kasargode,Kanhangad,22,CHEDI ROAD DIVYAMPARA,SHARADA M,CPI(M),Woman,Woman,OpenDataKerala GitHub
2015,Kasargode,Kanhangad,23,UPPILIKAI HIGH SCHOOL,BHAGEERATHI T V,CPI(M),Woman,Woman,OpenDataKerala GitHub
2015,Kasargode,Kanhangad,24,PUTHUKAI,A SOUMINI,CPI(M),Woman,Woman,OpenDataKerala GitHub
2015,Kasargode,Kanhangad,25,MADURAMKAI,SARASWATHI K V,CPI(M),Woman,Woman,OpenDataKerala GitHub
2015,Kasargode,Kanhangad,26,AINGOTH,K K GEETHA,CPI(M),Woman,Woman,OpenDataKerala GitHub
2015,Kasargode,Kanhangad,27,PADANNAKAD,ABDUL RAZAK THAILAKANDY,IUML,General,General,OpenDataKerala GitHub
2015,Kasargode,Kanhangad,28,THEERTHAMKARA,M M NARAYANAN,INC,General,General,OpenDataKerala GitHub
2015,Kasargode,Kanhangad,29,MARAKAPPU KADAPPURAM,SHYJA,INC,Woman,Woman,OpenDataKerala GitHub
2015,Kasargode,Kanhangad,30,OZHINJAVALAPPU,K SUMATHI,INC,Woman,Woman,OpenDataKerala GitHub
2015,Kasargode,Kanhangad,31,KARUVALAM,SULAIKA L,INL,Woman,Woman,OpenDataKerala GitHub
2015,Kasargode,Kanhangad,32,KURUNTHOOR,REMANI M,CPI(M),Woman,Woman,OpenDataKerala GitHub
2015,Kasargode,Kanhangad,33,NHANIKKADAVU,ABOOBACKER P,IUML,General,General,OpenDataKerala GitHub
2015,Kasargode,Kanhangad,34,MOOVARIKUNDU,K T VASANTHI,CPI(M),Woman,Woman,OpenDataKerala GitHub
2015,Kasargode,Kanhangad,35,PATTAKKAL,ASSINAR KALLURAVI,IUML,General,General,OpenDataKerala GitHub
2015,Kasargode,Kanhangad,36,MURIYANAVI,SAKKEENA YOUSUF,IUML,Woman,Woman,OpenDataKerala GitHub
2015,Kasargode,Kanhangad,37,KALLOORAVI,KHADEEJA P,IUML,Woman,Woman,OpenDataKerala GitHub
2015,Kasargode,Kanhangad,38,AVIYIL,MAHAMOOD MURIYANAVI,INDEPENDENT,General,General,OpenDataKerala GitHub
2015,Kasargode,Kanhangad,39,KUSHAL NAGAR SOUTH,SANTHOSH K,CPI(M),General,General,OpenDataKerala GitHub
2015,Kasargode,Kanhangad,40,HOSDURG KADAPPURAM,K MOHAMMED KUNHI,IUML,General,General,OpenDataKerala GitHub
2015,Kasargode,Kanhangad,41,KOVVAL,SAVITHA KUMARI K T,CPI(M),Woman,Woman,OpenDataKerala GitHub
2015,Kasargode,Kanhangad,42,AVIKARA,NARAYANAN A,CPI(M),General,General,OpenDataKerala GitHub
2015,Kasargode,Kanhangad,43,MEENAPPIES,KADHEEJA HAMEED,IUML,Woman,Woman,OpenDataKerala GitHub
2015,Kasargode,Kasaragod,1,CHERANGAI WEST,MISIRIYA HAMEED,IUML,Woman,Woman,OpenDataKerala GitHub
2015,Kasargode,Kasaragod,2,CHERANGAI EAST,HAJARA MOHAMMED KUNHI,IUML,Woman,Woman,OpenDataKerala GitHub
2015,Kasargode,Kasaragod,3,ADUKATHBAIL,HANEEFA,INDEPENDENT,General,General,OpenDataKerala GitHub
2015,Kasargode,Kasaragod,4,THALIPADUPPU,RAMESH P,BJP,General,General,OpenDataKerala GitHub
2015,Kasargode,Kasaragod,5,KARANTHAKAD,DUGGAPPA,BJP,General,General,OpenDataKerala GitHub
2015,Kasargode,Kasaragod,6,ANABAGILU,RAVINDRA POOJARY,BJP,General,General,OpenDataKerala GitHub
2015,Kasargode,Kasaragod,7,NULLIPPADI,K SANDHYA SHETTY,BJP,Woman,Woman,OpenDataKerala GitHub
2015,Kasargode,Kasaragod,8,NULLIPPADI NORTH,K SHANKARA,BJP,General,General,OpenDataKerala GitHub
2015,Kasargode,Kasaragod,9,ANANGOOR,JANAKI,BJP,Woman,Woman,OpenDataKerala GitHub
2015,Kasargode,Kasaragod,10,VIDYANAGAR,SAVITHA K,BJP,Woman,Woman,OpenDataKerala GitHub
2015,Kasargode,Kasaragod,11,BEDIRA,HAMEED BEDIRA,IUML,General,General,OpenDataKerala GitHub
2015,Kasargode,Kasaragod,12,CHALA,MUMTHAZ ABOOBACKER,IUML,Woman,Woman,OpenDataKerala GitHub
2015,Kasargode,Kasaragod,13,CHALAKKUNNU,L A MAHAMOOD,IUML,General,General,OpenDataKerala GitHub
2015,Kasargode,Kasaragod,14,THURUTHI,SAMEERA ABDUL RAZAK,IUML,Woman,Woman,OpenDataKerala GitHub
2015,Kasargode,Kasaragod,15,KOLLAMBADI,BEEFATHIMA IBRAHIM,IUML,Woman,Woman,OpenDataKerala GitHub
2015,Kasargode,Kasaragod,16,PACHAKKAD,HASEENA AMEER,IUML,Woman,Woman,OpenDataKerala GitHub
2015,Kasargode,Kasaragod,17,CHENNIKKARA,DINESH K,CPI(M),General,General,OpenDataKerala GitHub
2015,Kasargode,Kasaragod,18,PULIKKUNNU,SUJITH,BJP,General,General,OpenDataKerala GitHub
2015,Kasargode,Kasaragod,19,KORAKODE,K S JAYAPRAKASH,BJP,General,General,OpenDataKerala GitHub
2015,Kasargode,Kasaragod,20,FISH MARKET,RASHID POORANAM,INDEPENDENT,General,General,OpenDataKerala GitHub
2015,Kasargode,Kasaragod,21,HONNAMOOLA,COMPUTER MOIDEEN,INDEPENDENT,General,General,OpenDataKerala GitHub
2015,Kasargode,Kasaragod,22,THERUVATH,REETHA R,IUML,SC,SC,OpenDataKerala GitHub
2015,Kasargode,Kasaragod,23,PALLIKKAL,ADV. V M MUNEER,IUML,General,General,OpenDataKerala GitHub
2015,Kasargode,Kasaragod,24,KHAZILINE,NAIMUNNISA M,IUML,Woman,Woman,OpenDataKerala GitHub
2015,Kasargode,Kasaragod,25,THALANGARA BANGOD,FARSANA SHIHABUDDEEN,IUML,Woman,Woman,OpenDataKerala GitHub
2015,Kasargode,Kasaragod,26,THALANGARA JADEED ROAD,SELVANA FAIZER,IUML,Woman,Woman,OpenDataKerala GitHub
2015,Kasargode,Kasaragod,27,THALANGARA KANDATHIL,FARSANA HASSAIN,IUML,Woman,Woman,OpenDataKerala GitHub
2015,Kasargode,Kasaragod,28,THALANGARA K K PURAM,NASEERA ISMAIL,IUML,Woman,Woman,OpenDataKerala GitHub
2015,Kasargode,Kasaragod,29,THALANGRA PADINCHAR,AHAMMED MUJEEB,IUML,General,General,OpenDataKerala GitHub
2015,Kasargode,Kasaragod,30,THALANGARA DEENAR NAGAR,RAMSEENA RIYAS,IUML,Woman,Woman,OpenDataKerala GitHub
2015,Kasargode,Kasaragod,31,THAYALANGADI,SAMEENA MUJEEB,IUML,Woman,Woman,OpenDataKerala GitHub
2015,Kasargode,Kasaragod,32,THALUK OFFICE,SRILATHA M,BJP,General,General,OpenDataKerala GitHub
2015,Kasargode,Kasaragod,33,BEERANTHBAIL,ARUN KUMAR,BJP,General,General,OpenDataKerala GitHub
2015,Kasargode,Kasaragod,34,NELLIKKUNNU,ZIYANA HANEEF,IUML,Woman,Woman,OpenDataKerala GitHub
2015,Kasargode,Kasaragod,35,PALLAM,MOHAMMED HARIS BANNU,INDEPENDENT,General,General,OpenDataKerala GitHub
2015,Kasargode,Kasaragod,36,KADAPPURAM SOUTH,REHNA. S,INC,Woman,Woman,OpenDataKerala GitHub
2015,Kasargode,Kasaragod,37,KADAPPURAM NORTH,UMA M,BJP,Woman,Woman,OpenDataKerala GitHub
2015,Kasargode,Kasaragod,38,LIGHT HOUSE,K G MANOHARAN,BJP,General,General,OpenDataKerala GitHub
2015,Kasargode,Nileshwar,1,PADINHATAM KOZHUVAL WEST,KUNHIKRISHNAN P,CPI(M),General,General,OpenDataKerala GitHub
2015,Kasargode,Nileshwar,2,PADINHATAM KOZHUVAL EAST,P V RADHAKRISHNAN,INC,SC,SC,OpenDataKerala GitHub
2015,Kasargode,Nileshwar,3,KIZHAKKAN KOZHUVAL,ERUVAT MOHANAN,INC,General,General,OpenDataKerala GitHub
2015,Kasargode,Nileshwar,4,PALAKKAT,K V SASIKUMAR,INC,General,General,OpenDataKerala GitHub
2015,Kasargode,Nileshwar,5,CHIRAPPURAM,SANDHYA P M,CPI(M),Woman,Woman,OpenDataKerala GitHub
2015,Kasargode,Nileshwar,6,PATTENA,A V SURENDRAN,CPI(M),General,General,OpenDataKerala GitHub
2015,Kasargode,Nileshwar,7,SUVARNAVALLY,P V RAMACHANDRAN,CPI(M),General,General,OpenDataKerala GitHub
2015,Kasargode,Nileshwar,8,PALATHADAM,P MANOHARAN,CPI(M),General,General,OpenDataKerala GitHub
2015,Kasargode,Nileshwar,9,PALAYI,THOTTATHIL KUNHIKANNAN,CPI(M),General,General,OpenDataKerala GitHub
2015,Kasargode,Nileshwar,10,VALLIKKUNNU,KUNHIKANNAN C C,CPI(M),General,General,OpenDataKerala GitHub
2015,Kasargode,Nileshwar,11,CHATHAMATHU,K V SUDHAKARAN,CPI(M),General,General,OpenDataKerala GitHub
2015,Kasargode,Nileshwar,12,POOVALAMKAI,VANAJA M V,CPI(M),Woman,Woman,OpenDataKerala GitHub
2015,Kasargode,Nileshwar,13,KUNHIPPULIKKAL,PROF : K P JAYARAJAN,CPI(M),General,General,OpenDataKerala GitHub
2015,Kasargode,Nileshwar,14,KARYAMKODE,P RADHA,CPI(M),Woman,Woman,OpenDataKerala GitHub
2015,Kasargode,Nileshwar,15,PEROLE,P BHARGAVI,CPI,Woman,Woman,OpenDataKerala GitHub
2015,Kasargode,Nileshwar,16,THATTACHERY,K P KARUNAKARAN,INC,General,General,OpenDataKerala GitHub
2015,Kasargode,Nileshwar,17,PALLIKKARA I,RADHA K V,CPI(M),Woman,Woman,OpenDataKerala GitHub
2015,Kasargode,Nileshwar,18,PALLIKKARA II,USHA K V,CPI(M),Woman,Woman,OpenDataKerala GitHub
2015,Kasargode,Nileshwar,19,KARUVACHERY,P K RATHEESH,CPI(M),General,General,OpenDataKerala GitHub
2015,Kasargode,Nileshwar,20,KOYAMBURAM,GEETHA K V,CPI(M),Woman,Woman,OpenDataKerala GitHub
2015,Kasargode,Nileshwar,21,ANACHAL,V GOURI,CPI(M),Woman,Woman,OpenDataKerala GitHub
2015,Kasargode,Nileshwar,22,KOTTAPPURAM,M SAJIDA,IUML,Woman,Woman,OpenDataKerala GitHub
2015,Kasargode,Nileshwar,23,KADINHIMOOLA,SEEMA V V,INC,Woman,Woman,OpenDataKerala GitHub
2015,Kasargode,Nileshwar,24,PURATHEKAI,K THANKAMANI,INC,Woman,Woman,OpenDataKerala GitHub
2015,Kasargode,Nileshwar,25,THAIKADAPPURAM SOUTH,PRAKASAN K,INC,General,General,OpenDataKerala GitHub
2015,Kasargode,Nileshwar,26,THAIKADAPPURAM CENTRE,AISHABI.N.P,IUML,Woman,Woman,OpenDataKerala GitHub
2015,Kasargode,Nileshwar,27,THAIKADAPPURAM NORTH,BEENA.T.P,INC,Woman,Woman,OpenDataKerala GitHub
2015,Kasargode,Nileshwar,28,THAIKADAPPURAM SEA ROAD,RASHEEDA.V.K,IUML,Woman,Woman,OpenDataKerala GitHub
2015,Kasargode,Nileshwar,29,THAIKADAPPURAM STORE,LATHA.M,INC,Woman,Woman,OpenDataKerala GitHub
2015,Kasargode,Nileshwar,30,KOTRACHAL,P.P.MUHAMMED RAFI,CPI(M),General,General,OpenDataKerala GitHub
2015,Kasargode,Nileshwar,31,KANICHIRA,A.K.KUNHIKRISHNAN,CPI(M),General,General,OpenDataKerala GitHub
2015,Kasargode,Nileshwar,32,NILESHWARAM TOWN,MADHAVI.C,INC,Woman,Woman,OpenDataKerala GitHub
2020,Thiruvananthapuram,Varkala,1,VILAKKULAM,SAJINI,CPI(M),Woman,Woman,OpenDataKerala GitHub
2020,Thiruvananthapuram,Varkala,2,IDAPPARAMBU,G JAYACHANDRAN NAIR,CPI(M),General,General,OpenDataKerala GitHub
2020,Thiruvananthapuram,Varkala,3,JANATHAMUKKU,JIGEESH K,CPI(M),General,General,OpenDataKerala GitHub
2020,Thiruvananthapuram,Varkala,4,KARUNILAKODU,SINDHU,BJP,Woman,Woman,OpenDataKerala GitHub
2020,Thiruvananthapuram,Varkala,5,KALLAZHI,BINDU,INC,Woman,Woman,OpenDataKerala GitHub
2020,Thiruvananthapuram,Varkala,6,PULLANNIKODE,DR. INDULEKHA C U,INC,SC Woman,SC Woman,OpenDataKerala GitHub
2020,Thiruvananthapuram,Varkala,7,AYANIKKUZHIVILA,ANEESH A R,BJP,General,General,OpenDataKerala GitHub
2020,Thiruvananthapuram,Varkala,8,KANNAMBA,PRIYA GOPAN,BJP,Woman,Woman,OpenDataKerala GitHub
2020,Thiruvananthapuram,Varkala,9,NADAYARA,SATHEESAN,CPI(M),SC,SC,OpenDataKerala GitHub
2020,Thiruvananthapuram,Varkala,10,KANWASRAMAM,ASWATHY,BJP,Woman,Woman,OpenDataKerala GitHub
2020,Thiruvananthapuram,Varkala,11,CHALUVILA,VIJI R V,BJP,SC Woman,SC Woman,OpenDataKerala GitHub
2020,Thiruvananthapuram,Varkala,12,KALLAMKONAM,SINDHU VIJAYAN,BJP,Woman,Woman,OpenDataKerala GitHub
2020,Thiruvananthapuram,Varkala,13,CHERUMKUNNAM,S PRADEEP,INC,General,General,OpenDataKerala GitHub
2020,Thiruvananthapuram,Varkala,14,SIVAGIRI,RAKHI R,BJP,Woman,Woman,OpenDataKerala GitHub
2020,Thiruvananthapuram,Varkala,15,TEACHERSCOLONY,K M LAJI,CPI(M),General,General,OpenDataKerala GitHub
2020,Thiruvananthapuram,Varkala,16,RAGHUNATHAPURAM,BEEVIJAN,CPI,Woman,Woman,OpenDataKerala GitHub
2020,Thiruvananthapuram,Varkala,17,PUTHENCHANTHA,KUMARI SUDERSINI A,INDEPENDENT,Woman,Woman,OpenDataKerala GitHub
2020,Thiruvananthapuram,Varkala,18,THACHANKONAM,SHEENA K GOVIND,BJP,Woman,Woman,OpenDataKerala GitHub
2020,Thiruvananthapuram,Varkala,19,RAMANTHALI,AMINA A,INDEPENDENT,Woman,Woman,OpenDataKerala GitHub
2020,Thiruvananthapuram,Varkala,20,PANAYIL,SHAMSUDEEN,CPI(M),General,General,OpenDataKerala GitHub
2020,Thiruvananthapuram,Varkala,21,VALLAKKADAVU,RUBEENA,CPI(M),Woman,Woman,OpenDataKerala GitHub
2020,Thiruvananthapuram,Varkala,22,PERUMKULAM,SREYESS N,INDEPENDENT,General,General,OpenDataKerala GitHub
2020,Thiruvananthapuram,Varkala,23,KOTTUMOOLA,P M BASHEER,INC,General,General,OpenDataKerala GitHub
2020,Thiruvananthapuram,Varkala,24,MAITHANAM,SALIM,INC,General,General,OpenDataKerala GitHub
2020,Thiruvananthapuram,Varkala,25,MUNCIPAL OFFICE,NITHIN NAIR,CPI(M),General,General,OpenDataKerala GitHub
2020,Thiruvananthapuram,Varkala,26,HOSPITAL,R ANIL KUMAR,BJP,General,General,OpenDataKerala GitHub
2020,Thiruvananthapuram,Varkala,27,TEMPLE,ANU K L,BJP,SC Woman,SC Woman,OpenDataKerala GitHub
2020,Thiruvananthapuram,Varkala,28,PAPANASAM,AJAYAKUMAR C,CPI(M),General,General,OpenDataKerala GitHub
2020,Thiruvananthapuram,Varkala,29,PARAYIL,RAGASREE,INC,Woman,Woman,OpenDataKerala GitHub
2020,Thiruvananthapuram,Varkala,30,MUNDAYIL,RENJU BINU,CPI(M),Woman,Woman,OpenDataKerala GitHub
2020,Thiruvananthapuram,Varkala,31,JAWAHAR PARK,N ASOKAN,INC,General,General,OpenDataKerala GitHub
2020,Thiruvananthapuram,Varkala,32,PUNNAMOODU,UNNIKRISHNAN S,BJP,SC,SC,OpenDataKerala GitHub
2020,Thiruvananthapuram,Varkala,33,KURAKKANNI,RIJI R,CPI(M),General,General,OpenDataKerala GitHub
2020,Thiruvananthapuram,Attingal,1,KOCHUVILA,LAILA BEEVI S,CPI,Woman,Woman,OpenDataKerala GitHub
2020,Thiruvananthapuram,Attingal,2,ALAMCODE,A NAJAM,CPI(M),General,General,OpenDataKerala GitHub
2020,Thiruvananthapuram,Attingal,3,POOVANPARA,DEEPA RAJESH,BJP,Woman,Woman,OpenDataKerala GitHub
2020,Thiruvananthapuram,Attingal,4,L M S,SANTHAKUMARI,BJP,Woman,Woman,OpenDataKerala GitHub
2020,Thiruvananthapuram,Attingal,5,KARICHIYIL,JEEVANLAL C S,BJP,General,General,OpenDataKerala GitHub
2020,Thiruvananthapuram,Attingal,6,THACHOORKUNNU,ADV. S KUMARI,CPI(M),Woman,Woman,OpenDataKerala GitHub
2020,Thiruvananthapuram,Attingal,7,ARATTUKADAVU,AVANAVANCHERY RAJU,CPI,General,General,OpenDataKerala GitHub
2020,Thiruvananthapuram,Attingal,8,AVANAVANCHERI,ANOOP R S,CPI(M),General,General,OpenDataKerala GitHub
2020,Thiruvananthapuram,Attingal,9,GRAMAM,K P RAJAGOPALAN POTTI,CPI(M),General,General,OpenDataKerala GitHub
2020,Thiruvananthapuram,Attingal,10,VELAMKONAM,SUDHAKUMARI K S,CPI(M),Woman,Woman,OpenDataKerala GitHub
2020,Thiruvananthapuram,Attingal,11,KACHERI,SUJI S,BJP,Woman,Woman,OpenDataKerala GitHub
2020,Thiruvananthapuram,Attingal,12,MANOMOHANAVILASAM,SUDHARMA V,CPI,SC Woman,SC Woman,OpenDataKerala GitHub
2020,Thiruvananthapuram,Attingal,13,AMBALAMMUKKU,K J RAVIKUMAR,INC,General,General,OpenDataKerala GitHub
2020,Thiruvananthapuram,Attingal,14,CHITTATTINKARA,REMYA SUDHEER,CPI(M),Woman,Woman,OpenDataKerala GitHub
2020,Thiruvananthapuram,Attingal,15,VALIYAKUNNU,M THAHIR,CPI(M),General,General,OpenDataKerala GitHub
2020,Thiruvananthapuram,Attingal,16,SEEVELIKONAM,SHEEJA O P,CPI(M),Woman,Woman,OpenDataKerala GitHub
2020,Thiruvananthapuram,Attingal,17,MUNNUMUKKU,K SATHI,INC,Woman,Woman,OpenDataKerala GitHub
2020,Thiruvananthapuram,Attingal,18,ATTAKKULAM,SANKAR G,INC,General,General,OpenDataKerala GitHub
2020,Thiruvananthapuram,Attingal,19,PARVATHYPURAM,NITHIN V S,CPI(M),General,General,OpenDataKerala GitHub
2020,Thiruvananthapuram,Attingal,20,KANJIRAMKONAM,S SUKHIL,CPI(M),General,General,OpenDataKerala GitHub
2020,Thiruvananthapuram,Attingal,21,RAMACHAMVILA,THULASEEDHARAN PILLAI G,CPI(M),General,General,OpenDataKerala GitHub
2020,Thiruvananthapuram,Attingal,22,CHERUVALLIMUKKU,SANGEETHARANI V P,BJP,Woman,Woman,OpenDataKerala GitHub
2020,Thiruvananthapuram,Attingal,23,KODUMON,P UNNIKRISHNAN,INC,General,General,OpenDataKerala GitHub
2020,Thiruvananthapuram,Attingal,24,PALACE,GIRIJA S,CPI(M),SC Woman,SC Woman,OpenDataKerala GitHub
2020,Thiruvananthapuram,Attingal,25,KUNNATHU,V MURALEEDHARAN NAIR,INC,General,General,OpenDataKerala GitHub
2020,Thiruvananthapuram,Attingal,26,TOWN,BINU G S,CPI(M),Woman,Woman,OpenDataKerala GitHub
2020,Thiruvananthapuram,Attingal,27,PACHAMKULAM,SHEEJA S,CPI(M),Woman,Woman,OpenDataKerala GitHub
2020,Thiruvananthapuram,Attingal,28,THOTTAVARAM,SHEELA A S,BJP,Woman,Woman,OpenDataKerala GitHub
2020,Thiruvananthapuram,Attingal,29,KOTTIYODE,R RAJU,CPI(M),SC,SC,OpenDataKerala GitHub
2020,Thiruvananthapuram,Attingal,30,TOWNHALL,SANTHOSH S,BJP,General,General,OpenDataKerala GitHub
2020,Thiruvananthapuram,Attingal,31,MELATTINGAL,REMADEVI AMMA,INC,Woman,Woman,OpenDataKerala GitHub
2020,Thiruvananthapuram,Nedumangad,1,KALLUVARAMBU,M RAJENDRAN NAIR,CPI(M),General,General,OpenDataKerala GitHub
2020,Thiruvananthapuram,Nedumangad,2,IRINCHAYAM,BEENA L S,INC,Woman,Woman,OpenDataKerala GitHub
2020,Thiruvananthapuram,Nedumangad,3,KUSARKODE,S SINDHU,CPI(M),Woman,Woman,OpenDataKerala GitHub
2020,Thiruvananthapuram,Nedumangad,4,ULIYOOR,M P SAJITHA,CPI(M),Woman,Woman,OpenDataKerala GitHub
2020,Thiruvananthapuram,Nedumangad,5,MANAKODE,B SATHEESAN,CPI(M),General,General,OpenDataKerala GitHub
2020,Thiruvananthapuram,Nedumangad,6,NETTA,VINODINI S,BJP,SC Woman,SC Woman,OpenDataKerala GitHub
2020,Thiruvananthapuram,Nedumangad,7,NAGARIKUNNU,T SREELATHA,CPI(M),Woman,Woman,OpenDataKerala GitHub
2020,Thiruvananthapuram,Nedumangad,8,KACHERI,ADITHYA V S,INC,Woman,Woman,OpenDataKerala GitHub
2020,Thiruvananthapuram,Nedumangad,9,TOWN,SINDHU KRISHNAKUMAR,CPI(M),Woman,Woman,OpenDataKerala GitHub
2020,Thiruvananthapuram,Nedumangad,10,MOOTHAMKONAM,USHA O,CPI(M),Woman,Woman,OpenDataKerala GitHub
2020,Thiruvananthapuram,Nedumangad,11,KODIPPURAM,SHEEJA A,CPI(M),Woman,Woman,OpenDataKerala GitHub
2020,Thiruvananthapuram,Nedumangad,12,KOLLAMKAVU,PULIPPARA KRISHNAN,CPI(M),General,General,OpenDataKerala GitHub
2020,Thiruvananthapuram,Nedumangad,13,PULIPPARA,P VASANTHAKUMARI,CPI(M),Woman,Woman,OpenDataKerala GitHub
2020,Thiruvananthapuram,Nedumangad,14,VANDA,SUMAYYA MANOJ,BJP,General,General,OpenDataKerala GitHub
2020,Thiruvananthapuram,Nedumangad,15,MUGHAVOOR,SANGEETHA RAJESH,BJP,General,General,OpenDataKerala GitHub
2020,Thiruvananthapuram,Nedumangad,16,KORALIYODU,T BINDHU,CPI(M),Woman,Woman,OpenDataKerala GitHub
2020,Thiruvananthapuram,Nedumangad,17,PATHINARAMKALLU,VIDYA VIJAYAN,CPI(M),Woman,Woman,OpenDataKerala GitHub
2020,Thiruvananthapuram,Nedumangad,18,MANNOORKONAM,S RAJENDRAN,INC,SC,SC,OpenDataKerala GitHub
2020,Thiruvananthapuram,Nedumangad,19,VALIYAMALA,B K SREEKALA,CPI(M),Woman,Woman,OpenDataKerala GitHub
2020,Thiruvananthapuram,Nedumangad,20,THARATTA,P HARIKESAN NAIR,CPI(M),General,General,OpenDataKerala GitHub
2020,Thiruvananthapuram,Nedumangad,21,IDAMALA,T LALITHA,INC,General,General,OpenDataKerala GitHub
2020,Thiruvananthapuram,Nedumangad,22,PADAVALLIKONAM,K GEETHA KUMARI,CPI(M),Woman,Woman,OpenDataKerala GitHub
2020,Thiruvananthapuram,Nedumangad,23,KANNARAMKODU,N R BAIJU,CPI(M),General,General,OpenDataKerala GitHub
2020,Thiruvananthapuram,Nedumangad,24,PARANDODE,SANDHYA SUMESH,INC,Woman,Woman,OpenDataKerala GitHub
2020,Thiruvananthapuram,Nedumangad,25,MANCHA,PRIYA P NAIR,CPI,Woman,Woman,OpenDataKerala GitHub
2020,Thiruvananthapuram,Nedumangad,26,T H S WARD,BIJU N,CPI(M),General,General,OpenDataKerala GitHub
2020,Thiruvananthapuram,Nedumangad,27,PERUMALA,RAFEEK S,CPI(M),General,General,OpenDataKerala GitHub
2020,Thiruvananthapuram,Nedumangad,28,MARKET WARD,FATHIMA N,INC,General,General,OpenDataKerala GitHub
2020,Thiruvananthapuram,Nedumangad,29,PARAMUTTAM,C S SREEJA,CPI(M),SC Woman,SC Woman,OpenDataKerala GitHub
2020,Thiruvananthapuram,Nedumangad,30,PATHAMKALLU,SHAMEER S,CPI(M),General,General,OpenDataKerala GitHub
2020,Thiruvananthapuram,Nedumangad,31,KOPPAM,P RAJEEV,CPI(M),General,General,OpenDataKerala GitHub
2020,Thiruvananthapuram,Nedumangad,32,SANNAGAR WARD,SYAMALA S,CPI(M),Woman,Woman,OpenDataKerala GitHub
2020,Thiruvananthapuram,Nedumangad,33,ARASUPARAMBU,S AJITHA,CPI(M),Woman,Woman,OpenDataKerala GitHub
2020,Thiruvananthapuram,Nedumangad,34,PERAYATHUKONAM,M S BINU,INC,General,General,OpenDataKerala GitHub
2020,Thiruvananthapuram,Nedumangad,35,PARIYARAM,S RAVEENDRAN,CPI,General,General,OpenDataKerala GitHub
2020,Thiruvananthapuram,Nedumangad,36,CHIRAKKANI,AKHIL B A,CPI(M),SC,SC,OpenDataKerala GitHub
2020,Thiruvananthapuram,Nedumangad,37,POONKUMOODU,PUNKUMMOODU AJI,INC,General,General,OpenDataKerala GitHub
2020,Thiruvananthapuram,Nedumangad,38,TOWER WARD,THARA JAYAKUMAR,BJP,Woman,Woman,OpenDataKerala GitHub
2020,Thiruvananthapuram,Nedumangad,39,POOVATHOOR,LEKHA VICKRAMAN S,CPI,General,General,OpenDataKerala GitHub
2020,Thiruvananthapuram,Neyyattinkara,1,ARALUMMOODU,SHAMILA S,CPI(M),Woman,Woman,OpenDataKerala GitHub
2020,Thiruvananthapuram,Neyyattinkara,2,PUTHANAMBALAM,S PRASANNAKUMAR,CPI(M),General,General,OpenDataKerala GitHub
2020,Thiruvananthapuram,Neyyattinkara,3,MOONNUKALLINMOODU,RAJAMOHANAKUMAR,CPI(M),General,General,OpenDataKerala GitHub
2020,Thiruvananthapuram,Neyyattinkara,4,KOOTTAPPANA,N MAHESANNAIR,BJP,General,General,OpenDataKerala GitHub
2020,Thiruvananthapuram,Neyyattinkara,5,PALLIVILAKAM,K C JAYASEELY,CPI(M),General,General,OpenDataKerala GitHub
2020,Thiruvananthapuram,Neyyattinkara,6,PUNNAKKADU,K GEETHA,INC,SC Woman,SC Woman,OpenDataKerala GitHub
2020,Thiruvananthapuram,Neyyattinkara,7,KALATHUVILA,SMITHA S,CPI(M),Woman,Woman,OpenDataKerala GitHub
2020,Thiruvananthapuram,Neyyattinkara,8,VADAKODU,N AJI,INC,General,General,OpenDataKerala GitHub
2020,Thiruvananthapuram,Neyyattinkara,9,MUTTAKKADU,JOSE FRANKLIN,INC,General,General,OpenDataKerala GitHub
2020,Thiruvananthapuram,Neyyattinkara,10,ELAVANIKKARA,PUSHPALEELA C,INC,Woman,Woman,OpenDataKerala GitHub
2020,Thiruvananthapuram,Neyyattinkara,11,MAMPAZHAKKARA,SASIDHARAN,INC,General,General,OpenDataKerala GitHub
2020,Thiruvananthapuram,Neyyattinkara,12,MULLARAVILA,SHEEBA SAJU,INC,Woman,Woman,OpenDataKerala GitHub
2020,Thiruvananthapuram,Neyyattinkara,13,PERUMPAZHUTHOOR,G GOPAKUMAR,INC,General,General,OpenDataKerala GitHub
2020,Thiruvananthapuram,Neyyattinkara,14,ALAMPOTTA,ADV. SWAPNAJITH. S. S.,BJP,SC,SC,OpenDataKerala GitHub
2020,Thiruvananthapuram,Neyyattinkara,15,PLAVILA,VENUGOPAL S,BJP,General,General,OpenDataKerala GitHub
2020,Thiruvananthapuram,Neyyattinkara,16,THOZHUKKAL,G SUKUMARI,INC,Woman,Woman,OpenDataKerala GitHub
2020,Thiruvananthapuram,Neyyattinkara,17,VAZHUTHOOR,ADV. L S SHEELA,INC,Woman,Woman,OpenDataKerala GitHub
2020,Thiruvananthapuram,Neyyattinkara,18,KOLLAVAMVILA,CARROLIN JOJIN,INC,Woman,Woman,OpenDataKerala GitHub
2020,Thiruvananthapuram,Neyyattinkara,19,THAVARAVILA,SUJIN,CPI(M),General,General,OpenDataKerala GitHub
2020,Thiruvananthapuram,Neyyattinkara,20,KULATHAMAL,PADMAKUMARI BALRAJ,CPI(M),Woman,Woman,OpenDataKerala GitHub
2020,Thiruvananthapuram,Neyyattinkara,21,CHAIKOTTUKONAM,A B SAJU,INC,SC,SC,OpenDataKerala GitHub
2020,Thiruvananthapuram,Neyyattinkara,22,MARUTHATHOOR,BINUKUMAR G,BJP,General,General,OpenDataKerala GitHub
2020,Thiruvananthapuram,Neyyattinkara,23,IRUMPIL,D S VINCENT,INC,General,General,OpenDataKerala GitHub
2020,Thiruvananthapuram,Neyyattinkara,24,FORT,AJITHA R,INC,General,General,OpenDataKerala GitHub
2020,Thiruvananthapuram,Neyyattinkara,25,VLANGAMURI,LAKSHMI P S,INC,Woman,Woman,OpenDataKerala GitHub
2020,Thiruvananthapuram,Neyyattinkara,26,KRISHNAPURAM,GRAMAM PRAVEEN,INC,General,General,OpenDataKerala GitHub
2020,Thiruvananthapuram,Neyyattinkara,27,RAMESWARAM,SHIBURAJ KRISHNA,BJP,General,General,OpenDataKerala GitHub
2020,Thiruvananthapuram,Neyyattinkara,28,NARAYANAPURAM,K SURESH,CPI(M),General,General,OpenDataKerala GitHub
2020,Thiruvananthapuram,Neyyattinkara,29,AMARAVILA,KALA TEACHER,BJP,Woman,Woman,OpenDataKerala GitHub
2020,Thiruvananthapuram,Neyyattinkara,30,PULLAMALA,SARALA RETNAM,INC,Woman,Woman,OpenDataKerala GitHub
2020,Thiruvananthapuram,Neyyattinkara,31,PIRAYUMMOODU,ANITHAKUMARI N K,CPI,Woman,Woman,OpenDataKerala GitHub
2020,Thiruvananthapuram,Neyyattinkara,32,OLATHANNI,S DEEPA,CPI(M),Woman,Woman,OpenDataKerala GitHub
2020,Thiruvananthapuram,Neyyattinkara,33,CHUNDAVILA,AYSWARYA S A,CPI(M),Woman,Woman,OpenDataKerala GitHub
2020,Thiruvananthapuram,Neyyattinkara,34,ATHAZHAMANGALAM,K K SHIBU,CPI(M),General,General,OpenDataKerala GitHub
2020,Thiruvananthapuram,Neyyattinkara,35,KAVALAKULAM,D SOUMYA,CPI(M),Woman,Woman,OpenDataKerala GitHub
2020,Thiruvananthapuram,Neyyattinkara,36,PANAGATTUKARI,PRIYA SURESH,KC(M),Woman,Woman,OpenDataKerala GitHub
2020,Thiruvananthapuram,Neyyattinkara,37,NILAMEL,AMMINIKUTTY K,CPI,SC Woman,SC Woman,OpenDataKerala GitHub
2020,Thiruvananthapuram,Neyyattinkara,38,MANALOOR,MINIMOLE S L,CPI(M),Woman,Woman,OpenDataKerala GitHub
2020,Thiruvananthapuram,Neyyattinkara,39,OORUTTUKALA,SUMA S,BJP,Woman,Woman,OpenDataKerala GitHub
2020,Thiruvananthapuram,Neyyattinkara,40,ALUMMOODU,MANCHATHALA SURESH,BJP,General,General,OpenDataKerala GitHub
2020,Thiruvananthapuram,Neyyattinkara,41,TOWN,ALIFATHIMA M,CPI(M),Woman,Woman,OpenDataKerala GitHub
2020,Thiruvananthapuram,Neyyattinkara,42,BRAHMAMKODU,ADV. S P SAJINLAL,INC,General,General,OpenDataKerala GitHub
2020,Thiruvananthapuram,Neyyattinkara,43,ATHIYANNOOR,AJITHA K S,BJP,SC Woman,SC Woman,OpenDataKerala GitHub
2020,Thiruvananthapuram,Neyyattinkara,44,VAZHIMUKKU,M A SADATH,CPI(M),General,General,OpenDataKerala GitHub
2020,Kollam,Paravur,1,PERUMPUZHA,VIJAY R S,INC,General,General,OpenDataKerala GitHub
2020,Kollam,Paravur,2,VINAYAKAR,G SURESH BABU,CPI(M),General,General,OpenDataKerala GitHub
2020,Kollam,Paravur,3,NEDUMGOLAM,V AMBIKA,CPI(M),General,General,OpenDataKerala GitHub
2020,Kollam,Paravur,4,PARAYILKAV,MANJU VIJAYACHANDRAN,CPI(M),Woman,Woman,OpenDataKerala GitHub
2020,Kollam,Paravur,5,KOCHALUMMOOD,RAJEEV N,CPI(M),SC,SC,OpenDataKerala GitHub
2020,Kollam,Paravur,6,PASHUMAN,B ASHOK KUMAR,CPI(M),General,General,OpenDataKerala GitHub
2020,Kollam,Paravur,7,AYIRAVILLY,T .C. RAJU,CPI(M),General,General,OpenDataKerala GitHub
2020,Kollam,Paravur,8,PERAAL,DEEPA L,CPI(M),SC Woman,SC Woman,OpenDataKerala GitHub
2020,Kollam,Paravur,9,OLLAL,RENJITH R,INC,SC,SC,OpenDataKerala GitHub
2020,Kollam,Paravur,10,KRISHIBHAVAN,NISHAKUMARI P,CPI,General,General,OpenDataKerala GitHub
2020,Kollam,Paravur,11,MARKET,R. SHAJI,INC,General,General,OpenDataKerala GitHub
2020,Kollam,Paravur,12,TOWN,SWARNAMMA SURESH,BJP,General,General,OpenDataKerala GitHub
2020,Kollam,Paravur,13,ATTINPURAM,ANISHA S,BJP,Woman,Woman,OpenDataKerala GitHub
2020,Kollam,Paravur,14,PUTHIYIDAM,O SHYLAJA,CPI(M),Woman,Woman,OpenDataKerala GitHub
2020,Kollam,Paravur,15,KOTTAMOOLA,SREEJA. P,INC,Woman,Woman,OpenDataKerala GitHub
2020,Kollam,Paravur,16,NERUKADAV,A. SAFAR KAYAL,CPI(M),General,General,OpenDataKerala GitHub
2020,Kollam,Paravur,17,THEKKUMBHAGAM,SHAREEF J,IUML,General,General,OpenDataKerala GitHub
2020,Kollam,Paravur,18,PUTHIYAKAV,SANAL LAL J,CPI(M),General,General,OpenDataKerala GitHub
2020,Kollam,Paravur,19,VADAKKUMBHAGAM,LIBI T,INC,Woman,Woman,OpenDataKerala GitHub
2020,Kollam,Paravur,20,KURANDIKULAM,ARIFFABEEVI A,INC,Woman,Woman,OpenDataKerala GitHub
2020,Kollam,Paravur,21,CHILLAIKKAL,KHADEEJA BEEVI,INC,Woman,Woman,OpenDataKerala GitHub
2020,Kollam,Paravur,22,POZHIKKARA,VIMALAMBIKA . B,INC,Woman,Woman,OpenDataKerala GitHub
2020,Kollam,Paravur,23,ANCHAL OFFICE,NASEEMA,CPI(M),Woman,Woman,OpenDataKerala GitHub
2020,Kollam,Paravur,24,MANIYAMKULAM,SHEELA S,BJP,Woman,Woman,OpenDataKerala GitHub
2020,Kollam,Paravur,25,KURUMANDAL,L SINDHU,BJP,Woman,Woman,OpenDataKerala GitHub
2020,Kollam,Paravur,26,PUTTINGAL,SUDHEERKUMAR,INC,General,General,OpenDataKerala GitHub
2020,Kollam,Paravur,27,RAILWAYSTATION,S SREELAL,CPI(M),General,General,OpenDataKerala GitHub
2020,Kollam,Paravur,28,PUNJIRAKKULAM,RAJI. S,INC,SC Woman,SC Woman,OpenDataKerala GitHub
2020,Kollam,Paravur,29,KALLUMKUNNU,GEETHA. S,INC,Woman,Woman,OpenDataKerala GitHub
2020,Kollam,Paravur,30,MANGAKUNNU,GEETHA. S,RSP,General,General,OpenDataKerala GitHub
2020,Kollam,Paravur,31,PUKKULAM,GIRIJA PRADEEP,CPI(M),Woman,Woman,OpenDataKerala GitHub
2020,Kollam,Paravur,32,YAKSHIKKAV,A MINI,RSP,Woman,Woman,OpenDataKerala GitHub
2020,Kollam,Punalur,1,ARAMPUNNA,B SUJATHA,CPI,Woman,Woman,OpenDataKerala GitHub
2020,Kollam,Punalur,2,KANJIRAMALA,SEENA ABDUL SALAM,CPI(M),Woman,Woman,OpenDataKerala GitHub
2020,Kollam,Punalur,3,CHALACODU,SHAFEELA SHAJAHAN,INC,Woman,Woman,OpenDataKerala GitHub
2020,Kollam,Punalur,4,PAPERMILL,SABU ALEX,INC,General,General,OpenDataKerala GitHub
2020,Kollam,Punalur,5,NEDUMKAYAM,BEENA SAMUEL,INC,Woman,Woman,OpenDataKerala GitHub
2020,Kollam,Punalur,6,SASTHAMKONAM,SREEJA PRASAD,CPI(M),SC Woman,SC Woman,OpenDataKerala GitHub
2020,Kollam,Punalur,7,MUSSAVARI,RAMLATH SAFEER,INC,Woman,Woman,OpenDataKerala GitHub
2020,Kollam,Punalur,8,NETHAJI,AJI ANTONY,CPI(M),General,General,OpenDataKerala GitHub
2020,Kollam,Punalur,9,BHARANIKKAVU,R RENJITH,CPI,General,General,OpenDataKerala GitHub
2020,Kollam,Punalur,10,NELLIPPALLY,NIRMALA SATHYAN,RSP,Woman,Woman,OpenDataKerala GitHub
2020,Kollam,Punalur,11,VILAKKUVETTOM,AJITHA PRATHAPAN,CPI(M),Woman,Woman,OpenDataKerala GitHub
2020,Kollam,Punalur,12,KALLAR,SHEMI S AZEEZ,INC,Woman,Woman,OpenDataKerala GitHub
2020,Kollam,Punalur,13,HIGH SCHOOL,P A ANAS,CPI,General,General,OpenDataKerala GitHub
2020,Kollam,Punalur,14,THUMPODU,NASILA,CPI(M),Woman,Woman,OpenDataKerala GitHub
2020,Kollam,Punalur,15,KALAYANADU,SHAJITHA SUDHEER,CPI(M),Woman,Woman,OpenDataKerala GitHub
2020,Kollam,Punalur,16,VALACKODU,M P RASHEED KUTTY,INC,General,General,OpenDataKerala GitHub
2020,Kollam,Punalur,17,KARAKKADU,SATHESH S,CPI(M),SC,SC,OpenDataKerala GitHub
2020,Kollam,Punalur,18,THAMARAPPALLY,N SUNDARESAN,INC,General,General,OpenDataKerala GitHub
2020,Kollam,Punalur,19,PLACHERY,JYOTHI SANTHOSH,INC,Woman,Woman,OpenDataKerala GitHub
2020,Kollam,Punalur,20,MYLACKAL,V P UNNIKRISHNAN,CPI,General,General,OpenDataKerala GitHub
2020,Kollam,Punalur,21,GRACING BLOCK,D DINESAN,CPI(M),General,General,OpenDataKerala GitHub
2020,Kollam,Punalur,22,KAKKODU,N P ARAVINDHAKSHAN,CPI(M),General,General,OpenDataKerala GitHub
2020,Kollam,Punalur,23,AICKARAKKONAM,PUSHPALETHA K,CPI(M),Woman,Woman,OpenDataKerala GitHub
2020,Kollam,Punalur,24,KELANKAVU,K KANAKAMMA,INC,Woman,Woman,OpenDataKerala GitHub
2020,Kollam,Punalur,25,ASHTAMANGALAM,S PODIYAN PILLAI,INC,General,General,OpenDataKerala GitHub
2020,Kollam,Punalur,26,MANIYAR,BINOY RAJAN,CPI(M),General,General,OpenDataKerala GitHub
2020,Kollam,Punalur,27,PARAVATTOM,BIPIN KUMAR,INC,General,General,OpenDataKerala GitHub
2020,Kollam,Punalur,28,THOLIKKODU,AKHILA SUDHAKARAN,CPI,SC Woman,SC Woman,OpenDataKerala GitHub
2020,Kollam,Punalur,29,POWERHOUSE,PRIYA PILLAI,CPI,Woman,Woman,OpenDataKerala GitHub
2020,Kollam,Punalur,30,KOMALAMKUNNU,VASANTHA RENJAN,CPI(M),Woman,Woman,OpenDataKerala GitHub
2020,Kollam,Punalur,31,COLLEGE,G RENJITH,CPI(M),General,General,OpenDataKerala GitHub
2020,Kollam,Punalur,32,KALANGUMMUKAL,G JAYAPRAKASH,INC,General,General,OpenDataKerala GitHub
2020,Kollam,Punalur,33,TOWN,NIMMI ABRAHAM,CPI(M),Woman,Woman,OpenDataKerala GitHub
2020,Kollam,Punalur,34,CHEMMANTHUR,K BIJU,INC,General,General,OpenDataKerala GitHub
2020,Kollam,Punalur,35,PATHEKKAR,SHINE BABU,KC(B),General,General,OpenDataKerala GitHub
2020,Kollam,Karunagappally,1,ALAPPADU,SEEMA SAHAJAN,CPI(M),Woman,Woman,OpenDataKerala GitHub
2020,Kollam,Karunagappally,2,MAMPOZHIL,M ANZAR,INC,General,General,OpenDataKerala GitHub
2020,Kollam,Karunagappally,3,MARUTHURKULANGARA LPS,SREEHARI C,BJP,General,General,OpenDataKerala GitHub
2020,Kollam,Karunagappally,4,MARUTHURKULANAGARA,SATHEESH THEVANATHU,BJP,General,General,OpenDataKerala GitHub
2020,Kollam,Karunagappally,5,AMPADIYILMUKKU,M S SIBU,INC,General,General,OpenDataKerala GitHub
2020,Kollam,Karunagappally,6,NAMBARUVIKALA,KOTTAYIL RAJU,CPI(M),General,General,OpenDataKerala GitHub
2020,Kollam,Karunagappally,7,THACHAYIL,L SREELATHA TEACHER,CPI(M),Woman,Woman,OpenDataKerala GitHub
2020,Kollam,Karunagappally,8,NAMBARUVIKALAKSHEERASANGAM,J P PRASANNAKUMAR,CPI(M),General,General,OpenDataKerala GitHub
2020,Kollam,Karunagappally,9,PULLIMAN,SHAHNA NASEEM,CPI(M),Woman,Woman,OpenDataKerala GitHub
2020,Kollam,Karunagappally,10,THALOOK HOSPITAL,REMYA SUNIL,CPI(M),Woman,Woman,OpenDataKerala GitHub
2020,Kollam,Karunagappally,11,MUSLIM LPS,NISSAM BAI,CPI,General,General,OpenDataKerala GitHub
2020,Kollam,Karunagappally,12,PULLIMAN LIBRARY,SUNIMOL A,CPI,Woman,Woman,OpenDataKerala GitHub
2020,Kollam,Karunagappally,13,MICROWAVE,NEELU S RAVI,CPI(M),Woman,Woman,OpenDataKerala GitHub
2020,Kollam,Karunagappally,14,PADANAYARKULANGARA,REJI PHOTOPARK,LJD,General,General,OpenDataKerala GitHub
2020,Kollam,Karunagappally,15,KSRTC,ASHITHA S ANAND,CPI(M),SC Woman,SC Woman,OpenDataKerala GitHub
2020,Kollam,Karunagappally,16,KANNETTI,SALINI K RAJEEVAN,BJP,General,General,OpenDataKerala GitHub
2020,Kollam,Karunagappally,17,KARUNAGAPPALLY TOWN,DR. P MEENA,CPI(M),Woman,Woman,OpenDataKerala GitHub
2020,Kollam,Karunagappally,18,THARAYIL MUKKU,S PRASANNA,CPI(M),Woman,Woman,OpenDataKerala GitHub
2020,Kollam,Karunagappally,19,KESAVAPURAM,SUSHA ALEX,CPI(M),Woman,Woman,OpenDataKerala GitHub
2020,Kollam,Karunagappally,20,CHEMBAKASSERILKADAVU,BINDU ANIL,CPI(M),Woman,Woman,OpenDataKerala GitHub
2020,Kollam,Karunagappally,21,MOOTHETHKADAVU,MAHESH JAYARAJ,CPI,General,General,OpenDataKerala GitHub
2020,Kollam,Karunagappally,22,KOZHIKKODU,VIJAYALEKSHMI S,CPI(M),Woman,Woman,OpenDataKerala GitHub
2020,Kollam,Karunagappally,23,KAYIKKARAKADAVU,NISHA T,BJP,Woman,Woman,OpenDataKerala GitHub
2020,Kollam,Karunagappally,24,PANICKERKADAVU,SAFIYATHU BEEVI,CPI(M),Woman,Woman,OpenDataKerala GitHub
2020,Kollam,Karunagappally,25,TTI,RAHIYANATHU BEEVI,IUML,Woman,Woman,OpenDataKerala GitHub
2020,Kollam,Karunagappally,26,AYANIVELIKULANGARA,BEENA JOHNSON,INC,Woman,Woman,OpenDataKerala GitHub
2020,Kollam,Karunagappally,27,CHEROLIMUKKU,SOBHANA M,CPI(M),General,General,OpenDataKerala GitHub
2020,Kollam,Karunagappally,28,OTTATHILMUKKU,R SINDHU,CPI(M),SC Woman,SC Woman,OpenDataKerala GitHub
2020,Kollam,Karunagappally,29,NEDIYAVILA,MUHAMMED MUSTHAFA,CPI,General,General,OpenDataKerala GitHub
2020,Kollam,Karunagappally,30,PAKALVEEDU,S SIMLAL,INC,General,General,OpenDataKerala GitHub
2020,Kollam,Karunagappally,31,S.K.V SCHOOL,BUSHRA BEEVI,CPI(M),Woman,Woman,OpenDataKerala GitHub
2020,Kollam,Karunagappally,32,MANNINNAVILA,ABDUL LATHEEF,CPI,General,General,OpenDataKerala GitHub
2020,Kollam,Karunagappally,33,PALLIKKAL,K PUSHPANGADAN,CPI(M),General,General,OpenDataKerala GitHub
2020,Kollam,Karunagappally,34,THURAYILKUNNU,INDULEKHA S,CPI(M),SC,SC,OpenDataKerala GitHub
2020,Kollam,Karunagappally,35,ALUMKADAVU,ADV. TP SALEEMKUMAR,INC,General,General,OpenDataKerala GitHub
2020,Kollam,Kottarakara,1,AVANOOR,SOOJA JASSEM,INC,Woman,Woman,OpenDataKerala GitHub
2020,Kollam,Kottarakara,2,MUSLIM STREET,A.SHAJU,KC(B),General,General,OpenDataKerala GitHub
2020,Kollam,Kottarakara,3,SASTHAMMUKAL,FAIZAL BASHEER,CPI(M),General,General,OpenDataKerala GitHub
2020,Kollam,Kottarakara,4,CHANTHAMUKKU,SUSAMMA P M,INC,Woman,Woman,OpenDataKerala GitHub
2020,Kollam,Kottarakara,5,K.S.R.T.C,V PHILIP,INC,General,General,OpenDataKerala GitHub
2020,Kollam,Kottarakara,6,PAZHAYATHERUVU,BIJI SHAJI,CPI(M),Woman,Woman,OpenDataKerala GitHub
2020,Kollam,Kottarakara,7,COLLEGE,JAISY JOHN,INC,Woman,Woman,OpenDataKerala GitHub
2020,Kollam,Kottarakara,8,PULAMON TOWN,PAVIJA.P,INC,SC,SC,OpenDataKerala GitHub
2020,Kollam,Kottarakara,9,KULASEKHARANALLOOR,VANAJA RAJEEV,KC(B),Woman,Woman,OpenDataKerala GitHub
2020,Kollam,Kottarakara,10,KIZHAKKEKKARA,ADV K UNNIKRISHNAN MENON,CPI,General,General,OpenDataKerala GitHub
2020,Kollam,Kottarakara,11,EYAMKUNNU,JACOB VARGHESE VADAKKADATHU,KC(B),General,General,OpenDataKerala GitHub
2020,Kollam,Kottarakara,12,ICEMUKKU,SUJA,KC(B),Woman,Woman,OpenDataKerala GitHub
2020,Kollam,Kottarakara,13,THOTTOM MUKKU,LEENA OOMMEN,KC(B),General,General,OpenDataKerala GitHub
2020,Kollam,Kottarakara,14,THRIKKANNAMANGAL,THOMAS.P.MATHEW,INC,General,General,OpenDataKerala GitHub
2020,Kollam,Kottarakara,15,KADALAVILA,JOLLY P VARGHESE,INC,Woman,Woman,OpenDataKerala GitHub
2020,Kollam,Kottarakara,16,VELAMKONAM,SUNNY GEORGE VAKKEELAZHIKAM,CPI(M),General,General,OpenDataKerala GitHub
2020,Kollam,Kottarakara,17,E.T.C,ANITHA GOPAKUMAR,CPI(M),Woman,Woman,OpenDataKerala GitHub
2020,Kollam,Kottarakara,18,AMBALAPPURAM,SHEELA S,CPI(M),Woman,Woman,OpenDataKerala GitHub
2020,Kollam,Kottarakara,19,ALUMPARA,SUBHADRABHAI K S,CPI,SC Woman,SC Woman,OpenDataKerala GitHub
2020,Kollam,Kottarakara,20,KALLUVATHUKKAL,GRACY SAMUEL,CPI,Woman,Woman,OpenDataKerala GitHub
2020,Kollam,Kottarakara,21,NEELESWARAM,MINI KUMARI A,KC(B),Woman,Woman,OpenDataKerala GitHub
2020,Kollam,Kottarakara,22,AMMUMMAMUKKU,KANNATTURAVI,INC,General,General,OpenDataKerala GitHub
2020,Kollam,Kottarakara,23,KADAMKULAM,GIREESH KUMAR,BJP,SC,SC,OpenDataKerala GitHub
2020,Kollam,Kottarakara,24,GANDHIMUKKU,BINI P,BJP,Woman,Woman,OpenDataKerala GitHub
2020,Kollam,Kottarakara,25,TOWN,ARUN KADAMKULAM,BJP,General,General,OpenDataKerala GitHub
2020,Kollam,Kottarakara,26,RAILWAY STATION,SREERAJ B,BJP,General,General,OpenDataKerala GitHub
2020,Kollam,Kottarakara,27,PADINJATTINKARA,S R RAMESH,CPI(M),General,General,OpenDataKerala GitHub
2020,Kollam,Kottarakara,28,CHENTHARA,SABITHA R,BJP,Woman,Woman,OpenDataKerala GitHub
2020,Kollam,Kottarakara,29,PALAMOODU,SUSHAMA G,CPI(M),SC Woman,SC Woman,OpenDataKerala GitHub
2020,Pathanamthitta,Adoor,1,MITHRAPURAM,SUSY JOSEPH,INC,Woman,Woman,OpenDataKerala GitHub
2020,Pathanamthitta,Adoor,2,E.V. WARD,ANU VASANTHAN,INC,Woman,Woman,OpenDataKerala GitHub
2020,Pathanamthitta,Adoor,3,PANNIVIZHA,APSARA SANAL,CPI,Woman,Woman,OpenDataKerala GitHub
2020,Pathanamthitta,Adoor,4,SALVATION ARMY,RAJANI REMESH,CPI(M),SC Woman,SC Woman,OpenDataKerala GitHub
2020,Pathanamthitta,Adoor,5,CIVIL STATION,V SASIKUMAR,INC,General,General,OpenDataKerala GitHub
2020,Pathanamthitta,Adoor,6,JAWAHAR,D SAJI,CPI,General,General,OpenDataKerala GitHub
2020,Pathanamthitta,Adoor,7,ANANDAPALLY,RAJI CHERIAN,CPI,Woman,Woman,OpenDataKerala GitHub
2020,Pathanamthitta,Adoor,8,POTHRODU,SREEJA R NAIR,BJP,Woman,Woman,OpenDataKerala GitHub
2020,Pathanamthitta,Adoor,9,M. G. WARD,VARICKOLIL REMESHKUMAR,INDEPENDENT,General,General,OpenDataKerala GitHub
2020,Pathanamthitta,Adoor,10,BHAGATH SINGH,BINDUKUMARY G,INC,General,General,OpenDataKerala GitHub
2020,Pathanamthitta,Adoor,11,PANNIVIZHA EAST,D SASIKUMAR,INC,General,General,OpenDataKerala GitHub
2020,Pathanamthitta,Adoor,12,SANGAMAM,REENA SAMUEL,INC,Woman,Woman,OpenDataKerala GitHub
2020,Pathanamthitta,Adoor,13,NETHAJI,GOPALAN K,CPI(M),SC,SC,OpenDataKerala GitHub
2020,Pathanamthitta,Adoor,14,PARAKKODE,SALEEM M (ALAVUDEEN),INDEPENDENT,General,General,OpenDataKerala GitHub
2020,Pathanamthitta,Adoor,15,PARAKKODE EAST,ANOOP CHANDRASEKHAR,INC,General,General,OpenDataKerala GitHub
2020,Pathanamthitta,Adoor,16,ANANDHARAMAPURAM,SUDHA PADMAKUMAR,INC,Woman,Woman,OpenDataKerala GitHub
2020,Pathanamthitta,Adoor,17,PARAKKODE WEST,SINDHU THULASEEDHARA KURUP,CPI,Woman,Woman,OpenDataKerala GitHub
2020,Pathanamthitta,Adoor,18,T. B . WARD,LALI SAJI,KC(M)PJJ,Woman,Woman,OpenDataKerala GitHub
2020,Pathanamthitta,Adoor,19,KANNAMKODU NORTH,AJI P VARGHESE,KC(M),General,General,OpenDataKerala GitHub
2020,Pathanamthitta,Adoor,20,ADOOR CENTRAL,ADV. S SHAJAHAN,CPI(M),General,General,OpenDataKerala GitHub
2020,Pathanamthitta,Adoor,21,KANNAMKODU,DIVYA REJI MOHAMMED,CPI(M),Woman,Woman,OpenDataKerala GitHub
2020,Pathanamthitta,Adoor,22,NELLIMOOTTILPADI,SREELEKSHMI BINU,INC,SC Woman,SC Woman,OpenDataKerala GitHub
2020,Pathanamthitta,Adoor,23,AYYAPPANPARA,BEENA BABU,INDEPENDENT,Woman,Woman,OpenDataKerala GitHub
2020,Pathanamthitta,Adoor,24,TOWN WARD,RONY PANAMTHUNDIL,CPI(M),General,General,OpenDataKerala GitHub
2020,Pathanamthitta,Adoor,25,MUNNALAM,ANITHADEVI A,INDEPENDENT,Woman,Woman,OpenDataKerala GitHub
2020,Pathanamthitta,Adoor,26,PRIYADARSHINI,SOBHA THOMAS,INDEPENDENT,General,General,OpenDataKerala GitHub
2020,Pathanamthitta,Adoor,27,HOLYCROSS,K MAHESH KUMAR,CPI(M),General,General,OpenDataKerala GitHub
2020,Pathanamthitta,Adoor,28,PUTHIYAKAVILCHIRA,JAYAKRISHNAN S GOPU KARUVATTA,INC,General,General,OpenDataKerala GitHub
2020,Pathanamthitta,Thiruvalla,1,MUTHOOR NORTH,SHOBHA VINU,INC,Woman,Woman,OpenDataKerala GitHub
2020,Pathanamthitta,Thiruvalla,2,CHUMATHRA,BINDHU PRAKASH,CPI(M),Woman,Woman,OpenDataKerala GitHub
2020,Pathanamthitta,Thiruvalla,3,ATTUCHIRA,LINDA THOMAS (MARIYAMMA MATHAI),KC(M),Woman,Woman,OpenDataKerala GitHub
2020,Pathanamthitta,Thiruvalla,4,KIZHAKKAN MUTHOOR,THOMAS VANCHIPALAM,KC(M),General,General,OpenDataKerala GitHub
2020,Pathanamthitta,Thiruvalla,5,VARIKAD,SABITHA SALIM,SDPI,Woman,Woman,OpenDataKerala GitHub
2020,Pathanamthitta,Thiruvalla,6,ANNAVATTOM,SHANI THAJ,INDEPENDENT,Woman,Woman,OpenDataKerala GitHub
2020,Pathanamthitta,Thiruvalla,7,NATTUKADAVU,SAJI M MATHEW,INC,General,General,OpenDataKerala GitHub
2020,Pathanamthitta,Thiruvalla,8,COLLEGE WARD,DR. REGINOLD VARGHESE,INC,General,General,OpenDataKerala GitHub
2020,Pathanamthitta,Thiruvalla,9,AMALLOOR WEST,RAHUL BIJU,INDEPENDENT,General,General,OpenDataKerala GitHub
2020,Pathanamthitta,Thiruvalla,10,AMALLOOR EAST,MEKHA K SAMUEL,INDEPENDENT,Woman,Woman,OpenDataKerala GitHub
2020,Pathanamthitta,Thiruvalla,11,MEENTHALAKARA,JACOB GEORGE MANAKAL(SUNNY),KC(M)PJJ,General,General,OpenDataKerala GitHub
2020,Pathanamthitta,Thiruvalla,12,MANJADI,SARAMMA FRANCIS,INC,General,General,OpenDataKerala GitHub
2020,Pathanamthitta,Thiruvalla,13,RAILWAY STATION,MATHEWS CHALAKUZHY,KC(M)PJJ,General,General,OpenDataKerala GitHub
2020,Pathanamthitta,Thiruvalla,14,PUSHPAGIRI WARD,GIGI WATTACHERIL,NCP,General,General,OpenDataKerala GitHub
2020,Pathanamthitta,Thiruvalla,15,THYMALA,JAAZ NALIL POTHEN,INC,General,General,OpenDataKerala GitHub
2020,Pathanamthitta,Thiruvalla,16,KATTODE,ANU SOMAN,INDEPENDENT,SC Woman,SC Woman,OpenDataKerala GitHub
2020,Pathanamthitta,Thiruvalla,17,ERUVELLIPRA,SHEEJA KARIMPINKALA,CPI(M),Woman,Woman,OpenDataKerala GitHub
2020,Pathanamthitta,Thiruvalla,18,THONDARA,LEJU M ZACHARIA,INC,General,General,OpenDataKerala GitHub
2020,Pathanamthitta,Thiruvalla,19,THIRUMOOLAPURAM EAST,PHILIP GEORGE,KC(M)PJJ,General,General,OpenDataKerala GitHub
2020,Pathanamthitta,Thiruvalla,20,ANJILIMOOD,SANTHAMMA VARGHESE (KOCHUMOL),KC(M)PJJ,Woman,Woman,OpenDataKerala GitHub
2020,Pathanamthitta,Thiruvalla,21,THIRUMOOLAPURAM WEST,JOSE PAZHAYIDAM,KC(M)PJJ,General,General,OpenDataKerala GitHub
2020,Pathanamthitta,Thiruvalla,22,SREE RAMAKRISHNA ASRAMAM,SREEJA M R,CPI(M),SC Woman,SC Woman,OpenDataKerala GitHub
2020,Pathanamthitta,Thiruvalla,23,KULAKKAD,BINDHU JACOB,KC(M),Woman,Woman,OpenDataKerala GitHub
2020,Pathanamthitta,Thiruvalla,24,THUKALLASSERY,REENA VISHAL,INDEPENDENT,Woman,Woman,OpenDataKerala GitHub
2020,Pathanamthitta,Thiruvalla,25,MATHIL BHAGAM,MINI PRASAD,BJP,Woman,Woman,OpenDataKerala GitHub
2020,Pathanamthitta,Thiruvalla,26,KIZHAKKUMMURI,BINDU JAYAKUMAR,INC,Woman,Woman,OpenDataKerala GitHub
2020,Pathanamthitta,Thiruvalla,27,SREEVALLABHA,GANGA RADHAKRISHNAN,BJP,Woman,Woman,OpenDataKerala GitHub
2020,Pathanamthitta,Thiruvalla,28,KAVUMBHAGOM,ANNAMMA MATHAI,INDEPENDENT,Woman,Woman,OpenDataKerala GitHub
2020,Pathanamthitta,Thiruvalla,29,UTHRAMEL,SREENIVASAN M R (SREENIVASAN PURAYATTU),BJP,General,General,OpenDataKerala GitHub
2020,Pathanamthitta,Thiruvalla,30,AZHIYIDATHUCHIRA,VIMAL G M,BJP,SC,SC,OpenDataKerala GitHub
2020,Pathanamthitta,Thiruvalla,31,MANNANKARACHIRA,T S VIJAYAKUMAR (VIJAYAN THALAVANA),BJP,General,General,OpenDataKerala GitHub
2020,Pathanamthitta,Thiruvalla,32,ANCHALKUTTY,MATHEW CHACKO,INC,General,General,OpenDataKerala GitHub
2020,Pathanamthitta,Thiruvalla,33,M G M WARD,POOJA JAYAN,BJP,Woman,Woman,OpenDataKerala GitHub
2020,Pathanamthitta,Thiruvalla,34,MARY GIRI,SHEELA VARGHESE,KC(M)PJJ,Woman,Woman,OpenDataKerala GitHub
2020,Pathanamthitta,Thiruvalla,35,TOWN WARD,PRADEEP MAMMEN MATHEW,KC(M),General,General,OpenDataKerala GitHub
2020,Pathanamthitta,Thiruvalla,36,RAMANCHIRA,ANU GEORGE,INC,Woman,Woman,OpenDataKerala GitHub
2020,Pathanamthitta,Thiruvalla,37,J P NAGAR,ADV SUNIL JACOB,INC,General,General,OpenDataKerala GitHub
2020,Pathanamthitta,Thiruvalla,38,KOTTALIL,JACOB( SHINU EAPPEN),CPI(M),General,General,OpenDataKerala GitHub
2020,Pathanamthitta,Thiruvalla,39,MUTHOOR,INDHU CHANDRAN,CPI(M),Woman,Woman,OpenDataKerala GitHub
2020,Pathanamthitta,Pathanamthitta,1,PERINGAMALA,SOBHA K MATHEW,CPI(M),Woman,Woman,OpenDataKerala GitHub
2020,Pathanamthitta,Pathanamthitta,2,ANCHAKKALA,P K ANEESH,CPI(M),General,General,OpenDataKerala GitHub
2020,Pathanamthitta,Pathanamthitta,3,VANCHIPOIKA,ANILA ANIL,CPI(M),Woman,Woman,OpenDataKerala GitHub
2020,Pathanamthitta,Pathanamthitta,4,VETTIPPURAM,C K ARJUNAN,INC,SC,SC,OpenDataKerala GitHub
2020,Pathanamthitta,Pathanamthitta,5,SARADAMADOM,JASIN KUTTY,INC,General,General,OpenDataKerala GitHub
2020,Pathanamthitta,Pathanamthitta,6,MUNDUKOTTACKAL,ANCY THOMAS,INC,Woman,Woman,OpenDataKerala GitHub
2020,Pathanamthitta,Pathanamthitta,7,POOVANPARA,V R JOHNSON,CPI(M),General,General,OpenDataKerala GitHub
2020,Pathanamthitta,Pathanamthitta,8,THYCAVU,ADV.T ZAKIR HUSAIN,CPI(M),General,General,OpenDataKerala GitHub
2020,Pathanamthitta,Pathanamthitta,9,PATTAMKULAM,R SABU,CPI(M),General,General,OpenDataKerala GitHub
2020,Pathanamthitta,Pathanamthitta,10,PETTA SOUTH,SHAMEER S,SDPI,General,General,OpenDataKerala GitHub
2020,Pathanamthitta,Pathanamthitta,11,PETTA NORTH,ROSELIN SANTHOSH,INC,Woman,Woman,OpenDataKerala GitHub
2020,Pathanamthitta,Pathanamthitta,12,KAIRALIPURAM,NEENU MOHAN,CPI(M),Woman,Woman,OpenDataKerala GitHub
2020,Pathanamthitta,Pathanamthitta,13,KULASEKHARAPATHI,SHYLAJA S,SDPI,Woman,Woman,OpenDataKerala GitHub
2020,Pathanamthitta,Pathanamthitta,14,ARABIC COLLEGE,ASHRAF A,CPI(M),General,General,OpenDataKerala GitHub
2020,Pathanamthitta,Pathanamthitta,15,KUMBAZHA NORTH,INDIRAMANIAMMA,INDEPENDENT,Woman,Woman,OpenDataKerala GitHub
2020,Pathanamthitta,Pathanamthitta,16,MYLADUMPARA THAZHAM,JERRY ALEX,KC(M),General,General,OpenDataKerala GitHub
2020,Pathanamthitta,Pathanamthitta,17,MYLADUMPARA,LALI RAJU,CPI(M),Woman,Woman,OpenDataKerala GitHub
2020,Pathanamthitta,Pathanamthitta,18,PLAVELI,SUJA AJI,KC(M),SC Woman,SC Woman,OpenDataKerala GitHub
2020,Pathanamthitta,Pathanamthitta,19,KUMBAZHA EAST,AMBIKA VENU,INC,General,General,OpenDataKerala GitHub
2020,Pathanamthitta,Pathanamthitta,20,KUMBAZHA SOUTH,VIMALA SIVAN,CPI(M),Woman,Woman,OpenDataKerala GitHub
2020,Pathanamthitta,Pathanamthitta,21,KUMBAZHA WEST,AMEENA HYDERALI,INDEPENDENT,Woman,Woman,OpenDataKerala GitHub
2020,Pathanamthitta,Pathanamthitta,22,CHUTTIPPARA EAST,SHEELA S,SDPI,Woman,Woman,OpenDataKerala GitHub
2020,Pathanamthitta,Pathanamthitta,23,CHUTTIPPARA,M C SHEREEF,INC,General,General,OpenDataKerala GitHub
2020,Pathanamthitta,Pathanamthitta,24,VALAMCHUZHY,ADV. A SURESH KUMAR,INC,General,General,OpenDataKerala GitHub
2020,Pathanamthitta,Pathanamthitta,25,KALLARAKADAV,SHEENA RAJESH,INC,SC Woman,SC Woman,OpenDataKerala GitHub
2020,Pathanamthitta,Pathanamthitta,26,AZHOOR WEST,ADV. ROSHAN NAIR,INC,General,General,OpenDataKerala GitHub
2020,Pathanamthitta,Pathanamthitta,27,AZHOOR,SUMESH BABU L,CPI(M),General,General,OpenDataKerala GitHub
2020,Pathanamthitta,Pathanamthitta,28,KODUMTHARA,AKHIL KUMAR R,INC,General,General,OpenDataKerala GitHub
2020,Pathanamthitta,Pathanamthitta,29,COLLEGE,K R AJITH KUMAR,INDEPENDENT,General,General,OpenDataKerala GitHub
2020,Pathanamthitta,Pathanamthitta,30,TOWN WARD,SINDHU ANIL,INC,Woman,Woman,OpenDataKerala GitHub
2020,Pathanamthitta,Pathanamthitta,31,KARIMPANAKUZHY,MERCY VAGHEESE,INC,Woman,Woman,OpenDataKerala GitHub
2020,Pathanamthitta,Pathanamthitta,32,CHURULICODE,ANNIE SAJI,INC,Woman,Woman,OpenDataKerala GitHub
2020,Pathanamthitta,Pandalam,1,THOTTAKONAM WEST,SOUMYA SANTHOSH,BJP,SC Woman,SC Woman,OpenDataKerala GitHub
2020,Pathanamthitta,Pandalam,2,THOTTAKONAM EAST,K R VIJAYAKUMAR,INC,General,General,OpenDataKerala GitHub
2020,Pathanamthitta,Pandalam,3,MULAMPUZHA,BENNY MATHEW,BJP,General,General,OpenDataKerala GitHub
2020,Pathanamthitta,Pandalam,4,MULAMPUZHA EAST,SUNITHA VENU,INC,Woman,Woman,OpenDataKerala GitHub
2020,Pathanamthitta,Pandalam,5,MANGARAM WEST,SREEDEVI K V,BJP,Woman,Woman,OpenDataKerala GitHub
2020,Pathanamthitta,Pandalam,6,MANGARAM EAST,PUSHPALETHA P K,BJP,Woman,Woman,OpenDataKerala GitHub
2020,Pathanamthitta,Pandalam,7,THONNALLOOR EAST,K R RAVI,KC(J),General,General,OpenDataKerala GitHub
2020,Pathanamthitta,Pandalam,8,THONNALLOOR SOUTH,LESITHA TEACHER,CPI(M),General,General,OpenDataKerala GitHub
2020,Pathanamthitta,Pandalam,9,ULAMAYIL,ZAKEER H,CPI(M),General,General,OpenDataKerala GitHub
2020,Pathanamthitta,Pandalam,10,KADAKKAD,SHEFFIN REJEEB KHAN,CPI(M),General,General,OpenDataKerala GitHub
2020,Pathanamthitta,Pandalam,11,KADAKKAD EAST,SREELEKHA R,BJP,Woman,Woman,OpenDataKerala GitHub
2020,Pathanamthitta,Pandalam,12,KURAMPALA NORTH,K V PRABHA,BJP,SC,SC,OpenDataKerala GitHub
2020,Pathanamthitta,Pandalam,13,KURAMPALA SOUTH,KOMALAVALLY J,BJP,Woman,Woman,OpenDataKerala GitHub
2020,Pathanamthitta,Pandalam,14,KURAMPALA TOWN,USHA MADHU,BJP,Woman,Woman,OpenDataKerala GitHub
2020,Pathanamthitta,Pandalam,15,KURAMPALA WEST,ACHAN KUNJU JOHN,BJP,General,General,OpenDataKerala GitHub
2020,Pathanamthitta,Pandalam,16,ATHIRAMALA EAST,AJITHA KUMARI P G,CPI(M),Woman,Woman,OpenDataKerala GitHub
2020,Pathanamthitta,Pandalam,17,ATHIRAMALA WEST,RAJESH KUMAR G,CPI(M),General,General,OpenDataKerala GitHub
2020,Pathanamthitta,Pandalam,18,IDAYADI SOUTH,AMBIKA RAJESH,CPI(M),SC,SC,OpenDataKerala GitHub
2020,Pathanamthitta,Pandalam,19,IDAYADI,BINDHUKUMARI,BJP,Woman,Woman,OpenDataKerala GitHub
2020,Pathanamthitta,Pandalam,20,THAVALAMKULAM,ZEENA K,BJP,General,General,OpenDataKerala GitHub
2020,Pathanamthitta,Pandalam,21,THAVALAMKULAM SOUTH,SOBHANA KUMARI V,CPI,SC Woman,SC Woman,OpenDataKerala GitHub
2020,Pathanamthitta,Pandalam,22,CHIRAMUDI,MANJUSHA SUMESH,BJP,SC Woman,SC Woman,OpenDataKerala GitHub
2020,Pathanamthitta,Pandalam,23,CHIRAMUDI NORTH,SURYA S NAIR,BJP,Woman,Woman,OpenDataKerala GitHub
2020,Pathanamthitta,Pandalam,24,POOZHIKKADU,ADV. RADHAKRISHNAN UNNITHAN,INDEPENDENT,General,General,OpenDataKerala GitHub
2020,Pathanamthitta,Pandalam,25,MEDICAL MISSION,REMYA U,BJP,Woman,Woman,OpenDataKerala GitHub
2020,Pathanamthitta,Pandalam,26,PANDALAM TOWN,RADHA VIJAYAKUMAR,BJP,Woman,Woman,OpenDataKerala GitHub
2020,Pathanamthitta,Pandalam,27,PANDALAM TOWN WEST,RESHMI P,BJP,Woman,Woman,OpenDataKerala GitHub
2020,Pathanamthitta,Pandalam,28,MUTTAR,PANDALAM MAHESH,INC,General,General,OpenDataKerala GitHub
2020,Pathanamthitta,Pandalam,29,POOZHIKKADU WEST,KISHOR KUMAR K,BJP,SC,SC,OpenDataKerala GitHub
2020,Pathanamthitta,Pandalam,30,M.S.M,RETNAMONY SURENDRAN,INC,Woman,Woman,OpenDataKerala GitHub
2020,Pathanamthitta,Pandalam,31,CHERIKKAL EAST,T K SATHI,CPI(M),Woman,Woman,OpenDataKerala GitHub
2020,Pathanamthitta,Pandalam,32,CHERIKKAL WEST,ARUN S,CPI(M),General,General,OpenDataKerala GitHub
2020,Pathanamthitta,Pandalam,33,MUDIYOORKONAM,SUSEELA SANTHOSH,BJP,General,General,OpenDataKerala GitHub
2020,Alappuzha,Chengannur,1,MUNDENCAVU,ROHIT P KUMAR,BJP,Woman,Woman,OpenDataKerala GitHub
2020,Alappuzha,Chengannur,2,KODIYATTUKARA,SUDHAMONI S,BJP,Woman,Woman,OpenDataKerala GitHub
2020,Alappuzha,Chengannur,3,TEMPLE,SREEDEVI BALAKRISHNAN,BJP,SC Woman,SC Woman,OpenDataKerala GitHub
2020,Alappuzha,Chengannur,4,MITHRAPPUZHA,ATHIRA GOPAN,BJP,General,General,OpenDataKerala GitHub
2020,Alappuzha,Chengannur,5,VAZHARMANGALAM,P D MOHANAN,INC,Woman,Woman,OpenDataKerala GitHub
2020,Alappuzha,Chengannur,6,MANGALAM SOUTH,ABRAHAM (JOSE),INDEPENDENT,Woman,Woman,OpenDataKerala GitHub
2020,Alappuzha,Chengannur,7,MANGALAM NORTH,LATHIKA RAGHU,INDEPENDENT,General,General,OpenDataKerala GitHub
2020,Alappuzha,Chengannur,8,EDANAD WEST,ARCHANA K GOPI,KC(M)PJJ,General,General,OpenDataKerala GitHub
2020,Alappuzha,Chengannur,9,EDANAD EAST,MANISH K M,INC,Woman,Woman,OpenDataKerala GitHub
2020,Alappuzha,Chengannur,10,PUTHENCAVU EAST,MINI SAJAN,INC,General,General,OpenDataKerala GitHub
2020,Alappuzha,Chengannur,11,ARATTUKADAVU,INDU RAJAN,BJP,General,General,OpenDataKerala GitHub
2020,Alappuzha,Chengannur,12,PUTHENCAVU WEST,OMANA VARGHESE,INC,General,General,OpenDataKerala GitHub
2020,Alappuzha,Chengannur,13,SASTHAMKULANGARA,SARATH CHANDRAN B,KC,SC Woman,SC Woman,OpenDataKerala GitHub
2020,Alappuzha,Chengannur,14,ANGADICKAL,SREEJITH (GOPU PUTHENMADATHIL),INC,Woman,Woman,OpenDataKerala GitHub
2020,Alappuzha,Chengannur,15,MALAYIL,SOBHA VARGHESE,INC,SC,SC,OpenDataKerala GitHub
2020,Alappuzha,Chengannur,16,I T I,MANU KRISHNAN M,INDEPENDENT,Woman,Woman,OpenDataKerala GitHub
2020,Alappuzha,Chengannur,17,COLLEGE,RIJO JOHN GEORGE,INC,Woman,Woman,OpenDataKerala GitHub
2020,Alappuzha,Chengannur,18,ANGADICKAL SOUTH,SUSAMMA ABRAHAM,INC,General,General,OpenDataKerala GitHub
2020,Alappuzha,Chengannur,19,HATCHERY,KUMARI T,KC(M)PJJ,Woman,Woman,OpenDataKerala GitHub
2020,Alappuzha,Chengannur,20,MOOLAPPADAVU,VIJI V,INDEPENDENT,General,General,OpenDataKerala GitHub
2020,Alappuzha,Chengannur,21,THITTAMEL,THOMAS VARGHESE (RAJAN KANNATTU),KC,Woman,Woman,OpenDataKerala GitHub
2020,Alappuzha,Chengannur,22,PANDAVANPARA,V S SAVITHA,CPI(M),General,General,OpenDataKerala GitHub
2020,Alappuzha,Chengannur,23,BETHEL,K SHIBU RAJAN,INC,Woman,Woman,OpenDataKerala GitHub
2020,Alappuzha,Chengannur,24,TOWN,ASOK PADIPPURACKAL,INC,Woman,Woman,OpenDataKerala GitHub
2020,Alappuzha,Chengannur,25,RAILWAY STATION,SINI BIJU,BJP,General,General,OpenDataKerala GitHub
2020,Alappuzha,Chengannur,26,VANDIMALA,SHERLY RAJAN,INC,General,General,OpenDataKerala GitHub
2020,Alappuzha,Chengannur,27,VALIYAPALLI,MARIAMMA JOHN PHILIP,INC,General,General,OpenDataKerala GitHub
2020,Alappuzha,Mavelikara,1,MATTOM NORTH,MEGHANATH,BJP,General,General,OpenDataKerala GitHub
2020,Alappuzha,Mavelikara,2,KURUVIKKADU,JAYASREE AJAYA KUMAR,BJP,SC,SC,OpenDataKerala GitHub
2020,Alappuzha,Mavelikara,3,KANDIYOOR,K GOPAN,INC,General,General,OpenDataKerala GitHub
2020,Alappuzha,Mavelikara,4,MUNICIPAL BUS STAND,SANTHI AJAYAN,INC,Woman,Woman,OpenDataKerala GitHub
2020,Alappuzha,Mavelikara,5,PRAYIKKARA TEMPLE,RAJAN(MANAS),INC,SC,SC,OpenDataKerala GitHub
2020,Alappuzha,Mavelikara,6,PRAYIKKARA,SAJEEV PRAYIKARA,INC,General,General,OpenDataKerala GitHub
2020,Alappuzha,Mavelikara,7,GOVT. HOSPITAL WARD,BINU VARGHESE,JKC,General,General,OpenDataKerala GitHub
2020,Alappuzha,Mavelikara,8,THAZHAKKARA,NINAN C KUTTISSERIL,INC,General,General,OpenDataKerala GitHub
2020,Alappuzha,Mavelikara,9,PUTHIYAKAVU MARKET,THOMAS MATHEW(TINI MONACHEN),CPI(M),General,General,OpenDataKerala GitHub
2020,Alappuzha,Mavelikara,10,KOTTARKAVU,ANI VARGHESE,INC,General,General,OpenDataKerala GitHub
2020,Alappuzha,Mavelikara,11,RAILWAY STATION,GOPAKUMAR C K,BJP,General,General,OpenDataKerala GitHub
2020,Alappuzha,Mavelikara,12,KALLUMALA,KAVITHA SREEJITH,CPI,SC Woman,SC Woman,OpenDataKerala GitHub
2020,Alappuzha,Mavelikara,13,UMBERNADU,K V SREEKUMAR,INDEPENDENT,General,General,OpenDataKerala GitHub
2020,Alappuzha,Mavelikara,14,AYURVEDA HOSPITAL,S RAJESH,BJP,General,General,OpenDataKerala GitHub
2020,Alappuzha,Mavelikara,15,POWER HOUSE,KRISHNAKUMARI,INC,Woman,Woman,OpenDataKerala GitHub
2020,Alappuzha,Mavelikara,16,PADEETHODU,BIJI ANILKUMAR,CPI(M),Woman,Woman,OpenDataKerala GitHub
2020,Alappuzha,Mavelikara,17,PUNNAMOOD MARKET,CHITHRA ASHOK,CPI(M),Woman,Woman,OpenDataKerala GitHub
2020,Alappuzha,Mavelikara,18,PONAKAM,SYAMALA DEVI,CPI(M),Woman,Woman,OpenDataKerala GitHub
2020,Alappuzha,Mavelikara,19,FACTORY,LEELA ABHILASH,CPI(M),Woman,Woman,OpenDataKerala GitHub
2020,Alappuzha,Mavelikara,20,CIVIL STATION WARD,VIJAYAMMA UNNIKRISHNAN,BJP,Woman,Woman,OpenDataKerala GitHub
2020,Alappuzha,Mavelikara,21,KOCHICKAL SOUTH,VIMALA KOMALAN,CPI(M),Woman,Woman,OpenDataKerala GitHub
2020,Alappuzha,Mavelikara,22,PONNARAM THOTTAM,SABITHA AJITH,BJP,Woman,Woman,OpenDataKerala GitHub
2020,Alappuzha,Mavelikara,23,KOTTAKKAKAM,SUJATHA DEVI,BJP,General,General,OpenDataKerala GitHub
2020,Alappuzha,Mavelikara,24,MUNICIPAL OFFICE,LALITHA RAVEENDRANATH,INC,Woman,Woman,OpenDataKerala GitHub
2020,Alappuzha,Mavelikara,25,KOCHIKKAL,LATHAMURUGAN,INC,Woman,Woman,OpenDataKerala GitHub
2020,Alappuzha,Mavelikara,26,PANACHAMOODU,RESHMA R,BJP,SC Woman,SC Woman,OpenDataKerala GitHub
2020,Alappuzha,Mavelikara,27,KANDIYOOR SOUTH,UMAYAMMA VIJAYAKUMAR,BJP,General,General,OpenDataKerala GitHub
2020,Alappuzha,Mavelikara,28,THATTARAMBALAM,PUSHPA SURESH,CPI(M),Woman,Woman,OpenDataKerala GitHub
2020,Alappuzha,Cherthala,1,SAKTHEESWARAM,SMITHA A C,CPI,Woman,Woman,OpenDataKerala GitHub
2020,Alappuzha,Cherthala,2,MOOLAYIL,SHEEJA SANTHOSH,KC,Woman,Woman,OpenDataKerala GitHub
2020,Alappuzha,Cherthala,3,POWER HOUSE,JOSHITHA,CPI,Woman,Woman,OpenDataKerala GitHub
2020,Alappuzha,Cherthala,4,MANNUKUZHI,B FAISAL,INC,General,General,OpenDataKerala GitHub
2020,Alappuzha,Cherthala,5,NEDUMBRAKAD,DSALJI,CPI(M),General,General,OpenDataKerala GitHub
2020,Alappuzha,Cherthala,6,PARAPPEL,KANAKAMMA,CPI,Woman,Woman,OpenDataKerala GitHub
2020,Alappuzha,Cherthala,7,SASTHA,S SANEESH,CPI(M),General,General,OpenDataKerala GitHub
2020,Alappuzha,Cherthala,8,KULATHRAKADU,SHERLY BHARBAVAN,CPI(M),Woman,Woman,OpenDataKerala GitHub
2020,Alappuzha,Cherthala,9,SAVESSERY,P S SREEKUMAR,INDEPENDENT,General,General,OpenDataKerala GitHub
2020,Alappuzha,Cherthala,10,KALIKULAM,ASHA MUKESH,BJP,Woman,Woman,OpenDataKerala GitHub
2020,Alappuzha,Cherthala,11,MUNICIPAL OFFICE,A AJI,INDEPENDENT,General,General,OpenDataKerala GitHub
2020,Alappuzha,Cherthala,12,X RAY,P UNNIKRISHNAN,INC,General,General,OpenDataKerala GitHub
2020,Alappuzha,Cherthala,13,CIVIL STATION,RAJASREE JYOTHISH,BJP,Woman,Woman,OpenDataKerala GitHub
2020,Alappuzha,Cherthala,14,CHAKKARKULAM,T S AJAYAKUMAR,CPI,General,General,OpenDataKerala GitHub
2020,Alappuzha,Cherthala,15,KURIKKACHIRA,ANOOP CHACKO,CPI(M),General,General,OpenDataKerala GitHub
2020,Alappuzha,Cherthala,16,POLY TECHNIC,SEEMA SHIBU,CPI(M),Woman,Woman,OpenDataKerala GitHub
2020,Alappuzha,Cherthala,17,CHERAKULAM,G RENJITH,CPI(M),General,General,OpenDataKerala GitHub
2020,Alappuzha,Cherthala,18,AMBEDKAR,M K PUSHPAKUMAR,CPI(M),General,General,OpenDataKerala GitHub
2020,Alappuzha,Cherthala,19,ARATTUVAZHY,SREEJA S,CPI(M),Woman,Woman,OpenDataKerala GitHub
2020,Alappuzha,Cherthala,20,VATTAVELI,SEENAMOL DINAKARAN,CPI(M),Woman,Woman,OpenDataKerala GitHub
2020,Alappuzha,Cherthala,21,KARUVAYIL,E K MADHU,CPI(M),SC,SC,OpenDataKerala GitHub
2020,Alappuzha,Cherthala,22,MINI MARKET,MADHURISABU,CPI(M),General,General,OpenDataKerala GitHub
2020,Alappuzha,Cherthala,23,KATTANGANATTU,B BHASI,INC,General,General,OpenDataKerala GitHub
2020,Alappuzha,Cherthala,24,ST MARTIN,SOBHA JOSHY,CPI,Woman,Woman,OpenDataKerala GitHub
2020,Alappuzha,Cherthala,25,PALLUVALLUVELY,M A SAJU,INC,General,General,OpenDataKerala GitHub
2020,Alappuzha,Cherthala,26,VALLAYIL,JOSEPH (BABU MULLANCHIRA),INC,General,General,OpenDataKerala GitHub
2020,Alappuzha,Cherthala,27,EDATHIL,ALEYKUTTY JOHN,CPI(M),Woman,Woman,OpenDataKerala GitHub
2020,Alappuzha,Cherthala,28,MUNI. BUS STAND,LISSY TOMY,Con(S),Woman,Woman,OpenDataKerala GitHub
2020,Alappuzha,Cherthala,29,T D AMBALAM,MITHRA VINDA BAI U,BJP,Woman,Woman,OpenDataKerala GitHub
2020,Alappuzha,Cherthala,30,MUTTAM BAZAR,ADV. JACKSON MATHEW,INC,General,General,OpenDataKerala GitHub
2020,Alappuzha,Cherthala,31,VELORVATTAM,K P PRAKASHAN,INC,General,General,OpenDataKerala GitHub
2020,Alappuzha,Cherthala,32,KUTTIKATTU,PRAMILA DEVI,INC,Woman,Woman,OpenDataKerala GitHub
2020,Alappuzha,Cherthala,33,KIZHAKKENALPATHU,BINDU,INC,Woman,Woman,OpenDataKerala GitHub
2020,Alappuzha,Cherthala,34,RAILWAY STATION,SUJATHA,INC,Woman,Woman,OpenDataKerala GitHub
2020,Alappuzha,Cherthala,35,KURUPPANATTUKARA,A S SABU,CPI(M),General,General,OpenDataKerala GitHub
2020,Alappuzha,Kayamkulam,1,TOWN U P S,NADARSHA S,CPI,General,General,OpenDataKerala GitHub
2020,Alappuzha,Kayamkulam,2,KOTTUKULANGARA,ADV .FARSANA HABEEB,CPI(M),Woman,Woman,OpenDataKerala GitHub
2020,Alappuzha,Kayamkulam,3,ARACKAL,SHAINI SHIBU,IUML,Woman,Woman,OpenDataKerala GitHub
2020,Alappuzha,Kayamkulam,4,MUHAYIDHEEN PALLY,SHEMIMOL,CPI(M),Woman,Woman,OpenDataKerala GitHub
2020,Alappuzha,Kayamkulam,5,VALIYAPARAMB,ANSHAD VAHID,INDEPENDENT,General,General,OpenDataKerala GitHub
2020,Alappuzha,Kayamkulam,6,MAVILATH,SHAMILAMOL,CPI(M),Woman,Woman,OpenDataKerala GitHub
2020,Alappuzha,Kayamkulam,7,ERUVA TEMPLE,AMBILI HARIKUMAR,CPI(M),Woman,Woman,OpenDataKerala GitHub
2020,Alappuzha,Kayamkulam,8,WAREHOUSE,SHEEJA RASHEED,INC,Woman,Woman,OpenDataKerala GitHub
2020,Alappuzha,Kayamkulam,9,MARKET,P.K AMBILI,IUML,General,General,OpenDataKerala GitHub
2020,Alappuzha,Kayamkulam,10,SREEVITOBHA,REJASREE KAMMATH,BJP,Woman,Woman,OpenDataKerala GitHub
2020,Alappuzha,Kayamkulam,11,GURUMANDIRAM,R SUMITHRAN,INC,General,General,OpenDataKerala GitHub
2020,Alappuzha,Kayamkulam,12,ERUVA,AMBIKA R,INC,Woman,Woman,OpenDataKerala GitHub
2020,Alappuzha,Kayamkulam,13,KAKKANADU,MINI SAMUEL,INC,Woman,Woman,OpenDataKerala GitHub
2020,Alappuzha,Kayamkulam,14,MADRASA,A. ANSARI,INC,General,General,OpenDataKerala GitHub
2020,Alappuzha,Kayamkulam,15,RAILWAY STATION,GEETHA P,INC,Woman,Woman,OpenDataKerala GitHub
2020,Alappuzha,Kayamkulam,16,CHEPPALLIL,LEKHA MURALEEDHARAN,BJP,Woman,Woman,OpenDataKerala GitHub
2020,Alappuzha,Kayamkulam,17,KARIMUTTOM,BIJU R,CPI(M),General,General,OpenDataKerala GitHub
2020,Alappuzha,Kayamkulam,18,KOYPPALLY KARANMA,GANGADEVI,CPI(M),Woman,Woman,OpenDataKerala GitHub
2020,Alappuzha,Kayamkulam,19,PERUNGALA KIZHAKKU,MAYADEVI,CPI(M),Woman,Woman,OpenDataKerala GitHub
2020,Alappuzha,Kayamkulam,20,PERINGALA WEST,VIJAYASREE K,CPI,SC Woman,SC Woman,OpenDataKerala GitHub
2020,Alappuzha,Kayamkulam,21,NELLU GAVESHANAKENDRAM,BIJU NASARULLA,INC,General,General,OpenDataKerala GitHub
2020,Alappuzha,Kayamkulam,22,MURIKKUMMOODU,P SASIKALA,CPI(M),Woman,Woman,OpenDataKerala GitHub
2020,Alappuzha,Kayamkulam,23,PULLIKKANAKKU,C A AKHIL KUMAR,CPI(M),SC,SC,OpenDataKerala GitHub
2020,Alappuzha,Kayamkulam,24,INDUSTRIAL ESTATE,SHAMILA ANIMON,INDEPENDENT,General,General,OpenDataKerala GitHub
2020,Alappuzha,Kayamkulam,25,CHERAVALLI NORTH,SURYABIJU,CPI(M),Woman,Woman,OpenDataKerala GitHub
2020,Alappuzha,Kayamkulam,26,CHERAVALLY,S KESUNATH,CPI(M),General,General,OpenDataKerala GitHub
2020,Alappuzha,Kayamkulam,27,KALLUMMOODU,N SUKUMARI,CPI(M),SC Woman,SC Woman,OpenDataKerala GitHub
2020,Alappuzha,Kayamkulam,28,MENATHERIL,BIDU RAKHAVAN,INC,General,General,OpenDataKerala GitHub
2020,Alappuzha,Kayamkulam,29,AMBALAPPATTU,C S BASHA,INC,General,General,OpenDataKerala GitHub
2020,Alappuzha,Kayamkulam,30,THOTTAVILA GAVESHANAKENDRAM,BINU ASHOK,CPI(M),Woman,Woman,OpenDataKerala GitHub
2020,Alappuzha,Kayamkulam,31,KRISHNAPURAM TEMPLE,ADERSH J,CPI,General,General,OpenDataKerala GitHub
2020,Alappuzha,Kayamkulam,32,FACTORY,SANTHOSH KANIYAM PARAMBIL,BJP,General,General,OpenDataKerala GitHub
2020,Alappuzha,Kayamkulam,33,CHIRAKKADAVAM,LEKHASOMARAJAN,INC,Woman,Woman,OpenDataKerala GitHub
2020,Alappuzha,Kayamkulam,34,PUTHIYIDAM SOUTH,T RENJITHAM,CPI(M),Woman,Woman,OpenDataKerala GitHub
2020,Alappuzha,Kayamkulam,35,PUTHIYIDAM NORTH,P C ROY,INDEPENDENT,General,General,OpenDataKerala GitHub
2020,Alappuzha,Kayamkulam,36,MUNICIPAL OFFICE,K PUSHPADAS,INC,General,General,OpenDataKerala GitHub
2020,Alappuzha,Kayamkulam,37,COLLEGE,SULPHIKER,LJD,General,General,OpenDataKerala GitHub
2020,Alappuzha,Kayamkulam,38,POLY TECHNIC,A P SHAJAHAN,INC,General,General,OpenDataKerala GitHub
2020,Alappuzha,Kayamkulam,39,HOMOEO HOSPITAL,SHEEBA SHANAVAS,LJD,Woman,Woman,OpenDataKerala GitHub
2020,Alappuzha,Kayamkulam,40,KOTTAKKADAVU,SUMI AJEER,CPI(M),Woman,Woman,OpenDataKerala GitHub
2020,Alappuzha,Kayamkulam,41,MOOLASSERIL,REJI MAVANAL,CPI(M),General,General,OpenDataKerala GitHub
2020,Alappuzha,Kayamkulam,42,PULIMUKKU,HARILAL,CPI(M),General,General,OpenDataKerala GitHub
2020,Alappuzha,Kayamkulam,43,IKYA JUNCTION,NAVAS MUNDAKATHIL,IUML,General,General,OpenDataKerala GitHub
2020,Alappuzha,Kayamkulam,44,KANNAMBALLY,A J SHAJAHAN,INC,General,General,OpenDataKerala GitHub
2020,Alappuzha,Alappuzha,1,THUMPOLY,DR LINTA FRANCIS,CPI(M),Woman,Woman,OpenDataKerala GitHub
2020,Alappuzha,Alappuzha,2,KOMMADY,MONISHA SHYAM,CPI(M),Woman,Woman,OpenDataKerala GitHub
2020,Alappuzha,Alappuzha,3,POONTHOPPU,B MEHABOOB,INDEPENDENT,General,General,OpenDataKerala GitHub
2020,Alappuzha,Alappuzha,4,KALATH,A SHANAVAS,CPI(M),General,General,OpenDataKerala GitHub
2020,Alappuzha,Alappuzha,5,KOTTAMKULANGARA,MANU UPENDRAN,BJP,General,General,OpenDataKerala GitHub
2020,Alappuzha,Alappuzha,6,PUNNAMADA,SREELEKHA G,INC,Woman,Woman,OpenDataKerala GitHub
2020,Alappuzha,Alappuzha,7,NEHRUTROPHY,K K JAYAMMA,CPI(M),Woman,Woman,OpenDataKerala GitHub
2020,Alappuzha,Alappuzha,8,THIRUMALA,SWETHA S KUMAR,CPI(M),Woman,Woman,OpenDataKerala GitHub
2020,Alappuzha,Alappuzha,9,PALLATHURUTHY,BEENA RAMESH,CPI(M),Woman,Woman,OpenDataKerala GitHub
2020,Alappuzha,Alappuzha,10,KALARCODE,HARIKRISHNAN,BJP,General,General,OpenDataKerala GitHub
2020,Alappuzha,Alappuzha,11,KAITHAVANA,SAJESH CHAKKUPARAMBU,INC,General,General,OpenDataKerala GitHub
2020,Alappuzha,Alappuzha,12,PAZHAVEEDU,C ARAVINDAKSHAN,CPI(M),General,General,OpenDataKerala GitHub
2020,Alappuzha,Alappuzha,13,PALACE,P S FAISAL,INC,General,General,OpenDataKerala GitHub
2020,Alappuzha,Alappuzha,14,MULLACKAL,SATHIDEVI M G,NCP,General,General,OpenDataKerala GitHub
2020,Alappuzha,Alappuzha,15,DISTRICT COURT,R VINITHA,CPI,Woman,Woman,OpenDataKerala GitHub
2020,Alappuzha,Alappuzha,16,THATHAMPALLY,KOCHUTHRESIAMMA JOSEPH,INC,Woman,Woman,OpenDataKerala GitHub
2020,Alappuzha,Alappuzha,17,KARALAKAM,AMBILI ARAVIND,INC,Woman,Woman,OpenDataKerala GitHub
2020,Alappuzha,Alappuzha,18,AVALOOKUNNU,BIJI SANKAR,INC,Woman,Woman,OpenDataKerala GitHub
2020,Alappuzha,Alappuzha,19,KARUKAYIL,M R PREM,CPI(M),General,General,OpenDataKerala GitHub
2020,Alappuzha,Alappuzha,20,THONDANKULANGARA,RAKHI REJIKUMAR,CPI(M),Woman,Woman,OpenDataKerala GitHub
2020,Alappuzha,Alappuzha,21,ASRAMAM,GOPIKA VIJAYAPRASAD,CPI(M),Woman,Woman,OpenDataKerala GitHub
2020,Alappuzha,Alappuzha,22,MANNATHU,SUMAM SKANDAN,INC,Woman,Woman,OpenDataKerala GitHub
2020,Alappuzha,Alappuzha,23,KIDANGAMPARAMBU,K BABU,CPI(M),General,General,OpenDataKerala GitHub
2020,Alappuzha,Alappuzha,24,VAZHICHERRY,BINDHU THOMAS KALARICKAL,KC,General,General,OpenDataKerala GitHub
2020,Alappuzha,Alappuzha,25,MUNICIPAL OFFICE,A S KAVITHA,CPI(M),General,General,OpenDataKerala GitHub
2020,Alappuzha,Alappuzha,26,A.N. PURAM,SUMA,BJP,Woman,Woman,OpenDataKerala GitHub
2020,Alappuzha,Alappuzha,27,THIRUVAMPADY,R RAMESH,CPI,General,General,OpenDataKerala GitHub
2020,Alappuzha,Alappuzha,28,HOUSING COLONY,PRAJITHA U,CPI(M),Woman,Woman,OpenDataKerala GitHub
2020,Alappuzha,Alappuzha,29,SANATHANAPURAM,MANEESHA S,CPI(M),Woman,Woman,OpenDataKerala GitHub
2020,Alappuzha,Alappuzha,30,ERAVUKADU,SOUMYA RAJ,CPI(M),General,General,OpenDataKerala GitHub
2020,Alappuzha,Alappuzha,31,MULLATHUVALAPPU,SALIM MULLATH,SDPI,General,General,OpenDataKerala GitHub
2020,Alappuzha,Alappuzha,32,VALIYAMARAM,NAZEER PUNNACKAL,LJD,General,General,OpenDataKerala GitHub
2020,Alappuzha,Alappuzha,33,MUNICIPAL STADIUM,B AJESH,CPI(M),General,General,OpenDataKerala GitHub
2020,Alappuzha,Alappuzha,34,ALISSERY,MOHAMMED HUSSAIN,CPI,General,General,OpenDataKerala GitHub
2020,Alappuzha,Alappuzha,35,LAJANETH,RATHEESH P,PDP,SC,SC,OpenDataKerala GitHub
2020,Alappuzha,Alappuzha,36,VALIYAKULAM,B NAZEER,CPI,General,General,OpenDataKerala GitHub
2020,Alappuzha,Alappuzha,37,VATTAYAL,ILLICKAL KUNJUMON,INC,General,General,OpenDataKerala GitHub
2020,Alappuzha,Alappuzha,38,KUTHIRAPPANTHI,CLARAMMA PETER,CPI,Woman,Woman,OpenDataKerala GitHub
2020,Alappuzha,Alappuzha,39,GURUMANDIRAM,REMYA SURJITH,CPI(M),Woman,Woman,OpenDataKerala GitHub
2020,Alappuzha,Alappuzha,40,VADACKAL,MARY LEENA,CPI(M),Woman,Woman,OpenDataKerala GitHub
2020,Alappuzha,Alappuzha,41,BEACH,ELGIN RICHARD,CPI,General,General,OpenDataKerala GitHub
2020,Alappuzha,Alappuzha,42,RAILWAY STATION,PRABHA SASIKUMAR,CPI(M),Woman,Woman,OpenDataKerala GitHub
2020,Alappuzha,Alappuzha,43,ZACHARIA BAZAR,NAJITHA HARIS,CPI,General,General,OpenDataKerala GitHub
2020,Alappuzha,Alappuzha,44,CIVILSTATION,SIMI SHAFIKHAN,CPI(M),Woman,Woman,OpenDataKerala GitHub
2020,Alappuzha,Alappuzha,45,SEA VIEW,ADV REGO RAJU,INC,General,General,OpenDataKerala GitHub
2020,Alappuzha,Alappuzha,46,VADACANAL,P RAHIYANATH,CPI(M),Woman,Woman,OpenDataKerala GitHub
2020,Alappuzha,Alappuzha,47,POWER HOUSE,HELEN FERNANDEZ,CPI(M),Woman,Woman,OpenDataKerala GitHub
2020,Alappuzha,Alappuzha,48,CHATHANADU,K S JAYAN,CPI,General,General,OpenDataKerala GitHub
2020,Alappuzha,Alappuzha,49,ARATTUVAZHI,D P MADHU,CPI,General,General,OpenDataKerala GitHub
2020,Alappuzha,Alappuzha,50,KANJIRAMCHIRA,ELIZABETH P G,INC,Woman,Woman,OpenDataKerala GitHub
2020,Alappuzha,Alappuzha,51,KALAPPURA,JYOTHI PRAKASH,CPI(M),Woman,Woman,OpenDataKerala GitHub
2020,Alappuzha,Alappuzha,52,MANGALAM,JESSYMOL K A,INC,Woman,Woman,OpenDataKerala GitHub
2020,Alappuzha,Haripad,1,HOMOEO DISPENSARY,SUBI PREJITH,INC,Woman,Woman,OpenDataKerala GitHub
2020,Alappuzha,Haripad,2,THULAMPARAMPU NORTH,ADV. R RAJESH,CPI(M),General,General,OpenDataKerala GitHub
2020,Alappuzha,Haripad,3,KILIKKAKULANGARA,MINI S,INC,General,General,OpenDataKerala GitHub
2020,Alappuzha,Haripad,4,THRIPPAKKUDAM,BIJU MOHANAN,CPI(M),General,General,OpenDataKerala GitHub
2020,Alappuzha,Haripad,5,THULAMPARAMPU NADUVATHU,SREEJAKUMARI,INC,Woman,Woman,OpenDataKerala GitHub
2020,Alappuzha,Haripad,6,NAGARI,SREELATHA P S,BJP,Woman,Woman,OpenDataKerala GitHub
2020,Alappuzha,Haripad,7,AROOR L.P.S,NISHA G,INDEPENDENT,Woman,Woman,OpenDataKerala GitHub
2020,Alappuzha,Haripad,8,VATHUKULANGARA,NIRMALA KUMARI A,INC,Woman,Woman,OpenDataKerala GitHub
2020,Alappuzha,Haripad,9,P.H.C,S KRISHNA KUMAR,CPI(M),General,General,OpenDataKerala GitHub
2020,Alappuzha,Haripad,10,MANGAMKULANGARA,ANAZ A NAZEEM,CPI(M),General,General,OpenDataKerala GitHub
2020,Alappuzha,Haripad,11,PILAPPUZHA SOUTH,SAJINI SURENDRAN,CPI(M),Woman,Woman,OpenDataKerala GitHub
2020,Alappuzha,Haripad,12,NEDUNTHARA,A SANTHOSH,BJP,SC,SC,OpenDataKerala GitHub
2020,Alappuzha,Haripad,13,TRIVENI,VINU R NATH,RSP,General,General,OpenDataKerala GitHub
2020,Alappuzha,Haripad,14,EERICKAL,SUJA,CPI(M),Woman,Woman,OpenDataKerala GitHub
2020,Alappuzha,Haripad,15,MANIMANGALAM,MANJUSHA P,BJP,Woman,Woman,OpenDataKerala GitHub
2020,Alappuzha,Haripad,16,HOSPITAL,UMARANI P R,INC,Woman,Woman,OpenDataKerala GitHub
2020,Alappuzha,Haripad,17,R K JUNCTION,SREEVIVEK,INC,General,General,OpenDataKerala GitHub
2020,Alappuzha,Haripad,18,NANGIARKULANGARA,K M RAJU,INC,General,General,OpenDataKerala GitHub
2020,Alappuzha,Haripad,19,MAMPARA,MANJU SHAJI,INC,Woman,Woman,OpenDataKerala GitHub
2020,Alappuzha,Haripad,20,VETERINARY HOSPITAL,P VINODINI,CPI,Woman,Woman,OpenDataKerala GitHub
2020,Alappuzha,Haripad,21,THAIKOOTAM LAKSHAM VEEDU,SUBHASHINI K,BJP,SC Woman,SC Woman,OpenDataKerala GitHub
2020,Alappuzha,Haripad,22,SURESH MARKET,EAPEN JOHN,CPI(M),General,General,OpenDataKerala GitHub
2020,Alappuzha,Haripad,23,VETTUVENI,K K RAMAKRISHNAN,INC,General,General,OpenDataKerala GitHub
2020,Alappuzha,Haripad,24,D.K.N.M L.P SCHOOL,SURESH VETTUVENI,INC,General,General,OpenDataKerala GitHub
2020,Alappuzha,Haripad,25,K.S.R.T.C,NOBLE P S,BJP,General,General,OpenDataKerala GitHub
2020,Alappuzha,Haripad,26,TOWN,VRINDA S KUMAR,INC,Woman,Woman,OpenDataKerala GitHub
2020,Alappuzha,Haripad,27,THULAMPARAMPU SOUTH,SURUMI MOL P B,INC,Woman,Woman,OpenDataKerala GitHub
2020,Alappuzha,Haripad,28,DANAPADY,S RADHAMANIYAMMA,CPI(M),Woman,Woman,OpenDataKerala GitHub
2020,Alappuzha,Haripad,29,MANNARASALA,S NAGADAS,INDEPENDENT,General,General,OpenDataKerala GitHub
2020,Kottayam,Pala,1,PARAMALAKKUNNU,SHAJU V THURUTHEN,KC(M),General,General,OpenDataKerala GitHub
2020,Kottayam,Pala,2,MUNDUPALAM,JOSIN BINO,INDEPENDENT,Woman,Woman,OpenDataKerala GitHub
2020,Kottayam,Pala,3,MARKET,THOMAS PETER,KC(M),General,General,OpenDataKerala GitHub
2020,Kottayam,Pala,4,PLATHANAM,NEENA GEORGE,KC(M),Woman,Woman,OpenDataKerala GitHub
2020,Kottayam,Pala,5,KANATTUPARA,SATHI SASIKUMAR,INDEPENDENT,SC,SC,OpenDataKerala GitHub
2020,Kottayam,Pala,6,PULIMALAKKUNNU,BAIJU KOLLAMPARAMBIL,KC(M),General,General,OpenDataKerala GitHub
2020,Kottayam,Pala,7,KAVEEKUNNU,JOSE J CHEERAMKUZHY,KC(M),General,General,OpenDataKerala GitHub
2020,Kottayam,Pala,8,KOCHIDAPPADY,SIJI TONY,KC(M)PJJ,Woman,Woman,OpenDataKerala GitHub
2020,Kottayam,Pala,9,MOONNANI,LIJI BIJU,KC(M)PJJ,Woman,Woman,OpenDataKerala GitHub
2020,Kottayam,Pala,10,MONASTRY,ANTO JOSE PADINJAREKKARA,KC(M),General,General,OpenDataKerala GitHub
2020,Kottayam,Pala,11,CHETHIMATTOM,BINDHU MANU,INDEPENDENT,Woman,Woman,OpenDataKerala GitHub
2020,Kottayam,Pala,12,KIZHATHADIYOOR,JOSE EDETTU,KC(M)PJJ,General,General,OpenDataKerala GitHub
2020,Kottayam,Pala,13,MURIKKUMPUZHA,SANDHYA R,INDEPENDENT,Woman,Woman,OpenDataKerala GitHub
2020,Kottayam,Pala,14,PARIPPILKUNNU,SIJI PRASAD,INDEPENDENT,General,General,OpenDataKerala GitHub
2020,Kottayam,Pala,15,PALAMPURAYIDOM,ADV BINU PULICKAKANDAM,CPI(M),General,General,OpenDataKerala GitHub
2020,Kottayam,Pala,16,KANNADIYURUMBU,ANEY BIJOY,INC,Woman,Woman,OpenDataKerala GitHub
2020,Kottayam,Pala,17,12TH MILE,LISSYKUTTY MATHEW,INC,Woman,Woman,OpenDataKerala GitHub
2020,Kottayam,Pala,18,MUKKALIKKUNNU,PROF. SATHEESH CHOLLANI,INC,General,General,OpenDataKerala GitHub
2020,Kottayam,Pala,19,PALA,MAYA RAHUL,INC,Woman,Woman,OpenDataKerala GitHub
2020,Kottayam,Pala,20,LALOM,BIJI JOJO,KC(M),General,General,OpenDataKerala GitHub
2020,Kottayam,Pala,21,VELLAPPADU,PRINCE V C THAYYIL,INC,General,General,OpenDataKerala GitHub
2020,Kottayam,Pala,22,ARUNAPURAM,SAVIO KAVUKATTU,KC(M),General,General,OpenDataKerala GitHub
2020,Kottayam,Pala,23,COLLEGE WARD,JIMMY JOSEPH THAZHATHEL,INDEPENDENT,General,General,OpenDataKerala GitHub
2020,Kottayam,Pala,24,KOTTARAMATTOM,LEENA SUNNY,KC(M),Woman,Woman,OpenDataKerala GitHub
2020,Kottayam,Pala,25,NELLIYANI,MAYA PRADEEP,KC(M),Woman,Woman,OpenDataKerala GitHub
2020,Kottayam,Pala,26,PUTHENPALLIKKUNNU,SHEEBA GEO,NCP,Woman,Woman,OpenDataKerala GitHub
2020,Kottayam,Vaikom,1,UDAYANAPURAM,AYYAPPAN,INDEPENDENT,General,General,OpenDataKerala GitHub
2020,Kottayam,Vaikom,2,KARUVALLI,RAJASREE VENUGOPAL,INC,Woman,Woman,OpenDataKerala GitHub
2020,Kottayam,Vaikom,3,PERINCHILA,B CHANDRASEKHARAN,INC,General,General,OpenDataKerala GitHub
2020,Kottayam,Vaikom,4,CHALAPPARAMBU,KAVITHA RAJESH,CPI(M),Woman,Woman,OpenDataKerala GitHub
2020,Kottayam,Vaikom,5,INDUSTRIAL,RENUKA RETHEESH,INC,Woman,Woman,OpenDataKerala GitHub
2020,Kottayam,Vaikom,6,LINK ROAD,S INDIRADEVI,INDEPENDENT,Woman,Woman,OpenDataKerala GitHub
2020,Kottayam,Vaikom,7,CHEERAMKUNNUMPURAM,LEKHA ASOKAN,BJP,SC Woman,SC Woman,OpenDataKerala GitHub
2020,Kottayam,Vaikom,8,CHULLITHARA,ABRAHAM PAZHAYAKADAVAN,KC(M),General,General,OpenDataKerala GitHub
2020,Kottayam,Vaikom,9,PRAYIKKATHARA,P T SUBASH,INC,General,General,OpenDataKerala GitHub
2020,Kottayam,Vaikom,10,ARATTUKULAM,S HARIDASAN NAIR,CPI(M),General,General,OpenDataKerala GitHub
2020,Kottayam,Vaikom,11,PERUMPALLIYAZHAM,A C MANIYAMMA,INDEPENDENT,General,General,OpenDataKerala GitHub
2020,Kottayam,Vaikom,12,PUZHAVAYIKULANGARA,M K MAHESH,BJP,General,General,OpenDataKerala GitHub
2020,Kottayam,Vaikom,13,CONVENT,SINDHU SAJEEVAN,KC(M),General,General,OpenDataKerala GitHub
2020,Kottayam,Vaikom,14,THURUTHIKKARA,RAHUL P S,INC,SC,SC,OpenDataKerala GitHub
2020,Kottayam,Vaikom,15,KAYIPPURAM,R SANTHOSH,CPI,General,General,OpenDataKerala GitHub
2020,Kottayam,Vaikom,16,MUNICIPAL OFFICE,BINDU SHAJI,INC,Woman,Woman,OpenDataKerala GitHub
2020,Kottayam,Vaikom,17,MOOKAMBIKACHIRA,RADHIKA SYAM,INC,Woman,Woman,OpenDataKerala GitHub
2020,Kottayam,Vaikom,18,JAWAHAR WARD,O MOHANAKUMARY,BJP,Woman,Woman,OpenDataKerala GitHub
2020,Kottayam,Vaikom,19,V K VELAPPAN,LEKHA SREEKUMAR,CPI,Woman,Woman,OpenDataKerala GitHub
2020,Kottayam,Vaikom,20,MAHADEVAKSHETHRAM,K B GIRIJAKUMARY,BJP,Woman,Woman,OpenDataKerala GitHub
2020,Kottayam,Vaikom,21,L F CHURCH,PREETHA RAJESH,INC,Woman,Woman,OpenDataKerala GitHub
2020,Kottayam,Vaikom,22,E V R,B RAJASEKHARAN,INC,General,General,OpenDataKerala GitHub
2020,Kottayam,Vaikom,23,KARAYIL,SUSEELA M NAIR,CPI(M),Woman,Woman,OpenDataKerala GitHub
2020,Kottayam,Vaikom,24,KOVILAKATHUMKADAVU,K P SATHEESAN,CPI(M),General,General,OpenDataKerala GitHub
2020,Kottayam,Vaikom,25,POLASSERRY,BIJI MOL,INC,Woman,Woman,OpenDataKerala GitHub
2020,Kottayam,Vaikom,26,SREENARAYANAPURAM,ASOKAN VELLAVELY,CPI,General,General,OpenDataKerala GitHub
2020,Kottayam,Changanassery,1,KANNAMPEROOR,SMITHA SUNIL,CPI(M),Woman,Woman,OpenDataKerala GitHub
2020,Kottayam,Changanassery,2,ANNAPOORNESWARI TEMPLE,REJI KELAMMATTU,INC,General,General,OpenDataKerala GitHub
2020,Kottayam,Changanassery,3,POOVAKKATTUCHIRA,PRIYA RAJESH,CPI,Woman,Woman,OpenDataKerala GitHub
2020,Kottayam,Changanassery,4,ARAMANA,BEENA GIJAN,INC,Woman,Woman,OpenDataKerala GitHub
2020,Kottayam,Changanassery,5,GATHSAMANI PALLY,ELSAMMA JOB,KC(M)PJJ,Woman,Woman,OpenDataKerala GitHub
2020,Kottayam,Changanassery,6,MORKULANGARA,K R PRAKASH,CPI(M),General,General,OpenDataKerala GitHub
2020,Kottayam,Changanassery,7,S B HIGH SCHOOL,JOMY JOSEPH,INC,General,General,OpenDataKerala GitHub
2020,Kottayam,Changanassery,8,ANANDASRAMAM,LIZY VARGHESE,INC,Woman,Woman,OpenDataKerala GitHub
2020,Kottayam,Changanassery,9,KURISUMMOODU,SHINY SHAJI (SHINY VARGHESE),INC,Woman,Woman,OpenDataKerala GitHub
2020,Kottayam,Changanassery,10,PAREL PALLY,MATHEWS GEORGE,JKC,General,General,OpenDataKerala GitHub
2020,Kottayam,Changanassery,11,RAILWAY STATION,TESSA VARGHESE,KC(M),Woman,Woman,OpenDataKerala GitHub
2020,Kottayam,Changanassery,12,S H SCHOOL,ADV. P A NAZEER,CPI(M),General,General,OpenDataKerala GitHub
2020,Kottayam,Changanassery,13,PUTHOOR PALLY,USHA MOHAMMED SHAJI,CPI(M),Woman,Woman,OpenDataKerala GitHub
2020,Kottayam,Changanassery,14,NSS COLLEGE,K M NAJIYA,INC,Woman,Woman,OpenDataKerala GitHub
2020,Kottayam,Changanassery,15,THIRUMALA TEMPLE,SANDHYA MANOJ,INDEPENDENT,General,General,OpenDataKerala GitHub
2020,Kottayam,Changanassery,16,FATHIMAPURAM NORTH,MOLAMMA SEBASTIAN,KC(M)PJJ,Woman,Woman,OpenDataKerala GitHub
2020,Kottayam,Changanassery,17,FATHIMAPURAM SOUTH,RAJU CHACKO,INC,General,General,OpenDataKerala GitHub
2020,Kottayam,Changanassery,18,EROOPPA,ARUN MOHAN,CPI(M),General,General,OpenDataKerala GitHub
2020,Kottayam,Changanassery,19,PERUNNA EAST,PRASANNA KUMARI,BJP,General,General,OpenDataKerala GitHub
2020,Kottayam,Changanassery,20,MANNAM NAGAR,KRISHNAKUMARI RAJASEKHARAN,CPI(M),Woman,Woman,OpenDataKerala GitHub
2020,Kottayam,Changanassery,21,PERUNNA TEMPLE,L VIJAYALAKSHMI,BJP,Woman,Woman,OpenDataKerala GitHub
2020,Kottayam,Changanassery,22,PANACHIKKAVU TEMPLE,MURUKAN,CPI(M),SC,SC,OpenDataKerala GitHub
2020,Kottayam,Changanassery,23,PERUNNA WEST (NEW),ASHA SIVAKUMAR,CPI(M),SC Woman,SC Woman,OpenDataKerala GitHub
2020,Kottayam,Changanassery,24,MANACKACHIRA,SYAM SAMSON,INC,General,General,OpenDataKerala GitHub
2020,Kottayam,Changanassery,25,VETTADI,KUNJUMOL SABU,CPI(M),Woman,Woman,OpenDataKerala GitHub
2020,Kottayam,Changanassery,26,LAKSHMIPURAM PALACE,VINEETHA S NAIR,CPI(M),Woman,Woman,OpenDataKerala GitHub
2020,Kottayam,Changanassery,27,KOTTARAM TEMPLE,SUMA SHINE,KC(M)PJJ,Woman,Woman,OpenDataKerala GitHub
2020,Kottayam,Changanassery,28,ANANDAPURAM,SMITHA SURESH,INDEPENDENT,SC Woman,SC Woman,OpenDataKerala GitHub
2020,Kottayam,Changanassery,29,FIRE STATION,P A NISSAR,CPI(M),General,General,OpenDataKerala GitHub
2020,Kottayam,Changanassery,30,VALIYA PALLY,BEENA JOBY,INDEPENDENT,Woman,Woman,OpenDataKerala GitHub
2020,Kottayam,Changanassery,31,BOAT JETTY,SANTHOSH ANTONY,KC(M)PJJ,General,General,OpenDataKerala GitHub
2020,Kottayam,Changanassery,32,MANJADIKKARA,ADV. MADHURAJ,INDEPENDENT,General,General,OpenDataKerala GitHub
2020,Kottayam,Changanassery,33,MARKET,VARGHESE THOMAS,INC,General,General,OpenDataKerala GitHub
2020,Kottayam,Changanassery,34,YMCA,BENNY JOSEPH,INDEPENDENT,General,General,OpenDataKerala GitHub
2020,Kottayam,Changanassery,35,KANDATHILPARAMPU,GEETHA AJI,CPI(M),Woman,Woman,OpenDataKerala GitHub
2020,Kottayam,Changanassery,36,VAZHAPPALLY TEMPLE,ADV. R SIVAKUMAR,CPI(M),General,General,OpenDataKerala GitHub
2020,Kottayam,Changanassery,37,KUTTISSERIKKADAVU,VISHNUDAS P R,BJP,General,General,OpenDataKerala GitHub
2020,Kottayam,Kottayam,1,GANDHI NAGAR NORTH,SABU MATHEW,INC,General,General,OpenDataKerala GitHub
2020,Kottayam,Kottayam,2,SANKRANTHI,MUHAMMED SHERIFF (M A SHAJI),INC,General,General,OpenDataKerala GitHub
2020,Kottayam,Kottayam,3,PARAMPUZHA,LISSY KURIAN,INC,Woman,Woman,OpenDataKerala GitHub
2020,Kottayam,Kottayam,4,PALLIPPURAM,SINDHU JAYAKUMAR,CPI(M),Woman,Woman,OpenDataKerala GitHub
2020,Kottayam,Kottayam,5,NATTASSERY,VINU R MOHAN,BJP,General,General,OpenDataKerala GitHub
2020,Kottayam,Kottayam,6,PUTHETTU,DIVYA SUJITH,BJP,Woman,Woman,OpenDataKerala GitHub
2020,Kottayam,Kottayam,7,KUMARANALLOOR TOWN,SHINY,CPI(M),Woman,Woman,OpenDataKerala GitHub
2020,Kottayam,Kottayam,8,TEMPLE WARD,ANILKUMAR T R,BJP,General,General,OpenDataKerala GitHub
2020,Kottayam,Kottayam,9,S H MOUNT,T C ROY,INC,General,General,OpenDataKerala GitHub
2020,Kottayam,Kottayam,10,PULLARIKUNNU,ASHLY SHAJI,CPI(M),Woman,Woman,OpenDataKerala GitHub
2020,Kottayam,Kottayam,11,MALLUSSERRY,M S VENUKUTTAN,CPI(M),General,General,OpenDataKerala GitHub
2020,Kottayam,Kottayam,12,NAGAMPADOM NORTH,SHYNI PHILIP,INC,Woman,Woman,OpenDataKerala GitHub
2020,Kottayam,Kottayam,13,NAGAMPADOM SOUTH,CINCY PAREL,INC,Woman,Woman,OpenDataKerala GitHub
2020,Kottayam,Kottayam,14,MULLENKUZHY,MOLLYKUTTY SEBASTIAN,INC,Woman,Woman,OpenDataKerala GitHub
2020,Kottayam,Kottayam,15,MOUNT CARMEL,AJITH POOZHITHARA,CPI(M),General,General,OpenDataKerala GitHub
2020,Kottayam,Kottayam,16,KANJIKUZHY,JIBY JOHN,CPI(M),General,General,OpenDataKerala GitHub
2020,Kottayam,Kottayam,17,DEVALOKAM,JULIUS CHACKO,INC,General,General,OpenDataKerala GitHub
2020,Kottayam,Kottayam,18,MUTTAMBALAM,SURESH P D,CPI(M),General,General,OpenDataKerala GitHub
2020,Kottayam,Kottayam,19,COLLECTORATE,REEBA VARKEY,CPI(M),Woman,Woman,OpenDataKerala GitHub
2020,Kottayam,Kottayam,20,CATHEDRAL,JAYAMOL JOSEPH,INC,Woman,Woman,OpenDataKerala GitHub
2020,Kottayam,Kottayam,21,THIRUNAKKARA,B GOPAKUMAR,INC,General,General,OpenDataKerala GitHub
2020,Kottayam,Kottayam,22,CHIRAYILPADAM,S JAYAKRISHNAN,INC,General,General,OpenDataKerala GitHub
2020,Kottayam,Kottayam,23,PUTHENANGADI,JANCY JACOB,INC,Woman,Woman,OpenDataKerala GitHub
2020,Kottayam,Kottayam,24,THIRUVATHUKKAL,ADV. TOM KORAH ANCHERIL,INC,General,General,OpenDataKerala GitHub
2020,Kottayam,Kottayam,25,PALLIKONAM,JISHA JOSHY,CPI(M),SC Woman,SC Woman,OpenDataKerala GitHub
2020,Kottayam,Kottayam,26,PULINACKKAL,M P SANTHOSHKUMAR,INC,General,General,OpenDataKerala GitHub
2020,Kottayam,Kottayam,27,PATHINARILCHIRA,T N MANOJ,CMP,General,General,OpenDataKerala GitHub
2020,Kottayam,Kottayam,28,KARAPUZHA,N N VINOD,CPI,General,General,OpenDataKerala GitHub
2020,Kottayam,Kottayam,29,KODIMATHA NORTH,N JAYACHANDRAN,INC,General,General,OpenDataKerala GitHub
2020,Kottayam,Kottayam,30,MUPPAYIKADU,K U REGHU,BJP,SC,SC,OpenDataKerala GitHub
2020,Kottayam,Kottayam,31,MOOLAVATTOM,SHEENA BINU,INC,General,General,OpenDataKerala GitHub
2020,Kottayam,Kottayam,32,KAKKUR MUTHENMALI,P N SARASAMMAL,CPI(M),Woman,Woman,OpenDataKerala GitHub
2020,Kottayam,Kottayam,33,CHETTIKUNNU,ABY KUNNELPARAMBIL,CPI,General,General,OpenDataKerala GitHub
2020,Kottayam,Kottayam,34,POWER HOUSE,SUNU SARA JOHN,Con(S),Woman,Woman,OpenDataKerala GitHub
2020,Kottayam,Kottayam,35,PANNIMATTOM,DHANNYAMMA RAJ (DHANYA GIREESH),INC,Woman,Woman,OpenDataKerala GitHub
2020,Kottayam,Kottayam,36,CHINGAVANAM,JOSE PALLIKUNNEL,KC(M),General,General,OpenDataKerala GitHub
2020,Kottayam,Kottayam,37,PALAMOODU,LISI MANIMALA,INC,Woman,Woman,OpenDataKerala GitHub
2020,Kottayam,Kottayam,38,PUTHENTHODU,SUSAN K XAVIER,INC,Woman,Woman,OpenDataKerala GitHub
2020,Kottayam,Kottayam,39,MAVILANGU,JAMES PULLAMPARAMBIL,CPI(M),General,General,OpenDataKerala GitHub
2020,Kottayam,Kottayam,40,PALLAM,DIVYAMOL,CPI(M),Woman,Woman,OpenDataKerala GitHub
2020,Kottayam,Kottayam,41,KANNADIKKADAVU,K SANKARAN,BJP,General,General,OpenDataKerala GitHub
2020,Kottayam,Kottayam,42,MARIYAPPALLY,JAYA TEACHER,BJP,Woman,Woman,OpenDataKerala GitHub
2020,Kottayam,Kottayam,43,THURAMUKHAM,DEEPAMOL,CPI(M),Woman,Woman,OpenDataKerala GitHub
2020,Kottayam,Kottayam,44,KODIMATHA SOUTH,ADV. SHEEJA ANIL,CPI(M),Woman,Woman,OpenDataKerala GitHub
2020,Kottayam,Kottayam,45,KANJIRAM,SHEELA SATHEESH,CPI(M),Woman,Woman,OpenDataKerala GitHub
2020,Kottayam,Kottayam,46,PANAMPADY,C G RENJITH,CPI(M),General,General,OpenDataKerala GitHub
2020,Kottayam,Kottayam,47,ILLIKKAL,BINDHU SANTHOSHKUMAR,INC,Woman,Woman,OpenDataKerala GitHub
2020,Kottayam,Kottayam,48,THAZHATHANGADY,SHEBA MARKOSE,KC,Woman,Woman,OpenDataKerala GitHub
2020,Kottayam,Kottayam,49,PAZHAYA SEMINARY,DR. SONA P R,INC,SC Woman,SC Woman,OpenDataKerala GitHub
2020,Kottayam,Kottayam,50,VARISSERY,BIJUKUMAR PARACKAL,BJP,General,General,OpenDataKerala GitHub
2020,Kottayam,Kottayam,51,THUTHUTTY,M T MOHANAN,CPI(M),General,General,OpenDataKerala GitHub
2020,Kottayam,Kottayam,52,GANDHI NAGAR SOUTH,BINCY SEBASTIAN,INDEPENDENT,General,General,OpenDataKerala GitHub
2020,Kottayam,Ettumanoor,1,KODUVATHANAM,V. S VISHWANADHAN,INC,General,General,OpenDataKerala GitHub
2020,Kottayam,Ettumanoor,2,KUREECHIRA,LOVELY GEORGE PADIKARA,INC,Woman,Woman,OpenDataKerala GitHub
2020,Kottayam,Ettumanoor,3,VALLIKAD,BEENA SHAJI,INDEPENDENT,General,General,OpenDataKerala GitHub
2020,Kottayam,Ettumanoor,4,MANGARA,SIBY CHIRAYIL,KC(M)PJJ,General,General,OpenDataKerala GitHub
2020,Kottayam,Ettumanoor,5,CLAMATTOM,THANKACHAN KONIKKAL,INC,General,General,OpenDataKerala GitHub
2020,Kottayam,Ettumanoor,6,MARAGHATTIKALA,E S BIJU,CPI(M),General,General,OpenDataKerala GitHub
2020,Kottayam,Ettumanoor,7,KATTACHIRA,NANCY JAIMON,INC,Woman,Woman,OpenDataKerala GitHub
2020,Kottayam,Ettumanoor,8,NADUVATHERI,THRESIAMMA MATHEW VAKKATHUMALIL,INC,Woman,Woman,OpenDataKerala GitHub
2020,Kottayam,Ettumanoor,9,PUNNATHURA,PRIYA SAJEEV,INC,Woman,Woman,OpenDataKerala GitHub
2020,Kottayam,Ettumanoor,10,VETTIMUKAL,SUNITHA BINESH,INDEPENDENT,Woman,Woman,OpenDataKerala GitHub
2020,Kottayam,Ettumanoor,11,MADAPPADU,MANJU ALOSH,CPI(M),Woman,Woman,OpenDataKerala GitHub
2020,Kottayam,Ettumanoor,12,VALLIYAMPOYKA,PREETHI RAJESH,CPI(M),Woman,Woman,OpenDataKerala GitHub
2020,Kottayam,Ettumanoor,13,ETTUMANOOR EAST,JOSHYMON( P S VINOD),CPI(M),General,General,OpenDataKerala GitHub
2020,Kottayam,Ettumanoor,14,PEROOR,JACOB P MANI,CPI(M),General,General,OpenDataKerala GitHub
2020,Kottayam,Ettumanoor,15,PAREKKADAVU,AJISREE MURALI,BJP,General,General,OpenDataKerala GitHub
2020,Kottayam,Ettumanoor,16,PULIMOODU,RADHIKA REMESH,BJP,Woman,Woman,OpenDataKerala GitHub
2020,Kottayam,Ettumanoor,17,J.B.L.P.S,KSHEMA ABHILASH,CPI(M),Woman,Woman,OpenDataKerala GitHub
2020,Kottayam,Ettumanoor,18,POOVATHUMOODU,SINDHU KARUTHEDATH,INDEPENDENT,Woman,Woman,OpenDataKerala GitHub
2020,Kottayam,Ettumanoor,19,PAZHAYAPLATH,JOHNY VARGHESE,CPI(M),General,General,OpenDataKerala GitHub
2020,Kottayam,Ettumanoor,20,MAMOODU,MATHEW KURIAN (BABU KATTARKUNNEL),INC,General,General,OpenDataKerala GitHub
2020,Kottayam,Ettumanoor,21,THELAKATHUSERRY,JAYAMOHAN K B,KC(M)PJJ,SC,SC,OpenDataKerala GitHub
2020,Kottayam,Ettumanoor,22,THELLAKOM,TOMMY KURUVILA,INC,General,General,OpenDataKerala GitHub
2020,Kottayam,Ettumanoor,23,MANNAMALA,BINOY K CHERIAN,INDEPENDENT,General,General,OpenDataKerala GitHub
2020,Kottayam,Ettumanoor,24,KANDAMCHIRA,AJITHA SHAJI,INC,SC Woman,SC Woman,OpenDataKerala GitHub
2020,Kottayam,Ettumanoor,25,UNIVERSITY,SOMAN M K,CPI(M),General,General,OpenDataKerala GitHub
2020,Kottayam,Ettumanoor,26,CHERUVANDOOR,DR S BEENA,CPI(M),Woman,Woman,OpenDataKerala GitHub
2020,Kottayam,Ettumanoor,27,ETTUMANOOR,SOBHANAKUMARI K K ( SOBHA TEACHER),BJP,SC Woman,SC Woman,OpenDataKerala GitHub
2020,Kottayam,Ettumanoor,28,M.H.C,VIJI FRANCIS,KC(M),Woman,Woman,OpenDataKerala GitHub
2020,Kottayam,Ettumanoor,29,PAROLICKAL,JESSY JACOB,INDEPENDENT,Woman,Woman,OpenDataKerala GitHub
2020,Kottayam,Ettumanoor,30,CARITHAS,ANSU JOSEPH,INC,Woman,Woman,OpenDataKerala GitHub
2020,Kottayam,Ettumanoor,31,101 KAVALA,BIBISH ( ABY VELIMATTATHIL),KC(M),General,General,OpenDataKerala GitHub
2020,Kottayam,Ettumanoor,32,ETTUMANOOR TOWN,VIJI GEORGE CHAVARA,INDEPENDENT,Woman,Woman,OpenDataKerala GitHub
2020,Kottayam,Ettumanoor,33,KACHERI,RESMI SHYAM,BJP,Woman,Woman,OpenDataKerala GitHub
2020,Kottayam,Ettumanoor,34,KANNARAMUKAL,USHA SURESH,BJP,General,General,OpenDataKerala GitHub
2020,Kottayam,Ettumanoor,35,AMBALAM,SURESH R NAIR,BJP,General,General,OpenDataKerala GitHub
2020,Kottayam,Erattupetta,1,EDATUMKUNNU,SAJEER ISMAIL,CPI(M),General,General,OpenDataKerala GitHub
2020,Kottayam,Erattupetta,2,KALLUTHAZHAM,SHYMA RASAK,CPI,Woman,Woman,OpenDataKerala GitHub
2020,Kottayam,Erattupetta,3,VATTAKKAYAM,SUNITHA ISMAIL,INDEPENDENT,Woman,Woman,OpenDataKerala GitHub
2020,Kottayam,Erattupetta,4,NADOOPARAMBU,RIYAS VAZHAMATTOM,INDEPENDENT,General,General,OpenDataKerala GitHub
2020,Kottayam,Erattupetta,5,MURIKKOLIL,FATHIMA SHAHUL,SDPI,Woman,Woman,OpenDataKerala GitHub
2020,Kottayam,Erattupetta,6,MATHAKKAL,S K NOUFAL,WPI,General,General,OpenDataKerala GitHub
2020,Kottayam,Erattupetta,7,KATTAMALA,ADV.MUHAMMED ILLYAS,INC,General,General,OpenDataKerala GitHub
2020,Kottayam,Erattupetta,8,ELAKAYAM,SUHARA ABDUL KHADER,IUML,Woman,Woman,OpenDataKerala GitHub
2020,Kottayam,Erattupetta,9,KARACKAD,SUNILKUMAR K,IUML,SC,SC,OpenDataKerala GitHub
2020,Kottayam,Erattupetta,10,THEVARUPARA,NOUFIYA ESMAYIL,SDPI,Woman,Woman,OpenDataKerala GitHub
2020,Kottayam,Erattupetta,11,KUTTIMARAMPARAMBU,ABDUL LATHEEF K M,SDPI,General,General,OpenDataKerala GitHub
2020,Kottayam,Erattupetta,12,PATHAZHAPADY,NASEERA A K,SDPI,Woman,Woman,OpenDataKerala GitHub
2020,Kottayam,Erattupetta,13,MULAMTHANAM,SHEFNA AMEEN,IUML,Woman,Woman,OpenDataKerala GitHub
2020,Kottayam,Erattupetta,14,KOLLAMPARAMBU,FASILA ABSAR,IUML,Woman,Woman,OpenDataKerala GitHub
2020,Kottayam,Erattupetta,15,SAFANAGAR,NAZAR VELLOOPARAMBIL,IUML,General,General,OpenDataKerala GitHub
2020,Kottayam,Erattupetta,16,KUZHIVELY,ANSALNA PARIKUTTY,INC,Woman,Woman,OpenDataKerala GitHub
2020,Kottayam,Erattupetta,17,SASTHAMKUNNU,HABEEB T A,CPI(M),General,General,OpenDataKerala GitHub
2020,Kottayam,Erattupetta,18,MATTACKADU,RISWANA SAVAD,CPI(M),Woman,Woman,OpenDataKerala GitHub
2020,Kottayam,Erattupetta,19,VANCHANKAL,P M ABDUL KHADER,IUML,General,General,OpenDataKerala GitHub
2020,Kottayam,Erattupetta,20,TOWN WARD,DR. SAHLA FIRDAUS,WPI,Woman,Woman,OpenDataKerala GitHub
2020,Kottayam,Erattupetta,21,THADAVANAL,FAISAL P R,CPI(M),General,General,OpenDataKerala GitHub
2020,Kottayam,Erattupetta,22,MUTHARAMKUNNU,FATHIMA MAHEEN,SDPI,Woman,Woman,OpenDataKerala GitHub
2020,Kottayam,Erattupetta,23,ANIPPADY,ANSAR PULLOLIL,INC,General,General,OpenDataKerala GitHub
2020,Kottayam,Erattupetta,24,CHIRAPPARA,K P SIYAD,CPI(M),General,General,OpenDataKerala GitHub
2020,Kottayam,Erattupetta,25,KALLOLIL,ANAS PARAYIL,CPI(M),General,General,OpenDataKerala GitHub
2020,Kottayam,Erattupetta,26,KONDOORMALA,FASIL RASHEED,INC,General,General,OpenDataKerala GitHub
2020,Kottayam,Erattupetta,27,BLOCK OFFICE,FATHIMA SUHANA JIYAS,CPI(M),Woman,Woman,OpenDataKerala GitHub
2020,Kottayam,Erattupetta,28,ARUVITHURA,LEENA JAMES,KC(M),Woman,Woman,OpenDataKerala GitHub
2020,Idukki,Thodupuzha,1,VENGALLOOR WARD,RAJI AJESH,INC,SC Woman,SC Woman,OpenDataKerala GitHub
2020,Idukki,Thodupuzha,2,GURU ITC WARD,SAJMI SHIMNAS,CPI(M),Woman,Woman,OpenDataKerala GitHub
2020,Idukki,Thodupuzha,3,VENGATHANAM WARD,DEEPAK.K,INC,General,General,OpenDataKerala GitHub
2020,Idukki,Thodupuzha,4,MADATHIKANDAM WARD,JISHA BINU,BJP,General,General,OpenDataKerala GitHub
2020,Idukki,Thodupuzha,5,MUNICIPAL UP SCHOOL WARD,NIDHI MANOJ,CPI(M),Woman,Woman,OpenDataKerala GitHub
2020,Idukki,Thodupuzha,6,AMBALAM WARD,JAYALAKSHMI GOPAN,BJP,Woman,Woman,OpenDataKerala GitHub
2020,Idukki,Thodupuzha,7,BHS WARD,MUHEMMED AFSAL,CPI,General,General,OpenDataKerala GitHub
2020,Idukki,Thodupuzha,8,VADAKKUMURRY WARD,SAFIYA JABBAR,IUML,Woman,Woman,OpenDataKerala GitHub
2020,Idukki,Thodupuzha,9,PETTENADU WARD,JESSY JOHNY,INDEPENDENT,General,General,OpenDataKerala GitHub
2020,Idukki,Thodupuzha,10,HOLY FAMILY HOSPITAL WARD,SANU KRISHNAN,INC,SC,SC,OpenDataKerala GitHub
2020,Idukki,Thodupuzha,11,KALLUMARRY WARD,MATHEW JOSEPH,KC(M)PJJ,General,General,OpenDataKerala GitHub
2020,Idukki,Thodupuzha,12,KAROOPPARA WARD,SANISH GEORGE,INDEPENDENT,General,General,OpenDataKerala GitHub
2020,Idukki,Thodupuzha,13,PATTAYAMKAVALA WARD,SIJI RASHEED KKR,CPI(M),Woman,Woman,OpenDataKerala GitHub
2020,Idukki,Thodupuzha,14,MUTHALAKODAM WARD,SHAHNA JAFFER,IUML,Woman,Woman,OpenDataKerala GitHub
2020,Idukki,Thodupuzha,15,UNDAPLAVU WARD,RASIYA KASSIM,IUML,Woman,Woman,OpenDataKerala GitHub
2020,Idukki,Thodupuzha,16,BTM SCHOOL WARD,SABIRA JALEEL,IUML,Woman,Woman,OpenDataKerala GitHub
2020,Idukki,Thodupuzha,17,KUMMAMKALLU WARD,SABEENA BINJU,INDEPENDENT,General,General,OpenDataKerala GitHub
2020,Idukki,Thodupuzha,18,MALEPPARAMBU WARD,ABDUL KAREEM,IUML,General,General,OpenDataKerala GitHub
2020,Idukki,Thodupuzha,19,KEERIKODE WARD,NISA SAKKEER,INDEPENDENT,Woman,Woman,OpenDataKerala GitHub
2020,Idukki,Thodupuzha,20,MUTHALIYARMADOM WARD,SHEEJA SHAHUL HAMEED,INC,Woman,Woman,OpenDataKerala GitHub
2020,Idukki,Thodupuzha,21,COLLEGE WARD,SREELAKSHMI K SUDEEP,BJP,Woman,Woman,OpenDataKerala GitHub
2020,Idukki,Thodupuzha,22,MARAMKUNNU WARD,JITHESH C,BJP,General,General,OpenDataKerala GitHub
2020,Idukki,Thodupuzha,23,MUNICIPAL OFFICE WARD,P G RAJASEKHARAN,BJP,General,General,OpenDataKerala GitHub
2020,Idukki,Thodupuzha,24,KANJIRAMATTOM WARD,T S RAJAN,BJP,General,General,OpenDataKerala GitHub
2020,Idukki,Thodupuzha,25,OLAMATTOM WARD,MINI MADHU,INDEPENDENT,Woman,Woman,OpenDataKerala GitHub
2020,Idukki,Thodupuzha,26,ARACKAPPARA WARD,SHEEN VARGHESE,KC(M),General,General,OpenDataKerala GitHub
2020,Idukki,Thodupuzha,27,KOTHAIKUNNU WARD,ADV. JOSEPH JOHN,KC(M)PJJ,General,General,OpenDataKerala GitHub
2020,Idukki,Thodupuzha,28,CHUNKOM WARD,JOSE MADATHIL,INDEPENDENT,General,General,OpenDataKerala GitHub
2020,Idukki,Thodupuzha,29,KOLANI WARD,MERLY RAJU,CPI(M),Woman,Woman,OpenDataKerala GitHub
2020,Idukki,Thodupuzha,30,NADUKKANDOM WARD,R. HARI,CPI(M),General,General,OpenDataKerala GitHub
2020,Idukki,Thodupuzha,31,PARAKKADAVU WARD,KAVITHA AJI,CPI(M),Woman,Woman,OpenDataKerala GitHub
2020,Idukki,Thodupuzha,32,AMARAMKAVU WARD,KAVITHA VENU,BJP,Woman,Woman,OpenDataKerala GitHub
2020,Idukki,Thodupuzha,33,CO-OPERATIVE HOSPITAL WARD,NEENU PRASANTH,INC,Woman,Woman,OpenDataKerala GitHub
2020,Idukki,Thodupuzha,34,RIVER VIEW WARD,PROF. JESSY ANTONY,KC(M),General,General,OpenDataKerala GitHub
2020,Idukki,Thodupuzha,35,MANAKKAD WARD,BINDU PADMAKUMAR,BJP,Woman,Woman,OpenDataKerala GitHub
2020,Idukki,Kattappana,1,VAZHAVARA,JESSY BENNY,INC,General,General,OpenDataKerala GitHub
2020,Idukki,Kattappana,2,NIRMALACITY,BENNY KURIAN,INDEPENDENT,Woman,Woman,OpenDataKerala GitHub
2020,Idukki,Kattappana,3,SOCIETY,JULIE ROY,KC,General,General,OpenDataKerala GitHub
2020,Idukki,Kattappana,4,KONGINIPPADAVU,ALEYAMMA KURIAKOSE,INC,General,General,OpenDataKerala GitHub
2020,Idukki,Kattappana,5,VELLAYAMKUDY,BEENA SIBY,INDEPENDENT,Woman,Woman,OpenDataKerala GitHub
2020,Idukki,Kattappana,6,VETTIKKUZHAKAVALA,ALEYAMMA @ SHINY SUNNY CHERIAN,INC,General,General,OpenDataKerala GitHub
2020,Idukki,Kattappana,7,NATHUKALLU,RAJAN KALACHIRA,INC,Woman,Woman,OpenDataKerala GitHub
2020,Idukki,Kattappana,8,KALLUKUNNU,DHANYA ANIL,CPI(M),SC,SC,OpenDataKerala GitHub
2020,Idukki,Kattappana,9,PEZHUMKAVALA,SIJOMON JOSE,CPI(M),Woman,Woman,OpenDataKerala GitHub
2020,Idukki,Kattappana,10,VALIYAPARA,SIJU CHAKKUMMOOTTIL,INC,Woman,Woman,OpenDataKerala GitHub
2020,Idukki,Kattappana,11,KOCHUTHOVALA NORTH,BEENA TOMY,INC,General,General,OpenDataKerala GitHub
2020,Idukki,Kattappana,12,KOCHUTHOVALA,SIBY PARAPPAYIL,INC,Woman,Woman,OpenDataKerala GitHub
2020,Idukki,Kattappana,13,ANAKUTHY,JOSE AUGUSTIN,INC,Woman,Woman,OpenDataKerala GitHub
2020,Idukki,Kattappana,14,PARAKKADAVU,JOHNY KULAMPALLY,INC,Woman,Woman,OpenDataKerala GitHub
2020,Idukki,Kattappana,15,PULIYANMALA,SUDHARMA MOHANAN,CPI(M),General,General,OpenDataKerala GitHub
2020,Idukki,Kattappana,16,AMBALAPPARA,BINDHU LATHA RAJU,CPI,Woman,Woman,OpenDataKerala GitHub
2020,Idukki,Kattappana,17,KATTAPPANA,JANCY BABY,KC(M)PJJ,General,General,OpenDataKerala GitHub
2020,Idukki,Kattappana,18,KUNTHALAMPARA NORTH,V M SEBASTIAN (JOY VETTIKKUZHY),INC,SC,SC,OpenDataKerala GitHub
2020,Idukki,Kattappana,19,KUNTHALAMPARA SOUTH,IBYMOL,INC,General,General,OpenDataKerala GitHub
2020,Idukki,Kattappana,20,PALLIKAVALA,SONIA JAIBY,KC(M)PJJ,General,General,OpenDataKerala GitHub
2020,Idukki,Kattappana,21,ERUPATHEKKAR,SHAJI THANKACHAN,CPI(M),General,General,OpenDataKerala GitHub
2020,Idukki,Kattappana,22,AMBALAKKAVALA,MAYA BIJU,INC,General,General,OpenDataKerala GitHub
2020,Idukki,Kattappana,23,METTUKKUZHI,P J JOHN (THANKACHAN PURAYIDATHIL),BJP,Woman,Woman,OpenDataKerala GitHub
2020,Idukki,Kattappana,24,VALLAKKADAVU,ADV K J BENNY,INC,Woman,Woman,OpenDataKerala GitHub
2020,Idukki,Kattappana,25,KADAMAKKUZHY,MANOJ MUALY,INC,Woman,Woman,OpenDataKerala GitHub
2020,Idukki,Kattappana,26,NARIAMPARA,SAJIMOL SHAJI,INC,General,General,OpenDataKerala GitHub
2020,Idukki,Kattappana,27,THOVARAYAR,LEELAMMA BABY,BJP,General,General,OpenDataKerala GitHub
2020,Idukki,Kattappana,28,ITI KUNNU,SHAJI KOOTHODIYIL,KC(M),Woman,Woman,OpenDataKerala GitHub
2020,Idukki,Kattappana,29,VALIYAKANDAM,RAJITHA RAMESH,BJP,General,General,OpenDataKerala GitHub
2020,Idukki,Kattappana,30,GOVT COLLEGE,SHAMEJ K GEORGE,INC,Woman,Woman,OpenDataKerala GitHub
2020,Idukki,Kattappana,31,SUVARNAGIRI,NISHA P M,KC(M),General,General,OpenDataKerala GitHub
2020,Idukki,Kattappana,32,KALYANATHANDU,BEENA JOBY,INC,General,General,OpenDataKerala GitHub
2020,Idukki,Kattappana,33,MULAKARAMEDU,PRASANT RAJU,INC,Woman,Woman,OpenDataKerala GitHub
2020,Idukki,Kattappana,34,KOUNTHI,BINU KESAVAN,CPI(M),Woman,Woman,OpenDataKerala GitHub
2020,Ernakulam,Kalamassery,1,GLASS COLONY,ADV.CHITHRA SURENDRAN,CPI(M),General,General,OpenDataKerala GitHub
2020,Ernakulam,Kalamassery,2,SANTHINAGAR ANNEX,ROSE MARY PIUS,INC,Woman,Woman,OpenDataKerala GitHub
2020,Ernakulam,Kalamassery,3,RAJAGIRI,ANVAR K A,INC,General,General,OpenDataKerala GitHub
2020,Ernakulam,Kalamassery,4,SUNDHARAGIRI,PIUSA FELIX,INDEPENDENT,Woman,Woman,OpenDataKerala GitHub
2020,Ernakulam,Kalamassery,5,NORTH KALAMASSERY,HAJARA USMAN,CPI(M),Woman,Woman,OpenDataKerala GitHub
2020,Ernakulam,Kalamassery,6,H M T JUNCTION,NASHEEDA SALAM,INDEPENDENT,Woman,Woman,OpenDataKerala GitHub
2020,Ernakulam,Kalamassery,7,SUB STATION,MINI KAREEM,CPI(M),Woman,Woman,OpenDataKerala GitHub
2020,Ernakulam,Kalamassery,8,ROCKWELL,T A ASSAINAR,CPI(M),General,General,OpenDataKerala GitHub
2020,Ernakulam,Kalamassery,9,VIDAKKUZHA,MOHAMMED FESSY,INC,General,General,OpenDataKerala GitHub
2020,Ernakulam,Kalamassery,10,PERINGAZHA,RANI RAJESH,CPI(M),Woman,Woman,OpenDataKerala GitHub
2020,Ernakulam,Kalamassery,11,PIPELINE,BASHEER AYYAMBRATH,INDEPENDENT,General,General,OpenDataKerala GitHub
2020,Ernakulam,Kalamassery,12,H M T ESTATE,SALMA ABOOBACKER,IUML,Woman,Woman,OpenDataKerala GitHub
2020,Ernakulam,Kalamassery,13,KURUPRA,MYMOONATH ASHRAF,INDEPENDENT,Woman,Woman,OpenDataKerala GitHub
2020,Ernakulam,Kalamassery,14,MEDICAL COLLEGE,K K SASI,CPI(M),SC,SC,OpenDataKerala GitHub
2020,Ernakulam,Kalamassery,15,THEVAKKAL,HENNY BABY,CPI(M),Woman,Woman,OpenDataKerala GitHub
2020,Ernakulam,Kalamassery,16,PARAKKATTUMALA,P V UNNI,CPI(M),General,General,OpenDataKerala GitHub
2020,Ernakulam,Kalamassery,17,PULIYAMPURAM,P S BIJU,CPI(M),General,General,OpenDataKerala GitHub
2020,Ernakulam,Kalamassery,18,MINI TOWN HALL,K H SUBAIR,INDEPENDENT,General,General,OpenDataKerala GitHub
2020,Ernakulam,Kalamassery,19,KANGARAPPADY,LISSY KARTHIKEYAN,CPI(M),Woman,Woman,OpenDataKerala GitHub
2020,Ernakulam,Kalamassery,20,VADAKODU,SALMATH,IUML,Woman,Woman,OpenDataKerala GitHub
2020,Ernakulam,Kalamassery,21,UNIVERSITY COLONY,CHINCHU E R,INC,Woman,Woman,OpenDataKerala GitHub
2020,Ernakulam,Kalamassery,22,PUNNAKKATTU,JAMAL MANAKKADAN,INC,General,General,OpenDataKerala GitHub
2020,Ernakulam,Kalamassery,23,ST JOSEPHS,NISHAD A K,INDEPENDENT,General,General,OpenDataKerala GitHub
2020,Ernakulam,Kalamassery,24,TOWN HALL,SHAJAHAN KADAPPALLY,INC,General,General,OpenDataKerala GitHub
2020,Ernakulam,Kalamassery,25,CHANGAMPUZHA NAGAR,VANI DEVI,INC,Woman,Woman,OpenDataKerala GitHub
2020,Ernakulam,Kalamassery,26,UNIVERSITY,SANGEETHA RAJESH,INC,SC Woman,SC Woman,OpenDataKerala GitHub
2020,Ernakulam,Kalamassery,27,THRIKKAKKARA AMBALAM,PRAMOD KUMAR T C,BJP,General,General,OpenDataKerala GitHub
2020,Ernakulam,Kalamassery,28,KANNAMKULAM,SEEMA KANNAN,INC,Woman,Woman,OpenDataKerala GitHub
2020,Ernakulam,Kalamassery,29,HILLVALLEY,AMBILY SWAPNESH,INDEPENDENT,Woman,Woman,OpenDataKerala GitHub
2020,Ernakulam,Kalamassery,30,LIBRARY,V N DILEEPKUMAR,CPI(M),General,General,OpenDataKerala GitHub
2020,Ernakulam,Kalamassery,31,PUTHUPPALLIPRAM,K T MANOJ,CPI(M),General,General,OpenDataKerala GitHub
2020,Ernakulam,Kalamassery,32,UNICHIRA,BINDU FRANCIS,INC,Woman,Woman,OpenDataKerala GitHub
2020,Ernakulam,Kalamassery,33,PARUTHELI,ADV.SAHNA M SAMBAJI,INC,SC Woman,SC Woman,OpenDataKerala GitHub
2020,Ernakulam,Kalamassery,34,TOLLGATE,BINDHU MANOHARAN,INDEPENDENT,General,General,OpenDataKerala GitHub
2020,Ernakulam,Kalamassery,35,KOONAMTHAI,PRIYA BABU,INC,Woman,Woman,OpenDataKerala GitHub
2020,Ernakulam,Kalamassery,36,MUESIUM,V H AZAD,INC,General,General,OpenDataKerala GitHub
2020,Ernakulam,Kalamassery,37,MUNICIPAL,RAFEEQ MARAKAR,INDEPENDENT,General,General,OpenDataKerala GitHub
2020,Ernakulam,Kalamassery,38,K B PARK,PRASANTH K V,IUML,SC,SC,OpenDataKerala GitHub
2020,Ernakulam,Kalamassery,39,VATTEKKUNNAM,ANJU MANOJ MANI,INC,Woman,Woman,OpenDataKerala GitHub
2020,Ernakulam,Kalamassery,40,MUTTAR,K U SIYAD,INC,General,General,OpenDataKerala GitHub
2020,Ernakulam,Kalamassery,41,INDUSTRIAL ESTATE,SALIM PATHUVANA,CPI(M),General,General,OpenDataKerala GitHub
2020,Ernakulam,Kalamassery,42,CHAKYADAM,JESSY PETER,INC,Woman,Woman,OpenDataKerala GitHub
2020,Ernakulam,Kothamangalam,1,THANKALAM,MINI BENNY,INDEPENDENT,Woman,Woman,OpenDataKerala GitHub
2020,Ernakulam,Kothamangalam,2,BLOCK OFFICE,ADV JOSE VARGHESE,KC(M),General,General,OpenDataKerala GitHub
2020,Ernakulam,Kothamangalam,3,RAMALLOOR,SIBY SCARIA,INDEPENDENT,General,General,OpenDataKerala GitHub
2020,Ernakulam,Kothamangalam,4,KARINGAZHA,ELDHOSE PAUL,INDEPENDENT,General,General,OpenDataKerala GitHub
2020,Ernakulam,Kothamangalam,5,CHELAD,LISSY PAUL,KC(M)PJJ,General,General,OpenDataKerala GitHub
2020,Ernakulam,Kothamangalam,6,KALLAD,SIJO VARGHESE,CPI,General,General,OpenDataKerala GitHub
2020,Ernakulam,Kothamangalam,7,ELAVUMPARAMBU,SINDHU GIJO,INC,Woman,Woman,OpenDataKerala GitHub
2020,Ernakulam,Kothamangalam,8,VALADITHANDU,K V THOMAS,INDEPENDENT,General,General,OpenDataKerala GitHub
2020,Ernakulam,Kothamangalam,9,KOMENTHA,REMYA VINOD,INDEPENDENT,Woman,Woman,OpenDataKerala GitHub
2020,Ernakulam,Kothamangalam,10,MALIKAKANDAM,TOMY ABRAHAM(K K TOMY),CPI(M),General,General,OpenDataKerala GitHub
2020,Ernakulam,Kothamangalam,11,PARAYITHOTTAM,ROSILY SHIBU,INDEPENDENT,Woman,Woman,OpenDataKerala GitHub
2020,Ernakulam,Kothamangalam,12,KUTHUKUZHY,P R UNNIKRISHANAN,CPI(M),General,General,OpenDataKerala GitHub
2020,Ernakulam,Kothamangalam,13,MARAMANGALAM,NOBE MATHEW,INC,Woman,Woman,OpenDataKerala GitHub
2020,Ernakulam,Kothamangalam,14,ELAMKAVU,BHANUMATHY RAJU,INC,Woman,Woman,OpenDataKerala GitHub
2020,Ernakulam,Kothamangalam,15,VALIYAKAVU,VIDYA PRASANNAN,CPI(M),Woman,Woman,OpenDataKerala GitHub
2020,Ernakulam,Kothamangalam,16,AMBALAPARAMBU,NISHA DAVIS,KC(M)PJJ,Woman,Woman,OpenDataKerala GitHub
2020,Ernakulam,Kothamangalam,17,CHURCH,RINS ROY,KC(M)PJJ,SC,SC,OpenDataKerala GitHub
2020,Ernakulam,Kothamangalam,18,KOLLIKKADU,SHIBU KURIAKOSE,INC,General,General,OpenDataKerala GitHub
2020,Ernakulam,Kothamangalam,19,COLLEGE,A G GEORGE,INC,General,General,OpenDataKerala GitHub
2020,Ernakulam,Kothamangalam,20,MATHIRAPPILLY,PRAVEENA HAREESH,INC,Woman,Woman,OpenDataKerala GitHub
2020,Ernakulam,Kothamangalam,21,PUTHUPPADY,SAINUMOL RAJESH,INC,SC Woman,SC Woman,OpenDataKerala GitHub
2020,Ernakulam,Kothamangalam,22,KARAKUNNAM,ADV CYJU ABRAHAM,INC,General,General,OpenDataKerala GitHub
2020,Ernakulam,Kothamangalam,23,CHIRAPPADY,SHAMEER PANACKAL,INC,General,General,OpenDataKerala GitHub
2020,Ernakulam,Kothamangalam,24,AMBALAPPADY,BABITHA MATHAI,INC,Woman,Woman,OpenDataKerala GitHub
2020,Ernakulam,Kothamangalam,25,VENDUVAZHY SOUTH,SHINU K A,INDEPENDENT,General,General,OpenDataKerala GitHub
2020,Ernakulam,Kothamangalam,26,KARUKADOM,JUBY PRATHEESH,INDEPENDENT,Woman,Woman,OpenDataKerala GitHub
2020,Ernakulam,Kothamangalam,27,VILAYAL,SINDHU GANESAN,CPI(M),Woman,Woman,OpenDataKerala GitHub
2020,Ernakulam,Kothamangalam,28,VENDUVAZHY NORTH,BINCY THANKACHAN,INDEPENDENT,Woman,Woman,OpenDataKerala GitHub
2020,Ernakulam,Kothamangalam,29,KORIYAMALA,VALSA MATHEW,INDEPENDENT,Woman,Woman,OpenDataKerala GitHub
2020,Ernakulam,Kothamangalam,30,TOWN SOUTH,ALEYAMMA GEORGE(VALSA GEORGE),INDEPENDENT,Woman,Woman,OpenDataKerala GitHub
2020,Ernakulam,Kothamangalam,31,TOWN NORTH,NOUSHAD K A,CPI(M),General,General,OpenDataKerala GitHub
2020,Ernakulam,Angamaly,1,CHAKKARA PARAMBU,JESMI GIJO,INC,Woman,Woman,OpenDataKerala GitHub
2020,Ernakulam,Angamaly,2,MANGATTUKARA,P N JOSHY,CPI(M),General,General,OpenDataKerala GitHub
2020,Ernakulam,Angamaly,3,KOTHAKULANGARA WEST,SANDEEP SANKAR,BJP,General,General,OpenDataKerala GitHub
2020,Ernakulam,Angamaly,4,HEAD QUARTERS,GRACY DEVASSY,CPI(M),Woman,Woman,OpenDataKerala GitHub
2020,Ernakulam,Angamaly,5,KALLUPALAM,REETHA PAUL,INC,Woman,Woman,OpenDataKerala GitHub
2020,Ernakulam,Angamaly,6,KOTHAKULANGARA EAST,BENNY MOONJELY,JD(S),General,General,OpenDataKerala GitHub
2020,Ernakulam,Angamaly,7,MULLASSERY,PAUL JOVAR K,INC,General,General,OpenDataKerala GitHub
2020,Ernakulam,Angamaly,8,I . I . P,SAJU NEDUNGADAN,INC,General,General,OpenDataKerala GitHub
2020,Ernakulam,Angamaly,9,VALAVAZHI,WILSON MUNDADAN,INDEPENDENT,General,General,OpenDataKerala GitHub
2020,Ernakulam,Angamaly,10,VENGOOR NORTH,A V REGHU,BJP,General,General,OpenDataKerala GitHub
2020,Ernakulam,Angamaly,11,VENGOOR SOUTH,LEKHA MADHU,CPI(M),General,General,OpenDataKerala GitHub
2020,Ernakulam,Angamaly,12,KAVARAPARAMBU,SARITHA ANILKUMAR,CPI(M),Woman,Woman,OpenDataKerala GitHub
2020,Ernakulam,Angamaly,13,THIRUNAYATHODU,JITHA SHIJOY,INC,Woman,Woman,OpenDataKerala GitHub
2020,Ernakulam,Angamaly,14,CHETHIKODU,MATHEW THOMAS,INC,General,General,OpenDataKerala GitHub
2020,Ernakulam,Angamaly,15,AIRPORT,RAJANI SIVADAS,CPI(M),Woman,Woman,OpenDataKerala GitHub
2020,Ernakulam,Angamaly,16,SAMAJAM,SHEO PAUL,INC,General,General,OpenDataKerala GitHub
2020,Ernakulam,Angamaly,17,G-WARD,T Y ALIAS,CPI(M),General,General,OpenDataKerala GitHub
2020,Ernakulam,Angamaly,18,E- COLONY,JANCY AREEKAL,INC,Woman,Woman,OpenDataKerala GitHub
2020,Ernakulam,Angamaly,19,J B S,SINI TEACHER,INC,Woman,Woman,OpenDataKerala GitHub
2020,Ernakulam,Angamaly,20,JOSEPURAM,MOLY MATHEW,JD(S),Woman,Woman,OpenDataKerala GitHub
2020,Ernakulam,Angamaly,21,PALIYEKKARA,BASTIN D PARACKAL,INC,General,General,OpenDataKerala GitHub
2020,Ernakulam,Angamaly,22,NASRATH,MARTIN B MUNDADAN,KC(M),General,General,OpenDataKerala GitHub
2020,Ernakulam,Angamaly,23,MYTHRI,LISSY POLLY TEACHER,INC,Woman,Woman,OpenDataKerala GitHub
2020,Ernakulam,Angamaly,24,EAST ANGADI,LUXY JOY,INDEPENDENT,Woman,Woman,OpenDataKerala GitHub
2020,Ernakulam,Angamaly,25,TOWN WARD,LILLY JOY,INC,Woman,Woman,OpenDataKerala GitHub
2020,Ernakulam,Angamaly,26,MANIYAMKULAM,ROSILY THOMAS,INDEPENDENT,Woman,Woman,OpenDataKerala GitHub
2020,Ernakulam,Angamaly,27,RAILWAY STATION,AJITHA TEACHER,CPI(M),Woman,Woman,OpenDataKerala GitHub
2020,Ernakulam,Angamaly,28,CHAMPANNOOR SOUTH,SHINY MARTIN,INC,Woman,Woman,OpenDataKerala GitHub
2020,Ernakulam,Angamaly,29,CHAMPANNOOR NORTH,MANU NARAYANAN,INC,SC,SC,OpenDataKerala GitHub
2020,Ernakulam,Angamaly,30,PEECHANIKKADU,REJI MATHEW,INC,General,General,OpenDataKerala GitHub
2020,Ernakulam,Tripunithura,1,ATTAPRAYIL,KIRANKUMAR P S,CPI(M),General,General,OpenDataKerala GitHub
2020,Ernakulam,Tripunithura,2,PUTHANKULANGARA,DEEPA K S,CPI(M),Woman,Woman,OpenDataKerala GitHub
2020,Ernakulam,Tripunithura,3,VADAKE VEIMEEDI,K K PRADEEP KUMAR,CPI(M),General,General,OpenDataKerala GitHub
2020,Ernakulam,Tripunithura,4,TRACO,SREEJA MANOJ,CPI(M),Woman,Woman,OpenDataKerala GitHub
2020,Ernakulam,Tripunithura,5,IOC,K T AKHILDAS,CPI(M),General,General,OpenDataKerala GitHub
2020,Ernakulam,Tripunithura,6,IRUMPANAM,RAJALEKSHMI V G,CPI(M),Woman,Woman,OpenDataKerala GitHub
2020,Ernakulam,Tripunithura,7,POST OFFICE,SHEENA GIREESH,CPI(M),Woman,Woman,OpenDataKerala GitHub
2020,Ernakulam,Tripunithura,8,PULIYANNOOR,SHEEJA KISHOR,CPI(M),Woman,Woman,OpenDataKerala GitHub
2020,Ernakulam,Tripunithura,9,ELUMANA,VIJAYASREE K R,BJP,General,General,OpenDataKerala GitHub
2020,Ernakulam,Tripunithura,10,IYIRETTIL,SANDHYA VASUDEVAN,BJP,Woman,Woman,OpenDataKerala GitHub
2020,Ernakulam,Tripunithura,11,ILAMANATHOPE,VALLY RAVI,BJP,General,General,OpenDataKerala GitHub
2020,Ernakulam,Tripunithura,12,MAKALIYAM,K P DEVADAS,CPI(M),General,General,OpenDataKerala GitHub
2020,Ernakulam,Tripunithura,13,CHITHRAPUZHA,RUPARANI K N (RUPA RAJU),BJP,Woman,Woman,OpenDataKerala GitHub
2020,Ernakulam,Tripunithura,14,HILLPALACE,C K SHIBU,CPI(M),SC,SC,OpenDataKerala GitHub
2020,Ernakulam,Tripunithura,15,KYOMTHA,K V SAJU,INC,General,General,OpenDataKerala GitHub
2020,Ernakulam,Tripunithura,16,KARINGACHIRA,ROY THIRUVANKULAM,KC,General,General,OpenDataKerala GitHub
2020,Ernakulam,Tripunithura,17,CHATHARI,RAJEE ANIL,CPI(M),Woman,Woman,OpenDataKerala GitHub
2020,Ernakulam,Tripunithura,18,NJANAMTHURUTHU,ROJA RAJEEV,CPI(M),Woman,Woman,OpenDataKerala GitHub
2020,Ernakulam,Tripunithura,19,PALLIPPARAMBUKAVU,ANTONY JO VARGHESE,INDEPENDENT,General,General,OpenDataKerala GitHub
2020,Ernakulam,Tripunithura,20,RAILWAYSTATION,U. MADHUSOODHANAN,BJP,General,General,OpenDataKerala GitHub
2020,Ernakulam,Tripunithura,21,MARKET,DEEPTHI SUMESH,CPI(M),Woman,Woman,OpenDataKerala GitHub
2020,Ernakulam,Tripunithura,22,CHANGAPUTHA,P C VARGHESE,CPI(M),General,General,OpenDataKerala GitHub
2020,Ernakulam,Tripunithura,23,THIRUVANKULAM,ELSY P KURIAKOSE,INC,Woman,Woman,OpenDataKerala GitHub
2020,Ernakulam,Tripunithura,24,THIRUVANKULAM TEMPLE,ROHINI(AMMU),INC,Woman,Woman,OpenDataKerala GitHub
2020,Ernakulam,Tripunithura,25,CHAKKUPARAMBU,C A BENNY,CPI(M),General,General,OpenDataKerala GitHub
2020,Ernakulam,Tripunithura,26,GANDHIPURAM,D ARJUNAN,INC,General,General,OpenDataKerala GitHub
2020,Ernakulam,Tripunithura,27,MEKKARA,JISHA SHAJIKUMAR,CPI(M),Woman,Woman,OpenDataKerala GitHub
2020,Ernakulam,Tripunithura,28,CHOORAKAD,RAJESH K R,BJP,General,General,OpenDataKerala GitHub
2020,Ernakulam,Tripunithura,29,PUTHIYAKAVU,SUDHA SURESH,BJP,Woman,Woman,OpenDataKerala GitHub
2020,Ernakulam,Tripunithura,30,PAVAMKULANGARA,REMA SANTHOSH,CPI(M),Woman,Woman,OpenDataKerala GitHub
2020,Ernakulam,Tripunithura,31,VALIYATHARA,E T SUBRAHMANYAN,CPI(M),SC,SC,OpenDataKerala GitHub
2020,Ernakulam,Tripunithura,32,AMMANKOVIL,RAJANI CHANDRAN,BJP,General,General,OpenDataKerala GitHub
2020,Ernakulam,Tripunithura,33,VELLAKKINAKKAL,P L BABU,BJP,General,General,OpenDataKerala GitHub
2020,Ernakulam,Tripunithura,34,PANACKAL,U K PEETHAMBARAN,CPI(M),General,General,OpenDataKerala GitHub
2020,Ernakulam,Tripunithura,35,THOPPIL,VALLY MURALEEDARAN,BJP,General,General,OpenDataKerala GitHub
2020,Ernakulam,Tripunithura,36,KANNANKULANGARA,JAYAKUMAR(APPAN),INC,General,General,OpenDataKerala GitHub
2020,Ernakulam,Tripunithura,37,STATUE,NIMMY RENJITH,BJP,SC Woman,SC Woman,OpenDataKerala GitHub
2020,Ernakulam,Tripunithura,38,AMBALAM WARD,RADHIKA VARMA K,BJP,General,General,OpenDataKerala GitHub
2020,Ernakulam,Tripunithura,39,CHAKKAMKULANGARA,SAVITHRI NARASIMHA RAO,BJP,Woman,Woman,OpenDataKerala GitHub
2020,Ernakulam,Tripunithura,40,THAMARAMKULANGARA,JAYA PARAMESWARAN,CPI(M),Woman,Woman,OpenDataKerala GitHub
2020,Ernakulam,Tripunithura,41,THEVARAKKAVU,P K PEETHAMBARAN,BJP,SC,SC,OpenDataKerala GitHub
2020,Ernakulam,Tripunithura,42,POTTAYIL,SREELATHA MADHUSOODANAN,INC,Woman,Woman,OpenDataKerala GitHub
2020,Ernakulam,Tripunithura,43,THONDOOR,SUPRABHA K K,BJP,SC Woman,SC Woman,OpenDataKerala GitHub
2020,Ernakulam,Tripunithura,44,PEREEKKAD,SOUMYA MAJESH,CPI(M),Woman,Woman,OpenDataKerala GitHub
2020,Ernakulam,Tripunithura,45,NANNAPPILLY,SABITHA JAYAN,CPI(M),Woman,Woman,OpenDataKerala GitHub
2020,Ernakulam,Tripunithura,46,PISHARIKOVIL,RATHI K R,BJP,SC Woman,SC Woman,OpenDataKerala GitHub
2020,Ernakulam,Tripunithura,47,MATHOOR,SHONIMA NAVEEN NAGAPPADY,BJP,Woman,Woman,OpenDataKerala GitHub
2020,Ernakulam,Tripunithura,48,ILLICKAPADY,P B SATHEESAN,INC,General,General,OpenDataKerala GitHub
2020,Ernakulam,Tripunithura,49,MARAMKULANGARA,BINDHU SHAILENDRAN,CPI(M),Woman,Woman,OpenDataKerala GitHub
2020,Ernakulam,Muvattupuzha,1,VAZHAPPILLY CENTRAL,MEERA KRISHNAN,CPI,SC Woman,SC Woman,OpenDataKerala GitHub
2020,Ernakulam,Muvattupuzha,2,JANASAKTHI,SUDHA RAGHUNATH,CPI(M),Woman,Woman,OpenDataKerala GitHub
2020,Ernakulam,Muvattupuzha,3,MOONNUKANDAM COLONY,ASAM BEEGAM,INC,Woman,Woman,OpenDataKerala GitHub
2020,Ernakulam,Muvattupuzha,4,MOLEKKUDY,NEJLA SHAJI,CPI(M),Woman,Woman,OpenDataKerala GitHub
2020,Ernakulam,Muvattupuzha,5,M.I.E.T SCHOOL,P V RADHAKRISHNAN,CPI,SC,SC,OpenDataKerala GitHub
2020,Ernakulam,Muvattupuzha,6,ILAHIYA SCHOOL,SALIM P M,CPI(M),General,General,OpenDataKerala GitHub
2020,Ernakulam,Muvattupuzha,7,NSS SCHOOL,ASHA ANIL,BJP,Woman,Woman,OpenDataKerala GitHub
2020,Ernakulam,Muvattupuzha,8,THARBIYATH SCHOOL,FOUSIYA ALI,CPI,Woman,Woman,OpenDataKerala GitHub
2020,Ernakulam,Muvattupuzha,9,MARKET,P M ABDUL SALAM,IUML,General,General,OpenDataKerala GitHub
2020,Ernakulam,Muvattupuzha,10,PERUMATTOM,NISSA ASHARAF,CPI(M),Woman,Woman,OpenDataKerala GitHub
2020,Ernakulam,Muvattupuzha,11,RANDARKARA,ABDUL KHADER AJIMON,INDEPENDENT,General,General,OpenDataKerala GitHub
2020,Ernakulam,Muvattupuzha,12,KIZHAKKEKARA,LAILA HANEEFA,IUML,Woman,Woman,OpenDataKerala GitHub
2020,Ernakulam,Muvattupuzha,13,EAST HIGH SCHOOL,PRAMEELA GIRISHKUMAR,INC,Woman,Woman,OpenDataKerala GitHub
2020,Ernakulam,Muvattupuzha,14,MUNICIPAL PARK,JOICE MARY ANTONY,INC,Woman,Woman,OpenDataKerala GitHub
2020,Ernakulam,Muvattupuzha,15,PANDARIMALA,GEORGE VARGHESE (JOLLY MANNOOR),INC,General,General,OpenDataKerala GitHub
2020,Ernakulam,Muvattupuzha,16,PETTA,JAFFER SADHIK V A,CPI(M),General,General,OpenDataKerala GitHub
2020,Ernakulam,Muvattupuzha,17,TALUK HOSPITAL,JOSE KURIAKOSE,KC(M)PJJ,General,General,OpenDataKerala GitHub
2020,Ernakulam,Muvattupuzha,18,MODEL HIGH SCHOOL,SINI BIJU,INC,Woman,Woman,OpenDataKerala GitHub
2020,Ernakulam,Muvattupuzha,19,HOUSING BOARD,SEBY K SUNNY,CPI,Woman,Woman,OpenDataKerala GitHub
2020,Ernakulam,Muvattupuzha,20,MARADY U.P SCHOOL,BINDU JAYAN,INC,Woman,Woman,OpenDataKerala GitHub
2020,Ernakulam,Muvattupuzha,21,S N D P SCHOOL,JINU ANTONY,INC,General,General,OpenDataKerala GitHub
2020,Ernakulam,Muvattupuzha,22,MUNICIPAL OFFICE,RAJASREE RAJU,INDEPENDENT,Woman,Woman,OpenDataKerala GitHub
2020,Ernakulam,Muvattupuzha,23,MUVATTUPUZHA CLUB,BINDU SURESHKUMAR,BJP,General,General,OpenDataKerala GitHub
2020,Ernakulam,Muvattupuzha,24,SANGAMAM,AMAL BABU,INC,General,General,OpenDataKerala GitHub
2020,Ernakulam,Muvattupuzha,25,MUNICIPAL INDUSTRIAL PARK,P P ELDHOSE,INC,General,General,OpenDataKerala GitHub
2020,Ernakulam,Muvattupuzha,26,J B SCHOOL,ANILKUMAR K G,CPI(M),General,General,OpenDataKerala GitHub
2020,Ernakulam,Muvattupuzha,27,THEEKKOLLIPPARA,R RAKESH,CPI(M),General,General,OpenDataKerala GitHub
2020,Ernakulam,Muvattupuzha,28,MUNICIPAL COLONY,K K SUBAIR,INC,General,General,OpenDataKerala GitHub
2020,Ernakulam,North Paravur,1,MATTUMMAL NEENDOOR,JOBY PANJIKKARAN,INDEPENDENT,General,General,OpenDataKerala GitHub
2020,Ernakulam,North Paravur,2,KURUNTHOTTY PARAMBU,LAIJI BIJU,INC,Woman,Woman,OpenDataKerala GitHub
2020,Ernakulam,North Paravur,3,MARKET,M K BANARJI,CPI(M),SC,SC,OpenDataKerala GitHub
2020,Ernakulam,North Paravur,4,KANNANKULANGARA,N I POULOSE,Con(S),General,General,OpenDataKerala GitHub
2020,Ernakulam,North Paravur,5,TOWNHALL,M J RAJU,INC,General,General,OpenDataKerala GitHub
2020,Ernakulam,North Paravur,6,PALLAMTHURUTH,RENJITH M,BJP,General,General,OpenDataKerala GitHub
2020,Ernakulam,North Paravur,7,KOTTACKAKAM,E G SASI,CPI(M),General,General,OpenDataKerala GitHub
2020,Ernakulam,North Paravur,8,PARAVOOTHARA,GEETHA BABU,INC,Woman,Woman,OpenDataKerala GitHub
2020,Ernakulam,North Paravur,9,FIRE STATION,SAJITHA C S,CPI(M),Woman,Woman,OpenDataKerala GitHub
2020,Ernakulam,North Paravur,10,VEDIMARA,JAHAMGEER T Y,INC,General,General,OpenDataKerala GitHub
2020,Ernakulam,North Paravur,11,PALLITHAZHAM,BEENA SASIDHARAN,INC,Woman,Woman,OpenDataKerala GitHub
2020,Ernakulam,North Paravur,12,SANTHI NAGAR,K J SHINE,CPI(M),Woman,Woman,OpenDataKerala GitHub
2020,Ernakulam,North Paravur,13,NANTHIKULANGARA,T M ABDUL SALAM,INC,General,General,OpenDataKerala GitHub
2020,Ernakulam,North Paravur,14,VANIYAKKADU,NIMISHA RAJAN,CPI(M),Woman,Woman,OpenDataKerala GitHub
2020,Ernakulam,North Paravur,15,KIZHAKKEPRAM,GIREESH G,BJP,General,General,OpenDataKerala GitHub
2020,Ernakulam,North Paravur,16,VAZHIKULANGARA,P D SUKUMARI,INC,Woman,Woman,OpenDataKerala GitHub
2020,Ernakulam,North Paravur,17,PERUVARAM,V A PRABHAVATHY,INC,Woman,Woman,OpenDataKerala GitHub
2020,Ernakulam,North Paravur,18,KESARI,ASHA MURALI,BJP,Woman,Woman,OpenDataKerala GitHub
2020,Ernakulam,North Paravur,19,NANTHYATTUKUNNAM,VANAJA SASIKUMAR,INC,Woman,Woman,OpenDataKerala GitHub
2020,Ernakulam,North Paravur,20,THONYAKAVU,T V NIDHIN,CPI(M),General,General,OpenDataKerala GitHub
2020,Ernakulam,North Paravur,21,STADIUM,SAJI NAMBIYATH,INC,General,General,OpenDataKerala GitHub
2020,Ernakulam,North Paravur,22,SAMOOHAM SCHOOL,D RAJKUMAR,INC,General,General,OpenDataKerala GitHub
2020,Ernakulam,North Paravur,23,S N V SCHOOL,SHINY RADHAKRISHNAN,CPI(M),Woman,Woman,OpenDataKerala GitHub
2020,Ernakulam,North Paravur,24,KANNANCHIRA,LIGI LAIGOSH,INC,Woman,Woman,OpenDataKerala GitHub
2020,Ernakulam,North Paravur,25,KEDAMANGALAM PAPPUKUTTY,JAYA DEVANANDAN,CPI(M),Woman,Woman,OpenDataKerala GitHub
2020,Ernakulam,North Paravur,26,KESAVADEV,JESSY RAJU,INC,Woman,Woman,OpenDataKerala GitHub
2020,Ernakulam,North Paravur,27,KEDAMANGALAM,JYOTHI DINESAN,CPI(M),General,General,OpenDataKerala GitHub
2020,Ernakulam,North Paravur,28,PERUMBADANNA SOUTH,SYAMALA GOVINDAN,INC,Woman,Woman,OpenDataKerala GitHub
2020,Ernakulam,North Paravur,29,PERUMBADANNA,ANU VATTATHARA,INC,General,General,OpenDataKerala GitHub
2020,Ernakulam,Perumbavoor,1,VALLAM NORTH,LEESA ISSAC,INDEPENDENT,Woman,Woman,OpenDataKerala GitHub
2020,Ernakulam,Perumbavoor,2,THRIKKAPARAMBU,SHEMEENA SHANAVAS,SDPI,Woman,Woman,OpenDataKerala GitHub
2020,Ernakulam,Perumbavoor,3,MASJID,RASHEEDA LATHEEF,IUML,Woman,Woman,OpenDataKerala GitHub
2020,Ernakulam,Perumbavoor,4,CHAKKARAKATTU,SATHY JAYAKRISHNAN,CPI(M),Woman,Woman,OpenDataKerala GitHub
2020,Ernakulam,Perumbavoor,5,SASTHAMANGALAM,AIWA SHIBU,BJP,Woman,Woman,OpenDataKerala GitHub
2020,Ernakulam,Perumbavoor,6,THURUTHIPARAMBU,SHALU SARATH,BJP,SC Woman,SC Woman,OpenDataKerala GitHub
2020,Ernakulam,Perumbavoor,7,TEMPLE WARD,JAWAHAR T,BJP,General,General,OpenDataKerala GitHub
2020,Ernakulam,Perumbavoor,8,TALUK HOSPITAL,PAUL PATHICKAL,INC,General,General,OpenDataKerala GitHub
2020,Ernakulam,Perumbavoor,9,POOPPANY,C K RAMAKRISHNAN,INC,General,General,OpenDataKerala GitHub
2020,Ernakulam,Perumbavoor,10,KARATTUPALLIKKARA,ARUN KUMAR K C,INC,General,General,OpenDataKerala GitHub
2020,Ernakulam,Perumbavoor,11,ASRAMAM,ANEY MARTIN,INC,Woman,Woman,OpenDataKerala GitHub
2020,Ernakulam,Perumbavoor,12,KONNANKUDY,NAUSHAD K B,CPI(M),General,General,OpenDataKerala GitHub
2020,Ernakulam,Perumbavoor,13,KUNNAMPILLY CHIRA,RUPESH KUMAR C K,CPI(M),General,General,OpenDataKerala GitHub
2020,Ernakulam,Perumbavoor,14,NEELAMKULANGARA,ANITHA DEVI S R ( ANITHA DEVI PRAKASH ),INC,Woman,Woman,OpenDataKerala GitHub
2020,Ernakulam,Perumbavoor,15,NAGANCHERY MANA,SANTHA PRABHAKARAN,BJP,Woman,Woman,OpenDataKerala GitHub
2020,Ernakulam,Perumbavoor,16,PANKULAM,BIJU JOHN JACOB,INC,General,General,OpenDataKerala GitHub
2020,Ernakulam,Perumbavoor,17,PERIYARVALLIE CLUB,SHEEBA BABY,INC,Woman,Woman,OpenDataKerala GitHub
2020,Ernakulam,Perumbavoor,18,MARUTH KAVALA,ABHILASH A NAIR,INDEPENDENT,General,General,OpenDataKerala GitHub
2020,Ernakulam,Perumbavoor,19,K S R T C,MINI JOSHY,KC(M)PJJ,Woman,Woman,OpenDataKerala GitHub
2020,Ernakulam,Perumbavoor,20,CHURCH,JOHN JACOB,CPI(M),General,General,OpenDataKerala GitHub
2020,Ernakulam,Perumbavoor,21,MUNICIPAL OFFICE,ZAKKIR HUSSAIN T M,INC,General,General,OpenDataKerala GitHub
2020,Ernakulam,Perumbavoor,22,LIBRARY,LATHA SUKUMARAN (LATHA S NAIR ),CPI,Woman,Woman,OpenDataKerala GitHub
2020,Ernakulam,Perumbavoor,23,KADUVAL,P S ABHILASH,CPI(M),General,General,OpenDataKerala GitHub
2020,Ernakulam,Perumbavoor,24,VALLAM THODU,SIRAJUDHEEN,CPI(M),General,General,OpenDataKerala GitHub
2020,Ernakulam,Perumbavoor,25,PARAPPURAM,SINDHU P S,INC,SC,SC,OpenDataKerala GitHub
2020,Ernakulam,Perumbavoor,26,SOUTH VALLAM,SALYTHA SIYAD,INC,Woman,Woman,OpenDataKerala GitHub
2020,Ernakulam,Perumbavoor,27,RAYONPURAM,BEEVI ABOOBACKER,INC,Woman,Woman,OpenDataKerala GitHub
2020,Ernakulam,Aluva,1,MANGLAPUZHA SEMINARY,GHILES DEVASSY PAYYAPPILLY,INDEPENDENT,General,General,OpenDataKerala GitHub
2020,Ernakulam,Aluva,2,GURUMANDIRAM,SHAMMY SEBASTIAN,INC,General,General,OpenDataKerala GitHub
2020,Ernakulam,Aluva,3,DESAM KADAVU,SUNISH V N,CPI,SC,SC,OpenDataKerala GitHub
2020,Ernakulam,Aluva,4,MANA,SREEKANTH N,BJP,General,General,OpenDataKerala GitHub
2020,Ernakulam,Aluva,5,MANAPPURAM,DIVYA SUNILKUMAR,CPI(M),Woman,Woman,OpenDataKerala GitHub
2020,Ernakulam,Aluva,6,GANAPATHI TEMPLE,LISA JOHNSON,INC,Woman,Woman,OpenDataKerala GitHub
2020,Ernakulam,Aluva,7,ST: ANNS CHURCH,DEENA SHIBU,INC,Woman,Woman,OpenDataKerala GitHub
2020,Ernakulam,Aluva,8,KADATHUKADAVU,SARALA K V,INDEPENDENT,Woman,Woman,OpenDataKerala GitHub
2020,Ernakulam,Aluva,9,PALACE,K JAYAKUMAR,INC,General,General,OpenDataKerala GitHub
2020,Ernakulam,Aluva,10,LIBRARY,SREELATHA RADHAKRISHNAN,BJP,Woman,Woman,OpenDataKerala GitHub
2020,Ernakulam,Aluva,11,OOMANKUZHITHADAM,PREETHA P S,BJP,General,General,OpenDataKerala GitHub
2020,Ernakulam,Aluva,12,MUNICIPAL OFFICE,MINI BAIJU,INDEPENDENT,General,General,OpenDataKerala GitHub
2020,Ernakulam,Aluva,13,MADRASA,LATHEEF PUZHITHARA,INC,General,General,OpenDataKerala GitHub
2020,Ernakulam,Aluva,14,ASAN KOLANI,FASSIL HUSSAIN,INC,General,General,OpenDataKerala GitHub
2020,Ernakulam,Aluva,15,TREASURY,SANIYA THOMAS,INC,Woman,Woman,OpenDataKerala GitHub
2020,Ernakulam,Aluva,16,SNEHALAYAM,JAISON PETER,INC,General,General,OpenDataKerala GitHub
2020,Ernakulam,Aluva,17,MADHAVAPURAM,LEENA VARGHESE,INDEPENDENT,Woman,Woman,OpenDataKerala GitHub
2020,Ernakulam,Aluva,18,NAZRATH,M O JOHN,INC,General,General,OpenDataKerala GitHub
2020,Ernakulam,Aluva,19,THRIKKUNNATHU,M P SIMON,INC,General,General,OpenDataKerala GitHub
2020,Ernakulam,Aluva,20,THALUK HOSPITAL,P P JAMES,INC,General,General,OpenDataKerala GitHub
2020,Ernakulam,Aluva,21,SASTHA TEMPLE,K P INDIRADEVI,BJP,Woman,Woman,OpenDataKerala GitHub
2020,Ernakulam,Aluva,22,PULINCHODE,VIDYA BIJU,INC,Woman,Woman,OpenDataKerala GitHub
2020,Ernakulam,Aluva,23,MARKET,SAIJI JOLLY,INC,Woman,Woman,OpenDataKerala GitHub
2020,Ernakulam,Aluva,24,PRIYADARSINI,SREELATHA VINODKUMAR,INDEPENDENT,Woman,Woman,OpenDataKerala GitHub
2020,Ernakulam,Aluva,25,CANAL,TINTU RAJESH,INDEPENDENT,Woman,Woman,OpenDataKerala GitHub
2020,Ernakulam,Aluva,26,THANDIKKAL,ZEENATH MOOSAKUTTY,INC,Woman,Woman,OpenDataKerala GitHub
2020,Ernakulam,Thrikkakara,1,MAROTTICHUVADU,GIJO CHINGAMTHARA,INDEPENDENT,General,General,OpenDataKerala GitHub
2020,Ernakulam,Thrikkakara,2,BM NAGAR,AJUNA HASHIM,INDEPENDENT,General,General,OpenDataKerala GitHub
2020,Ernakulam,Thrikkakara,3,THOPPIL,JOSE KALATHIL,INC,General,General,OpenDataKerala GitHub
2020,Ernakulam,Thrikkakara,4,THRIKKAKARA,P M YOUNUS,IUML,General,General,OpenDataKerala GitHub
2020,Ernakulam,Thrikkakara,5,KOLLAMKUDIMUGAL,RASIYA NISHAD,CPI(M),Woman,Woman,OpenDataKerala GitHub
2020,Ernakulam,Thrikkakara,6,NAVODHAYA,SUNI KAILASAN,CPI(M),Woman,Woman,OpenDataKerala GitHub
2020,Ernakulam,Thrikkakara,7,VALLYATTUMUGAL,K N JAYAKUMARI,CPI(M),Woman,Woman,OpenDataKerala GitHub
2020,Ernakulam,Thrikkakara,8,THENGODE,ANITHA JAYACHANDRAN,CPI(M),Woman,Woman,OpenDataKerala GitHub
2020,Ernakulam,Thrikkakara,9,EDACHIRA,ABDU P M (ABDU SHANA),INDEPENDENT,General,General,OpenDataKerala GitHub
2020,Ernakulam,Thrikkakara,10,KALATHIKUZHY,SMITHA SUNNY,INC,Woman,Woman,OpenDataKerala GitHub
2020,Ernakulam,Thrikkakara,11,NILAMPATHINJIMUGAL,M O VARGHESE,INC,General,General,OpenDataKerala GitHub
2020,Ernakulam,Thrikkakara,12,KUZHIKKATTUMOOLA,V D SURESH,INC,General,General,OpenDataKerala GitHub
2020,Ernakulam,Thrikkakara,13,ATHANI,M J DIXON,CPI,General,General,OpenDataKerala GitHub
2020,Ernakulam,Thrikkakara,14,MAVELIPURAM,DILEEP (UNNI KAKKANAD),INC,General,General,OpenDataKerala GitHub
2020,Ernakulam,Thrikkakara,15,KAKKANAD HEALTH CENTRE,P C MANOOP,INDEPENDENT,General,General,OpenDataKerala GitHub
2020,Ernakulam,Thrikkakara,16,KAKKANAD,C C VIJU,INC,General,General,OpenDataKerala GitHub
2020,Ernakulam,Thrikkakara,17,CHITTETHUKARA,ASMA SHEREEF,INDEPENDENT,Woman,Woman,OpenDataKerala GitHub
2020,Ernakulam,Thrikkakara,18,KANNANKERI,SUMA,CPI(M),Woman,Woman,OpenDataKerala GitHub
2020,Ernakulam,Thrikkakara,19,THUTHIYOOR,RADHAMANI PILLAI,INC,Woman,Woman,OpenDataKerala GitHub
2020,Ernakulam,Thrikkakara,20,KUNNATHUCHIRA,M K CHANDRA BABU,CPI(M),General,General,OpenDataKerala GitHub
2020,Ernakulam,Thrikkakara,21,PALACHUVADU,NOUSHAD PALLACHI,INC,General,General,OpenDataKerala GitHub
2020,Ernakulam,Thrikkakara,22,THANAPADAM,ARYA BIBIN,CPI(M),Woman,Woman,OpenDataKerala GitHub
2020,Ernakulam,Thrikkakara,23,KAMBIVELI,SALMA SHIHAB,CPI(M),Woman,Woman,OpenDataKerala GitHub
2020,Ernakulam,Thrikkakara,24,T V CENTRE,ADV.HASEENA UMMER,INC,Woman,Woman,OpenDataKerala GitHub
2020,Ernakulam,Thrikkakara,25,OLIKKUZHY,ANSIYA HAKKEEM,CPI(M),Woman,Woman,OpenDataKerala GitHub
2020,Ernakulam,Thrikkakara,26,PADAMUGAL,SUBAIDA RAZAK,CPI(M),Woman,Woman,OpenDataKerala GitHub
2020,Ernakulam,Thrikkakara,27,N G O QUARTERS,RASHID ULLAMPILLY,INC,General,General,OpenDataKerala GitHub
2020,Ernakulam,Thrikkakara,28,KUNNEPARAMBU,SHAJI VAZHAKKALA,INC,General,General,OpenDataKerala GitHub
2020,Ernakulam,Thrikkakara,29,VAZHAKKALA EAST,USHA PRAVEEN,CPI(M),SC Woman,SC Woman,OpenDataKerala GitHub
2020,Ernakulam,Thrikkakara,30,VAZHAKKALA WEST,SOMI REJI,INC,Woman,Woman,OpenDataKerala GitHub
2020,Ernakulam,Thrikkakara,31,SNEHANILAYAM,K X SIMON,CPI,General,General,OpenDataKerala GitHub
2020,Ernakulam,Thrikkakara,32,KUNNEPARAMBU WEST,SUNEERA FIROZ,INC,Woman,Woman,OpenDataKerala GitHub
2020,Ernakulam,Thrikkakara,33,CHERUMUTTAPUZHAKKARA,VARGHESE PLASSERY,INDEPENDENT,General,General,OpenDataKerala GitHub
2020,Ernakulam,Thrikkakara,34,DESIYAKAVALA,OMANA SABU,INDEPENDENT,Woman,Woman,OpenDataKerala GitHub
2020,Ernakulam,Thrikkakara,35,HOUSING BOARD COLONY,SAJEENA AKBAR,IUML,Woman,Woman,OpenDataKerala GitHub
2020,Ernakulam,Thrikkakara,36,KUDILIMUKKU,A A IBRAHIMKUTTY,IUML,General,General,OpenDataKerala GitHub
2020,Ernakulam,Thrikkakara,37,MALEPPALLY,SHIMI MURALI,IUML,SC Woman,SC Woman,OpenDataKerala GitHub
2020,Ernakulam,Thrikkakara,38,KRIMAKKADU,DINOOB T G,IUML,SC,SC,OpenDataKerala GitHub
2020,Ernakulam,Thrikkakara,39,MODEL ENGINEERING COLLEGE,E P KATHERKUNJU,INDEPENDENT,General,General,OpenDataKerala GitHub
2020,Ernakulam,Thrikkakara,40,SAHAKARANA ROAD,ADV. LALY JOPHIN NJANNAKKAL,INC,Woman,Woman,OpenDataKerala GitHub
2020,Ernakulam,Thrikkakara,41,THOPPIL SOUTH,LIYA THANKACHAN,INDEPENDENT,Woman,Woman,OpenDataKerala GitHub
2020,Ernakulam,Thrikkakara,42,MAMBILLIPARAMBU,RAJANI JEEJAN,INC,Woman,Woman,OpenDataKerala GitHub
2020,Ernakulam,Thrikkakara,43,KENNEDI MUKKU,AJITHA THANKAPPAN,INC,SC,SC,OpenDataKerala GitHub
2020,Ernakulam,Eloor,1,ELOOR DIPPO,LAIJI SAJEEVAN,CPI(M),Woman,Woman,OpenDataKerala GitHub
2020,Ernakulam,Eloor,2,ELOOR NORTH,SEEMA SIJU,CPI,Woman,Woman,OpenDataKerala GitHub
2020,Ernakulam,Eloor,3,ELOOR NORTH EAST,SUBAIDA NOORUDEEN,CPI(ML),Woman,Woman,OpenDataKerala GitHub
2020,Ernakulam,Eloor,4,PATTUPURACKAL,A D SUJIL,CPI(M),General,General,OpenDataKerala GitHub
2020,Ernakulam,Eloor,5,KUZHIKANDAM,SARITHA PRASEEDAN,CPI(M),Woman,Woman,OpenDataKerala GitHub
2020,Ernakulam,Eloor,6,HEADQUARTERS WARD,K R KRISHNAPRASAD,BJP,General,General,OpenDataKerala GitHub
2020,Ernakulam,Eloor,7,ILANJIKAL WARD,JAYASREE SATHISH,CPI,Woman,Woman,OpenDataKerala GitHub
2020,Ernakulam,Eloor,8,ELOOR EAST,NEETHU M R,CPI(M),SC Woman,SC Woman,OpenDataKerala GitHub
2020,Ernakulam,Eloor,9,MEPIRIKUNNU,K A MAHIN,CPI(M),General,General,OpenDataKerala GitHub
2020,Ernakulam,Eloor,10,PATHALAM,AYOOB P M,INC,General,General,OpenDataKerala GitHub
2020,Ernakulam,Eloor,11,ALUPURAM,ELDA DCRUZ,INC,Woman,Woman,OpenDataKerala GitHub
2020,Ernakulam,Eloor,12,THARAMALI,AMBIKA CHANDRAN,CPI(M),Woman,Woman,OpenDataKerala GitHub
2020,Ernakulam,Eloor,13,IDAMULA,ISMAIL K M,CPI(M),General,General,OpenDataKerala GitHub
2020,Ernakulam,Eloor,14,PUTHIYAROAD,NISSY SABU,CPI(M),Woman,Woman,OpenDataKerala GitHub
2020,Ernakulam,Eloor,15,KUTTIKATTUKARA SOUTH,K N ANILKUMAR,BJP,General,General,OpenDataKerala GitHub
2020,Ernakulam,Eloor,16,PUTHALATH,NAZEERA RAZAK,INC,General,General,OpenDataKerala GitHub
2020,Ernakulam,Eloor,17,TOWNSHIP,GOPINATH P B,BJP,General,General,OpenDataKerala GitHub
2020,Ernakulam,Eloor,18,PATHELAKKADU,SHENIN T M,CPI,SC,SC,OpenDataKerala GitHub
2020,Ernakulam,Eloor,19,MANJUMMEL EAST,RAJESH P B,CPI(M),General,General,OpenDataKerala GitHub
2020,Ernakulam,Eloor,20,KOTTAKKUNNU,MINI BENNY,INC,Woman,Woman,OpenDataKerala GitHub
2020,Ernakulam,Eloor,21,MANJUMMEL SOUTH,BIJI SUBRAMANIAN,INC,SC Woman,SC Woman,OpenDataKerala GitHub
2020,Ernakulam,Eloor,22,MUTTAR EAST,SREEDEVI GOPALAKRISHNAN,CPI(M),Woman,Woman,OpenDataKerala GitHub
2020,Ernakulam,Eloor,23,MUTTAR WEST,SHERIEF,CPI(M),General,General,OpenDataKerala GitHub
2020,Ernakulam,Eloor,24,MANJUMMEL WEST,SHAIJA BENNY,INC,Woman,Woman,OpenDataKerala GitHub
2020,Ernakulam,Eloor,25,MANJUMMEL,JESSY V A,CPI(M),General,General,OpenDataKerala GitHub
2020,Ernakulam,Eloor,26,DEVASWAMPADAM,S SHAJI,BJP,General,General,OpenDataKerala GitHub
2020,Ernakulam,Eloor,27,KOCHAL,DIVYA NOBY,CPI(M),Woman,Woman,OpenDataKerala GitHub
2020,Ernakulam,Eloor,28,MADAPPATTU,LEELA BABU,CPI,General,General,OpenDataKerala GitHub
2020,Ernakulam,Eloor,29,PARACKAL,SAJU THOMAS,LJP,General,General,OpenDataKerala GitHub
2020,Ernakulam,Eloor,30,HEAD QUARTES WEST,CHANDRIKA RAJAN,BJP,Woman,Woman,OpenDataKerala GitHub
2020,Ernakulam,Eloor,31,AMBEDKAR WARD,DHANYA BHADRAN,INC,Woman,Woman,OpenDataKerala GitHub
2020,Ernakulam,Maradu,1,NETTOOR NORTH,SALINY ANILRAJ,CPI(M),Woman,Woman,OpenDataKerala GitHub
2020,Ernakulam,Maradu,2,KUNDANOOR NORTH,SOBHA CHANDRAN,INC,Woman,Woman,OpenDataKerala GitHub
2020,Ernakulam,Maradu,3,KANNADIKKADU EAST,RENUKA SIVADAS,INC,SC Woman,SC Woman,OpenDataKerala GitHub
2020,Ernakulam,Maradu,4,KUNNALAKADU,RINI THOMAS,INC,Woman,Woman,OpenDataKerala GitHub
2020,Ernakulam,Maradu,5,THURUTHY,SHEEJA SANKUMAR,INDEPENDENT,Woman,Woman,OpenDataKerala GitHub
2020,Ernakulam,Maradu,6,MARADU NORTH,P D RAJESH,INDEPENDENT,General,General,OpenDataKerala GitHub
2020,Ernakulam,Maradu,7,KATTITHARA,A J THOMAS,INDEPENDENT,General,General,OpenDataKerala GitHub
2020,Ernakulam,Maradu,8,SANKAR NAGAR,BINOY JOSEPH,INC,General,General,OpenDataKerala GitHub
2020,Ernakulam,Maradu,9,MARTINPURAM,ANTONY ASHANPARAMBIL,INC,General,General,OpenDataKerala GitHub
2020,Ernakulam,Maradu,10,SASTHRYNAGAR,PADMAPRIYA VINOD,INC,Woman,Woman,OpenDataKerala GitHub
2020,Ernakulam,Maradu,11,KAIRALI NAGAR,K V SEEMA,INDEPENDENT,Woman,Woman,OpenDataKerala GitHub
2020,Ernakulam,Maradu,12,SOCIETY,CHANDRAKALADHARAN,INC,General,General,OpenDataKerala GitHub
2020,Ernakulam,Maradu,13,PANDAVATHU,AJITHA NANDAKUMAR,INC,General,General,OpenDataKerala GitHub
2020,Ernakulam,Maradu,14,NERAVATHU,C V SANTHOSH,CPI(M),General,General,OpenDataKerala GitHub
2020,Ernakulam,Maradu,15,J B SCHOOL,C R SHANAVAS,CPI(M),General,General,OpenDataKerala GitHub
2020,Ernakulam,Maradu,16,KUNDANOOR JUNCTION,SIBY XAVIER,INC,General,General,OpenDataKerala GitHub
2020,Ernakulam,Maradu,17,SUB REGISTRAR OFFICE,BABY PAUL,INC,General,General,OpenDataKerala GitHub
2020,Ernakulam,Maradu,18,MANGAYIL,JIJI PREMAN,CPI(M),Woman,Woman,OpenDataKerala GitHub
2020,Ernakulam,Maradu,19,MANNAPARAMBU,USHA SAHADEVAN,CPI(M),Woman,Woman,OpenDataKerala GitHub
2020,Ernakulam,Maradu,20,AMBEDKAR NAGR,C T SURESH,CPI(M),SC,SC,OpenDataKerala GitHub
2020,Ernakulam,Maradu,21,AYURVEDA HOSPITAL,JAINY PETER,INC,Woman,Woman,OpenDataKerala GitHub
2020,Ernakulam,Maradu,22,VALANTHAKADU,ADV. T M RESHMI SANIL,INDEPENDENT,SC Woman,SC Woman,OpenDataKerala GitHub
2020,Ernakulam,Maradu,23,SANTHIVANOM,A K AFSAL,CPI(M),General,General,OpenDataKerala GitHub
2020,Ernakulam,Maradu,24,NETTOOR SOUTH,ANEESH KUMAR A G,INDEPENDENT,General,General,OpenDataKerala GitHub
2020,Ernakulam,Maradu,25,THANDASSERY,BENSHAD NADUVILAVEEDU,INC,General,General,OpenDataKerala GitHub
2020,Ernakulam,Maradu,26,PERINGATTU PARAMBU,RIAZ K MUHAMMED,INC,General,General,OpenDataKerala GitHub
2020,Ernakulam,Maradu,27,PURAKELI,SEEMA CHANDRAN,INDEPENDENT,Woman,Woman,OpenDataKerala GitHub
2020,Ernakulam,Maradu,28,SVUPS,T M ABBAS,INC,General,General,OpenDataKerala GitHub
2020,Ernakulam,Maradu,29,THEKKEPATTUPURACKAL,BINDU E P,INDEPENDENT,Woman,Woman,OpenDataKerala GitHub
2020,Ernakulam,Maradu,30,AMBALAKADAVU,JAYA JOSEPH,INC,Woman,Woman,OpenDataKerala GitHub
2020,Ernakulam,Maradu,31,NORTH COLONY,MOLY DENNY,INC,Woman,Woman,OpenDataKerala GitHub
2020,Ernakulam,Maradu,32,NORTH PATTUPURACKAL,MINI SHAJI,INC,Woman,Woman,OpenDataKerala GitHub
2020,Ernakulam,Maradu,33,THATTEKADU,DISHA PRATHAPAN,CPI,General,General,OpenDataKerala GitHub
2020,Ernakulam,Koothattukulam,1,M.P.I,JISHA RANJITH,CPI(M),Woman,Woman,OpenDataKerala GitHub
2020,Ernakulam,Koothattukulam,2,CHELLACKAPADY,JIJO T BABY,INC,General,General,OpenDataKerala GitHub
2020,Ernakulam,Koothattukulam,3,MANJERIKUNNU,LISSY JOSE,INC,Woman,Woman,OpenDataKerala GitHub
2020,Ernakulam,Koothattukulam,4,VADAKARA,MARIA GORETHY,INC,Woman,Woman,OpenDataKerala GitHub
2020,Ernakulam,Koothattukulam,5,KUNKUMASSERY,BABY JOHN,KC(M)PJJ,General,General,OpenDataKerala GitHub
2020,Ernakulam,Koothattukulam,6,PAITAKULAM,SIBY KOTTARAM,INC,General,General,OpenDataKerala GitHub
2020,Ernakulam,Koothattukulam,7,DEVAMATHA,JOHN ABRAHAM,INC,General,General,OpenDataKerala GitHub
2020,Ernakulam,Koothattukulam,8,SUBSTATION,SHIBI BABY,INDEPENDENT,Woman,Woman,OpenDataKerala GitHub
2020,Ernakulam,Koothattukulam,9,AMBALAM,ANIL KARUNAKARAN,CPI(M),General,General,OpenDataKerala GitHub
2020,Ernakulam,Koothattukulam,10,HIGH SCHOOL,SUMA VISWAMBHARAN,CPI(M),Woman,Woman,OpenDataKerala GitHub
2020,Ernakulam,Koothattukulam,11,MANGALATHUTHAZHAM,PRINCE PAUL JOHN,INC,General,General,OpenDataKerala GitHub
2020,Ernakulam,Koothattukulam,12,MANGALATHUTHAZHAM SOUTH,ADV. BOBAN VARGHEESE,INC,General,General,OpenDataKerala GitHub
2020,Ernakulam,Koothattukulam,13,ARJUNAN MALA,THANKACHAN C.A.,KC(J),General,General,OpenDataKerala GitHub
2020,Ernakulam,Koothattukulam,14,BAPPUJI,GIGI SHANAVAS,CPI(M),Woman,Woman,OpenDataKerala GitHub
2020,Ernakulam,Koothattukulam,15,TOWN,KALA RAJU,CPI(M),Woman,Woman,OpenDataKerala GitHub
2020,Ernakulam,Koothattukulam,16,U.P. SCHOOL,SANDHYA P.R.,CPI,Woman,Woman,OpenDataKerala GitHub
2020,Ernakulam,Koothattukulam,17,CHORAKKUZHY,AMBIKA RAJENDRAN,CPI,Woman,Woman,OpenDataKerala GitHub
2020,Ernakulam,Koothattukulam,18,CHAMBAMALA,LILLY SUNNY,CPI(M),Woman,Woman,OpenDataKerala GitHub
2020,Ernakulam,Koothattukulam,19,SREEDHAREEYAM,SUNIL KUMAR P.G,INDEPENDENT,General,General,OpenDataKerala GitHub
2020,Ernakulam,Koothattukulam,20,THALIKKUNNU,ROBIN JOHN,CPI(M),General,General,OpenDataKerala GitHub
2020,Ernakulam,Koothattukulam,21,VENGULAM,P C BHASKARAN,INC,SC,SC,OpenDataKerala GitHub
2020,Ernakulam,Koothattukulam,22,KIZHAKOMBU CENTRE,SUNNY KURIAKOSE,CPI(M),General,General,OpenDataKerala GitHub
2020,Ernakulam,Koothattukulam,23,EDAYAR EAST,VIJAYA SIVAN,CPI(M),Woman,Woman,OpenDataKerala GitHub
2020,Ernakulam,Koothattukulam,24,PEEDIKAPADY,SHAMOL SUNIL,CPI(M),Woman,Woman,OpenDataKerala GitHub
2020,Ernakulam,Koothattukulam,25,EDAYAR WEST,SARA T S,INC,Woman,Woman,OpenDataKerala GitHub
2020,Ernakulam,Piravom,1,KAKKAD WEST,PRASANTH R,INC,General,General,OpenDataKerala GitHub
2020,Ernakulam,Piravom,2,KAKKAD CENTRAL,JUBY PAULOSE,INDEPENDENT,Woman,Woman,OpenDataKerala GitHub
2020,Ernakulam,Piravom,3,KAKKAD EAST,PREEMA SANTHOSH,CPI(M),Woman,Woman,OpenDataKerala GitHub
2020,Ernakulam,Piravom,4,KAKKAD SOUTH,SHEBY BIJU,CPI(M),Woman,Woman,OpenDataKerala GitHub
2020,Ernakulam,Piravom,5,KARAKODE,SINI JOY,INDEPENDENT,Woman,Woman,OpenDataKerala GitHub
2020,Ernakulam,Piravom,6,KOLLICKAL,JINCY RAJU,INC,General,General,OpenDataKerala GitHub
2020,Ernakulam,Piravom,7,PIRAVOM TOWN,RAJU PANALICKAL,KC(J),General,General,OpenDataKerala GitHub
2020,Ernakulam,Piravom,8,THOTTABHAGAM NORTH,BABITHA SREEJI,INC,Woman,Woman,OpenDataKerala GitHub
2020,Ernakulam,Piravom,9,PIRAVOM NORTH,REMA VIJAYAN,INC,Woman,Woman,OpenDataKerala GitHub
2020,Ernakulam,Piravom,10,PIRAVOM SOUTH,GIREESH KUMAR,CPI(M),General,General,OpenDataKerala GitHub
2020,Ernakulam,Piravom,11,PIRAVOM EAST,BABU PARAYIL,INDEPENDENT,General,General,OpenDataKerala GitHub
2020,Ernakulam,Piravom,12,KOMBANAMALA,JOJIMON C J,KC(J),General,General,OpenDataKerala GitHub
2020,Ernakulam,Piravom,13,PALACHUVADE NORTH,ALEYAMMA PHILIP,CPI(M),Woman,Woman,OpenDataKerala GitHub
2020,Ernakulam,Piravom,14,EDAPPALLICHIRA,DR AJESH MANOHAR,CPI(M),General,General,OpenDataKerala GitHub
2020,Ernakulam,Piravom,15,ILLICKAMUKKADA,THOMAS MALLIPURAM,INC,General,General,OpenDataKerala GitHub
2020,Ernakulam,Piravom,16,NAMAKUZHY,MOLLY VALIYAKATTAYIL,CPI(M),Woman,Woman,OpenDataKerala GitHub
2020,Ernakulam,Piravom,17,KALLUMADA,ANNAMMA DOMY,KC(J),Woman,Woman,OpenDataKerala GitHub
2020,Ernakulam,Piravom,18,MULAKKULAM,PRASANTH MAMPURATH,INC,General,General,OpenDataKerala GitHub
2020,Ernakulam,Piravom,19,THOTTABHAGAM SOUTH,ADV.BIMAL CHANDRAN,CPI,SC,SC,OpenDataKerala GitHub
2020,Ernakulam,Piravom,20,KALAMPOOR ITTIYARMALA,SHYNY EALIAS,INDEPENDENT,Woman,Woman,OpenDataKerala GitHub
2020,Ernakulam,Piravom,21,KALAMPOOR SOUTH,GILS PERIAPPURAM,KC(M),General,General,OpenDataKerala GitHub
2020,Ernakulam,Piravom,22,KALAMPOOR WEST,ADV. JULIE SABU,CPI,Woman,Woman,OpenDataKerala GitHub
2020,Ernakulam,Piravom,23,PAZHOOR SOUTH,VALSALA VARGHESE,INC,General,General,OpenDataKerala GitHub
2020,Ernakulam,Piravom,24,PAZHOOR WEST,K P SALIM,CPI(M),General,General,OpenDataKerala GitHub
2020,Ernakulam,Piravom,25,PAZHOOR EAST,VAISAKHI S,INC,SC Woman,SC Woman,OpenDataKerala GitHub
2020,Ernakulam,Piravom,26,PAZHOOR CENTRAL,MOLLY BENNY,INC,Woman,Woman,OpenDataKerala GitHub
2020,Ernakulam,Piravom,27,PAZHOOR NORTH,DR.SANJINI PRATHEESH,CPI,Woman,Woman,OpenDataKerala GitHub
2020,Thrissur,Guruvayur,1,THOZHIYOOR,FAISAL POTTATHAYIL,CPI(M),General,General,OpenDataKerala GitHub
2020,Thrissur,Guruvayur,2,PILLAKKAD,SUHARA HAMSAMON,CPI(M),Woman,Woman,OpenDataKerala GitHub
2020,Thrissur,Guruvayur,3,POOKODE EAST,DINIL,CPI(M),General,General,OpenDataKerala GitHub
2020,Thrissur,Guruvayur,4,IRINGAPPURAM EAST,LATHA SATHYAN,CPI(M),Woman,Woman,OpenDataKerala GitHub
2020,Thrissur,Guruvayur,5,MANIGRAMAM,VYSHNAV PRADEEP P,CPI(M),General,General,OpenDataKerala GitHub
2020,Thrissur,Guruvayur,6,CHOWALLORPADI,AJITHA AJITH,INC,Woman,Woman,OpenDataKerala GitHub
2020,Thrissur,Guruvayur,7,BRAHMAKULAM,B.V. JOY,INC,General,General,OpenDataKerala GitHub
2020,Thrissur,Guruvayur,8,PALABAZAR,RAHITHA PRASAD,CPI(M),Woman,Woman,OpenDataKerala GitHub
2020,Thrissur,Guruvayur,9,VILAKKUPADAM,BINDHU AJITHKUMAR,CPI(M),General,General,OpenDataKerala GitHub
2020,Thrissur,Guruvayur,10,PALUVAI,MEHROOF K M,IUML,General,General,OpenDataKerala GitHub
2020,Thrissur,Guruvayur,11,CHAKKUMKANDAM,A M SHAFEER,CPI,General,General,OpenDataKerala GitHub
2020,Thrissur,Guruvayur,12,PALAYOOR,MUNEERA ASHRAF,CPI(M),Woman,Woman,OpenDataKerala GitHub
2020,Thrissur,Guruvayur,13,EDAPPULLY,C. S. SOORAJ,INC,General,General,OpenDataKerala GitHub
2020,Thrissur,Guruvayur,14,HIGHSCHOOL,JYOTHI RAVINDRANATH,BJP,Woman,Woman,OpenDataKerala GitHub
2020,Thrissur,Guruvayur,15,MAMMIYOOR,RENUKA SANKAR,INC,Woman,Woman,OpenDataKerala GitHub
2020,Thrissur,Guruvayur,16,COLLEGE,PROF. P K SANTHAKUMARI,INDEPENDENT,Woman,Woman,OpenDataKerala GitHub
2020,Thrissur,Guruvayur,17,CHAMUNDESWARI,M KRISHNADAS,CPI(M),General,General,OpenDataKerala GitHub
2020,Thrissur,Guruvayur,18,GURUPAVANAPURI,SOBHA HARINARAYANAN,BJP,General,General,OpenDataKerala GitHub
2020,Thrissur,Guruvayur,19,KARAKKAD,R V SHEREEF,CPI(M),General,General,OpenDataKerala GitHub
2020,Thrissur,Guruvayur,20,PANCHARAMUCKU,NOWFAL,CPI(M),General,General,OpenDataKerala GitHub
2020,Thrissur,Guruvayur,21,PUTHUSSERYPADFAM,AJITHA DINESAN,CPI(M),SC Woman,SC Woman,OpenDataKerala GitHub
2020,Thrissur,Guruvayur,22,MANIKKATHPADI,P. V. MADHUSOODANAN,CPI,SC,SC,OpenDataKerala GitHub
2020,Thrissur,Guruvayur,23,NENMINI,K. P. ABDUL RASHEED,INC,General,General,OpenDataKerala GitHub
2020,Thrissur,Guruvayur,24,THAIKKAD,VINCY (SHILVA JOSHY),INC,Woman,Woman,OpenDataKerala GitHub
2020,Thrissur,Guruvayur,25,SUBSTATION,BINDHU PURUSHOTHAMAN,CPI,Woman,Woman,OpenDataKerala GitHub
2020,Thrissur,Guruvayur,26,IRINGAPPURAM SOUTH,SUBITHA SUDHEER,CPI,Woman,Woman,OpenDataKerala GitHub
2020,Thrissur,Guruvayur,27,THIRUVENKIDAM,V. K. SUJITH,INC,General,General,OpenDataKerala GitHub
2020,Thrissur,Guruvayur,28,MANJULAL,K. P. UDAYAN,INC,General,General,OpenDataKerala GitHub
2020,Thrissur,Guruvayur,29,KANDAMKULAM,DEVIKA DILEEP,CPI(M),Woman,Woman,OpenDataKerala GitHub
2020,Thrissur,Guruvayur,30,IRINGAPRAM NORTH,DEEPA,CPI(M),Woman,Woman,OpenDataKerala GitHub
2020,Thrissur,Guruvayur,31,CHOOLPURAM WEST,SINDHU UNNI,CPI(M),Woman,Woman,OpenDataKerala GitHub
2020,Thrissur,Guruvayur,32,KOTTAPADI,A S MANOJ,CPI(M),General,General,OpenDataKerala GitHub
2020,Thrissur,Guruvayur,33,POOKODE WEST,ANEESHMA SHANOJ,CPI,General,General,OpenDataKerala GitHub
2020,Thrissur,Guruvayur,34,KAPPIYOOR,JEESHMA SUJITH,INC,SC Woman,SC Woman,OpenDataKerala GitHub
2020,Thrissur,Guruvayur,35,KOTTA NORTH,SHYLAJA,CPI(M),Woman,Woman,OpenDataKerala GitHub
2020,Thrissur,Guruvayur,36,CHOOLPURAM EAST,MAGGIE V J,INC,Woman,Woman,OpenDataKerala GitHub
2020,Thrissur,Guruvayur,37,KOTTA SOUTH,BIBITHA,CPI(M),Woman,Woman,OpenDataKerala GitHub
2020,Thrissur,Guruvayur,38,THAMARAYOOR,NISHI,CPI(M),Woman,Woman,OpenDataKerala GitHub
2020,Thrissur,Guruvayur,39,PERAKAM,ABILASH A V,CPI(M),General,General,OpenDataKerala GitHub
2020,Thrissur,Guruvayur,40,VAZHAPPULLY,SHEFEENA SHANIR,INC,Woman,Woman,OpenDataKerala GitHub
2020,Thrissur,Guruvayur,41,KAVEED SOUTH,DIVYA,CPI(M),Woman,Woman,OpenDataKerala GitHub
2020,Thrissur,Guruvayur,42,KARAYOOR,A SAINADHAN,CPI(M),General,General,OpenDataKerala GitHub
2020,Thrissur,Guruvayur,43,KAVEED NORTH,A SUBRAMANIAN,CPI(M),General,General,OpenDataKerala GitHub
2020,Thrissur,Chavakkad,1,PUTHENKADAPPURAM NORTH,UMMU RAHMATH,CPI(M),Woman,Woman,OpenDataKerala GitHub
2020,Thrissur,Chavakkad,2,GRAMAKULAM,SRIJI SUBHASH,CPI(M),Woman,Woman,OpenDataKerala GitHub
2020,Thrissur,Chavakkad,3,THIRUVATHRA NORTH,PRIYA MANOHARAN,CPI(M),Woman,Woman,OpenDataKerala GitHub
2020,Thrissur,Chavakkad,4,KUNCHERY,A V MOHAMMED ANWAR,CPI,General,General,OpenDataKerala GitHub
2020,Thrissur,Chavakkad,5,PUNNA NORTH,SHAHIDA MOHAMMED,INC,General,General,OpenDataKerala GitHub
2020,Thrissur,Chavakkad,6,PUNNA SOUTH,UMMER R M,CPI(M),General,General,OpenDataKerala GitHub
2020,Thrissur,Chavakkad,7,ALUMPADI,MANJU SUSHIL,INDEPENDENT,Woman,Woman,OpenDataKerala GitHub
2020,Thrissur,Chavakkad,8,MAMMIYOOR,BABY FRANCIS,INC,Woman,Woman,OpenDataKerala GitHub
2020,Thrissur,Chavakkad,9,MUTHUVATTOOR,K V SATHAR,INC,General,General,OpenDataKerala GitHub
2020,Thrissur,Chavakkad,10,OVUNGAL,P S ABDUL RASHEED,CPI(M),General,General,OpenDataKerala GitHub
2020,Thrissur,Chavakkad,11,PALAYOOR NORTH,ABDULLA AKBAR KONETH,CPI(M),General,General,OpenDataKerala GitHub
2020,Thrissur,Chavakkad,12,PALAYOOR EAST,JOYACY V J,KC(J),General,General,OpenDataKerala GitHub
2020,Thrissur,Chavakkad,13,PALAYOOR SOUTH,SAHINA,CPI(M),Woman,Woman,OpenDataKerala GitHub
2020,Thrissur,Chavakkad,14,PALAYOOR,SUPRIYA RAMENDRAN,INC,Woman,Woman,OpenDataKerala GitHub
2020,Thrissur,Chavakkad,15,PALAYOOR WEST,SHAHNAWAZ K V,CPI(M),General,General,OpenDataKerala GitHub
2020,Thrissur,Chavakkad,16,CHAVAKKAD TOWN,BUSHARA LATHEEF,CPI(M),Woman,Woman,OpenDataKerala GitHub
2020,Thrissur,Chavakkad,17,KOZHIKKULANGARA,M B PRAMEELA,CPI(M),Woman,Woman,OpenDataKerala GitHub
2020,Thrissur,Chavakkad,18,MANATHALA NORTH,SMRITHY S S,CPI(M),Woman,Woman,OpenDataKerala GitHub
2020,Thrissur,Chavakkad,19,CIVILSTATION,FAISAL,IUML,General,General,OpenDataKerala GitHub
2020,Thrissur,Chavakkad,20,MANATHALA,UMMU KULSU,CPI(M),Woman,Woman,OpenDataKerala GitHub
2020,Thrissur,Chavakkad,21,BLANGAD,RANJITH KUMAR,CPI(M),General,General,OpenDataKerala GitHub
2020,Thrissur,Chavakkad,22,MADEKKADAVU,MANIKANDAN K C,CPI(M),SC,SC,OpenDataKerala GitHub
2020,Thrissur,Chavakkad,23,BLANGAD BEACH,KABEER P K,INC,General,General,OpenDataKerala GitHub
2020,Thrissur,Chavakkad,24,DWARAKA BEACH,GIRAJA PRASAD,CPI(M),SC Woman,SC Woman,OpenDataKerala GitHub
2020,Thrissur,Chavakkad,25,PULICHIRAKKETTU WEST,RAMYA BINESH,CPI(M),Woman,Woman,OpenDataKerala GitHub
2020,Thrissur,Chavakkad,26,PULICHIRAKKETTU EAST,SHEEJA PRASANTH,CPI(M),Woman,Woman,OpenDataKerala GitHub
2020,Thrissur,Chavakkad,27,PARAPPILTHAZHAM,N K PRASANNA,CPI(M),Woman,Woman,OpenDataKerala GitHub
2020,Thrissur,Chavakkad,28,PUTHENKADAPPURAM SOUTH,ASMATH ALI,INC,General,General,OpenDataKerala GitHub
2020,Thrissur,Chavakkad,29,KOTTAPPURAM,RADHAKRISHNAN,CPI(M),General,General,OpenDataKerala GitHub
2020,Thrissur,Chavakkad,30,PUTHIYARA,K K MUBARAK,CPI(M),General,General,OpenDataKerala GitHub
2020,Thrissur,Chavakkad,31,THIRUVATHRA,M R RADHAKRISHNAN,CPI(M),General,General,OpenDataKerala GitHub
2020,Thrissur,Chavakkad,32,PUTHENKADAPPURAM,SHAHIDHA,INC,Woman,Woman,OpenDataKerala GitHub
2020,Thrissur,Kodungallur,1,PARAPPULLY,REENA ANIL,BJP,Woman,Woman,OpenDataKerala GitHub
2020,Thrissur,Kodungallur,2,KANIYATH,RESHMI BABU,BJP,General,General,OpenDataKerala GitHub
2020,Thrissur,Kodungallur,3,J T S,K V CHANDRAN,CPI(M),General,General,OpenDataKerala GitHub
2020,Thrissur,Kodungallur,4,TEMPLE,SUMESH C S,BJP,SC,SC,OpenDataKerala GitHub
2020,Thrissur,Kodungallur,5,TOWNHALL,K R JAITHRAN,CPI(M),General,General,OpenDataKerala GitHub
2020,Thrissur,Kodungallur,6,SOCIETY,RANJITHA C K,BJP,Woman,Woman,OpenDataKerala GitHub
2020,Thrissur,Kodungallur,7,VAYALAR,GEETHA T K,CPI(M),SC Woman,SC Woman,OpenDataKerala GitHub
2020,Thrissur,Kodungallur,8,THYVEPPU,C NANDAKUMAR,BJP,General,General,OpenDataKerala GitHub
2020,Thrissur,Kodungallur,9,VIYYATHUKULAM,ANITHA BABU,CPI,Woman,Woman,OpenDataKerala GitHub
2020,Thrissur,Kodungallur,10,KANAKKANKADAVU,RATHEEH V B,CPI,General,General,OpenDataKerala GitHub
2020,Thrissur,Kodungallur,11,NARAYANAMANGALAM,VINITHA A V,BJP,Woman,Woman,OpenDataKerala GitHub
2020,Thrissur,Kodungallur,12,NAYAKULAM,GIRIJA P N,CPI,Woman,Woman,OpenDataKerala GitHub
2020,Thrissur,Kodungallur,13,K K T M,P N VINAYACHANDRAN,CPI(M),General,General,OpenDataKerala GitHub
2020,Thrissur,Kodungallur,14,CHAPPARA,SHINIJA M U,CPI,Woman,Woman,OpenDataKerala GitHub
2020,Thrissur,Kodungallur,15,PANDEERAMPALA,THANKAMANI RADHAKRISHNAN,BJP,Woman,Woman,OpenDataKerala GitHub
2020,Thrissur,Kodungallur,16,POWERHOUSE,JAYADEVAN,BJP,General,General,OpenDataKerala GitHub
2020,Thrissur,Kodungallur,17,PARK,REKHA SALPRAKASH,BJP,General,General,OpenDataKerala GitHub
2020,Thrissur,Kodungallur,18,NALUKANDAM,SUVIND C S,CPI(M),General,General,OpenDataKerala GitHub
2020,Thrissur,Kodungallur,19,ELTHURUTHU,PARVATHY SUKUMARAN,BJP,Woman,Woman,OpenDataKerala GitHub
2020,Thrissur,Kodungallur,20,PALIYAMTHURUTHU,VALSALA K A,CPI(M),SC Woman,SC Woman,OpenDataKerala GitHub
2020,Thrissur,Kodungallur,21,THIRUVANCHIKULAM,K A SUNILKUMAR,BJP,General,General,OpenDataKerala GitHub
2020,Thrissur,Kodungallur,22,KAKKAMADANTHURUTHU,ADV. V S DINAL,CPI,General,General,OpenDataKerala GitHub
2020,Thrissur,Kodungallur,23,KOTTA,FRANCIS BACON K,CPI,General,General,OpenDataKerala GitHub
2020,Thrissur,Kodungallur,24,ANAPUZHA,ELSY PAUL,CPI,Woman,Woman,OpenDataKerala GitHub
2020,Thrissur,Kodungallur,25,KOTTAPPURAM,V M JOHNY,INC,General,General,OpenDataKerala GitHub
2020,Thrissur,Kodungallur,26,VALIYAPANIKKANTHURUTHU,BEENA SIVADASAN,CPI,Woman,Woman,OpenDataKerala GitHub
2020,Thrissur,Kodungallur,27,CHALAKULAM,K S SIVARAM,BJP,General,General,OpenDataKerala GitHub
2020,Thrissur,Kodungallur,28,KUNNAMKULAM,RAVINDRAN N D,CPI,General,General,OpenDataKerala GitHub
2020,Thrissur,Kodungallur,29,KANDANKULAM,RIJI JOSHY,BJP,Woman,Woman,OpenDataKerala GitHub
2020,Thrissur,Kodungallur,30,PADANNA,SHEELA,CPI,Woman,Woman,OpenDataKerala GitHub
2020,Thrissur,Kodungallur,31,METHALAPADAM,E J HIMESH,CPI(M),General,General,OpenDataKerala GitHub
2020,Thrissur,Kodungallur,32,ANCHAPALAM,JINIMOL NIDHIN,CPI(M),Woman,Woman,OpenDataKerala GitHub
2020,Thrissur,Kodungallur,33,KADUKKACHUVADU,LEELA KARUNAKARAN,CPI(M),Woman,Woman,OpenDataKerala GitHub
2020,Thrissur,Kodungallur,34,SREENAGAR,ALEEMA RASHEED,KC,Woman,Woman,OpenDataKerala GitHub
2020,Thrissur,Kodungallur,35,T K S PURAM,K S KAISAB,CPI(M),General,General,OpenDataKerala GitHub
2020,Thrissur,Kodungallur,36,PERUMTHODU,SMITHA ANANDAN,BJP,General,General,OpenDataKerala GitHub
2020,Thrissur,Kodungallur,37,PARAMBIKULAM,JYOTHILAKSHMI RAVI,BJP,Woman,Woman,OpenDataKerala GitHub
2020,Thrissur,Kodungallur,38,KERALEWARAPURAM,REMADEVI M K,BJP,Woman,Woman,OpenDataKerala GitHub
2020,Thrissur,Kodungallur,39,KATHOLIPARAMBU,LATHA UNNIKRISHNANA,CPI(M),Woman,Woman,OpenDataKerala GitHub
2020,Thrissur,Kodungallur,40,PADAKULAM,SAJEEVAN T S,BJP,General,General,OpenDataKerala GitHub
2020,Thrissur,Kodungallur,41,CHERAMAN MASJID,ADV.VENKITESWARAN D T,BJP,General,General,OpenDataKerala GitHub
2020,Thrissur,Kodungallur,42,KARUR,PARAMESWARANKUTTY T,BJP,General,General,OpenDataKerala GitHub
2020,Thrissur,Kodungallur,43,AYIKKARAPARAMBU,DHANYA SHINE,BJP,Woman,Woman,OpenDataKerala GitHub
2020,Thrissur,Kodungallur,44,OKAY,SHALINI VENKIDESH,BJP,Woman,Woman,OpenDataKerala GitHub
2020,Thrissur,Chalakudy,1,THANIPPARA,JIJI JOHNSON,INC,Woman,Woman,OpenDataKerala GitHub
2020,Thrissur,Chalakudy,2,PERIACHIRA,EBBY GEORGE,INC,General,General,OpenDataKerala GitHub
2020,Thrissur,Chalakudy,3,POTTA SCHOOL,VALSAN C N,BJP,General,General,OpenDataKerala GitHub
2020,Thrissur,Chalakudy,4,ALAVI CENTER,JOY CHAMAVALPPIL,INC,General,General,OpenDataKerala GitHub
2020,Thrissur,Chalakudy,5,PANAMBILLY COLLEGE,SOUMYA VINESH,INC,Woman,Woman,OpenDataKerala GitHub
2020,Thrissur,Chalakudy,6,SITHARA NAGAR,PREETHY BABU,INC,General,General,OpenDataKerala GitHub
2020,Thrissur,Chalakudy,7,POTTACHIRA,V O PAILAPPAN,INC,General,General,OpenDataKerala GitHub
2020,Thrissur,Chalakudy,8,PARAKOTTIKKAL TEMPLE,LILLY JOSE,CPI(M),Woman,Woman,OpenDataKerala GitHub
2020,Thrissur,Chalakudy,9,ST JOSEPH CHURCH,SUSAMMA ANTONY,INC,Woman,Woman,OpenDataKerala GitHub
2020,Thrissur,Chalakudy,10,ST JAMES HOSPITAL,THOMAS M A,INC,General,General,OpenDataKerala GitHub
2020,Thrissur,Chalakudy,11,KOODAPUZHA CHURCH,BIJI SADANANDAN,CPI,Woman,Woman,OpenDataKerala GitHub
2020,Thrissur,Chalakudy,12,THIRUMANTHAMKUNNU TEMPLE,SUSY SUNIL,INC,Woman,Woman,OpenDataKerala GitHub
2020,Thrissur,Chalakudy,13,GANDHI NAGAR,SHAIJA SUNIL,CPI(M),Woman,Woman,OpenDataKerala GitHub
2020,Thrissur,Chalakudy,14,POWER HOUSE,M M ANILKUMAR,INC,General,General,OpenDataKerala GitHub
2020,Thrissur,Chalakudy,15,ARATTUKADAVU,ADV.BIJU S CHIRAYATH,INC,General,General,OpenDataKerala GitHub
2020,Thrissur,Chalakudy,16,VETTUKADAVU,SINDHU LOJU,INC,Woman,Woman,OpenDataKerala GitHub
2020,Thrissur,Chalakudy,17,CHENATHUNADU,DIPU DINESH,INC,General,General,OpenDataKerala GitHub
2020,Thrissur,Chalakudy,18,GAYATHRI ASHRAMAM,V J JOJI,INDEPENDENT,General,General,OpenDataKerala GitHub
2020,Thrissur,Chalakudy,19,ST MARYS CHURCH,C S SURESH (VINU),CPI(M),General,General,OpenDataKerala GitHub
2020,Thrissur,Chalakudy,20,HOUSING BOARD,ELIZABATH T D,INDEPENDENT,Woman,Woman,OpenDataKerala GitHub
2020,Thrissur,Chalakudy,21,MUNICIPAL QUARTERS,NITHA PAUL,INC,Woman,Woman,OpenDataKerala GitHub
2020,Thrissur,Chalakudy,22,KANNAMPUZHA TEMPLE,C SREEDEVI,INC,Woman,Woman,OpenDataKerala GitHub
2020,Thrissur,Chalakudy,23,I T I,BINDU SASIKUMAR,CPI,General,General,OpenDataKerala GitHub
2020,Thrissur,Chalakudy,24,I R M L P SCHOOL,SUDHA BHASKARAN,INC,Woman,Woman,OpenDataKerala GitHub
2020,Thrissur,Chalakudy,25,F C I,K V PAUL,INC,General,General,OpenDataKerala GitHub
2020,Thrissur,Chalakudy,26,MOONJEL,GITHY RAJAN,INC,SC Woman,SC Woman,OpenDataKerala GitHub
2020,Thrissur,Chalakudy,27,KOTTATT,GEORGE THOMAS,INC,General,General,OpenDataKerala GitHub
2020,Thrissur,Chalakudy,28,MAITHRI NAGAR,ANIE PAUL,INC,Woman,Woman,OpenDataKerala GitHub
2020,Thrissur,Chalakudy,29,KARAKULATHUNADU,BALAN K P,INC,SC,SC,OpenDataKerala GitHub
2020,Thrissur,Chalakudy,30,MUNICIPAL OFFICE,ROSY LAZER,INDEPENDENT,Woman,Woman,OpenDataKerala GitHub
2020,Thrissur,Chalakudy,31,ARYANKALA MASJID,JOJI K J,INDEPENDENT,General,General,OpenDataKerala GitHub
2020,Thrissur,Chalakudy,32,THACHUDAPARAMBU,ALICE SHIBU,INC,Woman,Woman,OpenDataKerala GitHub
2020,Thrissur,Chalakudy,33,V R PURAM,SHIBU VALAPPAN,INC,General,General,OpenDataKerala GitHub
2020,Thrissur,Chalakudy,34,URUMBANKUNNU,SUNOJ K S,INDEPENDENT,General,General,OpenDataKerala GitHub
2020,Thrissur,Chalakudy,35,PRASANTHI HOSPITAL,LIBY SHAJI,INC,Woman,Woman,OpenDataKerala GitHub
2020,Thrissur,Chalakudy,36,KARUNALAYAM,BETTY VARGHESE,INC,Woman,Woman,OpenDataKerala GitHub
2020,Thrissur,Irinjalakuda,1,MOORKANAD,NASEEMA KUNJUMON,CPI(M),Woman,Woman,OpenDataKerala GitHub
2020,Thrissur,Irinjalakuda,2,BANGLAVU,RAJI KRISHNAKUMAR,CPI,Woman,Woman,OpenDataKerala GitHub
2020,Thrissur,Irinjalakuda,3,PUTHENTHODE,PRAVEEN,CPI(M),General,General,OpenDataKerala GitHub
2020,Thrissur,Irinjalakuda,4,KARUVANNUR SOUTH,ALPHONSA THOMAS,CPI,Woman,Woman,OpenDataKerala GitHub
2020,Thrissur,Irinjalakuda,5,PEECHAMPILLYKONAM,AJITHKUMAR,INC,SC,SC,OpenDataKerala GitHub
2020,Thrissur,Irinjalakuda,6,HOLY CROSS CHURCH,BAIJU KUTTIKKADAN,INC,General,General,OpenDataKerala GitHub
2020,Thrissur,Irinjalakuda,7,MAPRANAM,ARCHA ANISH,BJP,Woman,Woman,OpenDataKerala GitHub
2020,Thrissur,Irinjalakuda,8,MADAYIKONAM SCHOOL,AMBIKA PALLIPURATH,CPI(M),Woman,Woman,OpenDataKerala GitHub
2020,Thrissur,Irinjalakuda,9,NAMBIANKAVU KSHETHRAM,SARITHA SUBHASH,BJP,Woman,Woman,OpenDataKerala GitHub
2020,Thrissur,Irinjalakuda,10,KUZHIKKATTUKONAM,A S LIJI,CPI(M),SC Woman,SC Woman,OpenDataKerala GitHub
2020,Thrissur,Irinjalakuda,11,POLICE STATION,M R SHAJU,INC,General,General,OpenDataKerala GitHub
2020,Thrissur,Irinjalakuda,12,BOYS HIGH SCHOOL,MARTIN ALENGADEN,INDEPENDENT,General,General,OpenDataKerala GitHub
2020,Thrissur,Irinjalakuda,13,AZAD ROAD,BIJU PAUL AKKARAKARAN,INC,General,General,OpenDataKerala GitHub
2020,Thrissur,Irinjalakuda,14,GANDHIGRAM,SHELLY WILSON,CPI,Woman,Woman,OpenDataKerala GitHub
2020,Thrissur,Irinjalakuda,15,GANDHIGRAM EAST,JESTINE JOHN,INC,General,General,OpenDataKerala GitHub
2020,Thrissur,Irinjalakuda,16,GOVT HOSPITAL,P T GEORGE,KC(M)PJJ,General,General,OpenDataKerala GitHub
2020,Thrissur,Irinjalakuda,17,MADATHIKARA,MARYKUTTY JOY,INC,Woman,Woman,OpenDataKerala GitHub
2020,Thrissur,Irinjalakuda,18,CHALAMPADAM,MINI JOSE CHAKOLA,INC,General,General,OpenDataKerala GitHub
2020,Thrissur,Irinjalakuda,19,MARKET,FENY ABIN VELLANIKKARAN,KC(M)PJJ,Woman,Woman,OpenDataKerala GitHub
2020,Thrissur,Irinjalakuda,20,COLONY,ADV. K R VIJAYA,CPI(M),Woman,Woman,OpenDataKerala GitHub
2020,Thrissur,Irinjalakuda,21,CANAL BASE,MINI SUNNY,INC,Woman,Woman,OpenDataKerala GitHub
2020,Thrissur,Irinjalakuda,22,MUNICIPAL OFFICE,AVINASH O S,INC,SC,SC,OpenDataKerala GitHub
2020,Thrissur,Irinjalakuda,23,CHRIST COLLEGE,JAISON PAREKADAN,INC,General,General,OpenDataKerala GitHub
2020,Thrissur,Irinjalakuda,24,BUS STAND,SIJU YOHANNAN,INC,General,General,OpenDataKerala GitHub
2020,Thrissur,Irinjalakuda,25,KOODALMANIKYAM,SMITHA KRISHNAKUMAR,BJP,Woman,Woman,OpenDataKerala GitHub
2020,Thrissur,Irinjalakuda,26,UNNAYIVARRIAYAR KALANILAYAM,SANTHOSH BOBAN,BJP,General,General,OpenDataKerala GitHub
2020,Thrissur,Irinjalakuda,27,CHELOORKAVU,SONIYA GIRI,INC,Woman,Woman,OpenDataKerala GitHub
2020,Thrissur,Irinjalakuda,28,POOCHAKULAM,K M SANTHOSH,INC,General,General,OpenDataKerala GitHub
2020,Thrissur,Irinjalakuda,29,KSRTC,AMBILY JAYAN,BJP,Woman,Woman,OpenDataKerala GitHub
2020,Thrissur,Irinjalakuda,30,KORUMBISSERY,CHARLEY T V,INC,General,General,OpenDataKerala GitHub
2020,Thrissur,Irinjalakuda,31,KARUKULANGARA,SUJA SANJEEV KUMAR,INC,Woman,Woman,OpenDataKerala GitHub
2020,Thrissur,Irinjalakuda,32,CIVIL STATION,ADV. JISHA JOBI,CPI,Woman,Woman,OpenDataKerala GitHub
2020,Thrissur,Irinjalakuda,33,PORATHISSERY POST OFFICE,SANJAY M S,CPI(M),General,General,OpenDataKerala GitHub
2020,Thrissur,Irinjalakuda,34,PORATHISSERY,VIJAYAKUMARI ANILAN,BJP,General,General,OpenDataKerala GitHub
2020,Thrissur,Irinjalakuda,35,MAHATHMA SCHOOL,C C SHIBIN,CPI(M),General,General,OpenDataKerala GitHub
2020,Thrissur,Irinjalakuda,36,FIRE STATION,SATHI SUBRAHMANIAN,CPI(M),SC Woman,SC Woman,OpenDataKerala GitHub
2020,Thrissur,Irinjalakuda,37,BLOCK OFFICE,C M SANI,CPI(M),Woman,Woman,OpenDataKerala GitHub
2020,Thrissur,Irinjalakuda,38,THALIYAKONAM,LEKHA K R,CPI(M),Woman,Woman,OpenDataKerala GitHub
2020,Thrissur,Irinjalakuda,39,KALLADA,SHAJU T K (SHAJUTTAN),BJP,General,General,OpenDataKerala GitHub
2020,Thrissur,Irinjalakuda,40,THALIYAKONAM NORTH,T K JAYANANDAN,CPI(M),General,General,OpenDataKerala GitHub
2020,Thrissur,Irinjalakuda,41,PURATHAD,MAYA AJAYAN,BJP,SC Woman,SC Woman,OpenDataKerala GitHub
2020,Thrissur,Kunnamkulam,1,MUTHUVAMMAL,SUJEESH A. S.,CPI(M),SC,SC,OpenDataKerala GitHub
2020,Thrissur,Kunnamkulam,2,KIZHUR SOUTH,RESHMA SUNIL,BJP,Woman,Woman,OpenDataKerala GitHub
2020,Thrissur,Kunnamkulam,3,KIZHUR NORTH,SOUMYA ANILAN,CPI(M),Woman,Woman,OpenDataKerala GitHub
2020,Thrissur,Kunnamkulam,4,KIZHUR CENTER,SAJINI PREMAN,CPI(M),Woman,Woman,OpenDataKerala GitHub
2020,Thrissur,Kunnamkulam,5,VAISSERY,P. M. SURESH,CPI(M),General,General,OpenDataKerala GitHub
2020,Thrissur,Kunnamkulam,6,NADUPANTHY,LEELA UNNIKRISHNAN,INC,SC Woman,SC Woman,OpenDataKerala GitHub
2020,Thrissur,Kunnamkulam,7,KAKKAD,PRASUNNA ROSHITH,INC,Woman,Woman,OpenDataKerala GitHub
2020,Thrissur,Kunnamkulam,8,MUNIMADA,REEJA SALIL,RMPI,Woman,Woman,OpenDataKerala GitHub
2020,Thrissur,Kunnamkulam,9,AYYAMPARAMBU,SINCY GEORGE,CPI(M),Woman,Woman,OpenDataKerala GitHub
2020,Thrissur,Kunnamkulam,10,AYYAPPATH,BEENA RAVI,RMPI,Woman,Woman,OpenDataKerala GitHub
2020,Thrissur,Kunnamkulam,11,CHERUKUNNU,SANDEEP N.C.,RMPI,SC,SC,OpenDataKerala GitHub
2020,Thrissur,Kunnamkulam,12,URULIKUNNU,BINU PRASAD,BJP,General,General,OpenDataKerala GitHub
2020,Thrissur,Kunnamkulam,13,CHOWANNUR,PRAVEENA BHAVESH,CPI(M),Woman,Woman,OpenDataKerala GitHub
2020,Thrissur,Kunnamkulam,14,MALANKARA,SHAJIALIKKAL,INC,General,General,OpenDataKerala GitHub
2020,Thrissur,Kunnamkulam,15,TOWN WARD,BIJU C BABY,INC,General,General,OpenDataKerala GitHub
2020,Thrissur,Kunnamkulam,16,KANIPAYOOR,SOMASEKHARAN T.,INDEPENDENT,General,General,OpenDataKerala GitHub
2020,Thrissur,Kunnamkulam,17,ANAIKKAL,VINOD M.V.,CPI(M),General,General,OpenDataKerala GitHub
2020,Thrissur,Kunnamkulam,18,KANIYAMBAL,V.K SUNILKUMAR,CPI(M),General,General,OpenDataKerala GitHub
2020,Thrissur,Kunnamkulam,19,NEHRU NAGAR,LABEEB HASSAN,INC,General,General,OpenDataKerala GitHub
2020,Thrissur,Kunnamkulam,20,SANTHI NAGAR,MINI MONCY,INC,General,General,OpenDataKerala GitHub
2020,Thrissur,Kunnamkulam,21,THEKKEPPURAM,ADV.SOPHIA SREEJITH,BJP,Woman,Woman,OpenDataKerala GitHub
2020,Thrissur,Kunnamkulam,22,KURUKKANPARA,SANAL A S,CPI(M),General,General,OpenDataKerala GitHub
2020,Thrissur,Kunnamkulam,23,ARTHAT EAST,MISHA SEBASTIAN,INC,General,General,OpenDataKerala GitHub
2020,Thrissur,Kunnamkulam,24,CHEERAMKULAM,SEETHA RAVINDRAN,CPI(M),Woman,Woman,OpenDataKerala GitHub
2020,Thrissur,Kunnamkulam,25,PORKALENGAD,BINEESH T B,CPI(M),General,General,OpenDataKerala GitHub
2020,Thrissur,Kunnamkulam,26,INJIKKUNNU,"P. K, SHABEER",CPI(M),General,General,OpenDataKerala GitHub
2020,Thrissur,Kunnamkulam,27,CHEMMANNUR NORTH,SAJEEVAN P.V.,CPI(M),General,General,OpenDataKerala GitHub
2020,Thrissur,Kunnamkulam,28,CHEMMANNUR SOUTH,SHEEJA BHARATHAN,CPI(M),Woman,Woman,OpenDataKerala GitHub
2020,Thrissur,Kunnamkulam,29,ARTHAT SOUTH,PRIYA SAJEESH,CPI(M),General,General,OpenDataKerala GitHub
2020,Thrissur,Kunnamkulam,30,THEKKAN CHITTANJUR,DIVYA P C,BJP,Woman,Woman,OpenDataKerala GitHub
2020,Thrissur,Kunnamkulam,31,ANJOORKUNNU,PUSHPA MURALI,CPI(M),Woman,Woman,OpenDataKerala GitHub
2020,Thrissur,Kunnamkulam,32,ANJOOR,REKHA SAJEEV,BJP,Woman,Woman,OpenDataKerala GitHub
2020,Thrissur,Kunnamkulam,33,KAVILAKKAD,K. K. MURALI,BJP,General,General,OpenDataKerala GitHub
2020,Thrissur,Kunnamkulam,34,CHITTANJOOR,GEETHASASI,BJP,Woman,Woman,OpenDataKerala GitHub
2020,Thrissur,Kunnamkulam,35,ALATHOOR,SIGMA REJEESH,BJP,SC Woman,SC Woman,OpenDataKerala GitHub
2020,Thrissur,Kunnamkulam,36,ANJOOR PALAM,REGI BIJU,CPI(M),Woman,Woman,OpenDataKerala GitHub
2020,Thrissur,Kunnamkulam,37,VADUTHALA,SHEKEENAMILSA A.,CPI(M),Woman,Woman,OpenDataKerala GitHub
2020,Thrissur,Wadakanchery,1,PUTHURUTHY SCHOOL,NIJI BABU,INC,Woman,Woman,OpenDataKerala GitHub
2020,Thrissur,Wadakanchery,2,PUTHURUTHY CENTRE,BIJEESH P B,INC,SC,SC,OpenDataKerala GitHub
2020,Thrissur,Wadakanchery,3,PUTHURUTHY EAST,K T JOY,INC,General,General,OpenDataKerala GitHub
2020,Thrissur,Wadakanchery,4,PADINJAREKKARA,KAMALAM SREENIVASAN,INC,Woman,Woman,OpenDataKerala GitHub
2020,Thrissur,Wadakanchery,5,KUMBLAGAD CENTRE,KAVITHA KRISHNANUNNI,BJP,Woman,Woman,OpenDataKerala GitHub
2020,Thrissur,Wadakanchery,6,CHALAKKAL,REMYA V,CPI(M),Woman,Woman,OpenDataKerala GitHub
2020,Thrissur,Wadakanchery,7,AKAMPADAM,P N SURENDRAN,CPI(M),General,General,OpenDataKerala GitHub
2020,Thrissur,Wadakanchery,8,RAILWAY,S A A AZAD,INC,General,General,OpenDataKerala GitHub
2020,Thrissur,Wadakanchery,9,ERATTAKULAGARA,SARITHA T H,CPI(M),Woman,Woman,OpenDataKerala GitHub
2020,Thrissur,Wadakanchery,10,OTTUPARA TOWN WEST,P N VAISAKH,INC,General,General,OpenDataKerala GitHub
2020,Thrissur,Wadakanchery,11,CHULLIKKAD,C V MUHAMMED BASHEER,CPI(M),General,General,OpenDataKerala GitHub
2020,Thrissur,Wadakanchery,12,KUMARANELLUR,A D AJI,CPI(M),General,General,OpenDataKerala GitHub
2020,Thrissur,Wadakanchery,13,ONNAMKALLU,MALLIKA T M,CPI(M),Woman,Woman,OpenDataKerala GitHub
2020,Thrissur,Wadakanchery,14,PARUTHIPRA,FIROS K A,CPI(M),General,General,OpenDataKerala GitHub
2020,Thrissur,Wadakanchery,15,BLOCK,K U PRADEEP,CPI(M),General,General,OpenDataKerala GitHub
2020,Thrissur,Wadakanchery,16,AKAMALA,BUSHARA RASHEED,INC,Woman,Woman,OpenDataKerala GitHub
2020,Thrissur,Wadakanchery,17,MARATHKUNNU,SHEELA MOHAN,CPI,Woman,Woman,OpenDataKerala GitHub
2020,Thrissur,Wadakanchery,18,MANKARA,VIJESH K A,CPI(M),SC,SC,OpenDataKerala GitHub
2020,Thrissur,Wadakanchery,19,ENKAKKAD,SHEELA S KRISNA,INDEPENDENT,Woman,Woman,OpenDataKerala GitHub
2020,Thrissur,Wadakanchery,20,OTTUPARA TOWN EAST,ADV. SREEDEVI RATHEESH,INC,SC Woman,SC Woman,OpenDataKerala GitHub
2020,Thrissur,Wadakanchery,21,WADAKKANCHERY TOWN,SANDHYA K,INC,Woman,Woman,OpenDataKerala GitHub
2020,Thrissur,Wadakanchery,22,PULLANIKKAD,JIJI SAMSON,INC,Woman,Woman,OpenDataKerala GitHub
2020,Thrissur,Wadakanchery,23,MANGALAM NORTH,SWAPNA SASI,CPI(M),General,General,OpenDataKerala GitHub
2020,Thrissur,Wadakanchery,24,MANGALAM SOUTH,LILLY WILSON,CPI(M),General,General,OpenDataKerala GitHub
2020,Thrissur,Wadakanchery,25,KARUTHAKKAD,NAFEESA,INC,Woman,Woman,OpenDataKerala GitHub
2020,Thrissur,Wadakanchery,26,PATHAMKALLU,ARAVINDAKSHAN.P.R,CPI(M),General,General,OpenDataKerala GitHub
2020,Thrissur,Wadakanchery,27,MINALOOR BAIPASS,AISWARYA S B,CPI(M),SC Woman,SC Woman,OpenDataKerala GitHub
2020,Thrissur,Wadakanchery,28,PARLIKKAD WEST,DHANYA GOVIND V,CPI(M),Woman,Woman,OpenDataKerala GitHub
2020,Thrissur,Wadakanchery,29,THIRUTHIPARAMBU CENTRE,JOYEL MANJILA,INC,General,General,OpenDataKerala GitHub
2020,Thrissur,Wadakanchery,30,MINALOOR VADAKKEKKARA,M.R.ANUPKISHOR,CPI(M),General,General,OpenDataKerala GitHub
2020,Thrissur,Wadakanchery,31,MINALOOR CENTRE,K M UDHAYABALAN,INC,General,General,OpenDataKerala GitHub
2020,Thrissur,Wadakanchery,32,ATHANI,XAVIER M P,CPI,General,General,OpenDataKerala GitHub
2020,Thrissur,Wadakanchery,33,AMBALAPURAM,USHA RAVI,INDEPENDENT,Woman,Woman,OpenDataKerala GitHub
2020,Thrissur,Wadakanchery,34,ARYAMPADAM EAST,JAMEELABI A M,CPI(M),Woman,Woman,OpenDataKerala GitHub
2020,Thrissur,Wadakanchery,35,ARYAMPADAM CENTRE,JINCY JOYSON,INDEPENDENT,Woman,Woman,OpenDataKerala GitHub
2020,Thrissur,Wadakanchery,36,SILK NAGAR,MADHU AMBALAPURAM,CPI(M),General,General,OpenDataKerala GitHub
2020,Thrissur,Wadakanchery,37,MEDICAL COLLEGE,SHILAJA,CPI(M),General,General,OpenDataKerala GitHub
2020,Thrissur,Wadakanchery,38,MUNDATHIKODE SOUTH,K GOPALAKRISHNAN,INC,General,General,OpenDataKerala GitHub
2020,Thrissur,Wadakanchery,39,KOTTAPARMB,K N PRAKASAN,INC,General,General,OpenDataKerala GitHub
2020,Thrissur,Wadakanchery,40,KODASSERY,K S RAMANI,INC,Woman,Woman,OpenDataKerala GitHub
2020,Thrissur,Wadakanchery,41,MUNDATHIKODE CENTRE,K AJITHKUMAR,INC,General,General,OpenDataKerala GitHub
2020,Palakkad,Ottapalam,1,ANANGANMALA,AKBAR ALI M,CPI(M),General,General,OpenDataKerala GitHub
2020,Palakkad,Ottapalam,2,VARODE,SABITHA,CPI(M),Woman,Woman,OpenDataKerala GitHub
2020,Palakkad,Ottapalam,3,CHERIKKUNNE,K SURESH KUMAR,CPI(M),General,General,OpenDataKerala GitHub
2020,Palakkad,Ottapalam,4,THOTTAKKARA,RANJITH T K,CPI(M),General,General,OpenDataKerala GitHub
2020,Palakkad,Ottapalam,5,MYLUMPURAM,SHEREEFA M,BJP,Woman,Woman,OpenDataKerala GitHub
2020,Palakkad,Ottapalam,6,AREEKKAPPADAM,KALLIANI P,CPI(M),Woman,Woman,OpenDataKerala GitHub
2020,Palakkad,Ottapalam,7,PALAT ROAD,SANCHUMON P,BJP,General,General,OpenDataKerala GitHub
2020,Palakkad,Ottapalam,8,KOLOTH KUNNE,FOUSIYA HANEEFA,IUML,Woman,Woman,OpenDataKerala GitHub
2020,Palakkad,Ottapalam,9,EAST OTTAPPALAM,SUNEERA MUJEEB,CPI(M),General,General,OpenDataKerala GitHub
2020,Palakkad,Ottapalam,10,POOLAKKUND,AMINA SAMEER,IUML,Woman,Woman,OpenDataKerala GitHub
2020,Palakkad,Ottapalam,11,KIZHAKKEKKAD,K RAJESH,CPI(M),General,General,OpenDataKerala GitHub
2020,Palakkad,Ottapalam,12,PATHIRIKKODE,AJAYAKUMAR K,CPI(M),General,General,OpenDataKerala GitHub
2020,Palakkad,Ottapalam,13,AZHEEKKILAPARAMB,ANITHA SIVADAS A,BJP,Woman,Woman,OpenDataKerala GitHub
2020,Palakkad,Ottapalam,14,PALAPPURAM THERUV,ANITHA A,BJP,Woman,Woman,OpenDataKerala GitHub
2020,Palakkad,Ottapalam,15,CHINAKKATHOOR KAVU,S GANGADHARAN,BJP,General,General,OpenDataKerala GitHub
2020,Palakkad,Ottapalam,16,AAPPEPPURAM,PRASEETHA C,BJP,Woman,Woman,OpenDataKerala GitHub
2020,Palakkad,Ottapalam,17,PALLARMANGALAM,JAYARAJAN P,INC,General,General,OpenDataKerala GitHub
2020,Palakkad,Ottapalam,18,PERUMKULAM,R MANIKANDAN,BJP,General,General,OpenDataKerala GitHub
2020,Palakkad,Ottapalam,19,KAYAREMPARA,PUSHPALATHA,CPI(M),General,General,OpenDataKerala GitHub
2020,Palakkad,Ottapalam,20,N.S.S COLLEGE,MAYA P,INC,Woman,Woman,OpenDataKerala GitHub
2020,Palakkad,Ottapalam,21,ERAKKOTTIRI,SAJEEV KUMAR K,BJP,General,General,OpenDataKerala GitHub
2020,Palakkad,Ottapalam,22,MEETNA,RADHA P T,INC,SC Woman,SC Woman,OpenDataKerala GitHub
2020,Palakkad,Ottapalam,23,POSTAL QUARTERS,GOPALAKRISHNAN M,INC,SC,SC,OpenDataKerala GitHub
2020,Palakkad,Ottapalam,24,KOOMBARAM KUNNU,NUSRATH K P,IUML,Woman,Woman,OpenDataKerala GitHub
2020,Palakkad,Ottapalam,25,RAILWAY STATION,FATHIMATH SUHARA,CPI(M),Woman,Woman,OpenDataKerala GitHub
2020,Palakkad,Ottapalam,26,THENNADI BAZAR,ATHIRA NARAYANAN,INC,SC Woman,SC Woman,OpenDataKerala GitHub
2020,Palakkad,Ottapalam,27,KANNIYAMPURAM THERUV,MANIKANDAN,CPI(M),General,General,OpenDataKerala GitHub
2020,Palakkad,Ottapalam,28,KILLIKKAVU,A RUPAUNNI,INDEPENDENT,General,General,OpenDataKerala GitHub
2020,Palakkad,Ottapalam,29,KANNIYAMPURAM VAYANASALA,JANAKI DEVI,CPI(M),Woman,Woman,OpenDataKerala GitHub
2020,Palakkad,Ottapalam,30,GOVT: HOSPITAL,GEETHADEVI,INC,Woman,Woman,OpenDataKerala GitHub
2020,Palakkad,Ottapalam,31,KUMMAMPARA,C SOBHANA,CPI(M),Woman,Woman,OpenDataKerala GitHub
2020,Palakkad,Ottapalam,32,KANNIYAMPURAM U P SCHOOL,K SATHIDEVI,INDEPENDENT,Woman,Woman,OpenDataKerala GitHub
2020,Palakkad,Ottapalam,33,PANAMANNA VAYANASALA,P.SREEKUMARAN,CPI(M),General,General,OpenDataKerala GitHub
2020,Palakkad,Ottapalam,34,PANAMANNA VATTANAAL,SAJITH C,BJP,General,General,OpenDataKerala GitHub
2020,Palakkad,Ottapalam,35,VEETTAAM PARA,T LATHA,CPI(M),Woman,Woman,OpenDataKerala GitHub
2020,Palakkad,Ottapalam,36,KOLOTH PARAMB,ABDUL NAZAR K,CPI(M),General,General,OpenDataKerala GitHub
2020,Palakkad,Shoranur,1,KANAYAM WEST,FATHIMATH FARSANA V,CPI(M),Woman,Woman,OpenDataKerala GitHub
2020,Palakkad,Shoranur,2,KANAYAM EAST,SINI MANOJ,BJP,General,General,OpenDataKerala GitHub
2020,Palakkad,Shoranur,3,THRIPATTA,NISHA SASIKUMAR,BJP,SC Woman,SC Woman,OpenDataKerala GitHub
2020,Palakkad,Shoranur,4,KULAPPULLY U P SCHOOL,SARATH M K,CPI(M),SC,SC,OpenDataKerala GitHub
2020,Palakkad,Shoranur,5,MELMURY,RADHA SURENDRAN,BJP,Woman,Woman,OpenDataKerala GitHub
2020,Palakkad,Shoranur,6,S N COLLEGE,BINDU T.,BJP,Woman,Woman,OpenDataKerala GitHub
2020,Palakkad,Shoranur,7,PARAKUTTYKKAVU,ASWATHI K R,BJP,SC Woman,SC Woman,OpenDataKerala GitHub
2020,Palakkad,Shoranur,8,ARANI,USHADEVI C C,CPI(M),Woman,Woman,OpenDataKerala GitHub
2020,Palakkad,Shoranur,9,KAVALAPARA,SOBHANA K S,CPI(M),SC Woman,SC Woman,OpenDataKerala GitHub
2020,Palakkad,Shoranur,10,KARAKKAD,SOUMYA C K,CPI(M),Woman,Woman,OpenDataKerala GitHub
2020,Palakkad,Shoranur,11,THATHAMKODU,T SEENA,INC,Woman,Woman,OpenDataKerala GitHub
2020,Palakkad,Shoranur,12,CHUDUVALATHUR SOUTH,LATHA K M,CPI(M),Woman,Woman,OpenDataKerala GitHub
2020,Palakkad,Shoranur,13,CHUDUVALATHUR,K PRASAD,BJP,General,General,OpenDataKerala GitHub
2020,Palakkad,Shoranur,14,ARIYANCHIRA U P SCHOOL,LAKSHMANAN K M,CPI(M),General,General,OpenDataKerala GitHub
2020,Palakkad,Shoranur,15,TECHNICAL HIGH SCHOOL,BASHEER T K,INC,General,General,OpenDataKerala GitHub
2020,Palakkad,Shoranur,16,MUNICIPAL OFFICE,HASEENA ASHARAF,SDPI,Woman,Woman,OpenDataKerala GitHub
2020,Palakkad,Shoranur,17,SHORANUR TOWN,SREEKALA RAJAN,INC,Woman,Woman,OpenDataKerala GitHub
2020,Palakkad,Shoranur,18,CHUDUVALATHUR WEST,LEKHA RAMESH,BJP,Woman,Woman,OpenDataKerala GitHub
2020,Palakkad,Shoranur,19,RAILWAY JUNCTION,T BINDHU,BJP,General,General,OpenDataKerala GitHub
2020,Palakkad,Shoranur,20,TOWN WEST,PRAVEEN (KUNJUMON),INC,SC,SC,OpenDataKerala GitHub
2020,Palakkad,Shoranur,21,ANTHURKUNNU,LATHA T,CPI(M),SC Woman,SC Woman,OpenDataKerala GitHub
2020,Palakkad,Shoranur,22,MUTHUKURUSSI,RAJALAKSHMY K,CPI(M),Woman,Woman,OpenDataKerala GitHub
2020,Palakkad,Shoranur,23,GANESHGIRI,E P NANDAKUMAR,BJP,General,General,OpenDataKerala GitHub
2020,Palakkad,Shoranur,24,MUNDAYA SOUTH,JISHA P,CPI(M),Woman,Woman,OpenDataKerala GitHub
2020,Palakkad,Shoranur,25,MUNDAYA NORTH,K KRISHNAKUMAR,INC,General,General,OpenDataKerala GitHub
2020,Palakkad,Shoranur,26,NEDUGOTTUR,SINDHU P,CPI(M),Woman,Woman,OpenDataKerala GitHub
2020,Palakkad,Shoranur,27,PARUTHYPRA WEST,DILEEP P,CPI(M),General,General,OpenDataKerala GitHub
2020,Palakkad,Shoranur,28,PARUTHYPRA EAST,SHORNUR VIJAYAN,INC,General,General,OpenDataKerala GitHub
2020,Palakkad,Shoranur,29,MANJAKKAD,M K JAYAPRAKASH,CPI(M),General,General,OpenDataKerala GitHub
2020,Palakkad,Shoranur,30,GOV. HOSPITAL,S G MUKUNDAN,CPI(M),General,General,OpenDataKerala GitHub
2020,Palakkad,Shoranur,31,ANTHIMAHAKALANCHIRA,SANDHYA C,INC,General,General,OpenDataKerala GitHub
2020,Palakkad,Shoranur,32,HEALTH CENTRE,P PRASAD,CPI(M),General,General,OpenDataKerala GitHub
2020,Palakkad,Shoranur,33,CHUVANA GATE,K P PRASAD,CPI(M),SC,SC,OpenDataKerala GitHub
2020,Palakkad,Chittur Tattamangalam,1,CHERUMKODE,SREELAKSHMI KALADHARAN,CPI(M),Woman,Woman,OpenDataKerala GitHub
2020,Palakkad,Chittur Tattamangalam,2,BUS STAND WARD,C MOHAMMED SALEEM,CPI(M),General,General,OpenDataKerala GitHub
2020,Palakkad,Chittur Tattamangalam,3,ARANGAM,PRIYA B,INC,Woman,Woman,OpenDataKerala GitHub
2020,Palakkad,Chittur Tattamangalam,4,CHEMBAKASSERY,OMANA KANNANKUTTY,CPI(M),Woman,Woman,OpenDataKerala GitHub
2020,Palakkad,Chittur Tattamangalam,5,AMBATTUPALAYAM,SHEEJA C,INC,Woman,Woman,OpenDataKerala GitHub
2020,Palakkad,Chittur Tattamangalam,6,MUTHUKAD,AROGYASWAMY(YESU),CPI(M),General,General,OpenDataKerala GitHub
2020,Palakkad,Chittur Tattamangalam,7,KADAMBIDI,USHA V,INC,Woman,Woman,OpenDataKerala GitHub
2020,Palakkad,Chittur Tattamangalam,8,VADAKKATHARA,K L KAVITHA,INDEPENDENT,Woman,Woman,OpenDataKerala GitHub
2020,Palakkad,Chittur Tattamangalam,9,NARAMKUZHI,M UNNI KRISHNAN,INDEPENDENT,General,General,OpenDataKerala GitHub
2020,Palakkad,Chittur Tattamangalam,10,KIZHAKKATHARA,ACHUTHANAND MENON R,INDEPENDENT,General,General,OpenDataKerala GitHub
2020,Palakkad,Chittur Tattamangalam,11,KANNANTHARA,BABU R,INC,General,General,OpenDataKerala GitHub
2020,Palakkad,Chittur Tattamangalam,12,KOSATHARA,SUCHITHRA C,INC,SC Woman,SC Woman,OpenDataKerala GitHub
2020,Palakkad,Chittur Tattamangalam,13,KACHERIMEDU,ANITHA KUTTAPAN,INC,Woman,Woman,OpenDataKerala GitHub
2020,Palakkad,Chittur Tattamangalam,14,ARYAMPALLAM,SHEEJA K,CPI(M),Woman,Woman,OpenDataKerala GitHub
2020,Palakkad,Chittur Tattamangalam,15,DEVANGAPURAM,VALSALA R,INDEPENDENT,Woman,Woman,OpenDataKerala GitHub
2020,Palakkad,Chittur Tattamangalam,16,VALMUTTY,K SUMATHY,INDEPENDENT,Woman,Woman,OpenDataKerala GitHub
2020,Palakkad,Chittur Tattamangalam,17,ANIKODE,SREEDEVI RAGHUNATH,INDEPENDENT,Woman,Woman,OpenDataKerala GitHub
2020,Palakkad,Chittur Tattamangalam,18,THEKKEGRAMAM,R KISHOR KUMAR,INC,General,General,OpenDataKerala GitHub
2020,Palakkad,Chittur Tattamangalam,19,THARAKKALAM,SIVAKUMAR M,INDEPENDENT,General,General,OpenDataKerala GitHub
2020,Palakkad,Chittur Tattamangalam,20,KUNNATHUPALAYAM,BABUDHAS K,INC,General,General,OpenDataKerala GitHub
2020,Palakkad,Chittur Tattamangalam,21,COLLEGE WARD,M MUKESH,INDEPENDENT,SC,SC,OpenDataKerala GitHub
2020,Palakkad,Chittur Tattamangalam,22,BANGLAPARAMBU,K C PREETH,INC,General,General,OpenDataKerala GitHub
2020,Palakkad,Chittur Tattamangalam,23,PARUTHIKAVU,SHOBANA K,CPI(M),Woman,Woman,OpenDataKerala GitHub
2020,Palakkad,Chittur Tattamangalam,24,THUMBICHIRA,RAFI M,INDEPENDENT,General,General,OpenDataKerala GitHub
2020,Palakkad,Chittur Tattamangalam,25,MANNATHUKAVU,JAYANTHY M G,INC,SC Woman,SC Woman,OpenDataKerala GitHub
2020,Palakkad,Chittur Tattamangalam,26,SREEKURUMBAKAVU,SABITHAMOL P H,INC,Woman,Woman,OpenDataKerala GitHub
2020,Palakkad,Chittur Tattamangalam,27,KADAVALAVU,VIJU C,CPI(M),SC,SC,OpenDataKerala GitHub
2020,Palakkad,Chittur Tattamangalam,28,GRAMAM WARD,K MADHU,INC,General,General,OpenDataKerala GitHub
2020,Palakkad,Chittur Tattamangalam,29,METTUVALAVU,SADAM HUSSAIN D,SDPI,General,General,OpenDataKerala GitHub
2020,Palakkad,Palakkad,1,OLAVAKKODE CENTRAL,DEEPA MANIKANDAN,BJP,Woman,Woman,OpenDataKerala GitHub
2020,Palakkad,Palakkad,2,KALPATHY,JYOTHIMANI V,INC,Woman,Woman,OpenDataKerala GitHub
2020,Palakkad,Palakkad,3,KUNNUMPURAM,V NATESAN,BJP,General,General,OpenDataKerala GitHub
2020,Palakkad,Palakkad,4,AYYAPPURAM WEST,SAABU P,BJP,General,General,OpenDataKerala GitHub
2020,Palakkad,Palakkad,5,KALPATHY EAST,VISWANATHAN K V,BJP,General,General,OpenDataKerala GitHub
2020,Palakkad,Palakkad,6,THONIPALAYAM,SUBASH K,BJP,General,General,OpenDataKerala GitHub
2020,Palakkad,Palakkad,7,KUMARAPURAM,GOPALAKRISHNAN L V,BJP,General,General,OpenDataKerala GitHub
2020,Palakkad,Palakkad,8,VALIYAPADAM,M SINDHU,BJP,Woman,Woman,OpenDataKerala GitHub
2020,Palakkad,Palakkad,9,MATTUMANDHA,MEENAKSHI T S,BJP,Woman,Woman,OpenDataKerala GitHub
2020,Palakkad,Palakkad,10,KALLEPULLY NORTH,D SHAJITKUMAR,INC,General,General,OpenDataKerala GitHub
2020,Palakkad,Palakkad,11,KALLEPULLY SOUTH,BHAVADASAN K,INDEPENDENT,General,General,OpenDataKerala GitHub
2020,Palakkad,Palakkad,12,PUTHUR SOUTH,PRAMILA KUMARI K (PRAMILA SASIDHARAN),BJP,Woman,Woman,OpenDataKerala GitHub
2020,Palakkad,Palakkad,13,PUTHUR NORTH,E KRISHNADAS,BJP,General,General,OpenDataKerala GitHub
2020,Palakkad,Palakkad,14,SEKARIPURAM,SMITHESH,BJP,General,General,OpenDataKerala GitHub
2020,Palakkad,Palakkad,15,AYYAPURAM EAST,SASIKUMAR M,BJP,General,General,OpenDataKerala GitHub
2020,Palakkad,Palakkad,16,PARAKKUNNAM,MUHAMMED BASHEER,CPI(M),General,General,OpenDataKerala GitHub
2020,Palakkad,Palakkad,17,NARIKUTTY,SAIDU MEERAN S,IUML,General,General,OpenDataKerala GitHub
2020,Palakkad,Palakkad,18,KOPPAM,MINIMOL V S,BJP,Woman,Woman,OpenDataKerala GitHub
2020,Palakkad,Palakkad,19,SULTANPETA,VIJAYALAKSHMI P,BJP,Woman,Woman,OpenDataKerala GitHub
2020,Palakkad,Palakkad,20,MANKAVU,SARAVANAN,BJP,General,General,OpenDataKerala GitHub
2020,Palakkad,Palakkad,21,VADAKKUMURI,SUJANA M,CPI(M),Woman,Woman,OpenDataKerala GitHub
2020,Palakkad,Palakkad,22,SELVAPALAYAM,DIVYA M V,BJP,SC Woman,SC Woman,OpenDataKerala GitHub
2020,Palakkad,Palakkad,23,KUNNATHURMEDU NORTH,ANUPAMA NAIR,INC,Woman,Woman,OpenDataKerala GitHub
2020,Palakkad,Palakkad,24,KUNNATHURMEDU SOUTH,BASHEER F B,INDEPENDENT,General,General,OpenDataKerala GitHub
2020,Palakkad,Palakkad,25,CHIRAKKAD,KUMARI M,CPI(M),Woman,Woman,OpenDataKerala GitHub
2020,Palakkad,Palakkad,26,KENATHPARAMBU,SHAILAJA S,INC,Woman,Woman,OpenDataKerala GitHub
2020,Palakkad,Palakkad,27,MANAPULLYKAVU,DHANYA M,BJP,SC Woman,SC Woman,OpenDataKerala GitHub
2020,Palakkad,Palakkad,28,CIVIL STATION,B SUBASH,INC,General,General,OpenDataKerala GitHub
2020,Palakkad,Palakkad,29,MURIKKAVE,SUJATHA K,INC,Woman,Woman,OpenDataKerala GitHub
2020,Palakkad,Palakkad,30,WEST YAKKARA,KUMARAN T,CPI(M),SC,SC,OpenDataKerala GitHub
2020,Palakkad,Palakkad,31,PUDUPPALLITHERUVU,FAIROJA E,CPI(M),Woman,Woman,OpenDataKerala GitHub
2020,Palakkad,Palakkad,32,VENNAKARA SOUTH,M SULAIMAN,WPI,General,General,OpenDataKerala GitHub
2020,Palakkad,Palakkad,33,VENNAKARA CENTRAL,VANITHA G,BJP,Woman,Woman,OpenDataKerala GitHub
2020,Palakkad,Palakkad,34,OTHUNGODE,SALEENABEEVI M,CPI(M),Woman,Woman,OpenDataKerala GitHub
2020,Palakkad,Palakkad,35,THIRUNELLAY EAST,A KRISHNAN,INC,General,General,OpenDataKerala GitHub
2020,Palakkad,Palakkad,36,THIRUNELLAY WEST,MANSOOR K,INC,General,General,OpenDataKerala GitHub
2020,Palakkad,Palakkad,37,KALLIKKAD,HASSANUPPA P K,IUML,General,General,OpenDataKerala GitHub
2020,Palakkad,Palakkad,38,KAIKUTTYPARAMBU,K PRABHA MOHANAN,BJP,Woman,Woman,OpenDataKerala GitHub
2020,Palakkad,Palakkad,39,NURANI,USHA M V,CPI(M),Woman,Woman,OpenDataKerala GitHub
2020,Palakkad,Palakkad,40,VITHUNNY,VIBIN P S,IUML,SC,SC,OpenDataKerala GitHub
2020,Palakkad,Palakkad,41,MUNICIPAL OFFICE,SAJO JOHN K,INC,General,General,OpenDataKerala GitHub
2020,Palakkad,Palakkad,42,PATTIKKARA,ARUNA M,BJP,Woman,Woman,OpenDataKerala GitHub
2020,Palakkad,Palakkad,43,VADAKKANTHARA EAST,JAYALAKSHMI K,BJP,Woman,Woman,OpenDataKerala GitHub
2020,Palakkad,Palakkad,44,SREERAMAPALAYAM,BABY T,BJP,Woman,Woman,OpenDataKerala GitHub
2020,Palakkad,Palakkad,45,MELAMURI,N SIVARAJAN,BJP,General,General,OpenDataKerala GitHub
2020,Palakkad,Palakkad,46,VALIYANGADI,PRIYA K,BJP,Woman,Woman,OpenDataKerala GitHub
2020,Palakkad,Palakkad,47,PALLIPURAM,MINI BABU,INC,Woman,Woman,OpenDataKerala GitHub
2020,Palakkad,Palakkad,48,MEPARAMBU,K LAKSHMANAN,BJP,General,General,OpenDataKerala GitHub
2020,Palakkad,Palakkad,49,KANNAKI NAGAR WEST,SAJITHA A,BJP,Woman,Woman,OpenDataKerala GitHub
2020,Palakkad,Palakkad,50,VADAKKANTHARA,SIVAKUMAR P,BJP,General,General,OpenDataKerala GitHub
2020,Palakkad,Palakkad,51,JAINMEDU,ANITHA,BJP,Woman,Woman,OpenDataKerala GitHub
2020,Palakkad,Palakkad,52,OLAVAKKODE SOUTH,MOHAMMED BASHEER M,IUML,General,General,OpenDataKerala GitHub
2020,Palakkad,Pattambi,1,VALLUR NORTH,C A SAJITH,IUML,General,General,OpenDataKerala GitHub
2020,Palakkad,Pattambi,2,VALLUR EAST,MAHESH P K,INDEPENDENT,General,General,OpenDataKerala GitHub
2020,Palakkad,Pattambi,3,SECOND MILE,SURESH A,BJP,General,General,OpenDataKerala GitHub
2020,Palakkad,Pattambi,4,KALAPPARA,MUNEERA,IUML,Woman,Woman,OpenDataKerala GitHub
2020,Palakkad,Pattambi,5,KODALUR CENTRE,SAITHALAVI P V,IUML,General,General,OpenDataKerala GitHub
2020,Palakkad,Pattambi,6,NEDIYAMKUNNU,PRAMEELA M,IUML,SC Woman,SC Woman,OpenDataKerala GitHub
2020,Palakkad,Pattambi,7,SANKARAMANGALAM,K T HAMEED,CPI(M),General,General,OpenDataKerala GitHub
2020,Palakkad,Pattambi,8,THEKKUMURI,ABDUL HAKKIM RASI (C A RASI),IUML,General,General,OpenDataKerala GitHub
2020,Palakkad,Pattambi,9,CHORAKKUNNU,VIJAYAKUMAR,CPI(M),General,General,OpenDataKerala GitHub
2020,Palakkad,Pattambi,10,COLLEGE,T P SHAJI,INDEPENDENT,General,General,OpenDataKerala GitHub
2020,Palakkad,Pattambi,11,KIZHAKKE ANGADI,MOHAN K,INDEPENDENT,SC,SC,OpenDataKerala GitHub
2020,Palakkad,Pattambi,12,HIDAYATH NAGAR,RASNA K V,INDEPENDENT,Woman,Woman,OpenDataKerala GitHub
2020,Palakkad,Pattambi,13,CHERULIPARAMBU,ANANDAVALLY,INDEPENDENT,SC Woman,SC Woman,OpenDataKerala GitHub
2020,Palakkad,Pattambi,14,KIZHAYUR,MUHAMED MUSTHAFA,IUML,General,General,OpenDataKerala GitHub
2020,Palakkad,Pattambi,15,LOVELY,N RAJAN,CPI(M),General,General,OpenDataKerala GitHub
2020,Palakkad,Pattambi,16,KOLORKUNNU,LAKSHMIKUTTY O,CPI(M),Woman,Woman,OpenDataKerala GitHub
2020,Palakkad,Pattambi,17,MELE PATTAMBI,K T RUKKIYA,INDEPENDENT,Woman,Woman,OpenDataKerala GitHub
2020,Palakkad,Pattambi,18,UMIKKUNNU,SAJNA T,INDEPENDENT,Woman,Woman,OpenDataKerala GitHub
2020,Palakkad,Pattambi,19,NAMBRAM,RASHEEDA,INDEPENDENT,Woman,Woman,OpenDataKerala GitHub
2020,Palakkad,Pattambi,20,PATTAMBI TOWN,LABEEBA,IUML,Woman,Woman,OpenDataKerala GitHub
2020,Palakkad,Pattambi,21,KAITHALI,C SANGEETHA,INC,Woman,Woman,OpenDataKerala GitHub
2020,Palakkad,Pattambi,22,NETHIRIMANGALAM,ARSHA C P,INC,Woman,Woman,OpenDataKerala GitHub
2020,Palakkad,Pattambi,23,CIVIL STATION,K R NARAYANA SWAMI,INC,General,General,OpenDataKerala GitHub
2020,Palakkad,Pattambi,24,PARUVAKKADAVU,SHABNA P,CPI(M),Woman,Woman,OpenDataKerala GitHub
2020,Palakkad,Pattambi,25,KOZHIKUNNU,K BASHEER,INC,General,General,OpenDataKerala GitHub
2020,Palakkad,Pattambi,26,VADAKKUMURI,KAVITHA P K,CPI(M),Woman,Woman,OpenDataKerala GitHub
2020,Palakkad,Pattambi,27,THOTTUNGAL CITY,SREENIVASAN,CPI(M),General,General,OpenDataKerala GitHub
2020,Palakkad,Pattambi,28,VALLUR CENTRE,DEEPA K C,CPI(M),Woman,Woman,OpenDataKerala GitHub
2020,Palakkad,Cherpulassery,1,PADINJATTUMMURI,FASEELA,INC,Woman,Woman,OpenDataKerala GitHub
2020,Palakkad,Cherpulassery,2,THOOTHA,MOIDEENKUTTY. P,IUML,General,General,OpenDataKerala GitHub
2020,Palakkad,Cherpulassery,3,HEALTH CENTRE,P RAMACHANDRAN,CPI(M),General,General,OpenDataKerala GitHub
2020,Palakkad,Cherpulassery,4,PAPPARAMBU,V VINOD,CPI(M),General,General,OpenDataKerala GitHub
2020,Palakkad,Cherpulassery,5,NADUVATTOM,SHEEJA ASOKAN,INC,Woman,Woman,OpenDataKerala GitHub
2020,Palakkad,Cherpulassery,6,KARALMANNA,K M ISHAK,INC,General,General,OpenDataKerala GitHub
2020,Palakkad,Cherpulassery,7,ALUMPARA,NIRMALA,CPI(M),Woman,Woman,OpenDataKerala GitHub
2020,Palakkad,Cherpulassery,8,AMBALAVATTOM,K RAJANI,INC,Woman,Woman,OpenDataKerala GitHub
2020,Palakkad,Cherpulassery,9,KARUMANAMKURSSI,KAMALAM. C,CPI,Woman,Woman,OpenDataKerala GitHub
2020,Palakkad,Cherpulassery,10,KUNNUMPURAM,SADIK HUSSAIN,CPI(M),General,General,OpenDataKerala GitHub
2020,Palakkad,Cherpulassery,11,26TH MILE,SATHEEDEVI,CPI(M),Woman,Woman,OpenDataKerala GitHub
2020,Palakkad,Cherpulassery,12,KACHERIKKUNNU,V P SUHARABI,IUML,Woman,Woman,OpenDataKerala GitHub
2020,Palakkad,Cherpulassery,13,MANDAKKARI,V P SAMEEJ,CPI(M),General,General,OpenDataKerala GitHub
2020,Palakkad,Cherpulassery,14,ILLIKKOTTUKURSSI,SHANAVASBABU. E,IUML,General,General,OpenDataKerala GitHub
2020,Palakkad,Cherpulassery,15,PUTHANALKKAL,ABDUL GAFOOR,WPI,General,General,OpenDataKerala GitHub
2020,Palakkad,Cherpulassery,16,NIRAPARAMBU,BINDU SUKUMARAN,CPI(M),Woman,Woman,OpenDataKerala GitHub
2020,Palakkad,Cherpulassery,17,UNGINTHARA,VISHNU. P,CPI,General,General,OpenDataKerala GitHub
2020,Palakkad,Cherpulassery,18,UNGINTHARA SOUTH,SAFNA PARAKKAL,CPI(M),General,General,OpenDataKerala GitHub
2020,Palakkad,Cherpulassery,19,KUTTIKKODE,MISRIYA. C,IUML,Woman,Woman,OpenDataKerala GitHub
2020,Palakkad,Cherpulassery,20,KUTTIKODE SOUTH,ANEESA. K. P,IUML,Woman,Woman,OpenDataKerala GitHub
2020,Palakkad,Cherpulassery,21,KULIYADU,AYISHA,IUML,Woman,Woman,OpenDataKerala GitHub
2020,Palakkad,Cherpulassery,22,ELIYAPPETTA,NOUSHAD,CPI(M),General,General,OpenDataKerala GitHub
2020,Palakkad,Cherpulassery,23,KOTTAKKUNNU,BIJEESH K G,CPI(M),General,General,OpenDataKerala GitHub
2020,Palakkad,Cherpulassery,24,SECRETARYPADI,SREELAJA VAZHAKUNNATH,INC,General,General,OpenDataKerala GitHub
2020,Palakkad,Cherpulassery,25,CHERPULASSERU,VEERAN. A,CPI(M),General,General,OpenDataKerala GitHub
2020,Palakkad,Cherpulassery,26,KAVUVATTAM,SOUMYA. K,BJP,Woman,Woman,OpenDataKerala GitHub
2020,Palakkad,Cherpulassery,27,MALMALKUNNU,ABDUL SALAM. T. K,CPI(M),General,General,OpenDataKerala GitHub
2020,Palakkad,Cherpulassery,28,MANCHAKKAL,USHA. K. K,CPI(M),SC Woman,SC Woman,OpenDataKerala GitHub
2020,Palakkad,Cherpulassery,29,VELLOTTUKURSSI,MANIKANDAN. K. T,CPI(M),SC,SC,OpenDataKerala GitHub
2020,Palakkad,Cherpulassery,30,PANNIYAMKURSSI,K. MINI,CPI(M),Woman,Woman,OpenDataKerala GitHub
2020,Palakkad,Cherpulassery,31,CHENTHRATHUPARAMBU,RESHMI SUBEESH,INC,Woman,Woman,OpenDataKerala GitHub
2020,Palakkad,Cherpulassery,32,VEETTIKADU,K. T. PRAMEELA,CPI(M),SC Woman,SC Woman,OpenDataKerala GitHub
2020,Palakkad,Cherpulassery,33,NALALUMKUNNU,KAVITHA. N,BJP,Woman,Woman,OpenDataKerala GitHub
2020,Palakkad,Mannarkad,1,KUNTHIPUZHA,SHARAFUNEESA,IUML,Woman,Woman,OpenDataKerala GitHub
2020,Palakkad,Mannarkad,2,KULARMUNDA,USHA,IUML,SC Woman,SC Woman,OpenDataKerala GitHub
2020,Palakkad,Mannarkad,3,CHOMERI,HASEENA K,INDEPENDENT,Woman,Woman,OpenDataKerala GitHub
2020,Palakkad,Mannarkad,4,KODUVALIKUNDU,K HAMSA,IUML,General,General,OpenDataKerala GitHub
2020,Palakkad,Mannarkad,5,PERINCHOLAM,SAMEER V,IUML,General,General,OpenDataKerala GitHub
2020,Palakkad,Mannarkad,6,UBHAYAMARGAM,ARUN KUMAR PALAKURUSSI,INC,General,General,OpenDataKerala GitHub
2020,Palakkad,Mannarkad,7,ARAKURSSI,PRASEETHA K,INC,Woman,Woman,OpenDataKerala GitHub
2020,Palakkad,Mannarkad,8,VADAKKEKARA,T R SEBASTIAN,INDEPENDENT,General,General,OpenDataKerala GitHub
2020,Palakkad,Mannarkad,9,THENNARI,KAMALAKSHI,INDEPENDENT,Woman,Woman,OpenDataKerala GitHub
2020,Palakkad,Mannarkad,10,ARAYAMKODU,PRASAD P,BJP,General,General,OpenDataKerala GitHub
2020,Palakkad,Mannarkad,11,VADAKKUMANNAM,KATHEEJA AZEEZ,INDEPENDENT,Woman,Woman,OpenDataKerala GitHub
2020,Palakkad,Mannarkad,12,NADAMALIKA,K BALAKRISHNAN,INC,General,General,OpenDataKerala GitHub
2020,Palakkad,Mannarkad,13,ANDIPADAM,MOHAMMED IBRAHIM M,INDEPENDENT,General,General,OpenDataKerala GitHub
2020,Palakkad,Mannarkad,14,NELLIPUZHA,KAYARUNNISA S,INDEPENDENT,Woman,Woman,OpenDataKerala GitHub
2020,Palakkad,Mannarkad,15,ALTHARA,AMUTHA V,BJP,Woman,Woman,OpenDataKerala GitHub
2020,Palakkad,Mannarkad,16,THORAPURAM,N LAKSHMI,BJP,Woman,Woman,OpenDataKerala GitHub
2020,Palakkad,Mannarkad,17,MUNDEKKARAD,C MUHAMMED BASHEER,IUML,General,General,OpenDataKerala GitHub
2020,Palakkad,Mannarkad,18,NAMBIYAMPADI,ABDUL MUJEEB C,IUML,General,General,OpenDataKerala GitHub
2020,Palakkad,Mannarkad,19,VINAYAKA NAGAR,VALSALA KUMARI,INDEPENDENT,Woman,Woman,OpenDataKerala GitHub
2020,Palakkad,Mannarkad,20,PARAPPURAM,C P PUSHPANAND,INDEPENDENT,General,General,OpenDataKerala GitHub
2020,Palakkad,Mannarkad,21,NARANGAPATTA,RAJEENA BANU,INDEPENDENT,Woman,Woman,OpenDataKerala GitHub
2020,Palakkad,Mannarkad,22,NAYADIKUNNU,MANSOOR K,INDEPENDENT,General,General,OpenDataKerala GitHub
2020,Palakkad,Mannarkad,23,CHANTHAPADI,SHAFEEQ RAHMAN C,IUML,General,General,OpenDataKerala GitHub
2020,Palakkad,Mannarkad,24,PERIMBADARI,SINDHU,INDEPENDENT,Woman,Woman,OpenDataKerala GitHub
2020,Palakkad,Mannarkad,25,KANHIRAMPADAM,MASITHA SATHAR,INDEPENDENT,Woman,Woman,OpenDataKerala GitHub
2020,Palakkad,Mannarkad,26,GOVINDAPURAM,RADHAKRISHNAN,IUML,SC,SC,OpenDataKerala GitHub
2020,Palakkad,Mannarkad,27,ONNAM MILE,YOUSAF HAJI,IUML,General,General,OpenDataKerala GitHub
2020,Palakkad,Mannarkad,28,KANHIRAM,SOWDAMINI,CPI(M),Woman,Woman,OpenDataKerala GitHub
2020,Palakkad,Mannarkad,29,NAMBIYAMKUNNU,SUHARA K,IUML,Woman,Woman,OpenDataKerala GitHub
2020,Malappuram,Perinthalmanna,1,CHEERATTAMANNA,KRISHNA PRIYA,INDEPENDENT,Woman,Woman,OpenDataKerala GitHub
2020,Malappuram,Perinthalmanna,2,MANATHUMANGALAM,M M SAKEER HUSSAIN,INC,General,General,OpenDataKerala GitHub
2020,Malappuram,Perinthalmanna,3,KAKOOTH,MOHAMMED SALIM,IUML,General,General,OpenDataKerala GitHub
2020,Malappuram,Perinthalmanna,4,VALIYANGADI,SEENATH P,INDEPENDENT,Woman,Woman,OpenDataKerala GitHub
2020,Malappuram,Perinthalmanna,5,KULIRMALA,HUSSAINA NAZER,INDEPENDENT,Woman,Woman,OpenDataKerala GitHub
2020,Malappuram,Perinthalmanna,6,CHMEBANKUNNU,SREEJISHA A,INC,Woman,Woman,OpenDataKerala GitHub
2020,Malappuram,Perinthalmanna,7,KUMARAMKULAM,JITHESH,IUML,SC,SC,OpenDataKerala GitHub
2020,Malappuram,Perinthalmanna,8,LAKSHAM VEEDU,THASNI AKBAR,IUML,Woman,Woman,OpenDataKerala GitHub
2020,Malappuram,Perinthalmanna,9,IDUKKUMUKHAM,SAKKEENA SYED,INDEPENDENT,Woman,Woman,OpenDataKerala GitHub
2020,Malappuram,Perinthalmanna,10,MANAZHI STAND,THASNEEMA,INC,Woman,Woman,OpenDataKerala GitHub
2020,Malappuram,Perinthalmanna,11,PANJAMA,AJITHA N,CPI(M),SC Woman,SC Woman,OpenDataKerala GitHub
2020,Malappuram,Perinthalmanna,12,KUTTIPPARA,SARA SALEEM,CPI(M),Woman,Woman,OpenDataKerala GitHub
2020,Malappuram,Perinthalmanna,13,MANAPPADI,SUNIL KUMAR A,CPI(M),SC,SC,OpenDataKerala GitHub
2020,Malappuram,Perinthalmanna,14,PATHAIKKARA UP SCHOOL,UNNIKRISHNAN K,CPI(M),General,General,OpenDataKerala GitHub
2020,Malappuram,Perinthalmanna,15,KOVILAKAMPADI,FAROOK PACHEERI,INDEPENDENT,General,General,OpenDataKerala GitHub
2020,Malappuram,Perinthalmanna,16,OLINKARA,K C HASEENA,CPI(M),Woman,Woman,OpenDataKerala GitHub
2020,Malappuram,Perinthalmanna,17,KIZHAKKEKARA,K SUBRAMANIAN,CPI(M),General,General,OpenDataKerala GitHub
2020,Malappuram,Perinthalmanna,18,THEKKEKARA,SHAJI P,CPI(M),General,General,OpenDataKerala GitHub
2020,Malappuram,Perinthalmanna,19,ANATHANAM,HUSSAIN RIYAS K.P,INDEPENDENT,General,General,OpenDataKerala GitHub
2020,Malappuram,Perinthalmanna,20,PADINJAREKKARA,SHERLIJA C P,CPI(M),Woman,Woman,OpenDataKerala GitHub
2020,Malappuram,Perinthalmanna,21,KUNNAPPALLI SOUTH,PATHATH ARIF,CPI(M),General,General,OpenDataKerala GitHub
2020,Malappuram,Perinthalmanna,22,KALATHILAKKARA,SAJINA,IUML,Woman,Woman,OpenDataKerala GitHub
2020,Malappuram,Perinthalmanna,23,MARUKARAPARAMBU,AMBILYMANOJ,CPI(M),SC Woman,SC Woman,OpenDataKerala GitHub
2020,Malappuram,Perinthalmanna,24,VALAYAM MOOCHI,SHAHUL HAMEED,CPI(M),General,General,OpenDataKerala GitHub
2020,Malappuram,Perinthalmanna,25,ASARIKKARA,NASEERA A,CPI(M),Woman,Woman,OpenDataKerala GitHub
2020,Malappuram,Perinthalmanna,26,THOTTAKKARA,NISHA SUBAIR,INDEPENDENT,Woman,Woman,OpenDataKerala GitHub
2020,Malappuram,Perinthalmanna,27,J N ROAD,PATHATH JAFAR,IUML,General,General,OpenDataKerala GitHub
2020,Malappuram,Perinthalmanna,28,J N ROAD CENTRAL,MOHAMMED HANEEFA,CPI(M),General,General,OpenDataKerala GitHub
2020,Malappuram,Perinthalmanna,29,THEKKINKODE,SAROJA,CPI(M),Woman,Woman,OpenDataKerala GitHub
2020,Malappuram,Perinthalmanna,30,KAVUNGAL PARAMBA,MUHAMMED SUNIL N A,INC,General,General,OpenDataKerala GitHub
2020,Malappuram,Perinthalmanna,31,PUTHUR,ADV.SHANCY,CPI(M),Woman,Woman,OpenDataKerala GitHub
2020,Malappuram,Perinthalmanna,32,SANGEETHA,SANTHOSH KUMAR P S,CPI(M),General,General,OpenDataKerala GitHub
2020,Malappuram,Perinthalmanna,33,ALIKKAL,MANSOOR NECHIYIL,INDEPENDENT,General,General,OpenDataKerala GitHub
2020,Malappuram,Perinthalmanna,34,LEMON VALLEY,ADV.A.PRAVEEN,CPI(M),General,General,OpenDataKerala GitHub
2020,Malappuram,Ponnani,1,AZHEEKKAL,SEENATH E.K,CPI(M),Woman,Woman,OpenDataKerala GitHub
2020,Malappuram,Ponnani,2,PALLIKADAVU,MOHAMED ISMAIL,IUML,General,General,OpenDataKerala GitHub
2020,Malappuram,Ponnani,3,CHANA,RADHAKRISHNAN,CPI(M),SC,SC,OpenDataKerala GitHub
2020,Malappuram,Ponnani,4,VELLEERI,MINIJAYAPRAKASH,INC,Woman,Woman,OpenDataKerala GitHub
2020,Malappuram,Ponnani,5,KUTTIKKAD,KAVITHA.T.KESAVAN,CPI(M),Woman,Woman,OpenDataKerala GitHub
2020,Malappuram,Ponnani,6,EZHUVATHIRUTHI,SHALI PRADEEP,CPI(M),Woman,Woman,OpenDataKerala GitHub
2020,Malappuram,Ponnani,7,WELFARE,C.V.SUDHA,CPI(M),General,General,OpenDataKerala GitHub
2020,Malappuram,Ponnani,8,THEVARKSHETHRAM,V.P.PRABEESH,CPI(M),General,General,OpenDataKerala GitHub
2020,Malappuram,Ponnani,9,KOTTATHARA,T.MUHAMED BASHEER,CPI(M),General,General,OpenDataKerala GitHub
2020,Malappuram,Ponnani,10,CHMRAVATTOM,K.V.BABU,CPI(M),General,General,OpenDataKerala GitHub
2020,Malappuram,Ponnani,11,ESWARAMANGALAM,NASEEMA FIROZ,CPI(M),Woman,Woman,OpenDataKerala GitHub
2020,Malappuram,Ponnani,12,NAITHALLUR,SHAHUL HAMEED,CPI(M),General,General,OpenDataKerala GitHub
2020,Malappuram,Ponnani,13,KOTTA,GIRISHKUMAR.K,BJP,General,General,OpenDataKerala GitHub
2020,Malappuram,Ponnani,14,ERIKKAMANNA,ABDHUL SALAM,CPI(M),General,General,OpenDataKerala GitHub
2020,Malappuram,Ponnani,15,PUZHAMBRAM,RAJEESH UPPALA,CPI(M),General,General,OpenDataKerala GitHub
2020,Malappuram,Ponnani,16,BIYYAM,MUHAMMED FARHAN BIYYAM,IUML,General,General,OpenDataKerala GitHub
2020,Malappuram,Ponnani,17,ANDITHODE,RANJINI VADAKKUMURI,CPI(M),Woman,Woman,OpenDataKerala GitHub
2020,Malappuram,Ponnani,18,BOAT JETTY,PRIYANKA V.V,INC,Woman,Woman,OpenDataKerala GitHub
2020,Malappuram,Ponnani,19,PULIKKAKADAVU,NASEEMA EDAKKARAKATH,CPI(M),Woman,Woman,OpenDataKerala GitHub
2020,Malappuram,Ponnani,20,JUNCTION,P.V.ABDUL LATHEEF,CPI(M),General,General,OpenDataKerala GitHub
2020,Malappuram,Ponnani,21,THEYYANGAD,BINDU SINDHARTHAN,CPI(M),Woman,Woman,OpenDataKerala GitHub
2020,Malappuram,Ponnani,22,KARUKATHIRUTHY,IKBAL,CPI(M),General,General,OpenDataKerala GitHub
2020,Malappuram,Ponnani,23,ATTUPURAM,ADV.BINCY BHASKER,CPI(M),SC Woman,SC Woman,OpenDataKerala GitHub
2020,Malappuram,Ponnani,24,FISHERIES SCHOOL,ASOKAN V S,CPI(M),General,General,OpenDataKerala GitHub
2020,Malappuram,Ponnani,25,KADAVANAD SOUTH,AYISHA ABDU,INDEPENDENT,Woman,Woman,OpenDataKerala GitHub
2020,Malappuram,Ponnani,26,KADAVANAD NORTH,REENA PRAKASAN,CPI(M),Woman,Woman,OpenDataKerala GitHub
2020,Malappuram,Ponnani,27,AYYAPPANKAVU,BABU VIRUTHI PARAMBIL,BJP,General,General,OpenDataKerala GitHub
2020,Malappuram,Ponnani,28,PALLAPRAM WEST,SURESHKUMAR V.P,CPI(M),General,General,OpenDataKerala GitHub
2020,Malappuram,Ponnani,29,UROOB NAGAR,V A SHEENA SUDESAN,CPI(M),Woman,Woman,OpenDataKerala GitHub
2020,Malappuram,Ponnani,30,PULLONATH ATHANI,SUGUNAN K,BJP,General,General,OpenDataKerala GitHub
2020,Malappuram,Ponnani,31,CHANDAPADI,SREEKALA CHANDRAN,INC,Woman,Woman,OpenDataKerala GitHub
2020,Malappuram,Ponnani,32,TRIKKAV EAST,SHABNA ASMI,INC,Woman,Woman,OpenDataKerala GitHub
2020,Malappuram,Ponnani,33,THRIKKAV,ANUPAMA MURALEEDHARAN,INC,Woman,Woman,OpenDataKerala GitHub
2020,Malappuram,Ponnani,34,VANDIPETTA,PUTHUVEETTIL BEEVI,CPI(M),Woman,Woman,OpenDataKerala GitHub
2020,Malappuram,Ponnani,35,M .I. A,M P SHABEERABI,IUML,Woman,Woman,OpenDataKerala GitHub
2020,Malappuram,Ponnani,36,PUTHAMKULAM,AYISHA,CPI(M),Woman,Woman,OpenDataKerala GitHub
2020,Malappuram,Ponnani,37,THEKKEPURAM,SHAFI.K,CPI(M),General,General,OpenDataKerala GitHub
2020,Malappuram,Ponnani,38,PARANGIVALAPPU,ABDUL RASHID.N,IUML,General,General,OpenDataKerala GitHub
2020,Malappuram,Ponnani,39,MUNICIPAL OFFICE,ABITHA M,CPI(M),Woman,Woman,OpenDataKerala GitHub
2020,Malappuram,Ponnani,40,CHERUPALLI,NISHAD,CPI(M),General,General,OpenDataKerala GitHub
2020,Malappuram,Ponnani,41,PUDU PONNANI SOUTH,BATHISHA,CPI(M),General,General,OpenDataKerala GitHub
2020,Malappuram,Ponnani,42,PUDU PONNANI NORTH,P.K.JAMSEENA,INL,Woman,Woman,OpenDataKerala GitHub
2020,Malappuram,Ponnani,43,MYLANCHIKKAD,O.O.SHAMSU,INL,General,General,OpenDataKerala GitHub
2020,Malappuram,Ponnani,44,NAYADI COLONY,SIVADASAN ATTUPURATH,CPI(M),General,General,OpenDataKerala GitHub
2020,Malappuram,Ponnani,45,MURINJAZHI,SUNITHAKUMARI.K,CPI(M),SC Woman,SC Woman,OpenDataKerala GitHub
2020,Malappuram,Ponnani,46,M.E.S COLLEGE,ZAHILA NIZAR K.M,CPI,Woman,Woman,OpenDataKerala GitHub
2020,Malappuram,Ponnani,47,MUKKADI,SAVAD KUNDUNGAL,CPI(M),General,General,OpenDataKerala GitHub
2020,Malappuram,Ponnani,48,ALIYAR PALLI,SAREEKATH,CPI(M),Woman,Woman,OpenDataKerala GitHub
2020,Malappuram,Ponnani,49,GOVT. HOSPITAL,AJEENA JABBAR,CPI,Woman,Woman,OpenDataKerala GitHub
2020,Malappuram,Ponnani,50,MARAKKADAVU,SAIFU POOLAKKAL,CPI(M),General,General,OpenDataKerala GitHub
2020,Malappuram,Ponnani,51,MEENTHERUVU,JAMSHEENA.K,CPI(M),Woman,Woman,OpenDataKerala GitHub
2020,Malappuram,Manjeri,1,KIDANGAZHI,KANNIYAN ABOOBACKER,IUML,General,General,OpenDataKerala GitHub
2020,Malappuram,Manjeri,2,ERAMBRA,KHAIRUNNEESA,IUML,Woman,Woman,OpenDataKerala GitHub
2020,Malappuram,Manjeri,3,PULLUR,AHAMMED HUSSAIN MECHERI,IUML,General,General,OpenDataKerala GitHub
2020,Malappuram,Manjeri,4,CHETTIYANGADI,BEENA THERI,CPI(M),SC Woman,SC Woman,OpenDataKerala GitHub
2020,Malappuram,Manjeri,5,CHERANI,ASHRAF KAKKENGAL,IUML,General,General,OpenDataKerala GitHub
2020,Malappuram,Manjeri,6,NELLIPARAMBA,N.K.UMMER HAJI,IUML,General,General,OpenDataKerala GitHub
2020,Malappuram,Manjeri,7,MELAKKAM,ADV. BEENA JOSEPH,INC,Woman,Woman,OpenDataKerala GitHub
2020,Malappuram,Manjeri,8,CULLAKKAD,V.M.SUBAIDA,IUML,Woman,Woman,OpenDataKerala GitHub
2020,Malappuram,Manjeri,9,THADATHIKUZHI,MOOSANKUTTY,CPI(M),General,General,OpenDataKerala GitHub
2020,Malappuram,Manjeri,10,KOZHIKKATTUKUNNU,SHAYMA AAKALA,IUML,Woman,Woman,OpenDataKerala GitHub
2020,Malappuram,Manjeri,11,PUNNAKUZHI,RIYAS BABU,CPI(M),General,General,OpenDataKerala GitHub
2020,Malappuram,Manjeri,12,MANGALASHERI,VALLANCHIRA PATHUMMA,IUML,Woman,Woman,OpenDataKerala GitHub
2020,Malappuram,Manjeri,13,PALAKKULAM,SULAIKHA NOTTITHODI,INC,Woman,Woman,OpenDataKerala GitHub
2020,Malappuram,Manjeri,14,THANIPPARA,SHAREENA JAWAHAR,CPI(M),Woman,Woman,OpenDataKerala GitHub
2020,Malappuram,Manjeri,15,COLLEGE KUNNU,FATHIMA SUHRA,IUML,Woman,Woman,OpenDataKerala GitHub
2020,Malappuram,Manjeri,16,KIZHAKKETHALA,MUJEEB RAHMAN P,IUML,General,General,OpenDataKerala GitHub
2020,Malappuram,Manjeri,17,VADAKKANGARA,SAJID BABU M,CPI(M),General,General,OpenDataKerala GitHub
2020,Malappuram,Manjeri,18,PAYYANAD,MUHMIDA SHIHAB,IUML,Woman,Woman,OpenDataKerala GitHub
2020,Malappuram,Manjeri,19,ELAMBRA,CHIRAKKAL RAJAN,IUML,SC,SC,OpenDataKerala GitHub
2020,Malappuram,Manjeri,20,ATHANIKKAL,ABDUL AZEEZ .K,CPI(M),General,General,OpenDataKerala GitHub
2020,Malappuram,Manjeri,21,THAMARASHERI,RASHEED A V,CPI(M),General,General,OpenDataKerala GitHub
2020,Malappuram,Manjeri,22,NELLIKUTH L.P SCHOOL,M P SIDHEEQUE,INDEPENDENT,General,General,OpenDataKerala GitHub
2020,Malappuram,Manjeri,23,NELLIKUTH HIGH SCHOOL,SREEJA NEERATTIKUNNATH,IUML,SC Woman,SC Woman,OpenDataKerala GitHub
2020,Malappuram,Manjeri,24,CHALUKULAM,JAMSHEELA,CPI(M),Woman,Woman,OpenDataKerala GitHub
2020,Malappuram,Manjeri,25,KIZHAKKEKUNNU,SULAIMAN (KUNHIPPA),CPI(M),General,General,OpenDataKerala GitHub
2020,Malappuram,Manjeri,26,PILAKKAL,MARUNNAN MUHAMMED,IUML,General,General,OpenDataKerala GitHub
2020,Malappuram,Manjeri,27,AMAYAMKODE,ABDURAHIM P,IUML,General,General,OpenDataKerala GitHub
2020,Malappuram,Manjeri,28,PULLANCHERI,SAMEENA TEACHER,INDEPENDENT,Woman,Woman,OpenDataKerala GitHub
2020,Malappuram,Manjeri,29,VETTEKKODE,KUMARI V,CPI(M),Woman,Woman,OpenDataKerala GitHub
2020,Malappuram,Manjeri,30,VELLARANGAL,SAKEENA C,INC,Woman,Woman,OpenDataKerala GitHub
2020,Malappuram,Manjeri,31,VAYPARAPADI,SREEVIDYA (EDAKKANDATHIL),CPI(M),Woman,Woman,OpenDataKerala GitHub
2020,Malappuram,Manjeri,32,KOVILAKAM KUNDU,SUNITHA P,CPI(M),Woman,Woman,OpenDataKerala GitHub
2020,Malappuram,Manjeri,33,TOWN WARD,ADV.PREMA RAJEEV,CPI,Woman,Woman,OpenDataKerala GitHub
2020,Malappuram,Manjeri,34,SHANTHI GRAMAM,SHANI SIKANDHAR,INC,Woman,Woman,OpenDataKerala GitHub
2020,Malappuram,Manjeri,35,ARUKIZHAYA,SAJITHA VIJAYAN,CPI(M),Woman,Woman,OpenDataKerala GitHub
2020,Malappuram,Manjeri,36,ULLADAMKUNNU,MUJEEB RAHIMAN,SDPI,General,General,OpenDataKerala GitHub
2020,Malappuram,Manjeri,37,MULLAMBARA,MOHANAN V C,IUML,SC,SC,OpenDataKerala GitHub
2020,Malappuram,Manjeri,38,VAKKETHODI,ABDUL NASAR T M,IUML,General,General,OpenDataKerala GitHub
2020,Malappuram,Manjeri,39,THADATHIPARAMBA,MUHAMMEDALI K T,INL,General,General,OpenDataKerala GitHub
2020,Malappuram,Manjeri,40,VATTAPPARA,YASHIK MECHERI,IUML,General,General,OpenDataKerala GitHub
2020,Malappuram,Manjeri,41,PULIYANTHODI,ABDUL MAJEED P,IUML,General,General,OpenDataKerala GitHub
2020,Malappuram,Manjeri,42,THURAKKAL,FATHIMA SUHRA,IUML,Woman,Woman,OpenDataKerala GitHub
2020,Malappuram,Manjeri,43,POTTAMMAL,V P FIROZ,INC,General,General,OpenDataKerala GitHub
2020,Malappuram,Manjeri,44,PATTARKULAM,MUNEER M K,IUML,General,General,OpenDataKerala GitHub
2020,Malappuram,Manjeri,45,MARIYAD,JASEENABI ALI,IUML,Woman,Woman,OpenDataKerala GitHub
2020,Malappuram,Manjeri,46,VEEMBOOR,ELSY N M,IUML,Woman,Woman,OpenDataKerala GitHub
2020,Malappuram,Manjeri,47,NARUKARA,SALEENA A,CPI(M),Woman,Woman,OpenDataKerala GitHub
2020,Malappuram,Manjeri,48,AMBALAPPADI,THANKAMANI,CPI(M),Woman,Woman,OpenDataKerala GitHub
2020,Malappuram,Manjeri,49,KARUVAMBRAM,VISWANATHAN,CPI(M),General,General,OpenDataKerala GitHub
2020,Malappuram,Manjeri,50,RAMAMKULAM,ABDUL KAREEM,CPI(M),General,General,OpenDataKerala GitHub
2020,Malappuram,Tirur,1,PORUR,ANITHA,CPI(M),Woman,Woman,OpenDataKerala GitHub
2020,Malappuram,Tirur,2,THAZHEPALAM,RAMLA,IUML,Woman,Woman,OpenDataKerala GitHub
2020,Malappuram,Tirur,3,NADUVILANGADI,ABOOBACKER,IUML,General,General,OpenDataKerala GitHub
2020,Malappuram,Tirur,4,POOKAYIL,BIJITHA,IUML,SC Woman,SC Woman,OpenDataKerala GitHub
2020,Malappuram,Tirur,5,PERUVAZHIYAMBALAM,JAFSAL.K.P,INDEPENDENT,General,General,OpenDataKerala GitHub
2020,Malappuram,Tirur,6,MICHABHOOMI,RAMAN KUTTY,INC,General,General,OpenDataKerala GitHub
2020,Malappuram,Tirur,7,THUMARAKKAVU,PRASANNA,INDEPENDENT,Woman,Woman,OpenDataKerala GitHub
2020,Malappuram,Tirur,8,CHEMBRA NORTH,NAZER MANDAYAPPURATH,IUML,General,General,OpenDataKerala GitHub
2020,Malappuram,Tirur,9,CHEMBRA,ABDURAHMAN,IUML,General,General,OpenDataKerala GitHub
2020,Malappuram,Tirur,10,KANCHIRAKUND,NASEEMA,IUML,Woman,Woman,OpenDataKerala GitHub
2020,Malappuram,Tirur,11,MYLADIKUNNU,FATHIMATH SAJNA,IUML,Woman,Woman,OpenDataKerala GitHub
2020,Malappuram,Tirur,12,ALINCHUVADU,SUBAIDA.V.C,INC,Woman,Woman,OpenDataKerala GitHub
2020,Malappuram,Tirur,13,KOTT EAST,MOHAMED SHAREEF,IUML,General,General,OpenDataKerala GitHub
2020,Malappuram,Tirur,14,PARANNEKKAD,SAJNA,IUML,Woman,Woman,OpenDataKerala GitHub
2020,Malappuram,Tirur,15,BUS STAND,SATHEESH.T.P,INDEPENDENT,SC,SC,OpenDataKerala GitHub
2020,Malappuram,Tirur,16,VARIYATHARA,SEENATH,IUML,Woman,Woman,OpenDataKerala GitHub
2020,Malappuram,Tirur,17,KALLINGAL,ABDULLAKUTTY,IUML,General,General,OpenDataKerala GitHub
2020,Malappuram,Tirur,18,KOTT WEST,HASILA,INDEPENDENT,Woman,Woman,OpenDataKerala GitHub
2020,Malappuram,Tirur,19,PANAMBALAM,RASIYA,IUML,Woman,Woman,OpenDataKerala GitHub
2020,Malappuram,Tirur,20,EZHUR EAST,ASIYA MOL,INDEPENDENT,Woman,Woman,OpenDataKerala GitHub
2020,Malappuram,Tirur,21,KOLARKUNDU,SAJIRA,INDEPENDENT,General,General,OpenDataKerala GitHub
2020,Malappuram,Tirur,22,THALAPPALLIPADAM,SHAHUL HAMEED,IUML,General,General,OpenDataKerala GitHub
2020,Malappuram,Tirur,23,MUTHUR,YASIN,INDEPENDENT,General,General,OpenDataKerala GitHub
2020,Malappuram,Tirur,24,EZHUR WEST,SEENATH RAHMAN,INDEPENDENT,Woman,Woman,OpenDataKerala GitHub
2020,Malappuram,Tirur,25,EZHUR SOUTH,NAJEEBUDHEEN,CPI(M),General,General,OpenDataKerala GitHub
2020,Malappuram,Tirur,26,KOOTHPARAMB,MOHAMMED MIRSHAD,CPI(M),General,General,OpenDataKerala GitHub
2020,Malappuram,Tirur,27,THEKKUMURI EAST,SHANAVAS.P,INDEPENDENT,General,General,OpenDataKerala GitHub
2020,Malappuram,Tirur,28,THEKKUMURI SOUTH,NANDAN,CPI,General,General,OpenDataKerala GitHub
2020,Malappuram,Tirur,29,PATTUPARAMBU,SAROJA DEVI,CPI(M),Woman,Woman,OpenDataKerala GitHub
2020,Malappuram,Tirur,30,SOUTH ANNARA,HARIS,IUML,General,General,OpenDataKerala GitHub
2020,Malappuram,Tirur,31,ILLATHPARAMBU,GIRISH,CPI(M),General,General,OpenDataKerala GitHub
2020,Malappuram,Tirur,32,TRIKKANDIYUR,NIRMALA,BJP,Woman,Woman,OpenDataKerala GitHub
2020,Malappuram,Tirur,33,VISHUPADAM,SEETHALAKSHMI,CPI(M),Woman,Woman,OpenDataKerala GitHub
2020,Malappuram,Tirur,34,TRIKKANDIYUR EAST,GEENA BHASKAR,INDEPENDENT,Woman,Woman,OpenDataKerala GitHub
2020,Malappuram,Tirur,35,POOGOTUKULAM,SHABEERALI,CPI(M),General,General,OpenDataKerala GitHub
2020,Malappuram,Tirur,36,THUNCHANPARAMBU,INDIRA,CPI(M),Woman,Woman,OpenDataKerala GitHub
2020,Malappuram,Tirur,37,TOWNHALL,ABDUSALAM,IUML,General,General,OpenDataKerala GitHub
2020,Malappuram,Tirur,38,NORTH ANNARA,KADEEJATHUL KUBRA,CPI(M),Woman,Woman,OpenDataKerala GitHub
2020,Malappuram,Malappuram,1,PADINHAREMUKKU,BINU RAVIKUMAR,IUML,SC Woman,SC Woman,OpenDataKerala GitHub
2020,Malappuram,Malappuram,2,NOORENGALMUKKU,PARACHODAN AMINA ASHRAF,IUML,Woman,Woman,OpenDataKerala GitHub
2020,Malappuram,Malappuram,3,CHERUPARAMBU,AP SHIHAB,INC,General,General,OpenDataKerala GitHub
2020,Malappuram,Malappuram,4,KALLADIMUKKU,FATHIMA SUHRA AYAMU CK,INDEPENDENT,Woman,Woman,OpenDataKerala GitHub
2020,Malappuram,Malappuram,5,MACHINGAL,C K SAHEER,IUML,General,General,OpenDataKerala GitHub
2020,Malappuram,Malappuram,6,CHOLAKKAL,O SAHADEVAN,CPI(M),General,General,OpenDataKerala GitHub
2020,Malappuram,Malappuram,7,KATTUNGAL,SUHAIL EDAVAZHIKKAL,IUML,General,General,OpenDataKerala GitHub
2020,Malappuram,Malappuram,8,GOVT.COLLEGE,JUMAILA JALEEL,IUML,Woman,Woman,OpenDataKerala GitHub
2020,Malappuram,Malappuram,9,MUNDUPARAMBU,RINU SAMEER KT,IUML,Woman,Woman,OpenDataKerala GitHub
2020,Malappuram,Malappuram,10,KARUVALA,RATNAM.V,CPI(M),Woman,Woman,OpenDataKerala GitHub
2020,Malappuram,Malappuram,11,MOONNAMPADI,K M VIJAYALAKSHMI TEACER .,CPI(M),General,General,OpenDataKerala GitHub
2020,Malappuram,Malappuram,12,KAVUNGAL,JAYASREE RAJEEV,CPI(M),Woman,Woman,OpenDataKerala GitHub
2020,Malappuram,Malappuram,13,KALAMBADI,JAMSHEENA URUNIYANPARAMBIL,CPI(M),Woman,Woman,OpenDataKerala GitHub
2020,Malappuram,Malappuram,14,MANNARKUNDU,MISNA,CPI(M),Woman,Woman,OpenDataKerala GitHub
2020,Malappuram,Malappuram,15,THAMARAKKUZHY,AYISHABI C P,IUML,Woman,Woman,OpenDataKerala GitHub
2020,Malappuram,Malappuram,16,KOTTAKKUNNU,SABEER P S A,CPI(M),General,General,OpenDataKerala GitHub
2020,Malappuram,Malappuram,17,CHERATTUKUZHY,RAMANI K T,CPI(M),Woman,Woman,OpenDataKerala GitHub
2020,Malappuram,Malappuram,18,KOTTAPPADI,SURESH MASTER,CPI(M),General,General,OpenDataKerala GitHub
2020,Malappuram,Malappuram,19,CIVILSTATION,K P A SHEREEF,CPI(M),General,General,OpenDataKerala GitHub
2020,Malappuram,Malappuram,20,CHEMMANKADAVU,P K SAKKEER HUSSAIN,IUML,General,General,OpenDataKerala GitHub
2020,Malappuram,Malappuram,21,CHEENITHODE,C H NOUSHAD,CPI,General,General,OpenDataKerala GitHub
2020,Malappuram,Malappuram,22,MAILAPPURAM,MAHMOOD KOTHENGAL,IUML,General,General,OpenDataKerala GitHub
2020,Malappuram,Malappuram,23,VALIYAVARAMBU,KONNOLA FOUSIYA KUNJIPPU,INC,Woman,Woman,OpenDataKerala GitHub
2020,Malappuram,Malappuram,24,VALIYANGADI,P K ABDUL HAKEEM,IUML,General,General,OpenDataKerala GitHub
2020,Malappuram,Malappuram,25,KIZHAKKETHALA,MODAYANGADAN SHIHAB,IUML,General,General,OpenDataKerala GitHub
2020,Malappuram,Malappuram,26,VARANGODE,ABDUL SAMAD ULUVAN,CPI(M),General,General,OpenDataKerala GitHub
2020,Malappuram,Malappuram,27,PAITHINIPARAMBA,RASEENA SAFEER ULUVAN,IUML,Woman,Woman,OpenDataKerala GitHub
2020,Malappuram,Malappuram,28,ADHIKARITHODI,KADEEJA MUSLIYARAKATH,IUML,Woman,Woman,OpenDataKerala GitHub
2020,Malappuram,Malappuram,29,KONOMPARA,C K NAJIYA SHIHAR,IUML,Woman,Woman,OpenDataKerala GitHub
2020,Malappuram,Malappuram,30,ALATHURPADI,MUJEEB KADERI,IUML,General,General,OpenDataKerala GitHub
2020,Malappuram,Malappuram,31,KAINODE,SHIJU C,CPI(M),SC,SC,OpenDataKerala GitHub
2020,Malappuram,Malappuram,32,MUTHUVATHUPARAMBA,JASEELA TEACHER,CPI(M),Woman,Woman,OpenDataKerala GitHub
2020,Malappuram,Malappuram,33,KOLMANNA,ABDUL HAMEED PARI,IUML,General,General,OpenDataKerala GitHub
2020,Malappuram,Malappuram,34,SPINNINGMILL,SAJEER KALAPPADAN,IUML,General,General,OpenDataKerala GitHub
2020,Malappuram,Malappuram,35,PATTARKADAVU,MARIYUMMA SHEREEF KONOTHODI,IUML,Woman,Woman,OpenDataKerala GitHub
2020,Malappuram,Malappuram,36,KARAPARAMBU,SHAFI MOOZHIKKAL,IUML,General,General,OpenDataKerala GitHub
2020,Malappuram,Malappuram,37,PANAKKAD,E P SALMA TEACHER,IUML,Woman,Woman,OpenDataKerala GitHub
2020,Malappuram,Malappuram,38,BHOOTANAMCOLONY,AYISHABI UMMER K K,IUML,Woman,Woman,OpenDataKerala GitHub
2020,Malappuram,Malappuram,39,PODIYAD,NOORENGAL SIDDEEQ,IUML,General,General,OpenDataKerala GitHub
2020,Malappuram,Malappuram,40,PERUMBARAMBU,SAMEERA MUSTHAFA,IUML,Woman,Woman,OpenDataKerala GitHub
2020,Malappuram,Kottakkal,1,CHANGUVETTY,RASHEEDA,INDEPENDENT,Woman,Woman,OpenDataKerala GitHub
2020,Malappuram,Kottakkal,2,CHUNDA,NASHVA K,IUML,Woman,Woman,OpenDataKerala GitHub
2020,Malappuram,Kottakkal,3,KOTTAKKAL TOWN,DR. HANEESHA,IUML,Woman,Woman,OpenDataKerala GitHub
2020,Malappuram,Kottakkal,4,KOTTAKKAL THAZHE ANGADI,SABNA KALATHIL,IUML,Woman,Woman,OpenDataKerala GitHub
2020,Malappuram,Kottakkal,5,PALAPPURA,ABDUL RASHID,IUML,General,General,OpenDataKerala GitHub
2020,Malappuram,Kottakkal,6,MYTHRI NAGAR,JAYAPRIYAN T S,BJP,SC,SC,OpenDataKerala GitHub
2020,Malappuram,Kottakkal,7,NAYADIPPARA,GOPINATHAN KOTTUPARAMBIL,BJP,General,General,OpenDataKerala GitHub
2020,Malappuram,Kottakkal,8,CHEENAMBUTHUR,ALAMPATTIL RASAK,IUML,General,General,OpenDataKerala GitHub
2020,Malappuram,Kottakkal,9,KAVATHIKALAM WEST,FAHAD N,CPI(M),General,General,OpenDataKerala GitHub
2020,Malappuram,Kottakkal,10,KAVATHIKALAM EAST,PAROLI RAMLA TEACHER,IUML,Woman,Woman,OpenDataKerala GitHub
2020,Malappuram,Kottakkal,11,VALIYAPARAMBA,SAREENA,INDEPENDENT,Woman,Woman,OpenDataKerala GitHub
2020,Malappuram,Kottakkal,12,WEST VILLUR,MUHSINA POOVANMADATHIL,IUML,Woman,Woman,OpenDataKerala GitHub
2020,Malappuram,Kottakkal,13,PAPPAAYI,RAFEEQUE E P,IUML,General,General,OpenDataKerala GitHub
2020,Malappuram,Kottakkal,14,EAST VILLUR,SHAHANA SHERIN T,IUML,Woman,Woman,OpenDataKerala GitHub
2020,Malappuram,Kottakkal,15,KOORIYAD,MOHAMMED ALI,IUML,General,General,OpenDataKerala GitHub
2020,Malappuram,Kottakkal,16,PANIKKARKUNDU,MOHAMMED HANEEFA,INDEPENDENT,General,General,OpenDataKerala GitHub
2020,Malappuram,Kottakkal,17,INDIANOOR WEST,C MOIDEENKUTTY,IUML,General,General,OpenDataKerala GitHub
2020,Malappuram,Kottakkal,18,INDIANOOR,SUFAIRA,IUML,Woman,Woman,OpenDataKerala GitHub
2020,Malappuram,Kottakkal,19,MULIYANKOTTA,SARALA V,CPI(M),Woman,Woman,OpenDataKerala GitHub
2020,Malappuram,Kottakkal,20,MARAVATTAM,P.P.UMMER,IUML,General,General,OpenDataKerala GitHub
2020,Malappuram,Kottakkal,21,KOTTOOR,SAFEER ASLAM K,IUML,General,General,OpenDataKerala GitHub
2020,Malappuram,Kottakkal,22,MADRASAPPADI,ABDUL NAZAR P T,IUML,General,General,OpenDataKerala GitHub
2020,Malappuram,Kottakkal,23,AMAPPARA,DINESH K,CPI(M),General,General,OpenDataKerala GitHub
2020,Malappuram,Kottakkal,24,KUTTIPPURAM,PULIKKAL NASEERA,IUML,Woman,Woman,OpenDataKerala GitHub
2020,Malappuram,Kottakkal,25,ALINCHUVADU,SALEEM P P,IUML,General,General,OpenDataKerala GitHub
2020,Malappuram,Kottakkal,26,POOZHIKKUNNU,T KABEER,CPI(M),General,General,OpenDataKerala GitHub
2020,Malappuram,Kottakkal,27,PALATHARA,K MOHAMAD ALI,IUML,General,General,OpenDataKerala GitHub
2020,Malappuram,Kottakkal,28,KOTTAKKULAM,NUSAIBA,IUML,Woman,Woman,OpenDataKerala GitHub
2020,Malappuram,Kottakkal,29,PULIKKODU,HASEENA AHAMMED,IUML,Woman,Woman,OpenDataKerala GitHub
2020,Malappuram,Kottakkal,30,THOKKAMPARA,RAGINI,CPI(M),Woman,Woman,OpenDataKerala GitHub
2020,Malappuram,Kottakkal,31,CHANGUVETTYKKUNDU,MARIYAMU PUTHUKKIDI,IUML,Woman,Woman,OpenDataKerala GitHub
2020,Malappuram,Kottakkal,32,KHURBANI,SANILA A,INDEPENDENT,Woman,Woman,OpenDataKerala GitHub
2020,Malappuram,Nilambur,1,ASUPATHRIKKUNNU,ARUMA JAYAKRISHNAN,CPI(M),Woman,Woman,OpenDataKerala GitHub
2020,Malappuram,Nilambur,2,KOVILAKATHUMURI,VIJAY NARAYANAN,BJP,General,General,OpenDataKerala GitHub
2020,Malappuram,Nilambur,3,CHERUVATHUKUNNU,RAHMATHULLA,INDEPENDENT,General,General,OpenDataKerala GitHub
2020,Malappuram,Nilambur,4,SCHOOLKUNNU,RANEESH,CPI(M),General,General,OpenDataKerala GitHub
2020,Malappuram,Nilambur,5,CHARANKULAM,JAMSHEED,CPI(M),General,General,OpenDataKerala GitHub
2020,Malappuram,Nilambur,6,KARIMPUZHA,U K BINDU,CPI,Woman,Woman,OpenDataKerala GitHub
2020,Malappuram,Nilambur,7,MUMMULLI,RAJANI AJITH,CPI(M),Woman,Woman,OpenDataKerala GitHub
2020,Malappuram,Nilambur,8,MAYYANTHANI,P M BASHEER,CPI,General,General,OpenDataKerala GitHub
2020,Malappuram,Nilambur,9,CHANDAKKUNNU,SREEJA VETTATHEZHATH,INC,Woman,Woman,OpenDataKerala GitHub
2020,Malappuram,Nilambur,10,MUKKATTA,ASHRAF MANGATTU,CPI(M),General,General,OpenDataKerala GitHub
2020,Malappuram,Nilambur,11,VALLAPPUZHA,ASYA NAJIA (NAJIA SHANAVAS),CPI,Woman,Woman,OpenDataKerala GitHub
2020,Malappuram,Nilambur,12,MUTHEERI,SREEJA CHANDRAN,INC,Woman,Woman,OpenDataKerala GitHub
2020,Malappuram,Nilambur,13,PATHIPPARA,SALI BIJU,INC,Woman,Woman,OpenDataKerala GitHub
2020,Malappuram,Nilambur,14,ENANTHI,V A KAREEM,INC,General,General,OpenDataKerala GitHub
2020,Malappuram,Nilambur,15,PAYYAMPALLI,BINDU MOHAN,CPI(M),Woman,Woman,OpenDataKerala GitHub
2020,Malappuram,Nilambur,16,IYYAMMADA,MATTUMMAL SALEEM,CPI(M),General,General,OpenDataKerala GitHub
2020,Malappuram,Nilambur,17,VEETTICHAL,SHERLY MOL,INC,Woman,Woman,OpenDataKerala GitHub
2020,Malappuram,Nilambur,18,THONIPOYIL,RASIYA C K,INC,Woman,Woman,OpenDataKerala GitHub
2020,Malappuram,Nilambur,19,MUTHUKAD,KAKKADAN RAHEEM,CPI(M),General,General,OpenDataKerala GitHub
2020,Malappuram,Nilambur,20,RAMANKUTH,ADUKKATH SUBAIDA,CPI(M),Woman,Woman,OpenDataKerala GitHub
2020,Malappuram,Nilambur,21,THEKKUMPADAM,PALOLY MEHABOOB,INC,General,General,OpenDataKerala GitHub
2020,Malappuram,Nilambur,22,POTTIPPARA,SANILA P,CPI(M),Woman,Woman,OpenDataKerala GitHub
2020,Malappuram,Nilambur,23,NEDUMUNDAKKUNNU,ISMAYIL ERANJIKKAL,JD(S),General,General,OpenDataKerala GitHub
2020,Malappuram,Nilambur,24,PADIKKUNNU,KHAIRUNNEESA A P,INDEPENDENT,Woman,Woman,OpenDataKerala GitHub
2020,Malappuram,Nilambur,25,MANALODI,RAJA LAKSHMI,INC,Woman,Woman,OpenDataKerala GitHub
2020,Malappuram,Nilambur,26,IRUTHAMPOYIL,SWAPNA K,CPI(M),SC Woman,SC Woman,OpenDataKerala GitHub
2020,Malappuram,Nilambur,27,PATTARAKKA,C RAVEENDRAN,CPI(M),General,General,OpenDataKerala GitHub
2020,Malappuram,Nilambur,28,CHAKKALAKKUTH,DAISY CHACKO,INC,Woman,Woman,OpenDataKerala GitHub
2020,Malappuram,Nilambur,29,THAMARAKKULAM,SAIJI MOL V R,CPI(M),Woman,Woman,OpenDataKerala GitHub
2020,Malappuram,Nilambur,30,VEETTIKKUTH,SABAREESAN POTTEKKAD,CPI(M),General,General,OpenDataKerala GitHub
2020,Malappuram,Nilambur,31,KALLEMADAM,VISHNU VALAKKULAM,CPI(M),SC,SC,OpenDataKerala GitHub
2020,Malappuram,Nilambur,32,VARADEMPADAM,P GOPALAKRISHNAN,CPI(M),General,General,OpenDataKerala GitHub
2020,Malappuram,Nilambur,33,KULAKKANDAM,SKARIA,KC(M),General,General,OpenDataKerala GitHub
2020,Malappuram,Kondotty,1,NEETTANI,MUNEERA,INC,Woman,Woman,OpenDataKerala GitHub
2020,Malappuram,Kondotty,2,PANAYAMPARAMBU,NIMISHA KP,CPI(M),Woman,Woman,OpenDataKerala GitHub
2020,Malappuram,Kondotty,3,CHEMMALAPARAMBU,MOHAMMED KHALID V K,IUML,General,General,OpenDataKerala GitHub
2020,Malappuram,Kondotty,4,THURAKKAL,KOTTAYIL VEERANKUTTY,IUML,General,General,OpenDataKerala GitHub
2020,Malappuram,Kondotty,5,MUNDAPPALAM,SHABEBA FIRDOUS,IUML,Woman,Woman,OpenDataKerala GitHub
2020,Malappuram,Kondotty,6,NEERADU,NITHA SHAHEER C A,INC,Woman,Woman,OpenDataKerala GitHub
2020,Malappuram,Kondotty,7,CHEPPILIKKUNNU,JINSHA E,INC,Woman,Woman,OpenDataKerala GitHub
2020,Malappuram,Kondotty,8,VATTAPPARAMBU,RAMLA,IUML,Woman,Woman,OpenDataKerala GitHub
2020,Malappuram,Kondotty,9,PANDIKKADU,FOUSIYA BABU,CPI,Woman,Woman,OpenDataKerala GitHub
2020,Malappuram,Kondotty,10,PAZHAYANGADI,SALIH KUNNUMMAL,IUML,General,General,OpenDataKerala GitHub
2020,Malappuram,Kondotty,11,KONDOTTY TOWN,THAHIRA,WPI,Woman,Woman,OpenDataKerala GitHub
2020,Malappuram,Kondotty,12,KALOTHU,FATHIMA,IUML,Woman,Woman,OpenDataKerala GitHub
2020,Malappuram,Kondotty,13,KODANGADU,K K RASHEED,IUML,General,General,OpenDataKerala GitHub
2020,Malappuram,Kondotty,14,KUNNATHUMPOTTA,BIBINLAL P,INDEPENDENT,SC,SC,OpenDataKerala GitHub
2020,Malappuram,Kondotty,15,KOTTUKKARA,UMMERFAROOK,IUML,General,General,OpenDataKerala GitHub
2020,Malappuram,Kondotty,16,KARIMUKKU,SATHEESH THERI,INC,SC,SC,OpenDataKerala GitHub
2020,Malappuram,Kondotty,17,POILIKKAVU,ASMABI,INDEPENDENT,Woman,Woman,OpenDataKerala GitHub
2020,Malappuram,Kondotty,18,VAKKATHODI,MOHAMMED SHIHABUDEEN KOTTA,CPI(M),General,General,OpenDataKerala GitHub
2020,Malappuram,Kondotty,19,CHEMBALA,FATHIMATH SUHRABI C T,IUML,Woman,Woman,OpenDataKerala GitHub
2020,Malappuram,Kondotty,20,MUSLIARANGADI,THANNIKKAL SAIDALAVI,IUML,General,General,OpenDataKerala GitHub
2020,Malappuram,Kondotty,21,MANATHODI,MUHIYUDEEN ALI,IUML,General,General,OpenDataKerala GitHub
2020,Malappuram,Kondotty,22,CHOLAMUKKU,ASIF C K,IUML,General,General,OpenDataKerala GitHub
2020,Malappuram,Kondotty,23,PULLITHODI,UMMU KULSU,IUML,Woman,Woman,OpenDataKerala GitHub
2020,Malappuram,Kondotty,24,NH COLONY,SANOOP,INC,General,General,OpenDataKerala GitHub
2020,Malappuram,Kondotty,25,MELEPARAMBU,SAUMIA T,INC,SC Woman,SC Woman,OpenDataKerala GitHub
2020,Malappuram,Kondotty,26,KIZHAKKECHUNKAM,USHA P,CPI,SC Woman,SC Woman,OpenDataKerala GitHub
2020,Malappuram,Kondotty,27,KAITHAKKODE,SABITHA V,INC,SC Woman,SC Woman,OpenDataKerala GitHub
2020,Malappuram,Kondotty,28,CHIRAYIL,SALMANUL FARIS K P,CPI,General,General,OpenDataKerala GitHub
2020,Malappuram,Kondotty,29,ILANEERKKARA,MOIDEEN KC,IUML,General,General,OpenDataKerala GitHub
2020,Malappuram,Kondotty,30,PALAKKAPPARAMBU,K P FIROZ,IUML,General,General,OpenDataKerala GitHub
2020,Malappuram,Kondotty,31,MEKKADU,SUHAIRUDHEEN MOHAMMED C,IUML,General,General,OpenDataKerala GitHub
2020,Malappuram,Kondotty,32,MELANGADI,ASHRAF MADAN,IUML,General,General,OpenDataKerala GitHub
2020,Malappuram,Kondotty,33,ALUMKANDI,BINDU,IUML,Woman,Woman,OpenDataKerala GitHub
2020,Malappuram,Kondotty,34,HIGH SCHOOLPADI,ABEENA PUTHIYARAKKAL,INC,Woman,Woman,OpenDataKerala GitHub
2020,Malappuram,Kondotty,35,PARAMBATTU,MINIMOL C,IUML,Woman,Woman,OpenDataKerala GitHub
2020,Malappuram,Kondotty,36,NAMBOLAMKUNNU,SOUDABI M T,IUML,Woman,Woman,OpenDataKerala GitHub
2020,Malappuram,Kondotty,37,KANJIRAPPARAMBA,SHAHIDA N,INDEPENDENT,Woman,Woman,OpenDataKerala GitHub
2020,Malappuram,Kondotty,38,THACHATHUMPARAMBU,MOHAMMEDALI VETTODAN,IUML,General,General,OpenDataKerala GitHub
2020,Malappuram,Kondotty,39,KUMMINIPPARA,RAHMATHULLA,INDEPENDENT,General,General,OpenDataKerala GitHub
2020,Malappuram,Kondotty,40,KOLATHUR,MUHAMMED ABDURAZAK C,IUML,General,General,OpenDataKerala GitHub
2020,Malappuram,Valanchery,1,THONIKKAL,RASEENA MALIK,INDEPENDENT,Woman,Woman,OpenDataKerala GitHub
2020,Malappuram,Valanchery,2,THANIYAPPAN KUNNU,VEERANKUTTY P,INDEPENDENT,General,General,OpenDataKerala GitHub
2020,Malappuram,Valanchery,3,KAKKATTUPARA,SHIHABUDHEEN P,IUML,General,General,OpenDataKerala GitHub
2020,Malappuram,Valanchery,4,KAVUMPURAM,SAYID FAISAL ALI,INDEPENDENT,General,General,OpenDataKerala GitHub
2020,Malappuram,Valanchery,5,KARAD,ASHRAF AMBALATHINGAL,IUML,General,General,OpenDataKerala GitHub
2020,Malappuram,Valanchery,6,MAYILADI,UNNIKRISHNAN KV,BJP,General,General,OpenDataKerala GitHub
2020,Malappuram,Valanchery,7,THAMARAKULAM,SAJITHA,INDEPENDENT,Woman,Woman,OpenDataKerala GitHub
2020,Malappuram,Valanchery,8,VALANCHERY,DEEPTHI SHYLESH,INC,Woman,Woman,OpenDataKerala GitHub
2020,Malappuram,Valanchery,9,KATIRUKUNNU,SHAILAJA K V,INC,Woman,Woman,OpenDataKerala GitHub
2020,Malappuram,Valanchery,10,KADUNGAD,SIDHEEKH HAJI,IUML,General,General,OpenDataKerala GitHub
2020,Malappuram,Valanchery,11,KAMMUTTIKULAM,NOUSHAD N,INDEPENDENT,General,General,OpenDataKerala GitHub
2020,Malappuram,Valanchery,12,KOLAMANGALAM,RUBY KHALID,IUML,Woman,Woman,OpenDataKerala GitHub
2020,Malappuram,Valanchery,13,MARANKUNNU,RAMLA MUHAMMED,INC,Woman,Woman,OpenDataKerala GitHub
2020,Malappuram,Valanchery,14,KARINGALLATHANI,ABBAS,INDEPENDENT,General,General,OpenDataKerala GitHub
2020,Malappuram,Valanchery,15,KIZHAKKE KARA,SUBITHA K P,INC,SC Woman,SC Woman,OpenDataKerala GitHub
2020,Malappuram,Valanchery,16,ALINCHUVADU,EASA N,IUML,General,General,OpenDataKerala GitHub
2020,Malappuram,Valanchery,17,KOTTARAM,NOORJAHAN,IUML,Woman,Woman,OpenDataKerala GitHub
2020,Malappuram,Valanchery,18,MOOCHIKKAL,THASLEEMA,IUML,Woman,Woman,OpenDataKerala GitHub
2020,Malappuram,Valanchery,19,MUKILAPEEDIKA,THAHIRA ISMAIL,INDEPENDENT,Woman,Woman,OpenDataKerala GitHub
2020,Malappuram,Valanchery,20,PAINKANNUR,SHAHINA RAZAK,INC,Woman,Woman,OpenDataKerala GitHub
2020,Malappuram,Valanchery,21,NIRAPPU,UMMU HABEEBA,CPI(M),Woman,Woman,OpenDataKerala GitHub
2020,Malappuram,Valanchery,22,THAZHAGADI,HASEENA,INC,Woman,Woman,OpenDataKerala GitHub
2020,Malappuram,Valanchery,23,KATTIPPARUTHI,C.M MOHAMMED RIYAS,IUML,General,General,OpenDataKerala GitHub
2020,Malappuram,Valanchery,24,KASAMKUNNU,ACHUTHAN,CPI(M),General,General,OpenDataKerala GitHub
2020,Malappuram,Valanchery,25,KARTHALA,MACHENCHERY MOHAMED IBRAHIM,IUML,General,General,OpenDataKerala GitHub
2020,Malappuram,Valanchery,26,VADAKKUMMURI,BASHEERA NOUSHAD,CPI(M),Woman,Woman,OpenDataKerala GitHub
2020,Malappuram,Valanchery,27,NARIPOTTA,BADARIYA TEACHER,INDEPENDENT,Woman,Woman,OpenDataKerala GitHub
2020,Malappuram,Valanchery,28,MEEMPARA,KAMARUDHEEN,INDEPENDENT,General,General,OpenDataKerala GitHub
2020,Malappuram,Valanchery,29,PADINCHAKARA,ABHILASH T,INDEPENDENT,SC,SC,OpenDataKerala GitHub
2020,Malappuram,Valanchery,30,AMBALAPPARAMB,SHAILAJA PP,INDEPENDENT,Woman,Woman,OpenDataKerala GitHub
2020,Malappuram,Valanchery,31,KOTHOL,KOTTEERI SADANADAN,INDEPENDENT,General,General,OpenDataKerala GitHub
2020,Malappuram,Valanchery,32,VATTAPPARA,ABIDA MANSOOR,IUML,Woman,Woman,OpenDataKerala GitHub
2020,Malappuram,Valanchery,33,KANHIPPURA,MUJEEB RAHMAN VALASI,IUML,General,General,OpenDataKerala GitHub
2020,Malappuram,Tirurangadi,1,THRIKKULAM PALATHINGAL,SAMEENA MOOZHIKKAL,IUML,Woman,Woman,OpenDataKerala GitHub
2020,Malappuram,Tirurangadi,2,PATHINARUNGAL,MUSTHAFA,IUML,General,General,OpenDataKerala GitHub
2020,Malappuram,Tirurangadi,3,KARAYIL,P.K ABDUL AZEEZ,INC,General,General,OpenDataKerala GitHub
2020,Malappuram,Tirurangadi,4,KAKKUNATHUPPARA,ABDUL RAZAK CHETTALI,IUML,General,General,OpenDataKerala GitHub
2020,Malappuram,Tirurangadi,5,PANTHARANGADI,MOHAMMED ALI C M,INDEPENDENT,General,General,OpenDataKerala GitHub
2020,Malappuram,Tirurangadi,6,KARIPARAMBU,JAYASREE M P,CMP,Woman,Woman,OpenDataKerala GitHub
2020,Malappuram,Tirurangadi,7,MANIPPADAM,AYISHUMMU V V,WPI,Woman,Woman,OpenDataKerala GitHub
2020,Malappuram,Tirurangadi,8,CHEMMAD NORTH,HAMZA P T,CMP,General,General,OpenDataKerala GitHub
2020,Malappuram,Tirurangadi,9,MAMBURAM,SUHRABI C P,INC,Woman,Woman,OpenDataKerala GitHub
2020,Malappuram,Tirurangadi,10,TIRURANGADI EAST,MOHAMMED ALI,IUML,General,General,OpenDataKerala GitHub
2020,Malappuram,Tirurangadi,11,SOUDABAD,C P HABEEBA BASHEER,IUML,Woman,Woman,OpenDataKerala GitHub
2020,Malappuram,Tirurangadi,12,KAKKAD EAST,SUJINI,INC,Woman,Woman,OpenDataKerala GitHub
2020,Malappuram,Tirurangadi,13,KARIMBIL,K P MOHAMMED KUTTY,IUML,General,General,OpenDataKerala GitHub
2020,Malappuram,Tirurangadi,14,VENNIYOOR,SULAIKHA C P,IUML,Woman,Woman,OpenDataKerala GitHub
2020,Malappuram,Tirurangadi,15,KAPPRAD,FASEELA,IUML,Woman,Woman,OpenDataKerala GitHub
2020,Malappuram,Tirurangadi,16,MATTIL,KHADHEEJA PAINATTIL,INC,Woman,Woman,OpenDataKerala GitHub
2020,Malappuram,Tirurangadi,17,KACHADI,BABURAJAN K T,IUML,SC,SC,OpenDataKerala GitHub
2020,Malappuram,Tirurangadi,18,CHULLIPPARA SOUTH,MOHAMED SAHEER VEERASSERY,INDEPENDENT,General,General,OpenDataKerala GitHub
2020,Malappuram,Tirurangadi,19,CHULLIPPARA NORTH,MAHABOOB,IUML,General,General,OpenDataKerala GitHub
2020,Malappuram,Tirurangadi,20,KUNDALANGADU,FATHIMA P,IUML,Woman,Woman,OpenDataKerala GitHub
2020,Malappuram,Tirurangadi,21,KARIMBIL WEST,IQBAL KALLUNGAL,IUML,General,General,OpenDataKerala GitHub
2020,Malappuram,Tirurangadi,22,KAKKAD,ARIFA VALIYATT,IUML,Woman,Woman,OpenDataKerala GitHub
2020,Malappuram,Tirurangadi,23,KOYILIPPADAM,SAMEER VALIYATT,IUML,General,General,OpenDataKerala GitHub
2020,Malappuram,Tirurangadi,24,MELECHINA,SULAIKHA KALODY,IUML,Woman,Woman,OpenDataKerala GitHub
2020,Malappuram,Tirurangadi,25,THAZHECHINA,ABDUL ALI (ALIMON THADATHIL),INC,General,General,OpenDataKerala GitHub
2020,Malappuram,Tirurangadi,26,CHERAPPURATHAZHAM,SAIDALAVI A/S PALAKKAL BAVA,IUML,General,General,OpenDataKerala GitHub
2020,Malappuram,Tirurangadi,27,TIRURANGADI,ABIDA RABIYATH,INDEPENDENT,Woman,Woman,OpenDataKerala GitHub
2020,Malappuram,Tirurangadi,28,CHANTHAPPADI,AJAS C H,IUML,General,General,OpenDataKerala GitHub
2020,Malappuram,Tirurangadi,29,AZAD NAGAR,NADEERA KUNNATHERI,INDEPENDENT,Woman,Woman,OpenDataKerala GitHub
2020,Malappuram,Tirurangadi,30,C.K NAGAR,C M SALMA,IUML,Woman,Woman,OpenDataKerala GitHub
2020,Malappuram,Tirurangadi,31,C.K NAGAR SOUTH,VAHEEDA CHEMBA,IUML,Woman,Woman,OpenDataKerala GitHub
2020,Malappuram,Tirurangadi,32,KUMBAMKADAVU,KAKKADAVATH AHAMMED KUTTY,INDEPENDENT,General,General,OpenDataKerala GitHub
2020,Malappuram,Tirurangadi,33,VENCHALI,SAIDALAVI KARIPARAMBATH,IUML,General,General,OpenDataKerala GitHub
2020,Malappuram,Tirurangadi,34,KISAN KENDRAM,JAHFAR KUNNATHERI,IUML,General,General,OpenDataKerala GitHub
2020,Malappuram,Tirurangadi,35,KOTTUVALAPARAMBU,SONA RATHEESH,INC,Woman,Woman,OpenDataKerala GitHub
2020,Malappuram,Tirurangadi,36,THRIKKULAM,SAJITHA ATHAKKAKATH,IUML,Woman,Woman,OpenDataKerala GitHub
2020,Malappuram,Tirurangadi,37,KOTTUVALAKKAD,ISMAIL C P,IUML,General,General,OpenDataKerala GitHub
2020,Malappuram,Tirurangadi,38,ANITHARA,SHAHINA THIRUNILATH,IUML,Woman,Woman,OpenDataKerala GitHub
2020,Malappuram,Tirurangadi,39,PALLIPPADI,USHA THAYYIL,INDEPENDENT,Woman,Woman,OpenDataKerala GitHub
2020,Malappuram,Parappanangadi,1,VADAKKE KADAPPURAM,K C NASAR,INDEPENDENT,General,General,OpenDataKerala GitHub
2020,Malappuram,Parappanangadi,2,LAKSHAM VEEDU,NAZIMA,LJD,General,General,OpenDataKerala GitHub
2020,Malappuram,Parappanangadi,3,HEALTH CENTRE,SAIDALAVI KOYA THANGAL K.K,IUML,General,General,OpenDataKerala GitHub
2020,Malappuram,Parappanangadi,4,CHETTIPADI EAST,SUMI RANI O,BJP,Woman,Woman,OpenDataKerala GitHub
2020,Malappuram,Parappanangadi,5,ANAPPADI,റംലത്ത് കെ.പി,IUML,Woman,Woman,OpenDataKerala GitHub
2020,Malappuram,Parappanangadi,6,MODUVINGAL,SUHRA V.K,IUML,Woman,Woman,OpenDataKerala GitHub
2020,Malappuram,Parappanangadi,7,KEEZHCHIRA,SUBRAHMANIAN E.T,CPI(M),General,General,OpenDataKerala GitHub
2020,Malappuram,Parappanangadi,8,KOVILAKAM,JAYADEVAN C,BJP,General,General,OpenDataKerala GitHub
2020,Malappuram,Parappanangadi,9,ULLANAM TOWN,RAMLATH KODALIKKODAN,IUML,Woman,Woman,OpenDataKerala GitHub
2020,Malappuram,Parappanangadi,10,ULLANAM NORTH,A USMAN,IUML,General,General,OpenDataKerala GitHub
2020,Malappuram,Parappanangadi,11,EDATHIRUTHIKKADAVU,K.P MEREENA TEACHER,INDEPENDENT,Woman,Woman,OpenDataKerala GitHub
2020,Malappuram,Parappanangadi,12,THAYYILAPPADI,GIREESH C,INDEPENDENT,General,General,OpenDataKerala GitHub
2020,Malappuram,Parappanangadi,13,PANAYATHIL,FATHIMA,INDEPENDENT,Woman,Woman,OpenDataKerala GitHub
2020,Malappuram,Parappanangadi,14,PUTHARIKKAL,KHADEEJATHUL MARIYA,IUML,Woman,Woman,OpenDataKerala GitHub
2020,Malappuram,Parappanangadi,15,STADIUM,SAMEER M,INDEPENDENT,General,General,OpenDataKerala GitHub
2020,Malappuram,Parappanangadi,16,ATTAKUZHINGARA,SHAHINA,IUML,Woman,Woman,OpenDataKerala GitHub
2020,Malappuram,Parappanangadi,17,KALIKKAVU,SHAMEJ N.M,CPI(M),General,General,OpenDataKerala GitHub
2020,Malappuram,Parappanangadi,18,KARINGALLATHANI,KHAIRUNNISA THAHIR,IUML,Woman,Woman,OpenDataKerala GitHub
2020,Malappuram,Parappanangadi,19,PALATHINGAL,A.V HASSAN KOYA,IUML,General,General,OpenDataKerala GitHub
2020,Malappuram,Parappanangadi,20,KERANALLOOR,ABDUL AZEEZ K,IUML,General,General,OpenDataKerala GitHub
2020,Malappuram,Parappanangadi,21,KOTTANTHALA,C NIZAR AHAMMED,IUML,General,General,OpenDataKerala GitHub
2020,Malappuram,Parappanangadi,22,NASEEB NAGAR,KASMI,CPI(M),General,General,OpenDataKerala GitHub
2020,Malappuram,Parappanangadi,23,CHIRAMANGALAM SOUTH,JAFARALI N K,IUML,General,General,OpenDataKerala GitHub
2020,Malappuram,Parappanangadi,24,CHIRAMANGALAM,HAREERA,IUML,Woman,Woman,OpenDataKerala GitHub
2020,Malappuram,Parappanangadi,25,UPPUNIPPURAM,DEEPA,BJP,Woman,Woman,OpenDataKerala GitHub
2020,Malappuram,Parappanangadi,26,AVIYIL BEACH,ABDUL RAZAK T,IUML,General,General,OpenDataKerala GitHub
2020,Malappuram,Parappanangadi,27,KURIKKAL ROAD,MOHANDAS T.P,INDEPENDENT,SC,SC,OpenDataKerala GitHub
2020,Malappuram,Parappanangadi,28,PUTHENPEEDIKA,JAINISHA M,CPI(M),Woman,Woman,OpenDataKerala GitHub
2020,Malappuram,Parappanangadi,29,SADDAM BEACH,UMMUKULSU P.P,IUML,Woman,Woman,OpenDataKerala GitHub
2020,Malappuram,Parappanangadi,30,PUTHAN KADAPPURAM SOUTH,KUNNUMMAL JUBAIRIYATH,IUML,Woman,Woman,OpenDataKerala GitHub
2020,Malappuram,Parappanangadi,31,N.C.C ROAD,THUDISSERI KARTHIKEYAN,CPI(M),General,General,OpenDataKerala GitHub
2020,Malappuram,Parappanangadi,32,PARAPPANANGADI SOUTH,ZEENATH,INDEPENDENT,Woman,Woman,OpenDataKerala GitHub
2020,Malappuram,Parappanangadi,33,PARAPPANANGADI TOWN,BABY ACHUTHAN,IUML,SC Woman,SC Woman,OpenDataKerala GitHub
2020,Malappuram,Parappanangadi,34,PUTHENKADAPPURAM,P.P SHAHUL HAMEED,IUML,General,General,OpenDataKerala GitHub
2020,Malappuram,Parappanangadi,35,OTTUMAL SOUTH,KODALI FOUSIYABI,IUML,Woman,Woman,OpenDataKerala GitHub
2020,Malappuram,Parappanangadi,36,CHAPPAPPADI,ABDUL RAZAK T,IUML,General,General,OpenDataKerala GitHub
2020,Malappuram,Parappanangadi,37,ANJAPPURA,FOUSIYA SIRAJ,IUML,Woman,Woman,OpenDataKerala GitHub
2020,Malappuram,Parappanangadi,38,NEDUVA,MANJUSHA PRALOSH,INDEPENDENT,General,General,OpenDataKerala GitHub
2020,Malappuram,Parappanangadi,39,KODAPPAALI,MUSTHAFA P.V,INC,General,General,OpenDataKerala GitHub
2020,Malappuram,Parappanangadi,40,ANGADI,SAIDALAVI,INDEPENDENT,General,General,OpenDataKerala GitHub
2020,Malappuram,Parappanangadi,41,YARATHINGAL,B.P SAHIDA,INC,Woman,Woman,OpenDataKerala GitHub
2020,Malappuram,Parappanangadi,42,CHENGOTTUPADAM,NASEEMA P.O,IUML,Woman,Woman,OpenDataKerala GitHub
2020,Malappuram,Parappanangadi,43,CHETTIPADI,FOUSIYA,IUML,Woman,Woman,OpenDataKerala GitHub
2020,Malappuram,Parappanangadi,44,ALUNGAL SOUTH,SHAHARBANU,IUML,Woman,Woman,OpenDataKerala GitHub
2020,Malappuram,Parappanangadi,45,ALUNGAL NORTH,MUHSEENA K.P,INC,Woman,Woman,OpenDataKerala GitHub
2020,Malappuram,Tanur,1,OTTUMPURAM,K P NISAMUDEEN,IUML,General,General,OpenDataKerala GitHub
2020,Malappuram,Tanur,2,PARIYAPURAM,KRISHNAN P,BJP,General,General,OpenDataKerala GitHub
2020,Malappuram,Tanur,3,OLAPPEEDIKA,NOUSHAD P V,IUML,General,General,OpenDataKerala GitHub
2020,Malappuram,Tanur,4,MALIDWEEP,FATHIMA C P,IUML,Woman,Woman,OpenDataKerala GitHub
2020,Malappuram,Tanur,5,ATTILLAM,MOHAMED ASHARAF,IUML,General,General,OpenDataKerala GitHub
2020,Malappuram,Tanur,6,KUNNUMPURAM NORTH,SUMITHA K S,BJP,Woman,Woman,OpenDataKerala GitHub
2020,Malappuram,Tanur,7,MORIA,RASHEED MORIA,IUML,General,General,OpenDataKerala GitHub
2020,Malappuram,Tanur,8,KUNNUMPURAM SOUTH,DEVAKI E,BJP,SC Woman,SC Woman,OpenDataKerala GitHub
2020,Malappuram,Tanur,9,KUNNUMPURAM CENTRAL,ABDUL RAHMAN,IUML,General,General,OpenDataKerala GitHub
2020,Malappuram,Tanur,10,KUNNUMPURAM EAST,JAYAPRAKASH,INC,General,General,OpenDataKerala GitHub
2020,Malappuram,Tanur,11,PANANGATTOOR CENTRAL,MANSOOR,IUML,General,General,OpenDataKerala GitHub
2020,Malappuram,Tanur,12,PANANGATTOOR,SAFIYA BASHEER,IUML,Woman,Woman,OpenDataKerala GitHub
2020,Malappuram,Tanur,13,CHANCHERI PARAMBU,P T AKBAR,INDEPENDENT,General,General,OpenDataKerala GitHub
2020,Malappuram,Tanur,14,RAYIRIMANGALAM EAST,RUGMINI SUNDARAN,INDEPENDENT,Woman,Woman,OpenDataKerala GitHub
2020,Malappuram,Tanur,15,RAYIRIMANGALAM WEST,BEENA C,BJP,SC,SC,OpenDataKerala GitHub
2020,Malappuram,Tanur,16,THEYYALA RAILWAY GATE,ROOBI FOUSI C P,INDEPENDENT,Woman,Woman,OpenDataKerala GitHub
2020,Malappuram,Tanur,17,KANNANTHALI,SUBAIDA C K,IUML,Woman,Woman,OpenDataKerala GitHub
2020,Malappuram,Tanur,18,KATTILANGADI,SUCHITHRA,INDEPENDENT,Woman,Woman,OpenDataKerala GitHub
2020,Malappuram,Tanur,19,KATTILANGADI SOUTH,ARIFA SALEEM,INDEPENDENT,Woman,Woman,OpenDataKerala GitHub
2020,Malappuram,Tanur,20,KATTILANGADI WEST,RADHIKA T,INC,Woman,Woman,OpenDataKerala GitHub
2020,Malappuram,Tanur,21,NADAKKAVU,E KUMARI,INDEPENDENT,Woman,Woman,OpenDataKerala GitHub
2020,Malappuram,Tanur,22,TANUR,NASIRA SIDHEEQU,IUML,Woman,Woman,OpenDataKerala GitHub
2020,Malappuram,Tanur,23,KARAD,UMMUKULSU TEACHER,INDEPENDENT,Woman,Woman,OpenDataKerala GitHub
2020,Malappuram,Tanur,24,PUTHIYAKADAPPURAM,FAISAL M P,IUML,General,General,OpenDataKerala GitHub
2020,Malappuram,Tanur,25,ANCHUDI,JASNA BANU POURAKATH,IUML,Woman,Woman,OpenDataKerala GitHub
2020,Malappuram,Tanur,26,CHEERAN KADAPPURAM,SHIHAB S P,IUML,General,General,OpenDataKerala GitHub
2020,Malappuram,Tanur,27,VEMBALAM PARAMBU,SULAIKHA K P,IUML,Woman,Woman,OpenDataKerala GitHub
2020,Malappuram,Tanur,28,EDAKKADAPPURAM SOUTH,NAJMATH C P,IUML,Woman,Woman,OpenDataKerala GitHub
2020,Malappuram,Tanur,29,EDAKKADAPPURAM NORTH,HANEEFA K P,IUML,General,General,OpenDataKerala GitHub
2020,Malappuram,Tanur,30,TANUR NAGARAM,P P MUSTHAFA,INC,General,General,OpenDataKerala GitHub
2020,Malappuram,Tanur,31,HARBER,UMMU KULSU T V,IUML,Woman,Woman,OpenDataKerala GitHub
2020,Malappuram,Tanur,32,ELARANKADAPPURAM,SALAM E,IUML,General,General,OpenDataKerala GitHub
2020,Malappuram,Tanur,33,TANUR CENTRAL,C K M BASHEER,IUML,General,General,OpenDataKerala GitHub
2020,Malappuram,Tanur,34,CIVIL STATION,ZUBAIR,IUML,General,General,OpenDataKerala GitHub
2020,Malappuram,Tanur,35,CHELLIKKADU,SHAHIDA KALATHIL,IUML,Woman,Woman,OpenDataKerala GitHub
2020,Malappuram,Tanur,36,C.H.C,ALI AKBAR K P,IUML,General,General,OpenDataKerala GitHub
2020,Malappuram,Tanur,37,PANDARAKKADAPPURAM,HABID VADAKKAYIL,IUML,General,General,OpenDataKerala GitHub
2020,Malappuram,Tanur,38,CHAPPAPPADI,AFSATH,IUML,Woman,Woman,OpenDataKerala GitHub
2020,Malappuram,Tanur,39,ALBAZAR,HASEENA P,IUML,Woman,Woman,OpenDataKerala GitHub
2020,Malappuram,Tanur,40,KORMANKADAPPURAM NORTH,P P SHAMSUDHEEN,IUML,General,General,OpenDataKerala GitHub
2020,Malappuram,Tanur,41,CHIRAKKAL,DIBEESH P,BJP,General,General,OpenDataKerala GitHub
2020,Malappuram,Tanur,42,CHIRAKKAL NORTH,GEETHA N,BJP,Woman,Woman,OpenDataKerala GitHub
2020,Malappuram,Tanur,43,MUKKOLA,SHEENA,BJP,Woman,Woman,OpenDataKerala GitHub
2020,Malappuram,Tanur,44,COMPANIPPADI,V P BASHEER,IUML,General,General,OpenDataKerala GitHub
2020,Kozhikode,Vadakara,1,KURIYADI,SURAKSHITHA T.P,BJP,Woman,Woman,OpenDataKerala GitHub
2020,Kozhikode,Vadakara,2,VEERANCHERI,FASHIDA K.K,IUML,Woman,Woman,OpenDataKerala GitHub
2020,Kozhikode,Vadakara,3,KULANGARATH,NISHA K,CPI,Woman,Woman,OpenDataKerala GitHub
2020,Kozhikode,Vadakara,4,PAZHANGAVU,P.P BALAKRISHNAN,CPI(M),General,General,OpenDataKerala GitHub
2020,Kozhikode,Vadakara,5,ARAKKILADU,N.P BALAKRISHNAN,CPI(M),General,General,OpenDataKerala GitHub
2020,Kozhikode,Vadakara,6,PARAVANTHALA,BALAKRISHNAN K,CPI(M),General,General,OpenDataKerala GitHub
2020,Kozhikode,Vadakara,7,VADAKARA THERU,SATHYABHAMA P.T,INC,Woman,Woman,OpenDataKerala GitHub
2020,Kozhikode,Vadakara,8,CHOLAMVAYAL,PRABHAKARAN N K,CPI(M),General,General,OpenDataKerala GitHub
2020,Kozhikode,Vadakara,9,KOTTAPPARAMBU,A PREMAKUMARI,INC,Woman,Woman,OpenDataKerala GitHub
2020,Kozhikode,Vadakara,10,KAKKUZHIYIL,AFSAL P.K.C,IUML,General,General,OpenDataKerala GitHub
2020,Kozhikode,Vadakara,11,KUZHICHAL,SRIJINA C K,INC,Woman,Woman,OpenDataKerala GitHub
2020,Kozhikode,Vadakara,12,CHERUSSERY,K NALINAKSHAN,CPI(M),General,General,OpenDataKerala GitHub
2020,Kozhikode,Vadakara,13,MAKKOOL,P.K SREEJA,CPI(M),Woman,Woman,OpenDataKerala GitHub
2020,Kozhikode,Vadakara,14,AKLOTH NADA,NISHA MINEESH,BJP,Woman,Woman,OpenDataKerala GitHub
2020,Kozhikode,Vadakara,15,ARIKKOTH,RAJITHA PATHERI,LJD,Woman,Woman,OpenDataKerala GitHub
2020,Kozhikode,Vadakara,16,KALLUNIRA,REESHBA RAJ,CPI(M),Woman,Woman,OpenDataKerala GitHub
2020,Kozhikode,Vadakara,17,KURUMBAYIL,K.K VANAJA,LJD,General,General,OpenDataKerala GitHub
2020,Kozhikode,Vadakara,18,SIDHASRAMAM,T.V HARIDASAN,CPI(M),General,General,OpenDataKerala GitHub
2020,Kozhikode,Vadakara,19,KUNJANKUZHI,PRAJITHA A.P,CPI(M),Woman,Woman,OpenDataKerala GitHub
2020,Kozhikode,Vadakara,20,PUTHIYAPPU,LEEBA P.P,CPI(M),Woman,Woman,OpenDataKerala GitHub
2020,Kozhikode,Vadakara,21,ACHAMMANDI,K.M SAJISHA,CPI(M),Woman,Woman,OpenDataKerala GitHub
2020,Kozhikode,Vadakara,22,MAMBALLI,P SAJEEV KUMAR,CPI,General,General,OpenDataKerala GitHub
2020,Kozhikode,Vadakara,23,CHEERAMVEEDU,AJITHA CHEERAMVEETTIL,INC,General,General,OpenDataKerala GitHub
2020,Kozhikode,Vadakara,24,NARAYANA NAGARAM,REEJA PARAMBATH,INC,Woman,Woman,OpenDataKerala GitHub
2020,Kozhikode,Vadakara,25,EDODI,PRADEESAN C.V,INC,General,General,OpenDataKerala GitHub
2020,Kozhikode,Vadakara,26,KARIMBANA,SHAINI K.M,CPI(M),Woman,Woman,OpenDataKerala GitHub
2020,Kozhikode,Vadakara,27,CHEENAM VEEDU,PREETHI M,CPI(M),Woman,Woman,OpenDataKerala GitHub
2020,Kozhikode,Vadakara,28,MEPPAYIL,SINDHU PREMAN,CPI(M),Woman,Woman,OpenDataKerala GitHub
2020,Kozhikode,Vadakara,29,KOKKANJATHU,P.K SATHEESAN MASTER,CPI(M),General,General,OpenDataKerala GitHub
2020,Kozhikode,Vadakara,30,CHANDHANAM PARAMBA,C.K KAREEM,INL,General,General,OpenDataKerala GitHub
2020,Kozhikode,Vadakara,31,PUTHUPPANAM,BAJESH B,CPI(M),General,General,OpenDataKerala GitHub
2020,Kozhikode,Vadakara,32,NALLADATH,K.M HARIDASAN,CPI(M),SC,SC,OpenDataKerala GitHub
2020,Kozhikode,Vadakara,33,PANIKKOTTI,P.K BALAKRISHNAN,CPI(M),General,General,OpenDataKerala GitHub
2020,Kozhikode,Vadakara,34,MOORADU,P RAJANI,INC,General,General,OpenDataKerala GitHub
2020,Kozhikode,Vadakara,35,VELUTHA MALA,SINDHU P.K,BJP,General,General,OpenDataKerala GitHub
2020,Kozhikode,Vadakara,36,KARUKAYIL,FOUSIYA P,IUML,Woman,Woman,OpenDataKerala GitHub
2020,Kozhikode,Vadakara,37,KAKKATTIYIL,RAJEENA T,IUML,Woman,Woman,OpenDataKerala GitHub
2020,Kozhikode,Vadakara,38,THURUTHIYIL,AZEEZ MASTER V.K,IUML,General,General,OpenDataKerala GitHub
2020,Kozhikode,Vadakara,39,KAYYIL,SHAMNA NATOL,CPI(M),Woman,Woman,OpenDataKerala GitHub
2020,Kozhikode,Vadakara,40,AZHITHALA,HASHIM P.V,IUML,General,General,OpenDataKerala GitHub
2020,Kozhikode,Vadakara,41,PURANGARA,P VIJAYI,CPI(M),General,General,OpenDataKerala GitHub
2020,Kozhikode,Vadakara,42,PAKKAYIL,K.P BINDU,CPI(M),Woman,Woman,OpenDataKerala GitHub
2020,Kozhikode,Vadakara,43,NADOL,BIJU M,CPI(M),General,General,OpenDataKerala GitHub
2020,Kozhikode,Vadakara,44,KOYILANDI VALAPPU,NISABI V.V,IUML,Woman,Woman,OpenDataKerala GitHub
2020,Kozhikode,Vadakara,45,PANDIKASALA,ABDUL HAKKIM P.S,SDPI,General,General,OpenDataKerala GitHub
2020,Kozhikode,Vadakara,46,MUKKOLA,RAIHANATH P,IUML,Woman,Woman,OpenDataKerala GitHub
2020,Kozhikode,Vadakara,47,MUKACHERI,SHAHIMA K.P,IUML,Woman,Woman,OpenDataKerala GitHub
2020,Kozhikode,Koyilandy,1,PATHIRIKKAD,MANOHARI THEKKAYIL,CPI(M),Woman,Woman,OpenDataKerala GitHub
2020,Kozhikode,Koyilandy,2,MARALOOR,RAJEEVAN N.T,CPI(M),General,General,OpenDataKerala GitHub
2020,Kozhikode,Koyilandy,3,KODAKKATTUMURI,PRAJILA C,CPI(M),Woman,Woman,OpenDataKerala GitHub
2020,Kozhikode,Koyilandy,4,PERUNKUNI,RAMESAN VALIYATTIL,CPI(M),General,General,OpenDataKerala GitHub
2020,Kozhikode,Koyilandy,5,PULIYENCHERI,NIJILA PARAVAKKODY,CPI(M),Woman,Woman,OpenDataKerala GitHub
2020,Kozhikode,Koyilandy,6,ATTAVAYAL,NANDANAN K.M,CPI(M),General,General,OpenDataKerala GitHub
2020,Kozhikode,Koyilandy,7,PULIYENCHERI EAST,SHYLAJA T.P,INC,Woman,Woman,OpenDataKerala GitHub
2020,Kozhikode,Koyilandy,8,KALATHILKADAVU,LINSI MARAKKATTUPURATH,CPI(M),Woman,Woman,OpenDataKerala GitHub
2020,Kozhikode,Koyilandy,9,VIYYUR,SHEEBA AREEKKAL,INC,Woman,Woman,OpenDataKerala GitHub
2020,Kozhikode,Koyilandy,10,PAVUVAYAL,E.K AJITH,CPI,General,General,OpenDataKerala GitHub
2020,Kozhikode,Koyilandy,11,PANTHALAYANI NORTH,SUMATHI K.M,INC,Woman,Woman,OpenDataKerala GitHub
2020,Kozhikode,Koyilandy,12,PUTHALATHUKUNNU,PRAJISHA P,CPI(M),SC Woman,SC Woman,OpenDataKerala GitHub
2020,Kozhikode,Koyilandy,13,PERUVATOOR,CHANDRIKA T,CPI(M),Woman,Woman,OpenDataKerala GitHub
2020,Kozhikode,Koyilandy,14,PANTHALAYANI CENTRAL,SUDHA KIZHAKKEPATT,CPI(M),Woman,Woman,OpenDataKerala GitHub
2020,Kozhikode,Koyilandy,15,PANTHALAYANI SOUTH,ADV. K SATHIAN,CPI(M),General,General,OpenDataKerala GitHub
2020,Kozhikode,Koyilandy,16,PERUVATOOR CENTRAL,JISHA PUTHIYEDATH,INC,Woman,Woman,OpenDataKerala GitHub
2020,Kozhikode,Koyilandy,17,KAKKRATTUKUNNU,RAJEESH VENGALATHKANDY,INC,General,General,OpenDataKerala GitHub
2020,Kozhikode,Koyilandy,18,ARUVAYAL,SUDHA C,CPI(M),Woman,Woman,OpenDataKerala GitHub
2020,Kozhikode,Koyilandy,19,ANELA,INDIRA TEACHER,CPI(M),Woman,Woman,OpenDataKerala GitHub
2020,Kozhikode,Koyilandy,20,MUTHAMBI,N.S VISHNU,CPI(M),General,General,OpenDataKerala GitHub
2020,Kozhikode,Koyilandy,21,THETTIKKUNNU,R.K KUMARAN,CPI(M),General,General,OpenDataKerala GitHub
2020,Kozhikode,Koyilandy,22,KAVUMVATTAM,FASIL P.P,IUML,General,General,OpenDataKerala GitHub
2020,Kozhikode,Koyilandy,23,MOOZHIKKUMEETHAL,JAMAL,INC,General,General,OpenDataKerala GitHub
2020,Kozhikode,Koyilandy,24,MARUTHOOR,M PRAMOD,CPI(M),General,General,OpenDataKerala GitHub
2020,Kozhikode,Koyilandy,25,ANELA- KURUVANGAD,BINDHU P.B,CPI(M),Woman,Woman,OpenDataKerala GitHub
2020,Kozhikode,Koyilandy,26,KANAYANKODE,SIRAJ V.M,CPI(M),General,General,OpenDataKerala GitHub
2020,Kozhikode,Koyilandy,27,VARAKUNNU,K SHIJU,CPI(M),General,General,OpenDataKerala GitHub
2020,Kozhikode,Koyilandy,28,KURUVANGAD,C PRABHA,CPI(M),Woman,Woman,OpenDataKerala GitHub
2020,Kozhikode,Koyilandy,29,MANAMAL,VALSARAJ,INC,General,General,OpenDataKerala GitHub
2020,Kozhikode,Koyilandy,30,KOMATHUKARA,SHEENA T.K,CPI(M),Woman,Woman,OpenDataKerala GitHub
2020,Kozhikode,Koyilandy,31,KOTHAMANGALAM,DRISYA,INC,Woman,Woman,OpenDataKerala GitHub
2020,Kozhikode,Koyilandy,32,NADELAKKANDY,LALITHA A,CPI(M),SC Woman,SC Woman,OpenDataKerala GitHub
2020,Kozhikode,Koyilandy,33,KORAYANGAD,MANOJ PAYATTUVALAPPIL,INC,General,General,OpenDataKerala GitHub
2020,Kozhikode,Koyilandy,34,CHALILPARAMBU,BHAVITHA C,CPI(M),Woman,Woman,OpenDataKerala GitHub
2020,Kozhikode,Koyilandy,35,CHERIYAMANGAD,VAISHAKH K.K,BJP,General,General,OpenDataKerala GitHub
2020,Kozhikode,Koyilandy,36,VIRUNNUKANDY,SUDHAKARAN V.K,BJP,General,General,OpenDataKerala GitHub
2020,Kozhikode,Koyilandy,37,KOYILANDY SOUTH,V.P IBRAHIMKUTTY,IUML,General,General,OpenDataKerala GitHub
2020,Kozhikode,Koyilandy,38,THAZHANGADY,RAHMATH K.T.V,IUML,Woman,Woman,OpenDataKerala GitHub
2020,Kozhikode,Koyilandy,39,KOYILANDY TOWN,A ASEEZ,IUML,General,General,OpenDataKerala GitHub
2020,Kozhikode,Koyilandy,40,KASMIKKANDY,RATNAVALLY P,INC,Woman,Woman,OpenDataKerala GitHub
2020,Kozhikode,Koyilandy,41,CIVILSTATION,SINDHU C.M,BJP,Woman,Woman,OpenDataKerala GitHub
2020,Kozhikode,Koyilandy,42,OORANKUNNU,K.M NAJEEB,IUML,General,General,OpenDataKerala GitHub
2020,Kozhikode,Koyilandy,43,KOLLAM WEST,V.V FAKRUDDIN MASTER,IUML,General,General,OpenDataKerala GitHub
2020,Kozhikode,Koyilandy,44,KANIYAMKUNNU,SUMESH K.T,CPI(M),SC,SC,OpenDataKerala GitHub
2020,Kozhikode,Payyoli,1,KOTTAKKAL,SUJALA C,IUML,Woman,Woman,OpenDataKerala GitHub
2020,Kozhikode,Payyoli,2,KOTTAKKAL EAST,MUHAMMED ASHARAF,IUML,General,General,OpenDataKerala GitHub
2020,Kozhikode,Payyoli,3,MOORAD CENTRAL,ARAVINDAKSHAN T,CPI(M),General,General,OpenDataKerala GitHub
2020,Kozhikode,Payyoli,4,MOORAD SOUTH,P P REKHA,CPI(M),Woman,Woman,OpenDataKerala GitHub
2020,Kozhikode,Payyoli,5,PERINGAD,K K SMITHESH,CPI(M),SC,SC,OpenDataKerala GitHub
2020,Kozhikode,Payyoli,6,IRINGAL EAST,REVATHI THULASIDAS,INC,Woman,Woman,OpenDataKerala GitHub
2020,Kozhikode,Payyoli,7,IRINGAL SOUTH,MANJUSHA,CPI(M),Woman,Woman,OpenDataKerala GitHub
2020,Kozhikode,Payyoli,8,AYANIKKAD NORTH,K T VINODAN,INC,General,General,OpenDataKerala GitHub
2020,Kozhikode,Payyoli,9,AYANIKKAD,KAYIRIKKANDI ANWAR,INC,General,General,OpenDataKerala GitHub
2020,Kozhikode,Payyoli,10,AYANIKKAD SOUTH,MAHIJA P P,INC,Woman,Woman,OpenDataKerala GitHub
2020,Kozhikode,Payyoli,11,AYANIKKAD EAST,MANOJ KUMAR,CPI(M),General,General,OpenDataKerala GitHub
2020,Kozhikode,Payyoli,12,KUTTIYIL PEEDIKA,KHALID KOLARIKKANDY,CPI(M),General,General,OpenDataKerala GitHub
2020,Kozhikode,Payyoli,13,PAYYOLI NORTH,RASIYA FYSAL,CPI,Woman,Woman,OpenDataKerala GitHub
2020,Kozhikode,Payyoli,14,NELLERI MANIKKOTH NORTH,SHYMA P P,CPI(M),Woman,Woman,OpenDataKerala GitHub
2020,Kozhikode,Payyoli,15,KIZHUR,SIJINA MOHANAN,INC,Woman,Woman,OpenDataKerala GitHub
2020,Kozhikode,Payyoli,16,KOVVAPPURAM,C K SHAHANAS,INC,General,General,OpenDataKerala GitHub
2020,Kozhikode,Payyoli,17,THACHANKUNNU,SHAFEEKH V,INC,General,General,OpenDataKerala GitHub
2020,Kozhikode,Payyoli,18,THACHANKUNNU SOUTH,SHAJMINA,IUML,Woman,Woman,OpenDataKerala GitHub
2020,Kozhikode,Payyoli,19,KIZHUR SOUTH,GOPALAN,INC,General,General,OpenDataKerala GitHub
2020,Kozhikode,Payyoli,20,NELLERI MANIKKOTH,CHANDU MASTER,CPI(M),General,General,OpenDataKerala GitHub
2020,Kozhikode,Payyoli,21,PAYYOLI TOWN,FATHIMA,IUML,Woman,Woman,OpenDataKerala GitHub
2020,Kozhikode,Payyoli,22,BHAJANAMADAM,ATHIRA N P,CPI(M),SC Woman,SC Woman,OpenDataKerala GitHub
2020,Kozhikode,Payyoli,23,BHAJANAMADAM NORTH,HARIDASAN P M,INC,General,General,OpenDataKerala GitHub
2020,Kozhikode,Payyoli,24,PAYYOLI WEST,V K ABDURAHIMAN,IUML,General,General,OpenDataKerala GitHub
2020,Kozhikode,Payyoli,25,PAYYOLI BEACH,ANSILA,IUML,Woman,Woman,OpenDataKerala GitHub
2020,Kozhikode,Payyoli,26,ERIPPARAMBIL,A P RAZAK,IUML,General,General,OpenDataKerala GitHub
2020,Kozhikode,Payyoli,27,GANDHINAGAR,PADMASREE A P,INC,Woman,Woman,OpenDataKerala GitHub
2020,Kozhikode,Payyoli,28,BISMINAGAR,RIYAS P M,IUML,General,General,OpenDataKerala GitHub
2020,Kozhikode,Payyoli,29,PUTHAN MARACHALIL,SUNAID A C,IUML,General,General,OpenDataKerala GitHub
2020,Kozhikode,Payyoli,30,CHORIYANCHALIL,SHYMA T K,CPI(M),Woman,Woman,OpenDataKerala GitHub
2020,Kozhikode,Payyoli,31,KURIYADITHARA,K C BABURAJ,CPI(M),General,General,OpenDataKerala GitHub
2020,Kozhikode,Payyoli,32,ARUVAYAL SOUTH,ANITHA K,CPI(M),Woman,Woman,OpenDataKerala GitHub
2020,Kozhikode,Payyoli,33,KOLAVI,SURESH BABU,LJD,General,General,OpenDataKerala GitHub
2020,Kozhikode,Payyoli,34,CHETHILTHARA,GIRIJA V K,IUML,Woman,Woman,OpenDataKerala GitHub
2020,Kozhikode,Payyoli,35,ARUVAYAL,VILASINI,INC,Woman,Woman,OpenDataKerala GitHub
2020,Kozhikode,Payyoli,36,KOLAVIPPALAM BEACH,NISHA GIREESH,BJP,Woman,Woman,OpenDataKerala GitHub
2020,Kozhikode,Koduvally,1,PANAKKODE,A P MAJEED MASTER,INDEPENDENT,General,General,OpenDataKerala GitHub
2020,Kozhikode,Koduvally,2,VAVAD WEST,BASHEER P V,IUML,General,General,OpenDataKerala GitHub
2020,Kozhikode,Koduvally,3,VAVAD EAST,SUSHINI K M,INC,General,General,OpenDataKerala GitHub
2020,Kozhikode,Koduvally,4,POYILANGADI,ANILKUMAR N K,INC,General,General,OpenDataKerala GitHub
2020,Kozhikode,Koduvally,5,PORGOTTOOR,SURENDRAN,CPI(M),General,General,OpenDataKerala GitHub
2020,Kozhikode,Koduvally,6,KALARANTHIRI NORTH,SHAMSUDHEEN T K,INDEPENDENT,General,General,OpenDataKerala GitHub
2020,Kozhikode,Koduvally,7,KALARANTHIRI SOUTH,NOORJAHAN V C,IUML,Woman,Woman,OpenDataKerala GitHub
2020,Kozhikode,Koduvally,8,PATTINIKKARA,SUBAIDA ABDUSALAM,IUML,Woman,Woman,OpenDataKerala GitHub
2020,Kozhikode,Koduvally,9,ARANGOD,ADV. ARSHA ASHOKAN,CPI(M),Woman,Woman,OpenDataKerala GitHub
2020,Kozhikode,Koduvally,10,MANIPURAM,MUHAMMED ASHRAF (BAVA),INDEPENDENT,General,General,OpenDataKerala GitHub
2020,Kozhikode,Koduvally,11,KAREETTIPARAMBA EAST,SHABNA NAZER,IUML,Woman,Woman,OpenDataKerala GitHub
2020,Kozhikode,Koduvally,12,KAREETTIPARAMBA WEST,AHAMMED UNAIS,NSC,General,General,OpenDataKerala GitHub
2020,Kozhikode,Koduvally,13,MUKKILANGADI,HASEENA NOUSHAD,IUML,Woman,Woman,OpenDataKerala GitHub
2020,Kozhikode,Koduvally,14,VARIKKUZHITHAZHAM,SOJITH K C,CPI(M),General,General,OpenDataKerala GitHub
2020,Kozhikode,Koduvally,15,CHUNDAPPURAM,FAISAL KARAT,INDEPENDENT,General,General,OpenDataKerala GitHub
2020,Kozhikode,Koduvally,16,KARUVANPOYIL WEST,SHABEENA NAVAS T P C,INC,Woman,Woman,OpenDataKerala GitHub
2020,Kozhikode,Koduvally,17,CHULLIYATTU MUKKU,AYISHA ABDULLA,NSC,Woman,Woman,OpenDataKerala GitHub
2020,Kozhikode,Koduvally,18,KARUVANPOYIL EAST,V MUHAMMED MASTER,NSC,General,General,OpenDataKerala GitHub
2020,Kozhikode,Koduvally,19,THALAPPERUMANNA,SIYALI VALLIKKAT,IUML,General,General,OpenDataKerala GitHub
2020,Kozhikode,Koduvally,20,PRAVIL,AYSHA SHAHANITHA K C,INC,Woman,Woman,OpenDataKerala GitHub
2020,Kozhikode,Koduvally,21,NEDUMALA,E BALAN,CPI(M),General,General,OpenDataKerala GitHub
2020,Kozhikode,Koduvally,22,VENNAKKADE,RAMSIYA MOL K,IUML,Woman,Woman,OpenDataKerala GitHub
2020,Kozhikode,Koduvally,23,MADRASSA BAZAR,T MOIDEEN KOYA,IUML,General,General,OpenDataKerala GitHub
2020,Kozhikode,Koduvally,24,SOUTH KODUVALLY,JAMEELA P C,NSC,Woman,Woman,OpenDataKerala GitHub
2020,Kozhikode,Koduvally,25,MODERN BAZAR,SUBAIR,INDEPENDENT,General,General,OpenDataKerala GitHub
2020,Kozhikode,Koduvally,26,NAROOKKIL,SHAHARBAN K,IUML,Woman,Woman,OpenDataKerala GitHub
2020,Kozhikode,Koduvally,27,PARAMBATHUKAVU,HASEENA ELANGOTTIL,WPI,Woman,Woman,OpenDataKerala GitHub
2020,Kozhikode,Koduvally,28,KODUVALLY EAST,HAFSATH BASHEER,IUML,Woman,Woman,OpenDataKerala GitHub
2020,Kozhikode,Koduvally,29,KODUVALLY NORTH,RAMLA ISMAIL,IUML,Woman,Woman,OpenDataKerala GitHub
2020,Kozhikode,Koduvally,30,KODUVALLY WEST,HASEENA NASAR,IUML,Woman,Woman,OpenDataKerala GitHub
2020,Kozhikode,Koduvally,31,PALAKKUTTY,SHAREEFA KANNADIPPOYIL,IUML,Woman,Woman,OpenDataKerala GitHub
2020,Kozhikode,Koduvally,32,ANAPPARA,NAZER KOYA THANGAL C P,INL,General,General,OpenDataKerala GitHub
2020,Kozhikode,Koduvally,33,NELLANKANDI,SAFEENA SHAMEER,IUML,Woman,Woman,OpenDataKerala GitHub
2020,Kozhikode,Koduvally,34,VAVAD CENTRE,K SIVADASAN,INC,SC,SC,OpenDataKerala GitHub
2020,Kozhikode,Koduvally,35,ERUMOTH,PREETHA K K,IUML,SC Woman,SC Woman,OpenDataKerala GitHub
2020,Kozhikode,Koduvally,36,ERANJONA,ABDURAHIMAN V (VELLARA ABDU),IUML,General,General,OpenDataKerala GitHub
2020,Kozhikode,Mukkam,1,NADUKIL,E SATHIANARAYANAN,CPI(M),General,General,OpenDataKerala GitHub
2020,Kozhikode,Mukkam,2,THECHYAD,SAKEENA KABEER,IUML,Woman,Woman,OpenDataKerala GitHub
2020,Kozhikode,Mukkam,3,KALLURUTTY SOUTH,ABDUL GAFOOR,IUML,General,General,OpenDataKerala GitHub
2020,Kozhikode,Mukkam,4,KALLURUTTY NORTH,VENU KALLURUTTY,INC,General,General,OpenDataKerala GitHub
2020,Kozhikode,Mukkam,5,THOTTATHIN KADAVU,NOUFAL V I,CPI(M),General,General,OpenDataKerala GitHub
2020,Kozhikode,Mukkam,6,NELLIKAPOYIL,VISWANADHAN P P,BJP,General,General,OpenDataKerala GitHub
2020,Kozhikode,Mukkam,7,KANHIRAMUZHI,ANITHA KUMARI,CPI(M),Woman,Woman,OpenDataKerala GitHub
2020,Kozhikode,Mukkam,8,NEELESWARAM,VENUGOPALAN M T,BJP,General,General,OpenDataKerala GitHub
2020,Kozhikode,Mukkam,9,MANGAPOYIL,A KALYANIKUTTY,CPI(M),SC Woman,SC Woman,OpenDataKerala GitHub
2020,Kozhikode,Mukkam,10,MUTHERI,SIVASANKARAN,CPI(M),General,General,OpenDataKerala GitHub
2020,Kozhikode,Mukkam,11,NEDUMANGADU,VASANTHAKUMARI,CPI(M),Woman,Woman,OpenDataKerala GitHub
2020,Kozhikode,Mukkam,12,AGUSTIANMUZHI,JOSHILA P,CPI(M),Woman,Woman,OpenDataKerala GitHub
2020,Kozhikode,Mukkam,13,KUTTYPALA,ASWATHISANOOJ,CPI(M),Woman,Woman,OpenDataKerala GitHub
2020,Kozhikode,Mukkam,14,MUKKAM,PRAJITHA PRADEEP,CPI(M),Woman,Woman,OpenDataKerala GitHub
2020,Kozhikode,Mukkam,15,KAYYITTAPOYIL,ADV CHANDHINI,CPI(M),Woman,Woman,OpenDataKerala GitHub
2020,Kozhikode,Mukkam,16,WEST MAMPETTA,VASANTHAKUMARI,INC,Woman,Woman,OpenDataKerala GitHub
2020,Kozhikode,Mukkam,17,KACHERI,BINDU K,CPI(ML),SC Woman,SC Woman,OpenDataKerala GitHub
2020,Kozhikode,Mukkam,18,KANAKUPARAMB,SARA KOODARAM,WPI,Woman,Woman,OpenDataKerala GitHub
2020,Kozhikode,Mukkam,19,MANGALASSERI,FATHIMA KODAPPANA,WPI,Woman,Woman,OpenDataKerala GitHub
2020,Kozhikode,Mukkam,20,PULPARAMBU,GAFOOR MASTER,WPI,General,General,OpenDataKerala GitHub
2020,Kozhikode,Mukkam,21,WEST CHENNAMANGALOOR,RAMLA GAFOOR,IUML,Woman,Woman,OpenDataKerala GitHub
2020,Kozhikode,Mukkam,22,POTTASSERI,M MADHU MASTER,INC,General,General,OpenDataKerala GitHub
2020,Kozhikode,Mukkam,23,KUTTYERIMMAL,BIJUNA MOHANAN,CPI(M),Woman,Woman,OpenDataKerala GitHub
2020,Kozhikode,Mukkam,24,MANASSERI TWON,RAJANI M V,CPI(M),Woman,Woman,OpenDataKerala GitHub
2020,Kozhikode,Mukkam,25,WEST MANASSERI,V KUNHAN MASTER,CPI(M),General,General,OpenDataKerala GitHub
2020,Kozhikode,Mukkam,26,KARIYAKULANGARA,RAJAN EDONI,INC,General,General,OpenDataKerala GitHub
2020,Kozhikode,Mukkam,27,THOONGUMPURAM,RUBEENA K K,IUML,Woman,Woman,OpenDataKerala GitHub
2020,Kozhikode,Mukkam,28,MUTHALAM,BINNY MANOJ,IUML,Woman,Woman,OpenDataKerala GitHub
2020,Kozhikode,Mukkam,29,VENNAKODE,P T BABU,CPI(M),SC,SC,OpenDataKerala GitHub
2020,Kozhikode,Mukkam,30,IRATTAKULANGARA,MUHAMMED ABDUL MAJEED,INDEPENDENT,General,General,OpenDataKerala GitHub
2020,Kozhikode,Mukkam,31,MUNDUPARA,ABOOBACKER,IUML,General,General,OpenDataKerala GitHub
2020,Kozhikode,Mukkam,32,POOLAPOYIL,M K YASAR,IUML,General,General,OpenDataKerala GitHub
2020,Kozhikode,Mukkam,33,KATHIYODE,KRISHNAN VADAKKAYIL,IUML,SC,SC,OpenDataKerala GitHub
2020,Kozhikode,Ramanattukara,1,PARUTHIPARA,GOPI PARUTHIPPARA,IUML,SC,SC,OpenDataKerala GitHub
2020,Kozhikode,Ramanattukara,2,KARINKALLAI,SAFA P,IUML,Woman,Woman,OpenDataKerala GitHub
2020,Kozhikode,Ramanattukara,3,PARUTHIPARA SOUTH,NADEERA P T,IUML,Woman,Woman,OpenDataKerala GitHub
2020,Kozhikode,Ramanattukara,4,FAROOK COLLEGE,ABDUL HAMEED,INC,General,General,OpenDataKerala GitHub
2020,Kozhikode,Ramanattukara,5,MELEVARAM,BEENA PRABHA,CPI(M),General,General,OpenDataKerala GitHub
2020,Kozhikode,Ramanattukara,6,ADIVARAM,V M PUSHPA,INC,Woman,Woman,OpenDataKerala GitHub
2020,Kozhikode,Ramanattukara,7,MALEERI,ANILKUMAR K,INC,General,General,OpenDataKerala GitHub
2020,Kozhikode,Ramanattukara,8,KATTAYATTUTHAZHAM,BUSHRA RAFEEQ,IUML,General,General,OpenDataKerala GitHub
2020,Kozhikode,Ramanattukara,9,CHIRAKKAM KUNNU,K PUSHPA,CPI(M),Woman,Woman,OpenDataKerala GitHub
2020,Kozhikode,Ramanattukara,10,NELLIKODE,REENA .R K,CPI(M),SC,SC,OpenDataKerala GitHub
2020,Kozhikode,Ramanattukara,11,SEVAMANDIRAM,HAFSAL P K,CPI,General,General,OpenDataKerala GitHub
2020,Kozhikode,Ramanattukara,12,KOLORKUNNU,SAJITHA M PARAPURAVAN,CPI(M),Woman,Woman,OpenDataKerala GitHub
2020,Kozhikode,Ramanattukara,13,VAIDYARANGADI NORTH,ANVAR SADIK P,INL,General,General,OpenDataKerala GitHub
2020,Kozhikode,Ramanattukara,14,VAIDYARANGADI SOUTH,SAIDALAVI (SALEEM),IUML,General,General,OpenDataKerala GitHub
2020,Kozhikode,Ramanattukara,15,PULLUMKUNNU,LALITHA K,CPI(M),Woman,Woman,OpenDataKerala GitHub
2020,Kozhikode,Ramanattukara,16,THOTTAYIPADAM,BINDU K,IUML,SC,SC,OpenDataKerala GitHub
2020,Kozhikode,Ramanattukara,17,PALAKAPARAMBU,PUSHPA K,CPI(M),General,General,OpenDataKerala GitHub
2020,Kozhikode,Ramanattukara,18,THOTTUNGAL,JUBAIRIYA C K,IUML,Woman,Woman,OpenDataKerala GitHub
2020,Kozhikode,Ramanattukara,19,RAMANATTUKARA EAST,JAISAL K,INDEPENDENT,General,General,OpenDataKerala GitHub
2020,Kozhikode,Ramanattukara,20,RAMANATTUKARA WEST,ABDUL LATHEEF P K,IUML,General,General,OpenDataKerala GitHub
2020,Kozhikode,Ramanattukara,21,MUTTUMKUNNU,GEETHA C,CPI(M),Woman,Woman,OpenDataKerala GitHub
2020,Kozhikode,Ramanattukara,22,THIRICHILANGADI,K M YAMUNA,INC,General,General,OpenDataKerala GitHub
2020,Kozhikode,Ramanattukara,23,UNNIALUNGAL,DR.K.CHANDRIKA,CPI(M),Woman,Woman,OpenDataKerala GitHub
2020,Kozhikode,Ramanattukara,24,KOTTAMANGALAM,M K GEETHA,CPI(M),Woman,Woman,OpenDataKerala GitHub
2020,Kozhikode,Ramanattukara,25,CHULLIPARAMBU,NIRMAL P,CPI(M),General,General,OpenDataKerala GitHub
2020,Kozhikode,Ramanattukara,26,KODAKKALLU,K SURESH,INC,General,General,OpenDataKerala GitHub
2020,Kozhikode,Ramanattukara,27,THUMBAPADAM,MYMOONA V,IUML,Woman,Woman,OpenDataKerala GitHub
2020,Kozhikode,Ramanattukara,28,KODAMPUZHA,AYSHA JASHNA P,IUML,Woman,Woman,OpenDataKerala GitHub
2020,Kozhikode,Ramanattukara,29,MADATHILTHAZHAM,SAJNA P .K,INC,Woman,Woman,OpenDataKerala GitHub
2020,Kozhikode,Ramanattukara,30,PALLYTHAZHAM,HASEENA K,CPI(M),Woman,Woman,OpenDataKerala GitHub
2020,Kozhikode,Ramanattukara,31,PALLIMETHAL,ABDUL FAIZAL,CPI(M),General,General,OpenDataKerala GitHub
2020,Kozhikode,Feroke,1,PATHIRIKAD,K KUMARAN,IUML,SC,SC,OpenDataKerala GitHub
2020,Kozhikode,Feroke,2,KOLALITHARA,AFSAL K M,CPI(M),General,General,OpenDataKerala GitHub
2020,Kozhikode,Feroke,3,CHENAPARAMB NORTH,SHEEBA P,CPI(M),Woman,Woman,OpenDataKerala GitHub
2020,Kozhikode,Feroke,4,FAROKE,KAMARU LYILA K,CPI(M),Woman,Woman,OpenDataKerala GitHub
2020,Kozhikode,Feroke,5,FEROKE TOWN,K T A MAJEED,NCP,General,General,OpenDataKerala GitHub
2020,Kozhikode,Feroke,6,CHANDAKADAVU,REEJA K,INC,Woman,Woman,OpenDataKerala GitHub
2020,Kozhikode,Feroke,7,KOTTAPADAM,ASHRAF K V,IUML,General,General,OpenDataKerala GitHub
2020,Kozhikode,Feroke,8,PETTA SOUTH,E K THAHIRA,IUML,Woman,Woman,OpenDataKerala GitHub
2020,Kozhikode,Feroke,9,PETTA NORTH,SAFEENA MAJEED,IUML,Woman,Woman,OpenDataKerala GitHub
2020,Kozhikode,Feroke,10,CHUNGAM,BALKEES P,IUML,Woman,Woman,OpenDataKerala GitHub
2020,Kozhikode,Feroke,11,KAKKATTUPARA,NISHAD K P,INC,General,General,OpenDataKerala GitHub
2020,Kozhikode,Feroke,12,VAZHAPOTTATHARA,ANWARALI K,IUML,General,General,OpenDataKerala GitHub
2020,Kozhikode,Feroke,13,KALLITHODI,VIJITHAKUMARI K,CPI(M),Woman,Woman,OpenDataKerala GitHub
2020,Kozhikode,Feroke,14,KUNNATHMOTTA,SHANOOBIYA NIYAS,LJD,Woman,Woman,OpenDataKerala GitHub
2020,Kozhikode,Feroke,15,KALLIKOODAM,MALIYEKKAL MUHAMMED,IUML,General,General,OpenDataKerala GitHub
2020,Kozhikode,Feroke,16,VADAKEBAZAR,SAMEESH M,CPI(M),General,General,OpenDataKerala GitHub
2020,Kozhikode,Feroke,17,MALAYILTHAZHAM,RAVI P,CPI(M),General,General,OpenDataKerala GitHub
2020,Kozhikode,Feroke,18,PULLIKADAVU,T P SALEEM,IUML,General,General,OpenDataKerala GitHub
2020,Kozhikode,Feroke,19,PERUMUGHAM,KODAKKAT MOHAMMED KOYA,IUML,General,General,OpenDataKerala GitHub
2020,Kozhikode,Feroke,20,WEST PERUMUGHAM,RUBEENA P,IUML,Woman,Woman,OpenDataKerala GitHub
2020,Kozhikode,Feroke,21,KALLAMPARA,ABDUL RAZAK N C,IUML,General,General,OpenDataKerala GitHub
2020,Kozhikode,Feroke,22,WEST KALLAMPARA,RADHAKRISHNAN M,INC,General,General,OpenDataKerala GitHub
2020,Kozhikode,Feroke,23,MUTHUVATTUPARA,ABDUL SALAM P K,IUML,General,General,OpenDataKerala GitHub
2020,Kozhikode,Feroke,24,PUTHUKUZHIPADAM,PRAJALA N,CPI(M),Woman,Woman,OpenDataKerala GitHub
2020,Kozhikode,Feroke,25,NALLURANGADI,BIJEESH P,CPI(M),General,General,OpenDataKerala GitHub
2020,Kozhikode,Feroke,26,NALLUR,PRADEESHAN C,CPI(M),General,General,OpenDataKerala GitHub
2020,Kozhikode,Feroke,27,PUTTEKAADU,K P SULAIKHA,CPI(M),Woman,Woman,OpenDataKerala GitHub
2020,Kozhikode,Feroke,28,AMBALANGADI,P L BINDU,CPI(M),General,General,OpenDataKerala GitHub
2020,Kozhikode,Feroke,29,MUNNILAMPADAM,ANFAS P,INC,General,General,OpenDataKerala GitHub
2020,Kozhikode,Feroke,30,PUTTEKADU WEST,DEEPIKA,CPI(M),Woman,Woman,OpenDataKerala GitHub
2020,Kozhikode,Feroke,31,POOTHOLAM,VINODKUMAR K,BJP,General,General,OpenDataKerala GitHub
2020,Kozhikode,Feroke,32,CHENAPARAMB SOUTH,REJINI P,CPI(M),Woman,Woman,OpenDataKerala GitHub
2020,Kozhikode,Feroke,33,PANDIPADAM,LINISHA A,CPI(M),SC Woman,SC Woman,OpenDataKerala GitHub
2020,Kozhikode,Feroke,34,THEKKETHALA,LAILA K P,IUML,Woman,Woman,OpenDataKerala GitHub
2020,Kozhikode,Feroke,35,KOTHARTHODE,SAJITHA KABEER,IUML,Woman,Woman,OpenDataKerala GitHub
2020,Kozhikode,Feroke,36,MADATHILPADAM WEST,WAHEEDA T K,INC,Woman,Woman,OpenDataKerala GitHub
2020,Kozhikode,Feroke,37,MADATHILPADAM EAST,RAHMA PAROL,IUML,Woman,Woman,OpenDataKerala GitHub
2020,Kozhikode,Feroke,38,IRIYAMPADAM,SHYNI K,CPI(M),SC Woman,SC Woman,OpenDataKerala GitHub
2020,Wayanad,Kalpetta,1,MANIANGODE,M B BABU,CPI(M),General,General,OpenDataKerala GitHub
2020,Wayanad,Kalpetta,2,PULIYARMALA,K K VALSALA,LJD,Woman,Woman,OpenDataKerala GitHub
2020,Wayanad,Kalpetta,3,GOVT.HIGH SCHOOL,SHIBU M K,CPI(M),General,General,OpenDataKerala GitHub
2020,Wayanad,Kalpetta,4,NEDUNGODE,SREEJA V,INDEPENDENT,SC Woman,SC Woman,OpenDataKerala GitHub
2020,Wayanad,Kalpetta,5,EMILY,MUJEEB RAHIMAN,INDEPENDENT,General,General,OpenDataKerala GitHub
2020,Wayanad,Kalpetta,6,KANYAGURUKULAM,AYSHA PALLIYALIL,INC,Woman,Woman,OpenDataKerala GitHub
2020,Wayanad,Kalpetta,7,KAINATTY,PUSHPA,CPI(M),ST Woman,ST Woman,OpenDataKerala GitHub
2020,Wayanad,Kalpetta,8,CIVIL STATION,T MANI,CPI,ST,ST,OpenDataKerala GitHub
2020,Wayanad,Kalpetta,9,CHATHOTHUVAYAL,ABDULLA P ALIAS KUNJUTTY,INDEPENDENT,General,General,OpenDataKerala GitHub
2020,Wayanad,Kalpetta,10,MUNICIPAL OFFICE,ADV. ISSC T J,INC,General,General,OpenDataKerala GitHub
2020,Wayanad,Kalpetta,11,EMILY THADAM,ADV. A P MUSTHAFA,IUML,General,General,OpenDataKerala GitHub
2020,Wayanad,Kalpetta,12,AMBILERY,RAHIYANATH VADAKKETHIL,IUML,Woman,Woman,OpenDataKerala GitHub
2020,Wayanad,Kalpetta,13,GRAMATHU VAYAL,KAMARUDEEN,CPI(M),General,General,OpenDataKerala GitHub
2020,Wayanad,Kalpetta,14,PALLYTHAZHE,SHAREEFA C,IUML,Woman,Woman,OpenDataKerala GitHub
2020,Wayanad,Kalpetta,15,PUTHIYA BUS STAND,AJITHA K,INC,Woman,Woman,OpenDataKerala GitHub
2020,Wayanad,Kalpetta,16,PULPARA,SAJITHA MAJEED,IUML,Woman,Woman,OpenDataKerala GitHub
2020,Wayanad,Kalpetta,17,RATTAKOLLY,SHYAMALA A R,CPI(M),Woman,Woman,OpenDataKerala GitHub
2020,Wayanad,Kalpetta,18,PUTHOORVAYAL QUARRY,D RAJAN,LJD,General,General,OpenDataKerala GitHub
2020,Wayanad,Kalpetta,19,PUTHOORVAYAL,JAINA JOY,IUML,Woman,Woman,OpenDataKerala GitHub
2020,Wayanad,Kalpetta,20,MADIYOORKUNI,VINODKUMAR P,INC,General,General,OpenDataKerala GitHub
2020,Wayanad,Kalpetta,21,PERUMTHATTA,SUBHASH P K,INC,SC,SC,OpenDataKerala GitHub
2020,Wayanad,Kalpetta,22,VELLARAMKUNNU,RAJARANI,INC,Woman,Woman,OpenDataKerala GitHub
2020,Wayanad,Kalpetta,23,ADLAYED,SABEER P A,CPI(M),General,General,OpenDataKerala GitHub
2020,Wayanad,Kalpetta,24,ONIVAYAL,RAJULA T K,CPI(M),Woman,Woman,OpenDataKerala GitHub
2020,Wayanad,Kalpetta,25,TURKEY,HAMSA C,CPI,General,General,OpenDataKerala GitHub
2020,Wayanad,Kalpetta,26,EDAGUNI,NIJITHA,CPI(M),Woman,Woman,OpenDataKerala GitHub
2020,Wayanad,Kalpetta,27,MUNDERI,C K SIAVRAMAN,CPI(M),General,General,OpenDataKerala GitHub
2020,Wayanad,Kalpetta,28,MARAVAYAL,SAROJINI,IUML,ST Woman,ST Woman,OpenDataKerala GitHub
2020,Wayanad,Mananthavady,1,PANCHARAKOLLI,PATHUMMA TEACHER,CPI(M),Woman,Woman,OpenDataKerala GitHub
2020,Wayanad,Mananthavady,2,PILAKKAVU,SEEMANDINI SURESH,CPI(M),Woman,Woman,OpenDataKerala GitHub
2020,Wayanad,Mananthavady,3,JESSY,USHA KELU,CPI(M),Woman,Woman,OpenDataKerala GitHub
2020,Wayanad,Mananthavady,4,KALLIYOTTU,BABU PULIKKAL,INC,General,General,OpenDataKerala GitHub
2020,Wayanad,Mananthavady,5,KALLUMOTTAMKUNNU,V K SULOCHANA,CPI(M),Woman,Woman,OpenDataKerala GitHub
2020,Wayanad,Mananthavady,6,AMBUKUTHI,P V S MOOSSA,IUML,General,General,OpenDataKerala GitHub
2020,Wayanad,Mananthavady,7,CHOYIMOOLA,ABDUL ASIF K M,CPI(M),General,General,OpenDataKerala GitHub
2020,Wayanad,Mananthavady,8,VINCENTGIRI,P M BENNY,INC,General,General,OpenDataKerala GitHub
2020,Wayanad,Mananthavady,9,ONDAYANGADY,RAMACHANDRAN G,CPI(M),ST,ST,OpenDataKerala GitHub
2020,Wayanad,Mananthavady,10,MUDRAMOOLA,SMITHA TEACHER,INC,Woman,Woman,OpenDataKerala GitHub
2020,Wayanad,Mananthavady,11,CHEROOR,JACOB SEBASTIAN,INC,General,General,OpenDataKerala GitHub
2020,Wayanad,Mananthavady,12,KURUKKANMOOLA,ALICE CICIL,INC,Woman,Woman,OpenDataKerala GitHub
2020,Wayanad,Mananthavady,13,KURUVA,TIJI JOHNSON,INC,Woman,Woman,OpenDataKerala GitHub
2020,Wayanad,Mananthavady,14,KADANKOLLI,SHIBU K GEORGE,INC,General,General,OpenDataKerala GitHub
2020,Wayanad,Mananthavady,15,PAYYAMPALLY,LAILA SAJI,INC,Woman,Woman,OpenDataKerala GitHub
2020,Wayanad,Mananthavady,16,PUTHIYIDAM,VIPIN VENUGOPAL,CPI(M),General,General,OpenDataKerala GitHub
2020,Wayanad,Mananthavady,17,KOILERY,ASHOKAN KOILERI,INC,General,General,OpenDataKerala GitHub
2020,Wayanad,Mananthavady,18,THANNIKKAL,VARGHEES JACOB,CPI(M),General,General,OpenDataKerala GitHub
2020,Wayanad,Mananthavady,19,VALLIYOORKKAVU,K C SUNILKUMAR,CPI(M),General,General,OpenDataKerala GitHub
2020,Wayanad,Mananthavady,20,VARADIMOOLA,THANKAMANI,CPI(M),ST,ST,OpenDataKerala GitHub
2020,Wayanad,Mananthavady,21,MYTHRINAGAR,SHAMSUDEEN,INC,General,General,OpenDataKerala GitHub
2020,Wayanad,Mananthavady,22,CHETTAPPALAM,SINI BABU,CPI(M),Woman,Woman,OpenDataKerala GitHub
2020,Wayanad,Mananthavady,23,ARATTUTHARA,MARGRET THOMAS THOMAS,INC,Woman,Woman,OpenDataKerala GitHub
2020,Wayanad,Mananthavady,24,PERUVAKA,C K RATNAVALLY,INC,Woman,Woman,OpenDataKerala GitHub
2020,Wayanad,Mananthavady,25,MANANTHAVADY TOWN,ADV SINDU SEBASTIAN,INDEPENDENT,Woman,Woman,OpenDataKerala GitHub
2020,Wayanad,Mananthavady,26,THAZHEYANGADY,ARUN KUMAR B D,INDEPENDENT,SC,SC,OpenDataKerala GitHub
2020,Wayanad,Mananthavady,27,ERUMATHERVU,P V GEORGE,INC,General,General,OpenDataKerala GitHub
2020,Wayanad,Mananthavady,28,GORIMOOLA,SARADA SAJEEVAN,CPI(M),ST Woman,ST Woman,OpenDataKerala GitHub
2020,Wayanad,Mananthavady,29,PARIYARAMKUNNU,SHYNI GEORGE,KC(M),Woman,Woman,OpenDataKerala GitHub
2020,Wayanad,Mananthavady,30,OZHAKKODI,PUSHPA RAJAN,CPI(M),ST Woman,ST Woman,OpenDataKerala GitHub
2020,Wayanad,Mananthavady,31,PALAKKULI,M NARAYANAN,INC,General,General,OpenDataKerala GitHub
2020,Wayanad,Mananthavady,32,KUZHINILAM,LEKHA RAJEEVAN,INDEPENDENT,Woman,Woman,OpenDataKerala GitHub
2020,Wayanad,Mananthavady,33,KANIYARAM,SUNIMOL FRANCIS,CPI(M),Woman,Woman,OpenDataKerala GitHub
2020,Wayanad,Mananthavady,34,PUTHANPURA,SHEEJA MOBY,INC,ST Woman,ST Woman,OpenDataKerala GitHub
2020,Wayanad,Mananthavady,35,KUTTIMOOLA,V U JOY,INC,General,General,OpenDataKerala GitHub
2020,Wayanad,Mananthavady,36,CHIRAKKARA,V R PRAVEEJ,CPI(M),ST,ST,OpenDataKerala GitHub
2020,Wayanad,Sulthan Bathery,1,ARAM MILE,GIRIJA CHANDRAN,IUML,ST Woman,ST Woman,OpenDataKerala GitHub
2020,Wayanad,Sulthan Bathery,2,CHETHALAYAM,A R JAYAKRISHNAN,CPI(M),General,General,OpenDataKerala GitHub
2020,Wayanad,Sulthan Bathery,3,CHENAD,NISHA P R,CPI(M),Woman,Woman,OpenDataKerala GitHub
2020,Wayanad,Sulthan Bathery,4,VENGOOR NORTH,BINDHU RAVI,CPI(M),Woman,Woman,OpenDataKerala GitHub
2020,Wayanad,Sulthan Bathery,5,ODAPPALLAM,PRIYA VINOD,CPI(M),Woman,Woman,OpenDataKerala GitHub
2020,Wayanad,Sulthan Bathery,6,VENGOOR SOUTH,SHEEBA CHACKO,CPI(M),Woman,Woman,OpenDataKerala GitHub
2020,Wayanad,Sulthan Bathery,7,PAZHERY,S.RADHAKRISHNAN,CPI(M),ST,ST,OpenDataKerala GitHub
2020,Wayanad,Sulthan Bathery,8,KARUVALLIKUNNU,VALSA JOSE,INC,Woman,Woman,OpenDataKerala GitHub
2020,Wayanad,Sulthan Bathery,9,ARMAD,SUMSHAD P,INDEPENDENT,General,General,OpenDataKerala GitHub
2020,Wayanad,Sulthan Bathery,10,KOTTAKUNNU,P K SUMATHI,CPI(M),Woman,Woman,OpenDataKerala GitHub
2020,Wayanad,Sulthan Bathery,11,KIDANGIL,LISHA TEACHER,CPI(M),Woman,Woman,OpenDataKerala GitHub
2020,Wayanad,Sulthan Bathery,12,KUPPADI,K RASHEED,CPI(M),General,General,OpenDataKerala GitHub
2020,Wayanad,Sulthan Bathery,13,THIRUNELLY,SALY POULOSE,CPI(M),Woman,Woman,OpenDataKerala GitHub
2020,Wayanad,Sulthan Bathery,14,MANTHANDIKUNNU,TOM JOSE,KC(M),General,General,OpenDataKerala GitHub
2020,Wayanad,Sulthan Bathery,15,SATHRAMKUNNU,PRAJITHA RAVI,INC,Woman,Woman,OpenDataKerala GitHub
2020,Wayanad,Sulthan Bathery,16,CHEROORKUNNU,RADHA RAVINDRAN,INC,Woman,Woman,OpenDataKerala GitHub
2020,Wayanad,Sulthan Bathery,17,PALAKKARA,PRAMOD K S,CPI(M),SC,SC,OpenDataKerala GitHub
2020,Wayanad,Sulthan Bathery,18,THELAMBATTA,HEMA A C,CPI(M),Woman,Woman,OpenDataKerala GitHub
2020,Wayanad,Sulthan Bathery,19,THODUVETTY,AZEEZ MADALA,INC,General,General,OpenDataKerala GitHub
2020,Wayanad,Sulthan Bathery,20,KAIPPANCHERI,JAMSHEER ALI,CPI(M),General,General,OpenDataKerala GitHub
2020,Wayanad,Sulthan Bathery,21,MAITHANIKUNNU,M C BABU,CPI(M),General,General,OpenDataKerala GitHub
2020,Wayanad,Sulthan Bathery,22,FAIRLAND,SHAMEER MADATHIL,INDEPENDENT,General,General,OpenDataKerala GitHub
2020,Wayanad,Sulthan Bathery,23,KATTAYAD,NISHA SABU,INDEPENDENT,Woman,Woman,OpenDataKerala GitHub
2020,Wayanad,Sulthan Bathery,24,SULTHAN BATHERY,ELSY POULOSE,CPI(M),General,General,OpenDataKerala GitHub
2020,Wayanad,Sulthan Bathery,25,PALLIKANDI,HARIF C K,IUML,General,General,OpenDataKerala GitHub
2020,Wayanad,Sulthan Bathery,26,MANICHIRA,SHAMILA JUNAISE,INDEPENDENT,Woman,Woman,OpenDataKerala GitHub
2020,Wayanad,Sulthan Bathery,27,KALLUVAYAL,SALIM MADATHIL,CPI(M),General,General,OpenDataKerala GitHub
2020,Wayanad,Sulthan Bathery,28,POOMALA,BINDU SAJI,CPI(M),Woman,Woman,OpenDataKerala GitHub
2020,Wayanad,Sulthan Bathery,29,DHOTTAPPANKULAM,T K RAMESH,CPI(M),ST,ST,OpenDataKerala GitHub
2020,Wayanad,Sulthan Bathery,30,BEENACHI,BINDU PRAMOD,CPI(M),Woman,Woman,OpenDataKerala GitHub
2020,Wayanad,Sulthan Bathery,31,POOTHIKKADU,K C YOHANNAN,CPI(M),General,General,OpenDataKerala GitHub
2020,Wayanad,Sulthan Bathery,32,CHEENAPULLU,RADHA BABU,IUML,ST Woman,ST Woman,OpenDataKerala GitHub
2020,Wayanad,Sulthan Bathery,33,MANTHAMKOLLI,C K SAHADEVAN,CPI(M),General,General,OpenDataKerala GitHub
2020,Wayanad,Sulthan Bathery,34,PAZHUPPATHUR,MERCY TEACHER,INC,Woman,Woman,OpenDataKerala GitHub
2020,Wayanad,Sulthan Bathery,35,KAIVATTAMOOLA,SHOUKATH KALLIKKOODAN,INDEPENDENT,General,General,OpenDataKerala GitHub
2020,Kannur,Mattanur,1,MANNUR,P RAGHAVAN,INC,General,General,OpenDataKerala GitHub
2020,Kannur,Mattanur,2,PORORA,K PRIYA,INC,Woman,Woman,OpenDataKerala GitHub
2020,Kannur,Mattanur,3,ELANNUR,ABHINESH K,INC,General,General,OpenDataKerala GitHub
2020,Kannur,Mattanur,4,KEECHERY,SNEHA O K,CPI(M),Woman,Woman,OpenDataKerala GitHub
2020,Kannur,Mattanur,5,ANIKKARI,P UMAIBA TEACHER,IUML,Woman,Woman,OpenDataKerala GitHub
2020,Kannur,Mattanur,6,KALLUR,MAJEED K,CPI(M),General,General,OpenDataKerala GitHub
2020,Kannur,Mattanur,7,KALAROAD,ABDUL JALEEL P P,IUML,General,General,OpenDataKerala GitHub
2020,Kannur,Mattanur,8,MUNDAYOD,SREEJA P,CPI(M),Woman,Woman,OpenDataKerala GitHub
2020,Kannur,Mattanur,9,PERUVAYALKKARI,SREELATHA C,CPI(M),Woman,Woman,OpenDataKerala GitHub
2020,Kannur,Mattanur,10,BERAM,ASHRAF M,IUML,General,General,OpenDataKerala GitHub
2020,Kannur,Mattanur,11,KAYALLUR,E SREEJESH,CPI(M),General,General,OpenDataKerala GitHub
2020,Kannur,Mattanur,12,KOLARI,ANITHA P,CPI(M),Woman,Woman,OpenDataKerala GitHub
2020,Kannur,Mattanur,13,PARIYARAM,SIJIL T K,CPI(M),General,General,OpenDataKerala GitHub
2020,Kannur,Mattanur,14,AYYALLUR,SREENA K,CPI(M),Woman,Woman,OpenDataKerala GitHub
2020,Kannur,Mattanur,15,EDAVELIKKAL,RAJATHA K,CPI(M),Woman,Woman,OpenDataKerala GitHub
2020,Kannur,Mattanur,16,PAZHASSI,SREENATHAN P,CPI(M),General,General,OpenDataKerala GitHub
2020,Kannur,Mattanur,17,URUVACHAL,ABHIMANUE K K,CPI(M),General,General,OpenDataKerala GitHub
2020,Kannur,Mattanur,18,KARETTA,PRASEENA P,CPI,Woman,Woman,OpenDataKerala GitHub
2020,Kannur,Mattanur,19,KUZHIKKAL,SHEEBA M,CPI(M),General,General,OpenDataKerala GitHub
2020,Kannur,Mattanur,20,KAYANI,RANJITH M,CPI(M),General,General,OpenDataKerala GitHub
2020,Kannur,Mattanur,21,PERINCHERI,MINI RAMAKRISHNAN,INC,Woman,Woman,OpenDataKerala GitHub
2020,Kannur,Mattanur,22,DEVARKAD,PREETHA O,CPI(M),Woman,Woman,OpenDataKerala GitHub
2020,Kannur,Mattanur,23,KARA,PRAMIJA P,CPI(M),Woman,Woman,OpenDataKerala GitHub
2020,Kannur,Mattanur,24,NELLUNNI,N SHAJITH,CPI(M),General,General,OpenDataKerala GitHub
2020,Kannur,Mattanur,25,ILLAMBHAGAM,P REJINA,INC,Woman,Woman,OpenDataKerala GitHub
2020,Kannur,Mattanur,26,MALAKKUTHAZHE,SEEMA V M,CPI(M),Woman,Woman,OpenDataKerala GitHub
2020,Kannur,Mattanur,27,AIRPORT,P K NISHA,CPI(M),Woman,Woman,OpenDataKerala GitHub
2020,Kannur,Mattanur,28,MATTANNUR,SUJITHA T,INC,Woman,Woman,OpenDataKerala GitHub
2020,Kannur,Mattanur,29,TOWN,K V PRASANTH,INC,General,General,OpenDataKerala GitHub
2020,Kannur,Mattanur,30,PALOTTUPALLY,PRAJILA P,IUML,SC,SC,OpenDataKerala GitHub
2020,Kannur,Mattanur,31,MINI NAGAR,V N MUHAMMED,IUML,General,General,OpenDataKerala GitHub
2020,Kannur,Mattanur,32,UTHIYOOR,V K SUGATHAN,CPI(M),General,General,OpenDataKerala GitHub
2020,Kannur,Mattanur,33,MARUTHAYI,AJITHKUMAR C,INC,General,General,OpenDataKerala GitHub
2020,Kannur,Mattanur,34,METTADI,ANITHA C,INC,Woman,Woman,OpenDataKerala GitHub
2020,Kannur,Mattanur,35,NALANKERI,VAHIDA C P,INL,Woman,Woman,OpenDataKerala GitHub
2020,Kannur,Thalipparamba,1,KUPPAM,K M MUHAMMED KUNHI,IUML,General,General,OpenDataKerala GitHub
2020,Kannur,Thalipparamba,2,RAJARAJESWARA,GOPINATHAN P,CPI(M),General,General,OpenDataKerala GitHub
2020,Kannur,Thalipparamba,3,PUZHAKULANGARA,SURESH KUMAR C,CPI(M),General,General,OpenDataKerala GitHub
2020,Kannur,Thalipparamba,4,MUKKOLA,MURSHIDA B,IUML,Woman,Woman,OpenDataKerala GitHub
2020,Kannur,Thalipparamba,5,NHATTUVAYAL,RASIYA A P,IUML,Woman,Woman,OpenDataKerala GitHub
2020,Kannur,Thalipparamba,6,KARYAMBALAM,KADEEJA K P,IUML,Woman,Woman,OpenDataKerala GitHub
2020,Kannur,Thalipparamba,7,SALAMATH NAGAR,SAHIDA P K,IUML,Woman,Woman,OpenDataKerala GitHub
2020,Kannur,Thalipparamba,8,KUNDAMKUZHI,K ABDUL SALEEM,IUML,General,General,OpenDataKerala GitHub
2020,Kannur,Thalipparamba,9,SAYED NAGAR,RAJILA P,IUML,Woman,Woman,OpenDataKerala GitHub
2020,Kannur,Thalipparamba,10,ASAD NAGAR,NASEER P,IUML,General,General,OpenDataKerala GitHub
2020,Kannur,Thalipparamba,11,PUSHPAGIRI,MUNEERA T,IUML,Woman,Woman,OpenDataKerala GitHub
2020,Kannur,Thalipparamba,12,ALLAMKULAM,SHABITHA M K,IUML,Woman,Woman,OpenDataKerala GitHub
2020,Kannur,Thalipparamba,13,FAROOK NAGAR,SAJEENA M,IUML,Woman,Woman,OpenDataKerala GitHub
2020,Kannur,Thalipparamba,14,BADARIYA NAGAR,RAHMATH BEEGAM P,IUML,Woman,Woman,OpenDataKerala GitHub
2020,Kannur,Thalipparamba,15,MANNA,C MUHAMMED SIRAJ,IUML,General,General,OpenDataKerala GitHub
2020,Kannur,Thalipparamba,16,HABEEB NAGAR,NUBLA,IUML,Woman,Woman,OpenDataKerala GitHub
2020,Kannur,Thalipparamba,17,TOWN,P P MUHAMMED NIZAR,IUML,General,General,OpenDataKerala GitHub
2020,Kannur,Thalipparamba,18,KODATHI MOTTA,SUJATHA,BJP,Woman,Woman,OpenDataKerala GitHub
2020,Kannur,Thalipparamba,19,PALAKULANGARA,VALSARAJAN M,BJP,General,General,OpenDataKerala GitHub
2020,Kannur,Thalipparamba,20,NETHAJI,C P MANOJ,INC,General,General,OpenDataKerala GitHub
2020,Kannur,Thalipparamba,21,TRICHAMBARAM,SURESH P V,BJP,SC,SC,OpenDataKerala GitHub
2020,Kannur,Thalipparamba,22,KAKKANCHAL,NABEESA BEEVI K,INC,General,General,OpenDataKerala GitHub
2020,Kannur,Thalipparamba,23,KUTTIKOL,E KUNHIRAMAN,CPI(M),General,General,OpenDataKerala GitHub
2020,Kannur,Thalipparamba,24,THURUTHI,V VIJAYAN,CPI(M),General,General,OpenDataKerala GitHub
2020,Kannur,Thalipparamba,25,KOOVODE,VANAJA D,CPI(M),Woman,Woman,OpenDataKerala GitHub
2020,Kannur,Thalipparamba,26,EZHAM MILE,SAJEERA M P,CPI(M),Woman,Woman,OpenDataKerala GitHub
2020,Kannur,Thalipparamba,27,PLATHOTTAM,SHYNI P,CPI(M),Woman,Woman,OpenDataKerala GitHub
2020,Kannur,Thalipparamba,28,THULLANOOR,GIREESAN C V,CPI(M),General,General,OpenDataKerala GitHub
2020,Kannur,Thalipparamba,29,POOKOTH THERU,K RAMESAN,INC,General,General,OpenDataKerala GitHub
2020,Kannur,Thalipparamba,30,KEEZHATTOOR,P VALSALA,CPI(M),Woman,Woman,OpenDataKerala GitHub
2020,Kannur,Thalipparamba,31,MANTHAMKUND,O SUBHAGIAM,CPI(M),Woman,Woman,OpenDataKerala GitHub
2020,Kannur,Thalipparamba,32,PALAYAD,KALLINKEEL PADMANABHAN,INC,General,General,OpenDataKerala GitHub
2020,Kannur,Thalipparamba,33,PULIMPARAMB,VASANTHI P V,CPI(M),Woman,Woman,OpenDataKerala GitHub
2020,Kannur,Thalipparamba,34,CHALATHUR,K M LATHEEF,CPI(M),General,General,OpenDataKerala GitHub
2020,Kannur,Kuthuparamba,1,VAKKUMMAL,VINEETHA K,CPI(M),Woman,Woman,OpenDataKerala GitHub
2020,Kannur,Kuthuparamba,2,CHORAKKULAM,V.PRABHAKARAN,CPI(M),General,General,OpenDataKerala GitHub
2020,Kannur,Kuthuparamba,3,NIRMALAGIRI,SREEJA.M.V,CPI(M),Woman,Woman,OpenDataKerala GitHub
2020,Kannur,Kuthuparamba,4,NOONHUMBAYI,RAJESH.P.P,CPI(M),General,General,OpenDataKerala GitHub
2020,Kannur,Kuthuparamba,5,PALAPARAMBA,M.N.ABDURAHIMAN,CPI(M),General,General,OpenDataKerala GitHub
2020,Kannur,Kuthuparamba,6,ADIYARAPPARA,NEETHA.M,CPI(M),Woman,Woman,OpenDataKerala GitHub
2020,Kannur,Kuthuparamba,7,MOORIYAD NORTH,GEETHA.K,CPI(M),Woman,Woman,OpenDataKerala GitHub
2020,Kannur,Kuthuparamba,8,MOORIYAD EAST,SUSHINA MAROLI,BJP,Woman,Woman,OpenDataKerala GitHub
2020,Kannur,Kuthuparamba,9,PUNCHAKKALAYI,V.RAMAKRISHNAN,CPI(M),General,General,OpenDataKerala GitHub
2020,Kannur,Kuthuparamba,10,KOLUTHUPARAMBA,NANDINI.C,CPI(M),Woman,Woman,OpenDataKerala GitHub
2020,Kannur,Kuthuparamba,11,MOORIYAD CENTRAL,SHAMEER.K.K,CPI(M),General,General,OpenDataKerala GitHub
2020,Kannur,Kuthuparamba,12,NARAVOOR SOUTH,PRADEEPAN.M,CPI(M),General,General,OpenDataKerala GitHub
2020,Kannur,Kuthuparamba,13,KUTTIKKAD,SHEEMA.K.V,CPI(M),Woman,Woman,OpenDataKerala GitHub
2020,Kannur,Kuthuparamba,14,TOWN,RAZIYA.P.P,CPI(M),Woman,Woman,OpenDataKerala GitHub
2020,Kannur,Kuthuparamba,15,KAKKAD,MUHAMMED RAFI.V.P,INDEPENDENT,General,General,OpenDataKerala GitHub
2020,Kannur,Kuthuparamba,16,NARAVOOR CENTRAL,V.SUJATHA,CPI(M),Woman,Woman,OpenDataKerala GitHub
2020,Kannur,Kuthuparamba,17,THRIKKANNAPURAM,BIJUMON.A,CPI(M),General,General,OpenDataKerala GitHub
2020,Kannur,Kuthuparamba,18,THRIKKANNAPURAM SOUTH,K.ASHOKAN,CPI(M),General,General,OpenDataKerala GitHub
2020,Kannur,Kuthuparamba,19,THRIKKANNAPURAM WEST,SREELATHA.P,CPI(M),Woman,Woman,OpenDataKerala GitHub
2020,Kannur,Kuthuparamba,20,PARAL,P.JAYARAM,CPI(M),General,General,OpenDataKerala GitHub
2020,Kannur,Kuthuparamba,21,POOKODE,GIRIJA.T,JD(U),Woman,Woman,OpenDataKerala GitHub
2020,Kannur,Kuthuparamba,22,NARAVOOR,HEMALATHA.R,CPI(M),Woman,Woman,OpenDataKerala GitHub
2020,Kannur,Kuthuparamba,23,VALIYAPARA,AJITHA.K,CPI(M),Woman,Woman,OpenDataKerala GitHub
2020,Kannur,Kuthuparamba,24,ELIPPATTACHIRA,SURENDRAN.N,CPI(M),General,General,OpenDataKerala GitHub
2020,Kannur,Kuthuparamba,25,MOOLAKKULAM,LIJI SAJESH,CPI(M),Woman,Woman,OpenDataKerala GitHub
2020,Kannur,Kuthuparamba,26,PAZHAYANIRATH,K.V.RAJEESH,CPI(M),General,General,OpenDataKerala GitHub
2020,Kannur,Kuthuparamba,27,PANNIYORA,SAJITH KUMAR.K.P,INC,SC,SC,OpenDataKerala GitHub
2020,Kannur,Kuthuparamba,28,EDAYILPEEDIKA,SANIL.C,CPI(M),General,General,OpenDataKerala GitHub
2020,Kannur,Payyannur,1,KANIYERI,SUMATHI O,CPI(M),Woman,Woman,OpenDataKerala GitHub
2020,Kannur,Payyannur,2,KIZHAKKUMBAD,KARUNAKARAN E,CPI(M),General,General,OpenDataKerala GitHub
2020,Kannur,Payyannur,3,VELLOOR EAST,E BHASKARAN,CPI(M),General,General,OpenDataKerala GitHub
2020,Kannur,Payyannur,4,EACHILAM VAYAL,SAJITHA V V,CPI(M),Woman,Woman,OpenDataKerala GitHub
2020,Kannur,Payyannur,5,KANDOTH,CHANDRIKA K,CPI(M),Woman,Woman,OpenDataKerala GitHub
2020,Kannur,Payyannur,6,KOROME NORTH,SUDHA N,CPI(M),Woman,Woman,OpenDataKerala GitHub
2020,Kannur,Payyannur,7,KOROME CENTRAL,K V BHAVANI,CPI(M),Woman,Woman,OpenDataKerala GitHub
2020,Kannur,Payyannur,8,KOROME SOUTH,GOURI M,CPI,Woman,Woman,OpenDataKerala GitHub
2020,Kannur,Payyannur,9,MUTHIYALAM,P LATHA,CPI(M),Woman,Woman,OpenDataKerala GitHub
2020,Kannur,Payyannur,10,KANAYI NORTH,K M SULOCHANA,CPI(M),Woman,Woman,OpenDataKerala GitHub
2020,Kannur,Payyannur,11,MANIYARA,BHASKARAN P,CPI(M),General,General,OpenDataKerala GitHub
2020,Kannur,Payyannur,12,KANAYI SOUTH,K V LALITHA,CPI(M),Woman,Woman,OpenDataKerala GitHub
2020,Kannur,Payyannur,13,PARAVANTHATTA,CHANTHUKUTTY K M,CPI(M),General,General,OpenDataKerala GitHub
2020,Kannur,Payyannur,14,KOKKOTT,CHANDRAMATHI T,CPI(M),Woman,Woman,OpenDataKerala GitHub
2020,Kannur,Payyannur,15,CHITTARIKKOVVAL,IQBAL POPULAR,INL,General,General,OpenDataKerala GitHub
2020,Kannur,Payyannur,16,PERUMBA,B KRISHNAN,INDEPENDENT,SC,SC,OpenDataKerala GitHub
2020,Kannur,Payyannur,17,HOSPITAL,T VISWANATHAN,CPI(M),General,General,OpenDataKerala GitHub
2020,Kannur,Payyannur,18,KOKKANISSERI,CHANDRAN MANIYARA,INC,General,General,OpenDataKerala GitHub
2020,Kannur,Payyannur,19,TOWN WARD,CHITHRA M P,CPI(M),SC Woman,SC Woman,OpenDataKerala GitHub
2020,Kannur,Payyannur,20,MAVICHERI,KUNHAPPAN P V,CPI(M),General,General,OpenDataKerala GitHub
2020,Kannur,Payyannur,21,KANDANKALI NORTH,M AANANDAN,CPI(M),General,General,OpenDataKerala GitHub
2020,Kannur,Payyannur,22,KANDANKALI SOUTH,K BALAN,CPI(M),General,General,OpenDataKerala GitHub
2020,Kannur,Payyannur,23,PUNCHAKKAD,VASANTHA RAVI,CPI(M),Woman,Woman,OpenDataKerala GitHub
2020,Kannur,Payyannur,24,KOTTY,SEMEERA T P,CPI(M),Woman,Woman,OpenDataKerala GitHub
2020,Kannur,Payyannur,25,MAMBALAM,M PRASAD,CPI(M),General,General,OpenDataKerala GitHub
2020,Kannur,Payyannur,26,PADOLI,T P ANIL KUMAR,CPI(M),General,General,OpenDataKerala GitHub
2020,Kannur,Payyannur,27,TEMPLE WARD,ATHAYI PADMINI,INC,Woman,Woman,OpenDataKerala GitHub
2020,Kannur,Payyannur,28,GRAMAM EAST,K K KUMAR,INC,General,General,OpenDataKerala GitHub
2020,Kannur,Payyannur,29,GRAMAM WEST,SARIKA TEACHER,CPI(M),Woman,Woman,OpenDataKerala GitHub
2020,Kannur,Payyannur,30,KELOTH SOUTH,SHIJI P,CPI(M),Woman,Woman,OpenDataKerala GitHub
2020,Kannur,Payyannur,31,KELOTH NORTH,HASEENA KATTOOR,IUML,Woman,Woman,OpenDataKerala GitHub
2020,Kannur,Payyannur,32,KAVVAYI,NASEEMA TEACHER,IUML,Woman,Woman,OpenDataKerala GitHub
2020,Kannur,Payyannur,33,THAYINERI WEST,M BASHEER,INDEPENDENT,General,General,OpenDataKerala GitHub
2020,Kannur,Payyannur,34,THAYINERI EAST,A SHOBHA TEACHER,CPI(M),Woman,Woman,OpenDataKerala GitHub
2020,Kannur,Payyannur,35,MUCHILOTT WARD,BALAN V,CPI,General,General,OpenDataKerala GitHub
2020,Kannur,Payyannur,36,ANNOOR SOUTH,K K PHALGUNAN,INC,General,General,OpenDataKerala GitHub
2020,Kannur,Payyannur,37,ANNOOR EAST,K U RADHAKRISHNAN,CPI(M),General,General,OpenDataKerala GitHub
2020,Kannur,Payyannur,38,ANNOOR KIZHAKKEKOVVAL,P V SUBHASH,CPI(M),General,General,OpenDataKerala GitHub
2020,Kannur,Payyannur,39,SANTHI GRAMAM,A ROOPESH,INC,General,General,OpenDataKerala GitHub
2020,Kannur,Payyannur,40,KARA,SUMA K K,CPI(M),Woman,Woman,OpenDataKerala GitHub
2020,Kannur,Payyannur,41,ANNOOR WEST,ASHOK KUMAR K K,INC,General,General,OpenDataKerala GitHub
2020,Kannur,Payyannur,42,KARAMEL WEST,V K NISHAD,CPI(M),General,General,OpenDataKerala GitHub
2020,Kannur,Payyannur,43,KARAMEL EAST,JAYA C,CPI(M),Woman,Woman,OpenDataKerala GitHub
2020,Kannur,Payyannur,44,VELLOOR WEST,T DAKSHAYANI,CPI(M),Woman,Woman,OpenDataKerala GitHub
2020,Kannur,Thalassery,1,NITTOOR,SAHIRA T K,CPI(M),Woman,Woman,OpenDataKerala GitHub
2020,Kannur,Thalassery,2,ILLIKKUNNU,MAJMA V,BJP,Woman,Woman,OpenDataKerala GitHub
2020,Kannur,Thalassery,3,MANNAYAD,ADV MILICHANDRA,BJP,Woman,Woman,OpenDataKerala GitHub
2020,Kannur,Thalassery,4,BAALATHIL,SONA P K,NCP,Woman,Woman,OpenDataKerala GitHub
2020,Kannur,Thalassery,5,KUNNOTH,N MOHANAN,INC,General,General,OpenDataKerala GitHub
2020,Kannur,Thalassery,6,KAVUM BAGHAM,ANITHA C P,CPI(M),Woman,Woman,OpenDataKerala GitHub
2020,Kannur,Thalassery,7,KOLASSERI,SHEEJA V,CPI(M),General,General,OpenDataKerala GitHub
2020,Kannur,Thalassery,8,KUYYALI,C PRASANTHAN,INC,General,General,OpenDataKerala GitHub
2020,Kannur,Thalassery,9,KOMATH PARA,BIJILA P K,CPI(M),Woman,Woman,OpenDataKerala GitHub
2020,Kannur,Thalassery,10,KUZHIPPANGADE,SHABNA SHANAVAS,CPI(M),Woman,Woman,OpenDataKerala GitHub
2020,Kannur,Thalassery,11,KANNOTH PALLI,K P ANSARI,IUML,General,General,OpenDataKerala GitHub
2020,Kannur,Thalassery,12,TOWN HALL,RASHIDA T V,IUML,Woman,Woman,OpenDataKerala GitHub
2020,Kannur,Thalassery,13,MORAKUNNU,PRAMEELA P,CPI(M),Woman,Woman,OpenDataKerala GitHub
2020,Kannur,Thalassery,14,CHIRAKKARA,BHARAGAVAN K,CPI,General,General,OpenDataKerala GitHub
2020,Kannur,Thalassery,15,KUNHAMPARAMB,ASHA E,BJP,Woman,Woman,OpenDataKerala GitHub
2020,Kannur,Thalassery,16,CHELLAKKARA,I ANITHA,CPI(M),Woman,Woman,OpenDataKerala GitHub
2020,Kannur,Thalassery,17,MANHODI,LIJESK K,BJP,General,General,OpenDataKerala GitHub
2020,Kannur,Thalassery,18,PERINGALAM,VAZHAYIL SASI,CPI(M),General,General,OpenDataKerala GitHub
2020,Kannur,Thalassery,19,VAYALALAM,BABY SUJATHA,CPI(M),Woman,Woman,OpenDataKerala GitHub
2020,Kannur,Thalassery,20,URAANGODE,C GOPALAN,CPI(M),General,General,OpenDataKerala GitHub
2020,Kannur,Thalassery,21,KUTTIMAKKOOL,C SOMAN,CPI(M),General,General,OpenDataKerala GitHub
2020,Kannur,Thalassery,22,CHANDROTH,ADV. K.M.SREESAN,CPI,General,General,OpenDataKerala GitHub
2020,Kannur,Thalassery,23,MOOZHIKKARA,BINDU P,CPI(M),Woman,Woman,OpenDataKerala GitHub
2020,Kannur,Thalassery,24,EENGAYIL PEEDIKA,VASANTHA V,CPI(M),Woman,Woman,OpenDataKerala GitHub
2020,Kannur,Thalassery,25,KODIYERI WEST,K MAHIJA TEACHER,CPI(M),Woman,Woman,OpenDataKerala GitHub
2020,Kannur,Thalassery,26,KARAAL THERU,P MANOHARAN,CPI(M),General,General,OpenDataKerala GitHub
2020,Kannur,Thalassery,27,MAMBALLI KUNNU,SINDHU,CPI(M),Woman,Woman,OpenDataKerala GitHub
2020,Kannur,Thalassery,28,KODIYERI,VIJESH K V,CPI(M),General,General,OpenDataKerala GitHub
2020,Kannur,Thalassery,29,MEETALE KODIYERI,SHEEBA M M,CPI(M),General,General,OpenDataKerala GitHub
2020,Kannur,Thalassery,30,PAARAL,SINDHU K,CPI(M),Woman,Woman,OpenDataKerala GitHub
2020,Kannur,Thalassery,31,POTHUVACHERI,T GEETHA,CPI(M),Woman,Woman,OpenDataKerala GitHub
2020,Kannur,Thalassery,32,MADAPEEDIKA,JAYARAJAN M V,CPI(M),General,General,OpenDataKerala GitHub
2020,Kannur,Thalassery,33,PUNNOL EAST,K M JAMUNARANI TEACHER,CPI(M),Woman,Woman,OpenDataKerala GitHub
2020,Kannur,Thalassery,34,PUNNOL,MYTHILI K T,CPI(M),Woman,Woman,OpenDataKerala GitHub
2020,Kannur,Thalassery,35,KOMMAL VAYAL,BINDHU K,BJP,Woman,Woman,OpenDataKerala GitHub
2020,Kannur,Thalassery,36,NANGARATH,MINI V,CPI(M),Woman,Woman,OpenDataKerala GitHub
2020,Kannur,Thalassery,37,THALAYI,AJESH K,BJP,General,General,OpenDataKerala GitHub
2020,Kannur,Thalassery,38,TEMPLE,PREETHA PRADEEP,BJP,Woman,Woman,OpenDataKerala GitHub
2020,Kannur,Thalassery,39,KALLAYI THERU,DHANNYA A,CPI(M),Woman,Woman,OpenDataKerala GitHub
2020,Kannur,Thalassery,40,THIRUVANGADE,RESHMA N,CPI,General,General,OpenDataKerala GitHub
2020,Kannur,Thalassery,41,GOPALA PETTA,JISHA JAYACHANDRAN,CPI(M),Woman,Woman,OpenDataKerala GitHub
2020,Kannur,Thalassery,42,ST. PETERS,IRENE STEPHEN,CPI(M),Woman,Woman,OpenDataKerala GitHub
2020,Kannur,Thalassery,43,SAIDAR PALLI,AJESH N,CPI(M),SC,SC,OpenDataKerala GitHub
2020,Kannur,Thalassery,44,WEAVERS,ABDUL KHILAB T C,CPI(M),General,General,OpenDataKerala GitHub
2020,Kannur,Thalassery,45,MAARIYAMMA,THABAZUM,CPI(M),General,General,OpenDataKerala GitHub
2020,Kannur,Thalassery,46,KAIVATTAM,TENSI NOMEES,INDEPENDENT,General,General,OpenDataKerala GitHub
2020,Kannur,Thalassery,47,MATTAMBRAM,FAISAL PUNATHIL,IUML,General,General,OpenDataKerala GitHub
2020,Kannur,Thalassery,48,KAAYYATH,SHABEER C .O.T,CPI(M),General,General,OpenDataKerala GitHub
2020,Kannur,Thalassery,49,PALISSERI,SHAMSUDHEEN V B,INL,General,General,OpenDataKerala GitHub
2020,Kannur,Thalassery,50,CHETTAM KUNNU,M P JYOTHISH KUMAR,BJP,General,General,OpenDataKerala GitHub
2020,Kannur,Thalassery,51,COURT,SHANAVAS T P,IUML,General,General,OpenDataKerala GitHub
2020,Kannur,Thalassery,52,KODUVALLI,FILSHAD A T,CPI(M),General,General,OpenDataKerala GitHub
2020,Kannur,Sreekandapuram,1,CHEMPANTHOTTY,K C JOSEPH KONNAKKAL,INC,General,General,OpenDataKerala GitHub
2020,Kannur,Sreekandapuram,2,KORANGODU,SHEENA M V,INC,SC Woman,SC Woman,OpenDataKerala GitHub
2020,Kannur,Sreekandapuram,3,KARAYATHUMCHAL,JOHN CHIRAPPURATHU,INC,General,General,OpenDataKerala GitHub
2020,Kannur,Sreekandapuram,4,KATTAYI,K J CHACKO KONNAKKAL,INC,General,General,OpenDataKerala GitHub
2020,Kannur,Sreekandapuram,5,AMPAZHATHUMCHAL,SIJO MATTAPPALL,INC,General,General,OpenDataKerala GitHub
2020,Kannur,Sreekandapuram,6,KAMBLARI,T R NARAYANAN,CPI(M),General,General,OpenDataKerala GitHub
2020,Kannur,Sreekandapuram,7,KANAPRAM,SHAMNA JAYARAJ,CPI(M),Woman,Woman,OpenDataKerala GitHub
2020,Kannur,Sreekandapuram,8,PAZHAYANGADI,K SIVADASAN,IUML,SC,SC,OpenDataKerala GitHub
2020,Kannur,Sreekandapuram,9,PANNYAL,DR. K V PHILOMINA TEACHER,INC,Woman,Woman,OpenDataKerala GitHub
2020,Kannur,Sreekandapuram,10,KAVUMBAYI,THANKAMANI E V,CPI(M),Woman,Woman,OpenDataKerala GitHub
2020,Kannur,Sreekandapuram,11,PULLIMANKUNNU,P P CHANDRANGATHAN MASTER,INC,General,General,OpenDataKerala GitHub
2020,Kannur,Sreekandapuram,12,AYCHERI,K O PRADEEPAN,CPI(M),General,General,OpenDataKerala GitHub
2020,Kannur,Sreekandapuram,13,ELLARINHI,JAMUNA V V,CPI(M),Woman,Woman,OpenDataKerala GitHub
2020,Kannur,Sreekandapuram,14,KAITHAPRAM,VIJIL MOHANAN,INC,General,General,OpenDataKerala GitHub
2020,Kannur,Sreekandapuram,15,MADAMPAM,MEENA P,INC,Woman,Woman,OpenDataKerala GitHub
2020,Kannur,Sreekandapuram,16,CHERIKODE,THRESYAMMA MATHEW,INC,Woman,Woman,OpenDataKerala GitHub
2020,Kannur,Sreekandapuram,17,NEDUNGOME,RAVEENDRAN V C,CPI(M),General,General,OpenDataKerala GitHub
2020,Kannur,Sreekandapuram,18,CHUNDAPPARAMBU,BABU MANI,INC,General,General,OpenDataKerala GitHub
2020,Kannur,Sreekandapuram,19,KANJILERI,ALICE JAMES,INC,Woman,Woman,OpenDataKerala GitHub
2020,Kannur,Sreekandapuram,20,BALANKARI,SHIJIN M,CPI(M),General,General,OpenDataKerala GitHub
2020,Kannur,Sreekandapuram,21,VAYAKKARA,NISHEETHA RAHIMAN,INDEPENDENT,Woman,Woman,OpenDataKerala GitHub
2020,Kannur,Sreekandapuram,22,KANIYARVAYAL,BIJU,INC,ST,ST,OpenDataKerala GitHub
2020,Kannur,Sreekandapuram,23,KOTTUR,AJITHA K C,CPI(M),Woman,Woman,OpenDataKerala GitHub
2020,Kannur,Sreekandapuram,24,PANCHAMOOLA,LEELA K T,CPI(M),Woman,Woman,OpenDataKerala GitHub
2020,Kannur,Sreekandapuram,25,AVANAKKOL,K V GEETHA,CPI(M),Woman,Woman,OpenDataKerala GitHub
2020,Kannur,Sreekandapuram,26,SREEKANDAPURAM,NASEEMA,IUML,Woman,Woman,OpenDataKerala GitHub
2020,Kannur,Sreekandapuram,27,CHEPPARAMBA,JOSE JOSEPH,CPI(M),General,General,OpenDataKerala GitHub
2020,Kannur,Sreekandapuram,28,NEDIYENGA,K V KUHIRAMAN MASTER,INC,General,General,OpenDataKerala GitHub
2020,Kannur,Sreekandapuram,29,PERUVANJI,MINI SAJEEVAN,CPI(M),Woman,Woman,OpenDataKerala GitHub
2020,Kannur,Sreekandapuram,30,NEDIYENGA KAVALA,JOSEPHEENA TEACHER,INC,Woman,Woman,OpenDataKerala GitHub
2020,Kannur,Panoor,1,PANOOR TOWN,P K PRAVEEN,LJD,General,General,OpenDataKerala GitHub
2020,Kannur,Panoor,2,KOOTERI,SAVITHRI K P,BJP,Woman,Woman,OpenDataKerala GitHub
2020,Kannur,Panoor,3,POLICE STATION,PERIKKALI USMAN,IUML,General,General,OpenDataKerala GitHub
2020,Kannur,Panoor,4,WEST ELANGODE,HAJARA KADAR K P,IUML,Woman,Woman,OpenDataKerala GitHub
2020,Kannur,Panoor,5,MADAPPURA,SREENA PRAMOD,CPI(M),Woman,Woman,OpenDataKerala GitHub
2020,Kannur,Panoor,6,EAST ELANGODE,SUKHILA K P,BJP,Woman,Woman,OpenDataKerala GitHub
2020,Kannur,Panoor,7,PALATHATI,PREETHA ASOK,INC,Woman,Woman,OpenDataKerala GitHub
2020,Kannur,Panoor,8,ARAYALTHARA,SAJITHA ANEEVAN,CPI(M),SC,SC,OpenDataKerala GitHub
2020,Kannur,Panoor,9,CENTRAL ELANGODE,P K IBRAHIM HAJI,IUML,General,General,OpenDataKerala GitHub
2020,Kannur,Panoor,10,THIRUVAL,RATNAKARAN M,BJP,General,General,OpenDataKerala GitHub
2020,Kannur,Panoor,11,KANNAMVELLY,SHEEBA A,CPI(M),Woman,Woman,OpenDataKerala GitHub
2020,Kannur,Panoor,12,PALILANDIPEEDIKA,K DASAN,CPI(M),General,General,OpenDataKerala GitHub
2020,Kannur,Panoor,13,KARAPPOYIL,SHYNA MOHANDAS,INC,Woman,Woman,OpenDataKerala GitHub
2020,Kannur,Panoor,14,ELITHODE,SAJINI K K,CPI(M),Woman,Woman,OpenDataKerala GitHub
2020,Kannur,Panoor,15,PULLOOKKARA CENTER,SEENATH PUTHIYANDI,IUML,Woman,Woman,OpenDataKerala GitHub
2020,Kannur,Panoor,16,PULLOOKKARA,NAHLA BASHEER,IUML,Woman,Woman,OpenDataKerala GitHub
2020,Kannur,Panoor,17,CHERU PULLOOKKARA,UMAISA THIRUVAMBADI,IUML,Woman,Woman,OpenDataKerala GitHub
2020,Kannur,Panoor,18,PERINGATHUR,AYYOOB M P K,IUML,General,General,OpenDataKerala GitHub
2020,Kannur,Panoor,19,PULIYANAMBRAM EAST,V NASSAR MASTER,IUML,General,General,OpenDataKerala GitHub
2020,Kannur,Panoor,20,KIDANHI NORTH,SREEJA M P,CPI(M),Woman,Woman,OpenDataKerala GitHub
2020,Kannur,Panoor,21,THAVUMBRAM,N A KAREEM,IUML,General,General,OpenDataKerala GitHub
2020,Kannur,Panoor,22,KIDANHI,AVOLAM BASHEER,IUML,General,General,OpenDataKerala GitHub
2020,Kannur,Panoor,23,PUTHUSSERY,ANWAR KAKKATT,IUML,General,General,OpenDataKerala GitHub
2020,Kannur,Panoor,24,MUKKALIKKARA,SAJILA C K,CPI(M),Woman,Woman,OpenDataKerala GitHub
2020,Kannur,Panoor,25,PADANNAKKARA,M T K BABU,CPI(M),General,General,OpenDataKerala GitHub
2020,Kannur,Panoor,26,PADANNAKKARA NORTH,A M RAJESH,INC,General,General,OpenDataKerala GitHub
2020,Kannur,Panoor,27,PALLIKKUNI,BINDHU MONARATH,CPI(M),Woman,Woman,OpenDataKerala GitHub
2020,Kannur,Panoor,28,KARIYAD THERU,MINI K K,CPI(M),Woman,Woman,OpenDataKerala GitHub
2020,Kannur,Panoor,29,PUTHANPARAMBA,SHOBHANA T K,INC,Woman,Woman,OpenDataKerala GitHub
2020,Kannur,Panoor,30,NOONHIVAYAL,MUSTAFA KALLUMMAL,IUML,General,General,OpenDataKerala GitHub
2020,Kannur,Panoor,31,ARAYAKKOOL,SAINUDHEEN THANGAL,IUML,General,General,OpenDataKerala GitHub
2020,Kannur,Panoor,32,OLIPPIL,RUKSANA IQBAL,IUML,Woman,Woman,OpenDataKerala GitHub
2020,Kannur,Panoor,33,KANAKAMALA,ANSAR K,IUML,General,General,OpenDataKerala GitHub
2020,Kannur,Panoor,34,ANIYARAM CENTRAL,HANEEFA T K,IUML,General,General,OpenDataKerala GitHub
2020,Kannur,Panoor,35,ANIYARAM,P K SHEEBA,INC,Woman,Woman,OpenDataKerala GitHub
2020,Kannur,Panoor,36,PERINGALAM,K P HASHIM,INC,General,General,OpenDataKerala GitHub
2020,Kannur,Panoor,37,POOKKOM THERU,ASHEEQUA JUMNA,IUML,Woman,Woman,OpenDataKerala GitHub
2020,Kannur,Panoor,38,POOKKOM WEST,C H SWAMIDSASAN,LJD,General,General,OpenDataKerala GitHub
2020,Kannur,Panoor,39,SOUTH PANOOR,K K SUDHEER KUMAR,CPI(M),General,General,OpenDataKerala GitHub
2020,Kannur,Panoor,40,BUS STAND,NASEELA KANDIYIL,CPI(M),Woman,Woman,OpenDataKerala GitHub
2020,Kannur,Iritty,1,VELIYEMBRA,BASHEER P KUNJIPARAMBATH,IUML,General,General,OpenDataKerala GitHub
2020,Kannur,Iritty,2,PERIYATHIL,NAJMUNNEESA M K,IUML,Woman,Woman,OpenDataKerala GitHub
2020,Kannur,Iritty,3,VATTAKKAYAM,USMAN P P,CPI(M),General,General,OpenDataKerala GitHub
2020,Kannur,Iritty,4,EDAKKANAM,K MURALEEDHARAN,CPI(M),General,General,OpenDataKerala GitHub
2020,Kannur,Iritty,5,KEEZHURKUNNU,N SINDHU,BJP,Woman,Woman,OpenDataKerala GitHub
2020,Kannur,Iritty,6,VALLIYAD,P RAGHU,CPI(M),General,General,OpenDataKerala GitHub
2020,Kannur,Iritty,7,KEEZHUR,JAYALAKSHMI P P,BJP,Woman,Woman,OpenDataKerala GitHub
2020,Kannur,Iritty,8,NARIKUNDAM,K NANDANAN,CPI(M),General,General,OpenDataKerala GitHub
2020,Kannur,Iritty,9,IRITTY,V P ABDUL RASHEED,IUML,General,General,OpenDataKerala GitHub
2020,Kannur,Iritty,10,PAYANCHERI,N K SANTHINI,INC,SC,SC,OpenDataKerala GitHub
2020,Kannur,Iritty,11,VIKAS NAGAR,K SREELATHA,CPI(M),Woman,Woman,OpenDataKerala GitHub
2020,Kannur,Iritty,12,ATHITHATTU,N K INDUMATHI,INC,Woman,Woman,OpenDataKerala GitHub
2020,Kannur,Iritty,13,KOOLICHEMBRA,T K FASEELA,CPI(M),Woman,Woman,OpenDataKerala GitHub
2020,Kannur,Iritty,14,MEETHALE PUNNAD,A. K. SHAIJU,BJP,General,General,OpenDataKerala GitHub
2020,Kannur,Iritty,15,THAVILAKUTTY,ANITHA C K,BJP,Woman,Woman,OpenDataKerala GitHub
2020,Kannur,Iritty,16,PURAPPARA,SAMEER PUNNAD,IUML,General,General,OpenDataKerala GitHub
2020,Kannur,Iritty,17,PUNNAD EAST,K. SURESH,CPI(M),General,General,OpenDataKerala GitHub
2020,Kannur,Iritty,18,PUNNAD,SREEJA T V,CPI(M),Woman,Woman,OpenDataKerala GitHub
2020,Kannur,Iritty,19,ULIYIL,K ABDUL KHADER,IUML,General,General,OpenDataKerala GitHub
2020,Kannur,Iritty,20,KALLERIKKAL,T K SAREEFA,IUML,Woman,Woman,OpenDataKerala GitHub
2020,Kannur,Iritty,21,NARAYANPARA,FAISAL P,SDPI,General,General,OpenDataKerala GitHub
2020,Kannur,Iritty,22,NADUVANAD,SEENATH P,SDPI,Woman,Woman,OpenDataKerala GitHub
2020,Kannur,Iritty,23,KOORANMUKKU,FATHIMA U K,SDPI,Woman,Woman,OpenDataKerala GitHub
2020,Kannur,Iritty,24,NIDIYANJIRAM,A K RAVEENDRAN,CPI(M),General,General,OpenDataKerala GitHub
2020,Kannur,Iritty,25,AVATTY,V PUSHPA,BJP,Woman,Woman,OpenDataKerala GitHub
2020,Kannur,Iritty,26,VALORA,AJESH K P,CPI(M),ST,ST,OpenDataKerala GitHub
2020,Kannur,Iritty,27,KATTENKANDAM,P REJISHA,CPI(M),Woman,Woman,OpenDataKerala GitHub
2020,Kannur,Iritty,28,CHAVASSERY TOWN,V SASI,INC,General,General,OpenDataKerala GitHub
2020,Kannur,Iritty,29,CHAVASSERY,BALKEES P K,IUML,General,General,OpenDataKerala GitHub
2020,Kannur,Iritty,30,MANNORA,K SOYA,CPI(M),Woman,Woman,OpenDataKerala GitHub
2020,Kannur,Iritty,31,19TH MILE,SAJIDA C,IUML,Woman,Woman,OpenDataKerala GitHub
2020,Kannur,Iritty,32,CHAVASSERY WEST,BINDU C,CPI(M),Woman,Woman,OpenDataKerala GitHub
2020,Kannur,Iritty,33,ATYALAM,ANITHA K,CPI(M),Woman,Woman,OpenDataKerala GitHub
2020,Kannur,Anthoor,1,VELLIKKEEL,K P UNNIKRISHNAN,CPI(M),General,General,OpenDataKerala GitHub
2020,Kannur,Anthoor,2,MORAZHA,MUHAS C P,CPI(M),General,General,OpenDataKerala GitHub
2020,Kannur,Anthoor,3,KANOOL,PREETHA M,CPI(M),Woman,Woman,OpenDataKerala GitHub
2020,Kannur,Anthoor,4,MUNDAPRAM,P MUKUNDAN,CPI(M),General,General,OpenDataKerala GitHub
2020,Kannur,Anthoor,5,MYLADE,MANOHARAN,CPI(M),General,General,OpenDataKerala GitHub
2020,Kannur,Anthoor,6,BAKKALAM,VALSALA P,CPI(M),Woman,Woman,OpenDataKerala GitHub
2020,Kannur,Anthoor,7,PEELERY,MURALI P P,CPI(M),General,General,OpenDataKerala GitHub
2020,Kannur,Anthoor,8,AYYANKOL,M AMINA TEACHER,CPI(M),Woman,Woman,OpenDataKerala GitHub
2020,Kannur,Anthoor,9,KADAMBERY,GEETHA K V,CPI(M),Woman,Woman,OpenDataKerala GitHub
2020,Kannur,Anthoor,10,KOLMOTTA,NALINI M P,CPI(M),SC Woman,SC Woman,OpenDataKerala GitHub
2020,Kannur,Anthoor,11,NANICHERY,SREESHA M,CPI(M),Woman,Woman,OpenDataKerala GitHub
2020,Kannur,Anthoor,12,KODALLUR,P K MUHAMMED KUNHI,CPI(M),General,General,OpenDataKerala GitHub
2020,Kannur,Anthoor,13,MAMBALA,U REMA,CPI(M),Woman,Woman,OpenDataKerala GitHub
2020,Kannur,Anthoor,14,PARASSINI,K V PREMARAJAN MASTER,CPI(M),General,General,OpenDataKerala GitHub
2020,Kannur,Anthoor,15,KOVVAL,JAYASREE,CPI(M),Woman,Woman,OpenDataKerala GitHub
2020,Kannur,Anthoor,16,ANDOOR,ANJANA E,CPI(M),Woman,Woman,OpenDataKerala GitHub
2020,Kannur,Anthoor,17,THALIYIL,REENA E,CPI(M),Woman,Woman,OpenDataKerala GitHub
2020,Kannur,Anthoor,18,PODIKKUND,PRAKASAN KOYILERIYAN,CPI(M),SC,SC,OpenDataKerala GitHub
2020,Kannur,Anthoor,19,THALIVAYAL,C BALAKRISHNAN,CPI(M),General,General,OpenDataKerala GitHub
2020,Kannur,Anthoor,20,DHARMASALA,T K V NARAYANAN,CPI(M),General,General,OpenDataKerala GitHub
2020,Kannur,Anthoor,21,PUNNAKULANGARA,KAMALA P V,CPI(M),Woman,Woman,OpenDataKerala GitHub
2020,Kannur,Anthoor,22,KUTTIPRAM,OMANA MURALEEDHARAN,CPI(M),Woman,Woman,OpenDataKerala GitHub
2020,Kannur,Anthoor,23,C H NAGAR,P K MUJEEB RAHMAN,CPI,General,General,OpenDataKerala GitHub
2020,Kannur,Anthoor,24,OZHACROM,SATHIDEVI V,CPI(M),Woman,Woman,OpenDataKerala GitHub
2020,Kannur,Anthoor,25,ANCHAMPEEDIKA,MOHANAN K,CPI(M),General,General,OpenDataKerala GitHub
2020,Kannur,Anthoor,26,VENIYIL,K T PRASOBH,CPI(M),General,General,OpenDataKerala GitHub
2020,Kannur,Anthoor,27,PALIYATHVALAPPU,SATHYAN P P,CPI(M),General,General,OpenDataKerala GitHub
2020,Kannur,Anthoor,28,PANNERI,SREENIMISHA T N,CPI(M),Woman,Woman,OpenDataKerala GitHub
2020,Kasargode,Kanhangad,1,BALLAKADAPURAM WEST,ASMA MANGOOL,IUML,Woman,Woman,OpenDataKerala GitHub
2020,Kasargode,Kanhangad,2,BALLAKADAPURAM EAST,ANEESA HAMSA,IUML,Woman,Woman,OpenDataKerala GitHub
2020,Kasargode,Kanhangad,3,KANHANGAD TOWN,SHOBHANA M,INDEPENDENT,General,General,OpenDataKerala GitHub
2020,Kasargode,Kanhangad,4,ATHIYAMBOOR,SUJATHA K V,CPI(M),Woman,Woman,OpenDataKerala GitHub
2020,Kasargode,Kanhangad,5,DURGGA HIGHER SECONDARY SCHOOL,KUSUMA HEGDE,BJP,Woman,Woman,OpenDataKerala GitHub
2020,Kasargode,Kanhangad,6,KARATTUVAYAL,ASHOK KUMAR N,BJP,General,General,OpenDataKerala GitHub
2020,Kasargode,Kanhangad,7,NELLIKATTU,SUJITH KUMAR T V,CPI(M),General,General,OpenDataKerala GitHub
2020,Kasargode,Kanhangad,8,G.H.S BALLA EAST,LATHA K,CPI(M),General,General,OpenDataKerala GitHub
2020,Kasargode,Kanhangad,9,A C NAGAR,SOUDAMINI B,BJP,Woman,Woman,OpenDataKerala GitHub
2020,Kasargode,Kanhangad,10,ADAMBIL,SUSEELA K V,CPI(M),General,General,OpenDataKerala GitHub
2020,Kasargode,Kanhangad,11,THOYAMMAL,INDIRA N,CPI(M),Woman,Woman,OpenDataKerala GitHub
2020,Kasargode,Kanhangad,12,ARANGADI,T MOHAMMAD KUNHI,IUML,General,General,OpenDataKerala GitHub
2020,Kasargode,Kanhangad,13,N G O QUARTERS,M BALARAJ,BJP,General,General,OpenDataKerala GitHub
2020,Kasargode,Kanhangad,14,MUNICIPAL OFFICE,VANDANA,BJP,Woman,Woman,OpenDataKerala GitHub
2020,Kasargode,Kanhangad,15,LAKSHMI NAGAR,VEENA P K,BJP,Woman,Woman,OpenDataKerala GitHub
2020,Kasargode,Kanhangad,16,KANIYAMKULAM,SUMAYYA T K,IUML,Woman,Woman,OpenDataKerala GitHub
2020,Kasargode,Kanhangad,17,MATHOTH,V V RAMESHAN,CPI(M),General,General,OpenDataKerala GitHub
2020,Kasargode,Kanhangad,18,NILANKARA,AHAMMED ALI P,CPI(M),General,General,OpenDataKerala GitHub
2020,Kasargode,Kanhangad,19,KANHANGAD SOUTH HIGHER SECONDARY SCHOOL,PRABHAVATHI K,CPI,Woman,Woman,OpenDataKerala GitHub
2020,Kasargode,Kanhangad,20,ARAYI KARTHIKA,MAYAKUMARI K V,LJD,Woman,Woman,OpenDataKerala GitHub
2020,Kasargode,Kanhangad,21,BHOODANAM COLONY,PALLIKKAI RADHAKRISHNAN,CPI(M),General,General,OpenDataKerala GitHub
2020,Kasargode,Kanhangad,23,UPPILIKAI HIGH SCHOOL,MOHANAN P V,CPI(M),General,General,OpenDataKerala GitHub
2020,Kasargode,Kanhangad,24,PUTHUKAI,K RAVINDRAN,CPI(M),General,General,OpenDataKerala GitHub
2020,Kasargode,Kanhangad,25,MADURAMKAI,K V SARASWATHI,CPI(M),General,General,OpenDataKerala GitHub
2020,Kasargode,Kanhangad,26,AINGOTH,VINEETH KRISHNAN M,CPI(M),SC,SC,OpenDataKerala GitHub
2020,Kasargode,Kanhangad,27,PADANNAKAD,HASEENA RAZAK,IUML,Woman,Woman,OpenDataKerala GitHub
2020,Kasargode,Kanhangad,28,THEERTHAMKARA,V V SHOBHA,INC,Woman,Woman,OpenDataKerala GitHub
2020,Kasargode,Kanhangad,29,MARAKAPPU KADAPPURAM,C RAVINDRAN,CPI(M),General,General,OpenDataKerala GitHub
2020,Kasargode,Kanhangad,30,OZHINJAVALAPPU,K K BABU,INC,General,General,OpenDataKerala GitHub
2020,Kasargode,Kanhangad,31,KARUVALAM,ABDULLA BUILTECH,INL,General,General,OpenDataKerala GitHub
2020,Kasargode,Kanhangad,32,KURUNTHOOR,ANEESHAN K,CPI(M),General,General,OpenDataKerala GitHub
2020,Kasargode,Kanhangad,33,NHANIKKADAVU,NAJIMA RAFI,INL,Woman,Woman,OpenDataKerala GitHub
2020,Kasargode,Kanhangad,34,MOOVARIKUNDU,T BALAKRISHNAN,CPI(M),General,General,OpenDataKerala GitHub
2020,Kasargode,Kanhangad,35,PATTAKKAL,FOUSIYA SHEREEF,INL,Woman,Woman,OpenDataKerala GitHub
2020,Kasargode,Kanhangad,36,MURIYANAVI,ABDUL RAHIMAN,IUML,General,General,OpenDataKerala GitHub
2020,Kasargode,Kanhangad,37,KALLOORAVI,ASHRAF C K,IUML,General,General,OpenDataKerala GitHub
2020,Kasargode,Kanhangad,38,AVIYIL,RASIYA M V,IUML,General,General,OpenDataKerala GitHub
2020,Kasargode,Kanhangad,39,KUSHAL NAGAR SOUTH,AYISHA K,IUML,Woman,Woman,OpenDataKerala GitHub
2020,Kasargode,Kanhangad,40,HOSDURG KADAPPURAM,SUBAIDA C H,IUML,Woman,Woman,OpenDataKerala GitHub
2020,Kasargode,Kanhangad,41,KOVVAL,H SHIVADATH,CPI(M),Woman,Woman,OpenDataKerala GitHub
2020,Kasargode,Kanhangad,42,AVIKARA,A K LAKSHMI,CPI(M),Woman,Woman,OpenDataKerala GitHub
2020,Kasargode,Kanhangad,43,MEENAPPIES,JAFFER K K,IUML,General,General,OpenDataKerala GitHub
2020,Kasargode,Kasaragod,1,CHERANGAI WEST,MUSTHAQ CHERANGAI,IUML,General,General,OpenDataKerala GitHub
2020,Kasargode,Kasaragod,2,CHERANGAI EAST,ABBAS BEGUM,IUML,General,General,OpenDataKerala GitHub
2020,Kasargode,Kasaragod,3,ADUKATHBAIL,SHAMSHEEDA FIROZ,IUML,Woman,Woman,OpenDataKerala GitHub
2020,Kasargode,Kasaragod,4,THALIPADUPPU,ASHWINI,BJP,Woman,Woman,OpenDataKerala GitHub
2020,Kasargode,Kasaragod,5,KARANTHAKAD,HEMALATHA A,BJP,Woman,Woman,OpenDataKerala GitHub
2020,Kasargode,Kasaragod,6,ANABAGILU,PAVITHRA K G,BJP,Woman,Woman,OpenDataKerala GitHub
2020,Kasargode,Kasaragod,7,NULLIPPADI,VARAPRASAD K,BJP,General,General,OpenDataKerala GitHub
2020,Kasargode,Kasaragod,8,NULLIPPADI NORTH,SHARADA,BJP,Woman,Woman,OpenDataKerala GitHub
2020,Kasargode,Kasaragod,9,ANANGOOR,P RAMESH,BJP,General,General,OpenDataKerala GitHub
2020,Kasargode,Kasaragod,10,VIDYANAGAR,SAVITHA,BJP,General,General,OpenDataKerala GitHub
2020,Kasargode,Kasaragod,11,BEDIRA,SAMEERA ABDUL RAZAK,IUML,Woman,Woman,OpenDataKerala GitHub
2020,Kasargode,Kasaragod,12,CHALA,MAMMU CHALA,IUML,General,General,OpenDataKerala GitHub
2020,Kasargode,Kasaragod,13,CHALAKKUNNU,ASMA MOHAMMED,IUML,Woman,Woman,OpenDataKerala GitHub
2020,Kasargode,Kasaragod,14,THURUTHI,B S ZAINUDDEEN,IUML,General,General,OpenDataKerala GitHub
2020,Kasargode,Kasaragod,15,KOLLAMBADI,MAJEED KOLLAMPADY,IUML,General,General,OpenDataKerala GitHub
2020,Kasargode,Kasaragod,16,PACHAKKAD,KHALID PACHAKKAD,IUML,General,General,OpenDataKerala GitHub
2020,Kasargode,Kasaragod,17,CHENNIKKARA,LALITHA M,CPI(M),Woman,Woman,OpenDataKerala GitHub
2020,Kasargode,Kasaragod,18,PULIKKUNNU,VIMALA SHRIDHAR,BJP,Woman,Woman,OpenDataKerala GitHub
2020,Kasargode,Kasaragod,19,KORAKODE,RANJITHA D,BJP,Woman,Woman,OpenDataKerala GitHub
2020,Kasargode,Kasaragod,20,FISH MARKET,HASEENA NOUSHAD,INDEPENDENT,Woman,Woman,OpenDataKerala GitHub
2020,Kasargode,Kasaragod,21,HONNAMOOLA,SHAKEENA MOIDEEN,INDEPENDENT,Woman,Woman,OpenDataKerala GitHub
2020,Kasargode,Kasaragod,22,THERUVATH,AFILA BASHEER,IUML,Woman,Woman,OpenDataKerala GitHub
2020,Kasargode,Kasaragod,23,PALLIKKAL,SAFIYA MOIDEEN,IUML,Woman,Woman,OpenDataKerala GitHub
2020,Kasargode,Kasaragod,25,THALANGARA BANGOD,MOHAMMED IQBAL K M,IUML,General,General,OpenDataKerala GitHub
2020,Kasargode,Kasaragod,26,THALANGARA JADEED ROAD,ZAHEER ASIF S A,IUML,General,General,OpenDataKerala GitHub
2020,Kasargode,Kasaragod,27,THALANGARA KANDATHIL,SIDDEEQUE CHAKKARA,IUML,General,General,OpenDataKerala GitHub
2020,Kasargode,Kasaragod,28,THALANGARA K K PURAM,REETHA R,IUML,SC,SC,OpenDataKerala GitHub
2020,Kasargode,Kasaragod,29,THALANGRA PADINCHAR,SUMAYYA MOIDEEN,IUML,Woman,Woman,OpenDataKerala GitHub
2020,Kasargode,Kasaragod,30,THALANGARA DEENAR NAGAR,ZAKARIYA M,IUML,General,General,OpenDataKerala GitHub
2020,Kasargode,Kasaragod,31,THAYALANGADI,MUHAMMED KUNHI THAYALANGADI,IUML,General,General,OpenDataKerala GitHub
2020,Kasargode,Kasaragod,32,THALUK OFFICE,SRILATHA M,BJP,Woman,Woman,OpenDataKerala GitHub
2020,Kasargode,Kasaragod,33,BEERANTHBAIL,VEENAKUMARI K,BJP,Woman,Woman,OpenDataKerala GitHub
2020,Kasargode,Kasaragod,34,NELLIKKUNNU,ABDUL RAHIMAN CHAKKARA,IUML,General,General,OpenDataKerala GitHub
2020,Kasargode,Kasaragod,35,PALLAM,ZIYANA HANEEF,IUML,Woman,Woman,OpenDataKerala GitHub
2020,Kasargode,Kasaragod,36,KADAPPURAM SOUTH,RAJANI K,BJP,General,General,OpenDataKerala GitHub
2020,Kasargode,Kasaragod,37,KADAPPURAM NORTH,AJITH KUMARAN,BJP,General,General,OpenDataKerala GitHub
2020,Kasargode,Kasaragod,38,LIGHT HOUSE,UMA M,BJP,Woman,Woman,OpenDataKerala GitHub
2020,Kasargode,Nileshwar,1,PADINHATAM KOZHUVAL WEST,P BHARGAVI,CPI,Woman,Woman,OpenDataKerala GitHub
2020,Kasargode,Nileshwar,2,PADINHATAM KOZHUVAL EAST,P BINDU,INC,Woman,Woman,OpenDataKerala GitHub
2020,Kasargode,Nileshwar,3,KIZHAKKAN KOZHUVAL,SHEEBA T V,INDEPENDENT,Woman,Woman,OpenDataKerala GitHub
2020,Kasargode,Nileshwar,4,PALAKKAT,ASWATHI E,INC,Woman,Woman,OpenDataKerala GitHub
2020,Kasargode,Nileshwar,5,CHIRAPPURAM,P P MUHAMMED RAFI,CPI(M),General,General,OpenDataKerala GitHub
2020,Kasargode,Nileshwar,6,PATTENA,JAYASREE K,CPI(M),Woman,Woman,OpenDataKerala GitHub
2020,Kasargode,Nileshwar,7,SUVARNAVALLY,DAKSHAYANI KUNHIKANNAN,CPI(M),Woman,Woman,OpenDataKerala GitHub
2020,Kasargode,Nileshwar,8,PALATHADAM,SREEJA V V,CPI(M),Woman,Woman,OpenDataKerala GitHub
2020,Kasargode,Nileshwar,9,PALAYI,V V SATHI,CPI(M),Woman,Woman,OpenDataKerala GitHub
2020,Kasargode,Nileshwar,10,VALLIKKUNNU,LATHA T P,CPI(M),Woman,Woman,OpenDataKerala GitHub
2020,Kasargode,Nileshwar,11,CHATHAMATHU,P P LATHA,CPI(M),Woman,Woman,OpenDataKerala GitHub
2020,Kasargode,Nileshwar,12,POOVALAMKAI,BALAKRISHNAN A,CPI(M),General,General,OpenDataKerala GitHub
2020,Kasargode,Nileshwar,13,KUNHIPPULIKKAL,T V SHANTHA,CPI(M),Woman,Woman,OpenDataKerala GitHub
2020,Kasargode,Nileshwar,14,KARYAMKODE,K NARAYANAN,CPI(M),General,General,OpenDataKerala GitHub
2020,Kasargode,Nileshwar,15,PEROLE,K P RAVEENDRAN,CPI(M),General,General,OpenDataKerala GitHub
2020,Kasargode,Nileshwar,16,THATTACHERY,P VALSALA,CPI(M),Woman,Woman,OpenDataKerala GitHub
2020,Kasargode,Nileshwar,17,PALLIKKARA I,P KUNHIRAMAN,CPI(M),General,General,OpenDataKerala GitHub
2020,Kasargode,Nileshwar,18,PALLIKKARA II,P SUBASH,CPI(M),General,General,OpenDataKerala GitHub
2020,Kasargode,Nileshwar,19,KARUVACHERY,P SREEJA,CPI(M),Woman,Woman,OpenDataKerala GitHub
2020,Kasargode,Nileshwar,20,KOYAMBURAM,K MOHANAN,CPI(M),SC,SC,OpenDataKerala GitHub
2020,Kasargode,Nileshwar,21,ANACHAL,SHAMSUDDEEN ARINJIRA,INL,General,General,OpenDataKerala GitHub
2020,Kasargode,Nileshwar,22,KOTTAPPURAM,RAFEEK KOTTAPURAM,IUML,General,General,OpenDataKerala GitHub
2020,Kasargode,Nileshwar,23,KADINHIMOOLA,VINAYARAJ M K,CPI(M),General,General,OpenDataKerala GitHub
2020,Kasargode,Nileshwar,24,PURATHEKAI,M BHARATHAN,INC,General,General,OpenDataKerala GitHub
2020,Kasargode,Nileshwar,25,THAIKADAPPURAM SOUTH,P K LATHA,INC,Woman,Woman,OpenDataKerala GitHub
2020,Kasargode,Nileshwar,26,THAIKADAPPURAM CENTRE,ABOOBAKER V,SDPI,General,General,OpenDataKerala GitHub
2020,Kasargode,Nileshwar,27,THAIKADAPPURAM NORTH,VINU V V,INC,General,General,OpenDataKerala GitHub
2020,Kasargode,Nileshwar,28,THAIKADAPPURAM SEA ROAD,ANWAR SADIQUE,IUML,General,General,OpenDataKerala GitHub
2020,Kasargode,Nileshwar,29,THAIKADAPPURAM STORE,K V SASI KUMAR,INC,General,General,OpenDataKerala GitHub
2020,Kasargode,Nileshwar,30,KOTRACHAL,V GOURI,CPI(M),Woman,Woman,OpenDataKerala GitHub
2020,Kasargode,Nileshwar,31,KANICHIRA,K PREETHA,CPI(M),Woman,Woman,OpenDataKerala GitHub
2020,Kasargode,Nileshwar,32,NILESHWARAM TOWN,E SHAJEER,INC,General,General,OpenDataKerala GitHub
